latitude,longitude,brightness,scan,track,acq_date,acq_time,satellite,instrument,confidence,version,bright_t31,frp,daynight
31.1302,76.14406,330.32,0.57,0.52,2024-09-16,0726,N21,VIIRS,n,2.0NRT,296.53,3.95,D
31.09581,76.20469,333.06,0.46,0.47,2024-09-21,0731,N21,VIIRS,n,2.0NRT,299.36,4.56,D
31.06104,76.21888,339.6,0.58,0.52,2024-09-23,0835,N21,VIIRS,n,2.0NRT,300.56,7.68,D
31.04636,76.19603,331.25,0.48,0.4,2024-09-24,0816,N21,VIIRS,n,2.0NRT,299.36,2.4,D
30.95872,76.22665,332.92,0.39,0.36,2024-09-25,0756,N21,VIIRS,n,2.0NRT,298.89,3.63,D
30.883,75.99625,304.89,0.39,0.36,2024-09-29,2046,N21,VIIRS,n,2.0NRT,294.59,0.54,N
30.55615,75.88567,333.8,0.38,0.36,2024-09-30,0803,N21,VIIRS,n,2.0NRT,299.84,3.23,D
30.88178,75.9966,306.03,0.48,0.4,2024-09-30,2025,N21,VIIRS,n,2.0NRT,295.53,0.92,N
31.12844,76.02329,332.02,0.44,0.63,2024-10-03,0848,N21,VIIRS,n,2.0NRT,300,3.26,D
30.53264,75.91421,333.55,0.41,0.37,2024-10-05,0809,N21,VIIRS,n,2.0NRT,302.05,3.22,D
30.53223,76.39634,335.5,0.41,0.37,2024-10-06,0750,N21,VIIRS,n,2.0NRT,298,2.27,D
30.98621,76.0652,339.2,0.46,0.47,2024-10-07,0731,N21,VIIRS,n,2.0NRT,301.28,6.76,D
30.5554,76.1076,337.19,0.44,0.63,2024-10-07,1955,N21,VIIRS,n,2.0NRT,296.84,6.91,N
30.55509,76.11223,306.09,0.44,0.63,2024-10-07,1955,N21,VIIRS,n,2.0NRT,292.64,4.26,N
30.5548,76.10729,319.95,0.55,0.68,2024-10-07,2136,N21,VIIRS,n,2.0NRT,293.55,4.63,N
30.99463,75.39338,329.92,0.48,0.64,2024-10-08,0714,N21,VIIRS,n,2.0NRT,297.87,3.25,D
30.89298,76.27853,330.68,0.43,0.62,2024-10-08,0714,N21,VIIRS,n,2.0NRT,297.01,2.22,D
30.51155,75.89558,340.68,0.55,0.51,2024-10-09,0835,N21,VIIRS,n,2.0NRT,301.96,9.41,D
30.56846,75.89437,334.93,0.55,0.51,2024-10-09,0835,N21,VIIRS,n,2.0NRT,299.73,4.14,D
30.48358,75.84696,339.29,0.55,0.51,2024-10-09,0835,N21,VIIRS,n,2.0NRT,299.54,9.96,D
30.48546,75.8429,339.12,0.55,0.51,2024-10-09,0835,N21,VIIRS,n,2.0NRT,299.39,4.4,D
30.64417,76.11948,337.95,0.47,0.4,2024-10-10,0816,N21,VIIRS,n,2.0NRT,303.74,14.35,D
30.54532,75.88905,334.15,0.46,0.39,2024-10-10,0816,N21,VIIRS,l,2.0NRT,307.54,9.9,D
31.03147,75.45496,341.11,0.45,0.39,2024-10-10,0816,N21,VIIRS,n,2.0NRT,302.12,4.5,D
30.88341,75.99518,302.98,0.39,0.36,2024-10-10,2040,N21,VIIRS,n,2.0NRT,291.21,0.58,N
31.02934,76.23028,333.21,0.39,0.36,2024-10-11,0756,N21,VIIRS,l,2.0NRT,306.24,3.39,D
30.44295,75.91782,336.04,0.39,0.36,2024-10-11,0756,N21,VIIRS,n,2.0NRT,302.04,2.44,D
30.54534,75.896,332.8,0.39,0.36,2024-10-11,0756,N21,VIIRS,n,2.0NRT,305.03,1.73,D
30.57118,76.32989,331.02,0.56,0.43,2024-10-12,0737,N21,VIIRS,n,2.0NRT,301.89,3.6,D
30.50807,75.93047,339.25,0.39,0.44,2024-10-12,0737,N21,VIIRS,n,2.0NRT,304.21,2.97,D
30.45409,76.04469,333.85,0.39,0.44,2024-10-12,0737,N21,VIIRS,n,2.0NRT,302.4,3.11,D
30.49545,75.95071,340.32,0.39,0.44,2024-10-12,0737,N21,VIIRS,n,2.0NRT,302.65,8.69,D
30.56819,76.08652,339.24,0.39,0.44,2024-10-12,0737,N21,VIIRS,n,2.0NRT,302.85,4.91,D
30.88245,76.16028,342.63,0.35,0.57,2024-10-13,0720,N21,VIIRS,n,2.0NRT,300.77,4,D
30.58736,75.80772,367,0.66,0.73,2024-10-13,0900,N21,VIIRS,h,2.0NRT,299.51,20.52,D
30.58318,75.80653,367,0.66,0.73,2024-10-13,0900,N21,VIIRS,h,2.0NRT,299.82,20.68,D
30.60325,75.79939,330.57,0.34,0.56,2024-10-14,0839,N21,VIIRS,n,2.0NRT,299.44,2.67,D
30.51674,75.97932,336.42,0.35,0.57,2024-10-14,0839,N21,VIIRS,n,2.0NRT,300.4,2.55,D
30.88346,75.9954,301.98,0.57,0.43,2024-10-14,2104,N21,VIIRS,n,2.0NRT,291.13,0.76,N
30.63926,76.23951,331.68,0.57,0.43,2024-10-15,0822,N21,VIIRS,n,2.0NRT,306.18,5.02,D
30.75323,76.26115,341.78,0.38,0.43,2024-10-15,0822,N21,VIIRS,n,2.0NRT,305.36,4.56,D
30.75721,76.26054,332.93,0.38,0.43,2024-10-15,0822,N21,VIIRS,n,2.0NRT,304.79,4.56,D
30.67628,75.55402,335.23,0.53,0.42,2024-10-15,0822,N21,VIIRS,n,2.0NRT,304.38,4.63,D
30.6801,75.55341,335.07,0.53,0.42,2024-10-15,0822,N21,VIIRS,n,2.0NRT,305.84,9.1,D
30.81127,76.28934,339.87,0.39,0.44,2024-10-15,0822,N21,VIIRS,n,2.0NRT,304.75,9.36,D
30.81084,76.28532,334.86,0.39,0.44,2024-10-15,0822,N21,VIIRS,n,2.0NRT,304.79,9.36,D
30.56161,75.83334,331.51,0.54,0.42,2024-10-15,0822,N21,VIIRS,n,2.0NRT,302.45,3.3,D
30.55101,75.87717,332.22,0.38,0.36,2024-10-16,0805,N21,VIIRS,n,2.0NRT,300.2,3.08,D
30.58378,75.80022,332.42,0.5,0.41,2024-10-17,0744,N21,VIIRS,n,2.0NRT,302.68,4.28,D
30.60258,75.83823,331.37,0.5,0.41,2024-10-17,0744,N21,VIIRS,l,2.0NRT,302.42,4.51,D
30.68728,75.68513,330.74,0.5,0.41,2024-10-17,0744,N21,VIIRS,n,2.0NRT,303.29,3.24,D
31.04083,76.21455,336.58,0.47,0.4,2024-10-17,0744,N21,VIIRS,n,2.0NRT,307.18,15.1,D
30.5949,76.32105,333.32,0.47,0.4,2024-10-17,0744,N21,VIIRS,n,2.0NRT,305.5,3.95,D
30.85375,75.97041,331.08,0.58,0.52,2024-10-18,0726,N21,VIIRS,n,2.0NRT,300.26,2.06,D
30.42235,76.19224,345.58,0.45,0.63,2024-10-19,0848,N21,VIIRS,n,2.0NRT,302.08,6.19,D
30.89462,76.25619,338.04,0.46,0.63,2024-10-19,0848,N21,VIIRS,n,2.0NRT,299.32,3.43,D
31.28346,75.50332,306.99,0.42,0.45,2024-10-19,2110,N21,VIIRS,n,2.0NRT,292.28,0.83,N
30.57754,76.32599,352.26,0.47,0.48,2024-10-20,0828,N21,VIIRS,n,2.0NRT,303.2,11.4,D
30.78724,75.97492,340.3,0.45,0.47,2024-10-20,0828,N21,VIIRS,n,2.0NRT,303.91,10.07,D
30.59803,75.63594,331.41,0.43,0.46,2024-10-20,0828,N21,VIIRS,n,2.0NRT,299.44,4.48,D
30.62231,76.32995,330.95,0.47,0.48,2024-10-20,0828,N21,VIIRS,n,2.0NRT,300.5,3.53,D
30.49052,76.00417,332.32,0.45,0.47,2024-10-20,0828,N21,VIIRS,n,2.0NRT,299.88,4.09,D
30.48347,75.78537,333.34,0.4,0.37,2024-10-21,0809,N21,VIIRS,n,2.0NRT,302.72,9.14,D
30.49587,75.68949,330.81,0.4,0.37,2024-10-21,0809,N21,VIIRS,n,2.0NRT,301.77,1.74,D
30.45579,75.37917,333.79,0.4,0.37,2024-10-21,0809,N21,VIIRS,n,2.0NRT,302.71,5.31,D
31.14138,76.24168,332.5,0.42,0.38,2024-10-21,0809,N21,VIIRS,n,2.0NRT,303.04,4.98,D
31.06229,76.20412,332.12,0.41,0.37,2024-10-22,0750,N21,VIIRS,n,2.0NRT,302.03,4.77,D
31.00891,75.91964,332.59,0.42,0.38,2024-10-22,0750,N21,VIIRS,n,2.0NRT,300.75,4.52,D
31.00603,75.9193,332.95,0.42,0.38,2024-10-22,0750,N21,VIIRS,n,2.0NRT,301.21,7.6,D
31.00679,75.92366,331.68,0.42,0.38,2024-10-22,0750,N21,VIIRS,n,2.0NRT,300.82,7.6,D
30.97928,76.27572,330.02,0.41,0.37,2024-10-22,0750,N21,VIIRS,n,2.0NRT,302.11,1.7,D
30.96987,76.28233,333.4,0.41,0.37,2024-10-22,0750,N21,VIIRS,n,2.0NRT,302.94,3.69,D
30.61332,75.77849,343.31,0.43,0.38,2024-10-22,0750,N21,VIIRS,n,2.0NRT,302.59,11.57,D
30.59044,75.81151,332.9,0.43,0.38,2024-10-22,0750,N21,VIIRS,n,2.0NRT,302.63,6.86,D
30.63013,76.17926,331.05,0.42,0.38,2024-10-22,0750,N21,VIIRS,n,2.0NRT,302.15,1.91,D
30.58037,76.34053,334.64,0.42,0.37,2024-10-22,0750,N21,VIIRS,n,2.0NRT,301.46,4.16,D
30.54237,76.34476,340.74,0.42,0.37,2024-10-22,0750,N21,VIIRS,n,2.0NRT,302.17,13.58,D
30.42868,76.2812,332.22,0.42,0.38,2024-10-22,0750,N21,VIIRS,l,2.0NRT,302.39,5.78,D
31.00274,75.49988,331.69,0.5,0.49,2024-10-23,0731,N21,VIIRS,n,2.0NRT,300.9,1.83,D
30.58334,76.26608,336.12,0.46,0.47,2024-10-23,0731,N21,VIIRS,n,2.0NRT,306.35,39.37,D
30.50284,75.86999,338.36,0.49,0.48,2024-10-23,0731,N21,VIIRS,n,2.0NRT,302.72,4.07,D
30.58552,76.1705,330.73,0.47,0.48,2024-10-23,0731,N21,VIIRS,n,2.0NRT,300.65,2.25,D
30.51466,75.48259,330.73,0.51,0.5,2024-10-23,0731,N21,VIIRS,n,2.0NRT,301.59,3.59,D
30.98759,76.29585,345.02,0.45,0.47,2024-10-23,0731,N21,VIIRS,n,2.0NRT,309.91,57.63,D
30.98744,76.29807,344.11,0.45,0.47,2024-10-23,0731,N21,VIIRS,n,2.0NRT,308.3,45.29,D
30.57944,76.26553,314.69,0.44,0.62,2024-10-23,1955,N21,VIIRS,n,2.0NRT,291.55,1.78,N
30.58515,76.26604,343.85,0.44,0.62,2024-10-23,1955,N21,VIIRS,n,2.0NRT,292.88,7.77,N
30.58375,76.26617,322.4,0.56,0.69,2024-10-23,2136,N21,VIIRS,n,2.0NRT,291.26,3.05,N
30.66283,76.4026,334.29,0.43,0.62,2024-10-24,0714,N21,VIIRS,n,2.0NRT,302.91,5.05,D
30.62071,75.52972,349.59,0.51,0.66,2024-10-24,0854,N21,VIIRS,n,2.0NRT,297.91,12.98,D
31.15609,75.3708,330.74,0.51,0.66,2024-10-24,0854,N21,VIIRS,n,2.0NRT,298.97,4.24,D
31.15458,75.37103,330.33,0.51,0.66,2024-10-24,0854,N21,VIIRS,n,2.0NRT,298.64,3.96,D
30.72305,75.54254,339.09,0.53,0.5,2024-10-25,0835,N21,VIIRS,n,2.0NRT,305.21,6.47,D
30.54873,75.86829,339.81,0.55,0.51,2024-10-25,0835,N21,VIIRS,n,2.0NRT,304.61,5.94,D
30.56437,76.37446,338.87,0.59,0.53,2024-10-25,0835,N21,VIIRS,n,2.0NRT,305.32,7.68,D
30.88202,75.99509,304.28,0.47,0.4,2024-10-25,2057,N21,VIIRS,n,2.0NRT,290.36,0.96,N
30.58043,75.42625,331.73,0.44,0.38,2024-10-26,0816,N21,VIIRS,n,2.0NRT,303.06,3.58,D
30.66998,76.4044,336.13,0.49,0.4,2024-10-26,0816,N21,VIIRS,n,2.0NRT,302.83,4.5,D
30.61579,76.35454,337.5,0.48,0.4,2024-10-26,0816,N21,VIIRS,n,2.0NRT,305.76,6.19,D
30.57426,76.35121,335.72,0.48,0.4,2024-10-26,0816,N21,VIIRS,n,2.0NRT,303.7,5.72,D
30.57732,76.37622,340.59,0.48,0.4,2024-10-26,0816,N21,VIIRS,n,2.0NRT,305.78,8.33,D
30.57304,76.37182,332.93,0.48,0.4,2024-10-26,0816,N21,VIIRS,l,2.0NRT,305.94,7.85,D
30.4882,75.83495,331.22,0.46,0.39,2024-10-26,0816,N21,VIIRS,n,2.0NRT,302.6,3.15,D
31.01507,75.41047,336.87,0.45,0.39,2024-10-26,0816,N21,VIIRS,n,2.0NRT,306.3,5.28,D
31.01925,76.30389,333.15,0.48,0.4,2024-10-26,0816,N21,VIIRS,n,2.0NRT,302.64,3.78,D
30.92645,75.91114,333.43,0.47,0.39,2024-10-26,0816,N21,VIIRS,l,2.0NRT,306.67,8.5,D
30.84962,75.86785,334.99,0.46,0.39,2024-10-26,0816,N21,VIIRS,n,2.0NRT,305.54,5.48,D
30.79571,76.15279,336.98,0.47,0.4,2024-10-26,0816,N21,VIIRS,n,2.0NRT,306.8,24.64,D
30.96451,75.43825,331.9,0.45,0.39,2024-10-26,0816,N21,VIIRS,n,2.0NRT,303.04,3.12,D
30.79335,76.15265,331.16,0.39,0.36,2024-10-26,2040,N21,VIIRS,n,2.0NRT,295.93,14.19,N
31.21368,75.63907,302.63,0.39,0.36,2024-10-26,2040,N21,VIIRS,n,2.0NRT,289.61,0.61,N
30.46857,75.92336,333.49,0.39,0.36,2024-10-27,0756,N21,VIIRS,n,2.0NRT,303.02,7.63,D
30.61167,76.34501,343.32,0.39,0.36,2024-10-27,0756,N21,VIIRS,n,2.0NRT,303.52,11.64,D
30.60192,76.32646,331.77,0.39,0.36,2024-10-27,0756,N21,VIIRS,n,2.0NRT,301.19,3.97,D
30.60255,76.33045,331.89,0.39,0.36,2024-10-27,0756,N21,VIIRS,n,2.0NRT,301.7,3.97,D
30.5738,76.29944,332.19,0.39,0.36,2024-10-27,0756,N21,VIIRS,n,2.0NRT,301.95,2.51,D
30.54931,76.36214,335.49,0.39,0.36,2024-10-27,0756,N21,VIIRS,n,2.0NRT,301.82,2.87,D
30.54539,76.35885,337.1,0.39,0.36,2024-10-27,0756,N21,VIIRS,n,2.0NRT,303.71,7.84,D
30.54211,76.35955,336.36,0.39,0.36,2024-10-27,0756,N21,VIIRS,n,2.0NRT,302.15,7.84,D
30.64758,76.37859,330.62,0.39,0.36,2024-10-27,0756,N21,VIIRS,n,2.0NRT,300.66,1.86,D
30.45585,76.03447,335.58,0.39,0.36,2024-10-27,0756,N21,VIIRS,n,2.0NRT,304.4,13.36,D
30.4637,76.2731,345.44,0.39,0.36,2024-10-27,0756,N21,VIIRS,n,2.0NRT,302.95,5.94,D
30.64027,75.78284,331.3,0.39,0.36,2024-10-27,0756,N21,VIIRS,l,2.0NRT,301.72,4.89,D
30.71556,76.41879,332.09,0.39,0.36,2024-10-27,0756,N21,VIIRS,n,2.0NRT,300.96,2.71,D
30.67006,76.34908,339.13,0.39,0.36,2024-10-27,0756,N21,VIIRS,n,2.0NRT,303.57,15.19,D
30.65023,76.3739,331.95,0.39,0.36,2024-10-27,0756,N21,VIIRS,n,2.0NRT,301.73,1.86,D
30.83511,75.4915,333.84,0.4,0.37,2024-10-27,0758,N21,VIIRS,l,2.0NRT,305.45,2.8,D
30.83579,75.49561,332.97,0.4,0.37,2024-10-27,0758,N21,VIIRS,l,2.0NRT,304.58,2.8,D
30.95828,76.27258,332.62,0.39,0.36,2024-10-27,0758,N21,VIIRS,n,2.0NRT,302.18,4.61,D
30.89267,76.26595,331.82,0.39,0.36,2024-10-27,0758,N21,VIIRS,n,2.0NRT,300.61,2.06,D
30.79549,76.14978,330.25,0.39,0.36,2024-10-27,0758,N21,VIIRS,n,2.0NRT,300.35,1.84,D
31.03361,75.63985,332.05,0.39,0.36,2024-10-27,0758,N21,VIIRS,n,2.0NRT,301.93,10.79,D
31.00302,75.41335,335.39,0.4,0.37,2024-10-27,0758,N21,VIIRS,n,2.0NRT,304.69,4.9,D
31.11173,75.76162,331.59,0.39,0.36,2024-10-27,0758,N21,VIIRS,l,2.0NRT,301.78,2.63,D
31.13348,76.25716,335.59,0.39,0.36,2024-10-27,0758,N21,VIIRS,n,2.0NRT,300.8,3.68,D
30.92734,75.90933,345.31,0.39,0.36,2024-10-27,0758,N21,VIIRS,n,2.0NRT,305.36,6.57,D
30.97269,76.27776,331.2,0.39,0.36,2024-10-27,0758,N21,VIIRS,l,2.0NRT,301.5,2.11,D
30.6726,76.36233,336.48,0.56,0.43,2024-10-28,0737,N21,VIIRS,n,2.0NRT,301.82,6.96,D
30.6753,75.50386,331.21,0.42,0.45,2024-10-28,0737,N21,VIIRS,n,2.0NRT,301.57,2.31,D
30.57985,76.32609,334.88,0.57,0.43,2024-10-28,0737,N21,VIIRS,n,2.0NRT,302.07,9.93,D
30.54603,75.38972,351.11,0.42,0.45,2024-10-28,0737,N21,VIIRS,n,2.0NRT,306.69,24.35,D
30.45724,76.14126,347.41,0.39,0.44,2024-10-28,0737,N21,VIIRS,n,2.0NRT,302.38,6.75,D
30.4228,76.19576,344.87,0.39,0.44,2024-10-28,0737,N21,VIIRS,n,2.0NRT,302.4,5.41,D
30.4201,76.19676,341.64,0.39,0.44,2024-10-28,0737,N21,VIIRS,n,2.0NRT,302.15,6.56,D
31.30398,75.7061,303.39,0.38,0.59,2024-10-28,2002,N21,VIIRS,n,2.0NRT,290.16,0.72,N
30.52254,75.93852,331.66,0.37,0.58,2024-10-29,0720,N21,VIIRS,n,2.0NRT,299.47,10.1,D
30.47574,75.7254,340.92,0.38,0.59,2024-10-29,0720,N21,VIIRS,n,2.0NRT,299.08,4.05,D
30.81024,76.28707,333.13,0.35,0.57,2024-10-29,0720,N21,VIIRS,n,2.0NRT,299.63,2.53,D
30.81269,76.28609,334.62,0.35,0.57,2024-10-29,0720,N21,VIIRS,n,2.0NRT,299.66,2.71,D
31.01554,76.20712,330.52,0.35,0.57,2024-10-29,0720,N21,VIIRS,n,2.0NRT,299.05,1.56,D
30.52163,75.9348,355.04,0.37,0.58,2024-10-29,0720,N21,VIIRS,n,2.0NRT,301.6,10.1,D
30.45236,76.03782,330.18,0.37,0.58,2024-10-29,0720,N21,VIIRS,n,2.0NRT,299.71,2.28,D
30.54585,76.31174,340.42,0.35,0.57,2024-10-29,0720,N21,VIIRS,n,2.0NRT,301.2,3.65,D
30.82222,75.91694,335.36,0.68,0.74,2024-10-29,0900,N21,VIIRS,n,2.0NRT,298.61,13.04,D
30.97749,75.47382,330.76,0.33,0.55,2024-10-30,0839,N21,VIIRS,n,2.0NRT,300.69,1.79,D
30.49967,75.76987,340.47,0.34,0.56,2024-10-30,0839,N21,VIIRS,n,2.0NRT,300.31,2.97,D
30.47889,75.70188,344.25,0.33,0.56,2024-10-30,0839,N21,VIIRS,n,2.0NRT,300.88,5.09,D
30.46735,75.68574,330.42,0.33,0.55,2024-10-30,0839,N21,VIIRS,n,2.0NRT,299.33,1.72,D
30.46401,75.68686,330.48,0.33,0.55,2024-10-30,0839,N21,VIIRS,n,2.0NRT,298.97,1.46,D
30.59515,76.25321,340.26,0.36,0.57,2024-10-30,0839,N21,VIIRS,n,2.0NRT,300.48,3.33,D
30.95308,76.08324,344.81,0.36,0.57,2024-10-30,0839,N21,VIIRS,n,2.0NRT,301.32,5.43,D
31.19358,75.83512,367,0.35,0.56,2024-10-30,0841,N21,VIIRS,h,2.0NRT,304.13,11.8,D
31.14827,75.39812,342.04,0.32,0.55,2024-10-30,0841,N21,VIIRS,n,2.0NRT,302.2,4.79,D
30.47689,75.73988,331.95,0.53,0.42,2024-10-31,0822,N21,VIIRS,n,2.0NRT,303.23,3.12,D
30.43992,76.29821,335.13,0.57,0.43,2024-10-31,0822,N21,VIIRS,n,2.0NRT,304.65,4.55,D
30.45827,76.03594,334.61,0.55,0.43,2024-10-31,0822,N21,VIIRS,n,2.0NRT,304.26,6.52,D
31.04639,75.40633,330.53,0.52,0.42,2024-10-31,0822,N21,VIIRS,n,2.0NRT,303.62,3.33,D
31.12704,76.27368,330.94,0.38,0.44,2024-10-31,0822,N21,VIIRS,n,2.0NRT,303.09,1.49,D
31.0819,75.90849,335.79,0.55,0.43,2024-10-31,0822,N21,VIIRS,n,2.0NRT,303.54,5.69,D
30.98579,75.41236,332.11,0.52,0.41,2024-10-31,0822,N21,VIIRS,n,2.0NRT,303.41,4.04,D
30.96322,75.84711,331.94,0.55,0.42,2024-10-31,0822,N21,VIIRS,l,2.0NRT,303.01,3.43,D
30.97222,76.24878,335.43,0.57,0.43,2024-10-31,0822,N21,VIIRS,n,2.0NRT,303.57,5.64,D
30.97075,76.27232,343.46,0.38,0.43,2024-10-31,0822,N21,VIIRS,n,2.0NRT,303.22,5.07,D
30.94043,76.25353,332.02,0.57,0.43,2024-10-31,0822,N21,VIIRS,n,2.0NRT,303.61,3.14,D
30.82949,76.29588,333.44,0.38,0.43,2024-10-31,0822,N21,VIIRS,n,2.0NRT,302.82,3.1,D
30.83276,76.36457,340.14,0.39,0.44,2024-10-31,0822,N21,VIIRS,n,2.0NRT,308.01,11.56,D
30.82877,76.36517,334.91,0.39,0.44,2024-10-31,0822,N21,VIIRS,n,2.0NRT,302.89,2.03,D
30.71604,75.3763,331,0.51,0.41,2024-10-31,0822,N21,VIIRS,n,2.0NRT,304.14,2.79,D
30.76684,76.19146,333.52,0.57,0.43,2024-10-31,0822,N21,VIIRS,n,2.0NRT,305.43,4.86,D
30.63495,75.37523,337.29,0.51,0.41,2024-10-31,0822,N21,VIIRS,n,2.0NRT,305.97,23.88,D
30.64062,75.59397,340.48,0.53,0.42,2024-10-31,0822,N21,VIIRS,n,2.0NRT,303.71,7.3,D
30.58165,75.41299,343.51,0.51,0.41,2024-10-31,0822,N21,VIIRS,n,2.0NRT,304.23,18.2,D
30.6805,76.41896,352.85,0.39,0.44,2024-10-31,0822,N21,VIIRS,n,2.0NRT,309.09,13.58,D
30.56776,75.45875,333.54,0.52,0.41,2024-10-31,0822,N21,VIIRS,n,2.0NRT,304.01,5.93,D
30.66806,76.41671,334.4,0.39,0.44,2024-10-31,0822,N21,VIIRS,n,2.0NRT,303.32,3.75,D
30.66407,76.41731,331.07,0.39,0.44,2024-10-31,0822,N21,VIIRS,l,2.0NRT,303.12,3.75,D
30.60832,76.30157,334.6,0.57,0.43,2024-10-31,0822,N21,VIIRS,n,2.0NRT,307.88,22.01,D
30.60863,76.41175,343.69,0.39,0.44,2024-10-31,0822,N21,VIIRS,n,2.0NRT,305.54,12.58,D
30.48527,75.38085,337.33,0.51,0.41,2024-10-31,0822,N21,VIIRS,n,2.0NRT,303.2,6.26,D
30.59513,76.32767,332.71,0.57,0.43,2024-10-31,0822,N21,VIIRS,n,2.0NRT,302.92,3.31,D
30.57858,76.32408,330.72,0.57,0.43,2024-10-31,0822,N21,VIIRS,n,2.0NRT,303.36,4.36,D
30.57714,76.34748,335.8,0.38,0.43,2024-10-31,0822,N21,VIIRS,n,2.0NRT,304.23,4.48,D
30.57759,76.35145,338.42,0.38,0.43,2024-10-31,0822,N21,VIIRS,n,2.0NRT,305.31,4.48,D
30.54766,76.12002,333.1,0.56,0.43,2024-10-31,0822,N21,VIIRS,n,2.0NRT,303.7,5.5,D
30.54948,76.31636,332.68,0.57,0.43,2024-10-31,0822,N21,VIIRS,n,2.0NRT,303.09,3.95,D
30.5462,76.36015,344.55,0.38,0.43,2024-10-31,0822,N21,VIIRS,n,2.0NRT,307.4,18.29,D
30.54794,76.37607,349.45,0.38,0.43,2024-10-31,0822,N21,VIIRS,n,2.0NRT,307.68,19.82,D
30.53738,76.35341,339.66,0.38,0.43,2024-10-31,0822,N21,VIIRS,n,2.0NRT,304.41,5.14,D
30.53782,76.35738,339.91,0.38,0.43,2024-10-31,0822,N21,VIIRS,n,2.0NRT,303.84,5.14,D
30.42422,75.45003,330.84,0.51,0.41,2024-10-31,0822,N21,VIIRS,n,2.0NRT,302.61,4.69,D
30.85109,75.9483,308.61,0.39,0.36,2024-10-31,2046,N21,VIIRS,n,2.0NRT,292.49,0.98,N
30.815,76.29235,332.8,0.39,0.36,2024-11-01,0805,N21,VIIRS,n,2.0NRT,305.55,2.32,D
30.76462,75.97271,340.16,0.39,0.36,2024-11-01,0805,N21,VIIRS,n,2.0NRT,307.67,5.34,D
30.74351,75.89895,334.32,0.39,0.36,2024-11-01,0805,N21,VIIRS,n,2.0NRT,305.42,5.18,D
30.74022,75.8996,340.81,0.39,0.36,2024-11-01,0805,N21,VIIRS,n,2.0NRT,309.14,15.3,D
30.79345,76.28419,342.75,0.39,0.36,2024-11-01,0805,N21,VIIRS,n,2.0NRT,309.19,13.09,D
30.69131,75.61873,332.37,0.38,0.36,2024-11-01,0805,N21,VIIRS,n,2.0NRT,304.43,1.57,D
30.58027,75.38283,333.31,0.38,0.36,2024-11-01,0805,N21,VIIRS,n,2.0NRT,305.37,4.14,D
30.57698,75.3835,344.35,0.38,0.36,2024-11-01,0805,N21,VIIRS,n,2.0NRT,306.47,4.14,D
30.63181,75.74433,335.5,0.38,0.36,2024-11-01,0805,N21,VIIRS,n,2.0NRT,309.9,12.61,D
30.6365,75.91113,335.61,0.39,0.36,2024-11-01,0805,N21,VIIRS,l,2.0NRT,306.11,4.75,D
30.69984,76.38824,332.76,0.39,0.36,2024-11-01,0805,N21,VIIRS,n,2.0NRT,306.49,2.79,D
30.63401,75.9854,331.34,0.39,0.36,2024-11-01,0805,N21,VIIRS,n,2.0NRT,303.36,1.4,D
30.59985,75.82441,331.14,0.38,0.36,2024-11-01,0805,N21,VIIRS,n,2.0NRT,304.38,1.8,D
30.60224,75.84021,332.66,0.38,0.36,2024-11-01,0805,N21,VIIRS,l,2.0NRT,307.21,4.82,D
30.627,76.05242,334.12,0.39,0.36,2024-11-01,0805,N21,VIIRS,n,2.0NRT,307.39,2.81,D
30.57583,75.80448,334.27,0.38,0.36,2024-11-01,0805,N21,VIIRS,n,2.0NRT,307.31,2.71,D
30.64849,76.34012,340.52,0.39,0.36,2024-11-01,0805,N21,VIIRS,n,2.0NRT,306.91,4.21,D
30.65729,76.40037,341.08,0.39,0.36,2024-11-01,0805,N21,VIIRS,n,2.0NRT,305.8,3.95,D
30.58916,75.96133,336.25,0.39,0.36,2024-11-01,0805,N21,VIIRS,n,2.0NRT,305.88,5.54,D
30.59653,76.03362,346.08,0.39,0.36,2024-11-01,0805,N21,VIIRS,n,2.0NRT,310.02,5.24,D
30.61778,76.17722,333.17,0.39,0.36,2024-11-01,0805,N21,VIIRS,n,2.0NRT,306.88,2.39,D
30.52886,75.60557,334.08,0.38,0.36,2024-11-01,0805,N21,VIIRS,n,2.0NRT,304.67,2.69,D
30.54478,75.73306,334.16,0.38,0.36,2024-11-01,0805,N21,VIIRS,n,2.0NRT,306.94,3.87,D
30.61835,76.29651,331.72,0.39,0.36,2024-11-01,0805,N21,VIIRS,l,2.0NRT,303.97,1.59,D
30.62539,76.34464,334.25,0.39,0.36,2024-11-01,0805,N21,VIIRS,l,2.0NRT,308.13,7.85,D
30.52806,75.71192,332.18,0.38,0.36,2024-11-01,0805,N21,VIIRS,n,2.0NRT,305.28,6.61,D
30.52477,75.71259,332.99,0.38,0.36,2024-11-01,0805,N21,VIIRS,n,2.0NRT,307.42,6.61,D
30.551,75.88709,336.85,0.38,0.36,2024-11-01,0805,N21,VIIRS,n,2.0NRT,307.69,3.26,D
30.55694,75.92683,342.47,0.39,0.36,2024-11-01,0805,N21,VIIRS,n,2.0NRT,307.47,10.17,D
30.61059,76.28979,333.69,0.39,0.36,2024-11-01,0805,N21,VIIRS,n,2.0NRT,307.76,2.34,D
30.58438,76.13454,332.83,0.39,0.36,2024-11-01,0805,N21,VIIRS,n,2.0NRT,305.3,3.73,D
30.60788,76.29444,333.24,0.39,0.36,2024-11-01,0805,N21,VIIRS,n,2.0NRT,305.55,2.56,D
30.61608,76.35059,332.42,0.39,0.36,2024-11-01,0805,N21,VIIRS,n,2.0NRT,306.72,1.96,D
30.58109,76.13518,342.1,0.39,0.36,2024-11-01,0805,N21,VIIRS,n,2.0NRT,306.07,3.73,D
30.51165,75.71523,335.54,0.38,0.36,2024-11-01,0805,N21,VIIRS,n,2.0NRT,306.98,6.7,D
30.59798,76.29638,333.62,0.39,0.36,2024-11-01,0805,N21,VIIRS,n,2.0NRT,306.67,3.68,D
30.60112,76.34114,341.3,0.39,0.36,2024-11-01,0805,N21,VIIRS,n,2.0NRT,310.23,14.24,D
30.59414,76.36314,343.69,0.39,0.36,2024-11-01,0805,N21,VIIRS,n,2.0NRT,309.8,10.66,D
30.53262,76.01355,331.84,0.39,0.36,2024-11-01,0805,N21,VIIRS,n,2.0NRT,303.49,2.19,D
30.51896,75.96715,330.2,0.39,0.36,2024-11-01,0805,N21,VIIRS,l,2.0NRT,304.89,1.97,D
30.49909,75.85668,339.38,0.38,0.36,2024-11-01,0805,N21,VIIRS,n,2.0NRT,305.89,3.27,D
30.51844,76.07782,332.44,0.39,0.36,2024-11-01,0805,N21,VIIRS,n,2.0NRT,305.11,2.36,D
30.48321,75.86764,346.85,0.38,0.36,2024-11-01,0805,N21,VIIRS,n,2.0NRT,307.86,8.2,D
30.54518,76.33096,338.71,0.39,0.36,2024-11-01,0805,N21,VIIRS,n,2.0NRT,306.31,4.81,D
30.46292,75.82268,335.63,0.38,0.36,2024-11-01,0805,N21,VIIRS,n,2.0NRT,306,4.06,D
30.4709,75.94359,335.73,0.38,0.36,2024-11-01,0805,N21,VIIRS,n,2.0NRT,304.73,4.12,D
30.53711,76.41503,333.94,0.39,0.36,2024-11-01,0805,N21,VIIRS,l,2.0NRT,306.39,5.85,D
30.49707,76.18826,334.37,0.39,0.36,2024-11-01,0805,N21,VIIRS,n,2.0NRT,306.92,5.55,D
30.43577,75.79955,336.12,0.38,0.36,2024-11-01,0805,N21,VIIRS,n,2.0NRT,305.7,3.69,D
30.45862,75.97465,334.47,0.39,0.36,2024-11-01,0805,N21,VIIRS,l,2.0NRT,306.6,2.63,D
30.43694,75.8524,335.16,0.38,0.36,2024-11-01,0805,N21,VIIRS,n,2.0NRT,304.56,2.67,D
30.45356,75.96339,340.2,0.39,0.36,2024-11-01,0805,N21,VIIRS,n,2.0NRT,303.67,3.54,D
30.4707,76.07867,334.06,0.39,0.36,2024-11-01,0805,N21,VIIRS,l,2.0NRT,305.78,3.11,D
30.42532,75.79757,331.42,0.38,0.36,2024-11-01,0805,N21,VIIRS,n,2.0NRT,305.87,1.62,D
30.46682,76.07534,333.12,0.39,0.36,2024-11-01,0805,N21,VIIRS,l,2.0NRT,306.67,6.55,D
30.45941,76.04815,334.16,0.39,0.36,2024-11-01,0805,N21,VIIRS,n,2.0NRT,306.28,1.96,D
30.45494,76.04085,338.91,0.39,0.36,2024-11-01,0805,N21,VIIRS,n,2.0NRT,308.91,4.42,D
30.48436,76.24004,332.07,0.39,0.36,2024-11-01,0805,N21,VIIRS,n,2.0NRT,304.65,2.01,D
30.43568,75.93427,332.21,0.38,0.36,2024-11-01,0805,N21,VIIRS,l,2.0NRT,306.48,6.21,D
30.43713,75.96667,331.86,0.39,0.36,2024-11-01,0805,N21,VIIRS,n,2.0NRT,304.35,2.49,D
30.4255,75.95673,333,0.38,0.36,2024-11-01,0805,N21,VIIRS,n,2.0NRT,305.74,1.97,D
30.46873,76.3418,335.98,0.39,0.36,2024-11-01,0805,N21,VIIRS,n,2.0NRT,305,5.19,D
30.42995,76.1236,335.11,0.39,0.36,2024-11-01,0805,N21,VIIRS,n,2.0NRT,306.4,4.52,D
30.43436,76.24577,334.27,0.39,0.36,2024-11-01,0805,N21,VIIRS,n,2.0NRT,307.87,3.12,D
30.42918,76.28275,331.57,0.39,0.36,2024-11-01,0805,N21,VIIRS,n,2.0NRT,306.2,1.14,D
30.45329,75.93893,343.07,0.38,0.36,2024-11-01,0805,N21,VIIRS,n,2.0NRT,304.92,4.28,D
31.26239,75.38911,367,0.38,0.36,2024-11-01,0805,N21,VIIRS,l,2.0NRT,325.57,23.06,D
31.25911,75.38979,336.98,0.38,0.36,2024-11-01,0805,N21,VIIRS,l,2.0NRT,311.19,23.06,D
31.27704,75.57552,333.05,0.38,0.36,2024-11-01,0805,N21,VIIRS,n,2.0NRT,307.34,1.94,D
31.11658,75.57106,332.4,0.38,0.36,2024-11-01,0805,N21,VIIRS,l,2.0NRT,306.64,5.24,D
31.16979,76.13735,338.41,0.39,0.36,2024-11-01,0805,N21,VIIRS,n,2.0NRT,306.85,6.19,D
31.1599,76.13931,333.1,0.39,0.36,2024-11-01,0805,N21,VIIRS,l,2.0NRT,305.74,4.54,D
31.13561,76.25201,336.69,0.39,0.36,2024-11-01,0805,N21,VIIRS,n,2.0NRT,304.62,8.05,D
31.00197,75.42165,337.58,0.38,0.36,2024-11-01,0805,N21,VIIRS,n,2.0NRT,305.65,3.57,D
31.06403,75.85691,346.1,0.39,0.36,2024-11-01,0805,N21,VIIRS,n,2.0NRT,306.56,4.92,D
31.1094,76.2821,334.35,0.39,0.36,2024-11-01,0805,N21,VIIRS,n,2.0NRT,303.51,2.48,D
30.98634,75.51926,332.95,0.38,0.36,2024-11-01,0805,N21,VIIRS,n,2.0NRT,305.21,2.01,D
31.05862,76.19147,332.52,0.39,0.36,2024-11-01,0805,N21,VIIRS,l,2.0NRT,305.59,3.69,D
30.99504,76.10477,333.47,0.39,0.36,2024-11-01,0805,N21,VIIRS,n,2.0NRT,305.22,4.32,D
30.99713,76.21191,333.42,0.39,0.36,2024-11-01,0805,N21,VIIRS,n,2.0NRT,304.09,2.1,D
31.00592,76.27235,343.07,0.39,0.36,2024-11-01,0805,N21,VIIRS,n,2.0NRT,306.55,8.85,D
30.97536,76.17896,342.24,0.39,0.36,2024-11-01,0805,N21,VIIRS,n,2.0NRT,305.8,6.75,D
30.97346,76.21245,332.4,0.39,0.36,2024-11-01,0805,N21,VIIRS,n,2.0NRT,304.77,3.79,D
30.97404,76.21648,332.89,0.39,0.36,2024-11-01,0805,N21,VIIRS,n,2.0NRT,305.55,3.79,D
30.94983,76.07606,338.04,0.39,0.36,2024-11-01,0805,N21,VIIRS,n,2.0NRT,307.34,6.91,D
30.97569,76.29842,332.5,0.39,0.36,2024-11-01,0805,N21,VIIRS,n,2.0NRT,304.56,3.9,D
30.97628,76.30244,332.47,0.39,0.36,2024-11-01,0805,N21,VIIRS,n,2.0NRT,305.44,5.03,D
30.99274,76.41558,340.07,0.39,0.36,2024-11-01,0805,N21,VIIRS,n,2.0NRT,305.61,9.35,D
30.89359,75.81159,332.24,0.38,0.36,2024-11-01,0805,N21,VIIRS,n,2.0NRT,305.71,1.64,D
30.94989,76.1917,332.44,0.39,0.36,2024-11-01,0805,N21,VIIRS,n,2.0NRT,304.11,2.56,D
30.96938,76.39519,332.79,0.39,0.36,2024-11-01,0805,N21,VIIRS,n,2.0NRT,305.5,3.82,D
30.95082,76.29087,333.08,0.39,0.36,2024-11-01,0805,N21,VIIRS,n,2.0NRT,304.83,1.93,D
30.90901,76.23699,330.63,0.39,0.36,2024-11-01,0805,N21,VIIRS,l,2.0NRT,303.16,2.99,D
30.8437,75.86267,333.54,0.39,0.36,2024-11-01,0805,N21,VIIRS,n,2.0NRT,307.55,2.51,D
30.84429,75.86666,332.96,0.39,0.36,2024-11-01,0805,N21,VIIRS,n,2.0NRT,306.86,2.91,D
30.78354,75.48554,345.51,0.38,0.36,2024-11-01,0805,N21,VIIRS,n,2.0NRT,309.99,9.11,D
30.78414,75.48952,344.34,0.38,0.36,2024-11-01,0805,N21,VIIRS,n,2.0NRT,309.25,9.11,D
30.83043,75.95573,331.93,0.39,0.36,2024-11-01,0805,N21,VIIRS,n,2.0NRT,305.75,2.38,D
30.74397,75.40356,340.58,0.38,0.36,2024-11-01,0805,N21,VIIRS,n,2.0NRT,309.7,14.04,D
30.74519,75.41151,334.79,0.38,0.36,2024-11-01,0805,N21,VIIRS,n,2.0NRT,304.6,4.3,D
30.82715,75.9564,335.29,0.39,0.36,2024-11-01,0805,N21,VIIRS,n,2.0NRT,306.37,2.38,D
30.7755,75.68355,331.93,0.38,0.36,2024-11-01,0805,N21,VIIRS,n,2.0NRT,306.25,2.14,D
30.83027,76.05007,332.46,0.39,0.36,2024-11-01,0805,N21,VIIRS,n,2.0NRT,305.14,3.06,D
30.86238,76.29133,332.93,0.39,0.36,2024-11-01,0805,N21,VIIRS,n,2.0NRT,304.86,5.13,D
30.79311,75.86849,333.9,0.39,0.36,2024-11-01,0805,N21,VIIRS,n,2.0NRT,306.1,2.56,D
30.83252,76.34271,332.61,0.39,0.36,2024-11-01,0805,N21,VIIRS,l,2.0NRT,306.3,5.02,D
30.91564,76.12882,326.61,0.47,0.4,2024-11-01,2027,N21,VIIRS,n,2.0NRT,289.68,4.29,N
30.797,75.88456,329.05,0.48,0.4,2024-11-01,2027,N21,VIIRS,n,2.0NRT,293.33,6.91,N
30.86191,75.4077,298.29,0.51,0.41,2024-11-01,2027,N21,VIIRS,n,2.0NRT,287.55,1.11,N
31.12088,76.09774,302.17,0.48,0.4,2024-11-01,2027,N21,VIIRS,n,2.0NRT,288.95,0.62,N
30.72973,76.23723,306.67,0.46,0.39,2024-11-01,2027,N21,VIIRS,n,2.0NRT,288.62,0.69,N
30.82747,75.40066,297.38,0.51,0.41,2024-11-01,2027,N21,VIIRS,n,2.0NRT,286.43,0.66,N
30.64865,76.32629,299.72,0.46,0.39,2024-11-01,2027,N21,VIIRS,n,2.0NRT,289.27,0.8,N
31.25296,75.91277,338.17,0.48,0.4,2024-11-02,0744,N21,VIIRS,n,2.0NRT,306.42,9.7,D
30.86483,75.3857,333.92,0.52,0.41,2024-11-02,0744,N21,VIIRS,n,2.0NRT,304.14,3.72,D
31.10123,76.29716,330.89,0.47,0.4,2024-11-02,0744,N21,VIIRS,n,2.0NRT,303.2,3.1,D
31.15396,76.25901,332.76,0.47,0.4,2024-11-02,0744,N21,VIIRS,n,2.0NRT,305,2.49,D
31.15579,76.20781,331.01,0.47,0.4,2024-11-02,0744,N21,VIIRS,n,2.0NRT,302.83,2.46,D
31.0256,75.44746,343.38,0.51,0.41,2024-11-02,0744,N21,VIIRS,n,2.0NRT,304.05,7.91,D
31.03598,75.3784,331.27,0.52,0.41,2024-11-02,0744,N21,VIIRS,l,2.0NRT,303.76,7.22,D
31.03498,75.37311,331.37,0.52,0.41,2024-11-02,0744,N21,VIIRS,l,2.0NRT,303.67,2.24,D
31.03699,75.38084,335.3,0.52,0.41,2024-11-02,0744,N21,VIIRS,n,2.0NRT,305.27,6.56,D
31.03596,75.37555,331.74,0.52,0.41,2024-11-02,0744,N21,VIIRS,l,2.0NRT,304.06,3.4,D
31.23102,75.85542,333.5,0.49,0.4,2024-11-02,0744,N21,VIIRS,n,2.0NRT,304.53,4.05,D
30.42423,75.85838,344.33,0.5,0.41,2024-11-02,0744,N21,VIIRS,n,2.0NRT,308.38,13.78,D
30.42135,75.84304,332.33,0.5,0.41,2024-11-02,0744,N21,VIIRS,n,2.0NRT,304.54,3.92,D
30.42696,75.85236,334.78,0.5,0.41,2024-11-02,0744,N21,VIIRS,n,2.0NRT,303.89,13.78,D
30.4684,76.05384,332.17,0.49,0.4,2024-11-02,0744,N21,VIIRS,l,2.0NRT,304.62,3.86,D
30.49961,76.20199,346.11,0.48,0.4,2024-11-02,0744,N21,VIIRS,n,2.0NRT,307.87,11.48,D
30.438,75.84962,332.53,0.5,0.41,2024-11-02,0744,N21,VIIRS,n,2.0NRT,304.83,3.4,D
30.43722,75.7421,332.47,0.51,0.41,2024-11-02,0744,N21,VIIRS,n,2.0NRT,306.89,8.03,D
30.54918,76.28728,341.17,0.48,0.4,2024-11-02,0744,N21,VIIRS,n,2.0NRT,306.24,4.39,D
30.55018,76.28883,341.09,0.48,0.4,2024-11-02,0744,N21,VIIRS,n,2.0NRT,305.53,5.05,D
30.57457,76.37931,339.88,0.47,0.4,2024-11-02,0744,N21,VIIRS,n,2.0NRT,308.36,7.89,D
30.47158,75.83279,343.7,0.5,0.41,2024-11-02,0744,N21,VIIRS,n,2.0NRT,305.92,13.48,D
30.4635,75.77032,344.77,0.5,0.41,2024-11-02,0744,N21,VIIRS,n,2.0NRT,304.99,7.25,D
30.50027,75.84176,332.08,0.5,0.41,2024-11-02,0744,N21,VIIRS,n,2.0NRT,306.93,4.1,D
30.48816,75.73719,339.23,0.51,0.41,2024-11-02,0744,N21,VIIRS,n,2.0NRT,307.88,11.55,D
30.51787,75.85343,331.83,0.5,0.41,2024-11-02,0744,N21,VIIRS,l,2.0NRT,304.67,5.51,D
30.50491,75.74382,334.23,0.51,0.41,2024-11-02,0744,N21,VIIRS,n,2.0NRT,304.74,3.7,D
30.46907,75.47279,337.76,0.52,0.42,2024-11-02,0744,N21,VIIRS,n,2.0NRT,306.83,6.76,D
30.56294,75.84759,332.25,0.5,0.41,2024-11-02,0744,N21,VIIRS,n,2.0NRT,305.67,2.7,D
31.25367,75.83717,330.07,0.49,0.4,2024-11-02,0744,N21,VIIRS,l,2.0NRT,303,2.92,D
31.23895,75.81982,336.45,0.49,0.4,2024-11-02,0744,N21,VIIRS,n,2.0NRT,304.26,4.69,D
31.25238,75.91082,346.85,0.48,0.4,2024-11-02,0744,N21,VIIRS,n,2.0NRT,307.69,8.68,D
30.63493,76.17595,333.97,0.48,0.4,2024-11-02,0744,N21,VIIRS,n,2.0NRT,306.79,7.3,D
30.63466,76.17386,331.77,0.48,0.4,2024-11-02,0744,N21,VIIRS,n,2.0NRT,304.9,7.01,D
30.60485,75.81388,332.93,0.5,0.41,2024-11-02,0744,N21,VIIRS,n,2.0NRT,307.13,2.6,D
30.55895,75.40929,332.41,0.52,0.42,2024-11-02,0744,N21,VIIRS,l,2.0NRT,304.47,3.85,D
30.73878,75.89997,335.45,0.49,0.41,2024-11-02,0744,N21,VIIRS,n,2.0NRT,306.01,10.39,D
30.72655,75.42286,331.06,0.52,0.41,2024-11-02,0744,N21,VIIRS,n,2.0NRT,302.82,2.07,D
30.96346,76.31626,332.42,0.47,0.4,2024-11-02,0744,N21,VIIRS,l,2.0NRT,306.37,6.5,D
30.98323,76.28111,336.6,0.47,0.4,2024-11-02,0744,N21,VIIRS,n,2.0NRT,306.3,5.18,D
30.9577,75.95582,331.74,0.49,0.4,2024-11-02,0744,N21,VIIRS,l,2.0NRT,304.08,9.45,D
30.75116,76.14328,320.38,0.56,0.52,2024-11-02,2008,N21,VIIRS,n,2.0NRT,289.63,4.25,N
30.48747,75.76252,333.45,0.61,0.54,2024-11-03,0726,N21,VIIRS,n,2.0NRT,300.79,3.53,D
30.52672,75.46344,336.11,0.32,0.54,2024-11-03,0726,N21,VIIRS,n,2.0NRT,299.34,4.38,D
30.52774,75.46077,340.77,0.32,0.54,2024-11-03,0726,N21,VIIRS,n,2.0NRT,300.2,6.27,D
30.66947,75.93947,332,0.59,0.53,2024-11-03,0726,N21,VIIRS,n,2.0NRT,302.49,3.86,D
31.24976,75.79414,332.61,0.59,0.53,2024-11-03,0726,N21,VIIRS,n,2.0NRT,302.27,3.55,D
31.31926,75.74484,332.41,0.59,0.53,2024-11-03,0726,N21,VIIRS,n,2.0NRT,304,6.48,D
30.50121,76.35721,334.61,0.57,0.52,2024-11-03,0726,N21,VIIRS,n,2.0NRT,302.7,4.87,D
30.50312,76.35488,333.5,0.56,0.52,2024-11-03,0726,N21,VIIRS,n,2.0NRT,302.23,4.28,D
30.47329,75.78237,334.45,0.61,0.54,2024-11-03,0726,N21,VIIRS,n,2.0NRT,300.04,5.1,D
30.45649,75.47423,340.32,0.32,0.54,2024-11-03,0726,N21,VIIRS,n,2.0NRT,300.46,3.36,D
30.54885,75.40832,331.55,0.78,0.78,2024-11-03,0906,N21,VIIRS,n,2.0NRT,296.94,7.58,D
30.49067,76.23768,302.19,0.54,0.68,2024-11-03,1951,N21,VIIRS,n,2.0NRT,288.75,1.2,N
30.99804,75.62981,301.71,0.59,0.7,2024-11-03,1951,N21,VIIRS,n,2.0NRT,287.63,1.01,N
30.48789,76.23798,315.35,0.46,0.64,2024-11-03,2129,N21,VIIRS,n,2.0NRT,289.24,2.02,N
30.93748,75.95441,301.98,0.43,0.62,2024-11-03,2129,N21,VIIRS,n,2.0NRT,287.29,2.95,N
30.48832,76.23965,320.4,0.46,0.64,2024-11-03,2129,N21,VIIRS,n,2.0NRT,289.27,2.24,N
30.93637,75.95876,324.24,0.43,0.62,2024-11-03,2129,N21,VIIRS,n,2.0NRT,288.74,3.71,N
31.01027,75.78375,315.21,0.42,0.61,2024-11-03,2129,N21,VIIRS,n,2.0NRT,290.08,2.22,N
30.58875,76.2832,332.24,0.54,0.68,2024-11-04,0707,N21,VIIRS,n,2.0NRT,300.73,4.35,D
30.58965,76.28507,340.93,0.54,0.68,2024-11-04,0707,N21,VIIRS,n,2.0NRT,300.92,6.25,D
30.48976,75.74508,344.73,0.58,0.7,2024-11-04,0707,N21,VIIRS,n,2.0NRT,300.44,7.37,D
30.47843,75.45383,331.28,0.6,0.71,2024-11-04,0707,N21,VIIRS,n,2.0NRT,300.09,4.37,D
30.64655,75.62854,336.92,0.58,0.7,2024-11-04,0707,N21,VIIRS,n,2.0NRT,300,5.06,D
30.57389,75.78369,355.28,0.43,0.62,2024-11-04,0847,N21,VIIRS,n,2.0NRT,301.26,7.14,D
30.45026,76.30117,348.69,0.46,0.63,2024-11-04,0847,N21,VIIRS,n,2.0NRT,301.03,7.42,D
30.43993,76.13676,347.56,0.45,0.63,2024-11-04,0847,N21,VIIRS,n,2.0NRT,301.85,4.93,D
30.44799,75.90621,338.74,0.43,0.62,2024-11-04,0847,N21,VIIRS,n,2.0NRT,300.89,6.66,D
30.45395,75.82476,347.56,0.43,0.62,2024-11-04,0847,N21,VIIRS,n,2.0NRT,302.23,5.8,D
30.46132,75.76618,340,0.42,0.61,2024-11-04,0847,N21,VIIRS,n,2.0NRT,300.04,4.13,D
30.48485,75.77738,367,0.42,0.61,2024-11-04,0847,N21,VIIRS,h,2.0NRT,301.97,12.42,D
30.48552,75.70657,355.04,0.42,0.61,2024-11-04,0847,N21,VIIRS,n,2.0NRT,301.72,8.88,D
30.48364,75.70773,367,0.42,0.61,2024-11-04,0847,N21,VIIRS,h,2.0NRT,302.01,10.23,D
30.48816,75.77816,348.12,0.43,0.62,2024-11-04,0847,N21,VIIRS,n,2.0NRT,300.48,10.18,D
30.51291,76.08056,340.48,0.44,0.63,2024-11-04,0847,N21,VIIRS,n,2.0NRT,302.54,4.51,D
30.53623,76.08308,341.59,0.44,0.63,2024-11-04,0847,N21,VIIRS,n,2.0NRT,301.49,4.41,D
30.52166,75.85568,348.18,0.43,0.62,2024-11-04,0847,N21,VIIRS,n,2.0NRT,299.47,7.58,D
30.52137,75.8512,335.67,0.43,0.62,2024-11-04,0847,N21,VIIRS,n,2.0NRT,299.18,7.58,D
30.55965,76.36562,351.87,0.46,0.64,2024-11-04,0847,N21,VIIRS,n,2.0NRT,302.47,13.18,D
30.5358,75.72498,336.84,0.42,0.61,2024-11-04,0847,N21,VIIRS,n,2.0NRT,300.47,3.48,D
30.55995,75.91555,338.93,0.43,0.62,2024-11-04,0847,N21,VIIRS,n,2.0NRT,302.54,4.2,D
30.57103,75.7832,367,0.43,0.62,2024-11-04,0847,N21,VIIRS,h,2.0NRT,301.4,8.13,D
30.57451,75.40029,367,0.4,0.6,2024-11-04,0847,N21,VIIRS,h,2.0NRT,301.88,8.68,D
30.6164,75.95993,331.9,0.44,0.62,2024-11-04,0847,N21,VIIRS,n,2.0NRT,300.21,3.61,D
30.73732,75.41908,341.53,0.41,0.6,2024-11-04,0847,N21,VIIRS,n,2.0NRT,300.6,10.01,D
30.81722,76.27206,367,0.46,0.63,2024-11-04,0847,N21,VIIRS,h,2.0NRT,306.98,25.58,D
30.81691,76.27402,345.28,0.46,0.63,2024-11-04,0847,N21,VIIRS,n,2.0NRT,300.99,13.74,D
30.81664,76.26925,355.09,0.46,0.63,2024-11-04,0847,N21,VIIRS,n,2.0NRT,303.06,13.74,D
30.9548,76.03826,367,0.45,0.63,2024-11-04,0847,N21,VIIRS,h,2.0NRT,302.85,11.47,D
30.96576,76.21748,354.1,0.46,0.63,2024-11-04,0847,N21,VIIRS,n,2.0NRT,301.24,10.52,D
30.97508,76.27456,337.72,0.46,0.64,2024-11-04,0847,N21,VIIRS,n,2.0NRT,300.66,8.21,D
31.00159,75.83205,312.71,0.45,0.47,2024-11-04,2112,N21,VIIRS,n,2.0NRT,289.43,2.02,N
31.02561,75.6572,302.66,0.44,0.46,2024-11-04,2112,N21,VIIRS,n,2.0NRT,288.91,0.52,N
31.00296,75.8297,308.85,0.45,0.47,2024-11-04,2112,N21,VIIRS,n,2.0NRT,289.32,2.13,N
30.99646,76.1125,340.28,0.47,0.48,2024-11-05,0828,N21,VIIRS,n,2.0NRT,300.35,4.87,D
31.01814,76.24929,330.87,0.48,0.48,2024-11-05,0828,N21,VIIRS,n,2.0NRT,299.91,4.4,D
30.94605,75.41683,334.08,0.43,0.46,2024-11-05,0828,N21,VIIRS,n,2.0NRT,300.51,3.01,D
31.15677,75.84959,340.37,0.45,0.47,2024-11-05,0828,N21,VIIRS,n,2.0NRT,301.65,9.63,D
31.26878,75.38584,341.62,0.43,0.46,2024-11-05,0828,N21,VIIRS,n,2.0NRT,305.99,11.62,D
30.72619,75.48911,331.01,0.43,0.46,2024-11-05,0828,N21,VIIRS,n,2.0NRT,300.15,2.52,D
30.7382,75.69634,339.95,0.44,0.46,2024-11-05,0828,N21,VIIRS,n,2.0NRT,302.14,4.11,D
30.67563,75.38333,333.21,0.42,0.45,2024-11-05,0828,N21,VIIRS,n,2.0NRT,300.81,3.23,D
30.75437,76.38192,339.01,0.48,0.48,2024-11-05,0828,N21,VIIRS,n,2.0NRT,300.35,4.76,D
30.70779,75.94987,344.86,0.45,0.47,2024-11-05,0828,N21,VIIRS,n,2.0NRT,304.08,19.26,D
30.65134,75.5165,340.15,0.43,0.46,2024-11-05,0828,N21,VIIRS,n,2.0NRT,301.94,9.43,D
30.61378,75.39655,339.26,0.42,0.45,2024-11-05,0828,N21,VIIRS,n,2.0NRT,300.39,2.61,D
30.61213,75.39871,338.22,0.42,0.45,2024-11-05,0828,N21,VIIRS,n,2.0NRT,300.78,4.17,D
30.6091,75.52881,342.56,0.43,0.46,2024-11-05,0828,N21,VIIRS,n,2.0NRT,301.08,5.28,D
30.67784,76.32758,335.52,0.48,0.48,2024-11-05,0828,N21,VIIRS,n,2.0NRT,300.14,2.27,D
30.54064,75.39994,343.71,0.42,0.45,2024-11-05,0828,N21,VIIRS,n,2.0NRT,301.99,9.04,D
30.5409,75.48447,337.97,0.42,0.46,2024-11-05,0828,N21,VIIRS,n,2.0NRT,301.36,8.77,D
30.5623,75.95689,339.63,0.45,0.47,2024-11-05,0828,N21,VIIRS,n,2.0NRT,301.63,4.63,D
30.55937,75.95541,342.52,0.45,0.47,2024-11-05,0828,N21,VIIRS,n,2.0NRT,301.48,7.15,D
30.4864,75.46407,331.81,0.42,0.45,2024-11-05,0828,N21,VIIRS,n,2.0NRT,300.12,4.2,D
30.5217,75.84256,337.28,0.44,0.46,2024-11-05,0828,N21,VIIRS,n,2.0NRT,300.59,4.33,D
30.47932,75.72302,330.56,0.44,0.46,2024-11-05,0828,N21,VIIRS,l,2.0NRT,303.04,16.02,D
30.47978,75.72755,340.17,0.44,0.46,2024-11-05,0828,N21,VIIRS,n,2.0NRT,303.01,16.02,D
31.26833,75.38136,339.21,0.43,0.46,2024-11-05,0828,N21,VIIRS,n,2.0NRT,303.45,11.62,D
30.83953,75.76301,339.64,0.44,0.46,2024-11-05,0828,N21,VIIRS,n,2.0NRT,301.74,4.2,D
30.73574,75.41594,340.11,0.42,0.45,2024-11-05,0828,N21,VIIRS,n,2.0NRT,302.35,8.12,D
30.83147,75.85364,338.9,0.45,0.47,2024-11-05,0828,N21,VIIRS,n,2.0NRT,301.18,2.91,D
30.99549,76.11423,332.44,0.47,0.48,2024-11-05,0828,N21,VIIRS,n,2.0NRT,300.26,6.58,D
30.4625,75.68407,339.95,0.43,0.46,2024-11-05,0828,N21,VIIRS,n,2.0NRT,301.24,3.16,D
30.44336,75.66386,335.1,0.43,0.46,2024-11-05,0828,N21,VIIRS,n,2.0NRT,300.7,3.2,D
30.45886,75.8185,339.75,0.44,0.46,2024-11-05,0828,N21,VIIRS,n,2.0NRT,301.37,5.44,D
30.45674,75.8843,335.96,0.45,0.47,2024-11-05,0828,N21,VIIRS,n,2.0NRT,301.75,4.25,D
30.47463,75.71907,333.19,0.44,0.46,2024-11-05,0828,N21,VIIRS,n,2.0NRT,300.83,3.19,D
30.73619,75.42035,331,0.42,0.45,2024-11-05,0828,N21,VIIRS,n,2.0NRT,300.87,6.3,D
31.0486,75.84233,321.95,0.41,0.37,2024-11-05,2053,N21,VIIRS,n,2.0NRT,289.31,2.62,N
31.08397,76.00503,300.76,0.42,0.38,2024-11-05,2053,N21,VIIRS,n,2.0NRT,289.22,0.73,N
31.244,75.93888,306.33,0.42,0.37,2024-11-05,2053,N21,VIIRS,n,2.0NRT,288.46,1.25,N
31.01144,75.83362,305.47,0.41,0.37,2024-11-05,2053,N21,VIIRS,n,2.0NRT,289.27,0.92,N
30.92811,75.90503,305.78,0.42,0.37,2024-11-05,2053,N21,VIIRS,n,2.0NRT,292.17,0.77,N
30.57631,75.40238,345.74,0.4,0.37,2024-11-06,0809,N21,VIIRS,n,2.0NRT,302.57,9.87,D
30.97768,75.41109,336.99,0.4,0.37,2024-11-06,0809,N21,VIIRS,n,2.0NRT,301.77,3.84,D
31.00895,75.89467,331.62,0.41,0.37,2024-11-06,0809,N21,VIIRS,n,2.0NRT,300.79,3.23,D
30.93792,75.39722,335.4,0.4,0.37,2024-11-06,0809,N21,VIIRS,n,2.0NRT,302.31,9.78,D
31.01811,76.1978,331.45,0.42,0.38,2024-11-06,0809,N21,VIIRS,n,2.0NRT,301.77,1.98,D
30.7884,75.38987,344.16,0.4,0.37,2024-11-06,0809,N21,VIIRS,n,2.0NRT,301.27,4.89,D
30.73845,75.76212,342.7,0.41,0.37,2024-11-06,0809,N21,VIIRS,n,2.0NRT,302.04,4.9,D
30.69877,75.55019,330.53,0.4,0.37,2024-11-06,0809,N21,VIIRS,n,2.0NRT,299.68,3.07,D
30.67225,75.3849,334.85,0.4,0.37,2024-11-06,0809,N21,VIIRS,n,2.0NRT,303.42,2.79,D
30.74289,75.89599,331.91,0.41,0.37,2024-11-06,0809,N21,VIIRS,n,2.0NRT,300.51,5.09,D
30.66511,75.40745,341.66,0.4,0.37,2024-11-06,0809,N21,VIIRS,n,2.0NRT,303.52,9.54,D
30.67075,75.54688,333.42,0.4,0.37,2024-11-06,0809,N21,VIIRS,l,2.0NRT,303.76,4.99,D
30.72606,75.95148,332.34,0.41,0.37,2024-11-06,0809,N21,VIIRS,n,2.0NRT,301.25,3.31,D
30.68359,75.69026,344.42,0.41,0.37,2024-11-06,0809,N21,VIIRS,n,2.0NRT,303.27,6.59,D
30.65789,75.55355,344.87,0.4,0.37,2024-11-06,0809,N21,VIIRS,n,2.0NRT,303.1,7.74,D
30.61931,75.39912,330.84,0.4,0.37,2024-11-06,0809,N21,VIIRS,n,2.0NRT,301.28,2.54,D
30.70295,76.03905,333.01,0.41,0.37,2024-11-06,0809,N21,VIIRS,n,2.0NRT,301.4,3.71,D
30.60525,75.38847,333.19,0.4,0.37,2024-11-06,0809,N21,VIIRS,n,2.0NRT,301.82,2.76,D
30.60234,75.46533,333.91,0.4,0.37,2024-11-06,0809,N21,VIIRS,n,2.0NRT,302.44,5.07,D
30.62688,75.66568,330.41,0.4,0.37,2024-11-06,0809,N21,VIIRS,n,2.0NRT,301.68,2.53,D
30.42711,76.33253,332.52,0.42,0.38,2024-11-06,0809,N21,VIIRS,n,2.0NRT,302.49,4.31,D
30.42572,76.11197,334.87,0.41,0.37,2024-11-06,0809,N21,VIIRS,n,2.0NRT,302.86,3.74,D
30.42053,75.86923,331.92,0.41,0.37,2024-11-06,0809,N21,VIIRS,n,2.0NRT,301.1,3.17,D
30.44567,75.95126,332.94,0.41,0.37,2024-11-06,0809,N21,VIIRS,n,2.0NRT,301.43,3.71,D
30.43348,75.86254,330.48,0.41,0.37,2024-11-06,0809,N21,VIIRS,l,2.0NRT,301.05,2.99,D
30.43188,75.75091,332.11,0.41,0.37,2024-11-06,0809,N21,VIIRS,n,2.0NRT,300.54,3.22,D
30.42361,75.66681,334.09,0.4,0.37,2024-11-06,0809,N21,VIIRS,n,2.0NRT,299.96,3.51,D
30.53331,76.41634,336.47,0.42,0.38,2024-11-06,0809,N21,VIIRS,n,2.0NRT,300.94,5.42,D
30.53274,76.41837,345.51,0.42,0.38,2024-11-06,0809,N21,VIIRS,n,2.0NRT,302.84,9.98,D
30.4265,75.62501,332.38,0.4,0.37,2024-11-06,0809,N21,VIIRS,n,2.0NRT,301.9,5.26,D
30.42536,75.6167,330.01,0.4,0.37,2024-11-06,0809,N21,VIIRS,l,2.0NRT,300.45,2.04,D
30.42986,75.62438,332.71,0.4,0.37,2024-11-06,0809,N21,VIIRS,n,2.0NRT,302.3,5.26,D
30.49608,76.06145,332.73,0.41,0.37,2024-11-06,0809,N21,VIIRS,n,2.0NRT,303.71,4.26,D
30.4629,75.81551,341.62,0.41,0.37,2024-11-06,0809,N21,VIIRS,n,2.0NRT,303.94,14.84,D
30.45254,75.71424,332.25,0.4,0.37,2024-11-06,0809,N21,VIIRS,n,2.0NRT,300.5,2.7,D
30.46214,75.73392,331.85,0.41,0.37,2024-11-06,0809,N21,VIIRS,n,2.0NRT,300.25,2.1,D
30.46264,75.71236,343.99,0.4,0.37,2024-11-06,0809,N21,VIIRS,n,2.0NRT,302.89,8.03,D
30.45633,75.66645,331.82,0.4,0.37,2024-11-06,0809,N21,VIIRS,n,2.0NRT,300.91,4.05,D
30.46946,75.73685,338.38,0.41,0.37,2024-11-06,0809,N21,VIIRS,n,2.0NRT,301.04,3.81,D
30.48079,75.76914,334.5,0.41,0.37,2024-11-06,0809,N21,VIIRS,n,2.0NRT,300.47,3.97,D
30.4928,75.8316,343.52,0.41,0.37,2024-11-06,0809,N21,VIIRS,n,2.0NRT,301.18,4.6,D
30.47439,75.69733,345.14,0.4,0.37,2024-11-06,0809,N21,VIIRS,n,2.0NRT,305.28,11.85,D
30.44159,75.46077,333.95,0.4,0.37,2024-11-06,0809,N21,VIIRS,n,2.0NRT,301.06,2.25,D
30.49034,75.76307,332.83,0.41,0.37,2024-11-06,0809,N21,VIIRS,n,2.0NRT,302.57,2.56,D
30.58143,76.33351,333.16,0.42,0.38,2024-11-06,0809,N21,VIIRS,n,2.0NRT,304.52,9.7,D
30.5101,75.78096,341.1,0.41,0.37,2024-11-06,0809,N21,VIIRS,n,2.0NRT,300.87,7.75,D
30.50085,75.71387,330.98,0.4,0.37,2024-11-06,0809,N21,VIIRS,n,2.0NRT,300.22,5.62,D
30.54011,75.97479,338.19,0.41,0.37,2024-11-06,0809,N21,VIIRS,n,2.0NRT,300.68,3.6,D
30.51,75.75514,341.33,0.41,0.37,2024-11-06,0809,N21,VIIRS,n,2.0NRT,300.58,4.42,D
30.50422,75.71326,331.62,0.4,0.37,2024-11-06,0809,N21,VIIRS,n,2.0NRT,300.22,5.62,D
30.5766,76.21869,336.43,0.42,0.38,2024-11-06,0809,N21,VIIRS,n,2.0NRT,301.99,3.72,D
30.5323,75.84161,335.87,0.41,0.37,2024-11-06,0809,N21,VIIRS,n,2.0NRT,301.58,3.49,D
30.60599,76.30679,331.27,0.42,0.38,2024-11-06,0809,N21,VIIRS,l,2.0NRT,301.83,4.87,D
30.58458,76.04535,341.29,0.41,0.37,2024-11-06,0809,N21,VIIRS,n,2.0NRT,302.6,10.27,D
30.55921,75.77717,336.38,0.41,0.37,2024-11-06,0809,N21,VIIRS,n,2.0NRT,300.39,3.34,D
30.57288,75.85248,332.1,0.41,0.37,2024-11-06,0809,N21,VIIRS,n,2.0NRT,301.49,3.31,D
30.55207,75.62388,336.92,0.4,0.37,2024-11-06,0809,N21,VIIRS,n,2.0NRT,302.51,3.46,D
30.53429,75.49508,340.58,0.4,0.37,2024-11-06,0809,N21,VIIRS,n,2.0NRT,301.82,7.88,D
30.65191,76.34012,338.6,0.42,0.38,2024-11-06,0809,N21,VIIRS,n,2.0NRT,300.89,11.35,D
30.57652,75.72657,342.99,0.41,0.37,2024-11-06,0809,N21,VIIRS,n,2.0NRT,302.55,7.52,D
30.6139,75.7973,331.87,0.41,0.37,2024-11-06,0809,N21,VIIRS,n,2.0NRT,301.38,2.93,D
30.5997,75.49557,336.64,0.4,0.37,2024-11-06,0809,N21,VIIRS,n,2.0NRT,303.93,6.87,D
30.81152,76.01878,303.04,0.41,0.37,2024-11-06,2033,N21,VIIRS,n,2.0NRT,290,1.26,N
30.80812,76.01816,313.15,0.41,0.37,2024-11-06,2033,N21,VIIRS,n,2.0NRT,290.95,1.26,N
30.9285,75.90598,317.27,0.42,0.37,2024-11-06,2033,N21,VIIRS,n,2.0NRT,292.97,1.76,N
30.61626,75.84556,340.79,0.43,0.38,2024-11-07,0752,N21,VIIRS,n,2.0NRT,299.94,3.99,D
30.67456,75.50954,332.57,0.44,0.38,2024-11-07,0752,N21,VIIRS,n,2.0NRT,300.85,4.69,D
30.83293,75.85195,342.37,0.42,0.38,2024-11-07,0752,N21,VIIRS,n,2.0NRT,299.72,5.69,D
30.83635,75.85116,332.65,0.42,0.38,2024-11-07,0752,N21,VIIRS,n,2.0NRT,299.4,3.5,D
30.91956,76.29727,331.83,0.41,0.37,2024-11-07,0752,N21,VIIRS,n,2.0NRT,299.32,2.33,D
30.93951,76.28536,332.93,0.41,0.37,2024-11-07,0752,N21,VIIRS,n,2.0NRT,299.69,2.36,D
30.91192,75.67517,335.59,0.43,0.38,2024-11-07,0752,N21,VIIRS,n,2.0NRT,300.89,8.47,D
30.9263,75.37962,331.63,0.44,0.38,2024-11-07,0752,N21,VIIRS,n,2.0NRT,300.65,4.35,D
30.9255,75.3751,330.58,0.44,0.38,2024-11-07,0752,N21,VIIRS,n,2.0NRT,299.55,4.35,D
31.15606,76.18869,332.05,0.41,0.37,2024-11-07,0752,N21,VIIRS,n,2.0NRT,299.8,10.69,D
31.14778,75.39127,336.04,0.44,0.38,2024-11-07,0752,N21,VIIRS,n,2.0NRT,299.88,4.25,D
30.42178,76.09129,331.06,0.42,0.38,2024-11-07,0752,N21,VIIRS,n,2.0NRT,300.93,2.65,D
30.42319,75.99639,333.86,0.42,0.38,2024-11-07,0752,N21,VIIRS,n,2.0NRT,300.93,4.06,D
30.44441,75.938,333.14,0.43,0.38,2024-11-07,0752,N21,VIIRS,n,2.0NRT,300.22,2.35,D
30.42459,75.76446,335.46,0.43,0.38,2024-11-07,0752,N21,VIIRS,n,2.0NRT,300.96,4.53,D
30.53533,76.31982,332.31,0.41,0.37,2024-11-07,0752,N21,VIIRS,n,2.0NRT,299.61,3.52,D
30.44492,75.77814,338.19,0.43,0.38,2024-11-07,0752,N21,VIIRS,n,2.0NRT,299.57,4.13,D
30.54983,76.343,334.86,0.41,0.37,2024-11-07,0752,N21,VIIRS,n,2.0NRT,301.38,3.86,D
30.4266,75.59264,334.24,0.44,0.38,2024-11-07,0752,N21,VIIRS,n,2.0NRT,302.98,22.05,D
30.49693,75.91232,339.03,0.43,0.38,2024-11-07,0752,N21,VIIRS,n,2.0NRT,302.03,4.77,D
30.50648,75.86459,342.85,0.43,0.38,2024-11-07,0752,N21,VIIRS,n,2.0NRT,301.8,6.41,D
30.48968,75.76778,332.19,0.43,0.38,2024-11-07,0752,N21,VIIRS,n,2.0NRT,300.1,5.07,D
30.48274,75.72795,332.9,0.43,0.38,2024-11-07,0752,N21,VIIRS,n,2.0NRT,300.65,5.69,D
30.49466,75.77581,331.54,0.43,0.38,2024-11-07,0752,N21,VIIRS,n,2.0NRT,300.93,3.94,D
30.48831,75.61549,345.88,0.44,0.38,2024-11-07,0752,N21,VIIRS,n,2.0NRT,301.52,10.23,D
30.49177,75.61468,335.38,0.44,0.38,2024-11-07,0752,N21,VIIRS,n,2.0NRT,299.96,10.23,D
30.48925,75.61253,342.33,0.44,0.38,2024-11-07,0752,N21,VIIRS,n,2.0NRT,303.27,19.19,D
30.55763,75.91821,332.06,0.43,0.38,2024-11-07,0752,N21,VIIRS,n,2.0NRT,301.44,2.79,D
30.65087,76.33484,341.6,0.41,0.37,2024-11-07,0752,N21,VIIRS,n,2.0NRT,303.04,13.4,D
30.65425,76.33407,335.75,0.41,0.37,2024-11-07,0752,N21,VIIRS,n,2.0NRT,301.82,13.4,D
30.60198,76.03002,334.78,0.42,0.38,2024-11-07,0752,N21,VIIRS,n,2.0NRT,300.68,4.64,D
30.58461,75.8072,332.07,0.43,0.38,2024-11-07,0752,N21,VIIRS,n,2.0NRT,300.7,2.84,D
30.67717,76.32448,331.54,0.41,0.37,2024-11-07,0752,N21,VIIRS,n,2.0NRT,301.04,6.61,D
30.7784,76.33735,345.13,0.41,0.37,2024-11-07,0752,N21,VIIRS,n,2.0NRT,301.29,6.94,D
30.95451,75.53873,300.85,0.49,0.49,2024-11-07,2016,N21,VIIRS,n,2.0NRT,289.76,1.02,N
31.22158,75.94145,330.97,0.46,0.47,2024-11-08,0733,N21,VIIRS,n,2.0NRT,296.87,7.82,D
30.59245,75.83411,339.01,0.48,0.48,2024-11-08,0733,N21,VIIRS,n,2.0NRT,299.51,8.13,D
30.62146,75.96971,332.19,0.47,0.48,2024-11-08,0733,N21,VIIRS,n,2.0NRT,298.25,4.17,D
30.62514,76.02942,329.91,0.47,0.48,2024-11-08,0733,N21,VIIRS,n,2.0NRT,299.15,3.69,D
30.44175,75.81721,336.53,0.49,0.48,2024-11-08,0733,N21,VIIRS,n,2.0NRT,298.05,4.3,D
30.46305,76.13541,339.11,0.47,0.47,2024-11-08,0733,N21,VIIRS,n,2.0NRT,299.36,4.77,D
30.4814,76.37155,336.98,0.45,0.47,2024-11-08,0733,N21,VIIRS,n,2.0NRT,299.3,3.73,D
30.43448,76.21297,340.5,0.46,0.47,2024-11-08,0733,N21,VIIRS,n,2.0NRT,300.64,8.08,D
30.67229,76.08164,338.78,0.47,0.47,2024-11-08,0733,N21,VIIRS,n,2.0NRT,299.04,5.15,D
30.71556,75.91399,336.9,0.47,0.48,2024-11-08,0733,N21,VIIRS,n,2.0NRT,298.09,3.68,D
30.7848,75.91272,329.07,0.47,0.48,2024-11-08,0733,N21,VIIRS,n,2.0NRT,297.36,2.34,D
30.96996,75.62073,337.38,0.49,0.48,2024-11-08,0733,N21,VIIRS,n,2.0NRT,297.61,9.05,D
31.0162,75.85577,337.89,0.47,0.48,2024-11-08,0733,N21,VIIRS,n,2.0NRT,297.4,6.6,D
30.50971,76.24805,306.58,0.42,0.61,2024-11-08,1955,N21,VIIRS,n,2.0NRT,290.98,1.54,N
30.7457,75.50949,330.63,0.47,0.64,2024-11-09,0713,N21,VIIRS,n,2.0NRT,295.35,3.24,D
30.73679,75.44968,337.44,0.48,0.64,2024-11-09,0713,N21,VIIRS,n,2.0NRT,296.11,5.18,D
30.57572,75.83361,332.57,0.46,0.63,2024-11-09,0713,N21,VIIRS,n,2.0NRT,296.96,3.31,D
30.42664,75.92228,331.33,0.45,0.63,2024-11-09,0713,N21,VIIRS,n,2.0NRT,297.76,4,D
30.84407,75.3895,333.35,0.48,0.64,2024-11-09,0713,N21,VIIRS,n,2.0NRT,295.16,4.27,D
30.73658,75.451,328.25,0.48,0.64,2024-11-09,0713,N21,VIIRS,n,2.0NRT,295.57,6.12,D
30.46754,75.41301,367,0.51,0.66,2024-11-09,0854,N21,VIIRS,h,2.0NRT,299.21,12,D
30.4572,75.89423,328.85,0.55,0.68,2024-11-09,0854,N21,VIIRS,n,2.0NRT,295.96,4.59,D
30.4523,76.16824,328.42,0.57,0.69,2024-11-09,0854,N21,VIIRS,n,2.0NRT,295.28,4.11,D
31.26689,75.90194,326.19,0.56,0.69,2024-11-09,0854,N21,VIIRS,n,2.0NRT,293.32,3.17,D
30.44499,75.44688,340.09,0.51,0.66,2024-11-09,0854,N21,VIIRS,n,2.0NRT,297.86,5.34,D
30.6894,76.34083,329.41,0.59,0.7,2024-11-09,0854,N21,VIIRS,n,2.0NRT,294.54,5.39,D
30.48979,75.70338,333,0.53,0.67,2024-11-09,0854,N21,VIIRS,n,2.0NRT,295.97,5.26,D
30.47715,75.73227,339.57,0.55,0.51,2024-11-10,0837,N21,VIIRS,n,2.0NRT,298.95,6.53,D
31.03963,75.53032,341.82,0.54,0.51,2024-11-10,0837,N21,VIIRS,n,2.0NRT,297.54,11.12,D
30.74298,75.43943,330.46,0.53,0.5,2024-11-10,0837,N21,VIIRS,n,2.0NRT,297.94,3.13,D
30.72521,75.50355,336.12,0.54,0.51,2024-11-10,0837,N21,VIIRS,n,2.0NRT,298.23,5.77,D
30.72649,75.50518,336.4,0.54,0.51,2024-11-10,0837,N21,VIIRS,n,2.0NRT,298.5,8.93,D
30.74176,75.87975,331.62,0.57,0.52,2024-11-10,0837,N21,VIIRS,n,2.0NRT,297.52,5.08,D
30.67189,75.5232,329.9,0.54,0.51,2024-11-10,0837,N21,VIIRS,n,2.0NRT,298.53,2.62,D
30.65578,75.39641,333.48,0.53,0.5,2024-11-10,0837,N21,VIIRS,n,2.0NRT,298.27,4.85,D
30.65628,75.40189,335.83,0.53,0.5,2024-11-10,0837,N21,VIIRS,n,2.0NRT,299.36,4.85,D
30.66945,75.65463,340.55,0.55,0.51,2024-11-10,0837,N21,VIIRS,n,2.0NRT,299.76,13.97,D
30.6433,75.79134,337.1,0.56,0.51,2024-11-10,0837,N21,VIIRS,n,2.0NRT,297.86,7.86,D
30.64151,75.79333,335.61,0.56,0.51,2024-11-10,0837,N21,VIIRS,n,2.0NRT,298.4,6.11,D
30.53502,75.39699,339.32,0.53,0.5,2024-11-10,0837,N21,VIIRS,n,2.0NRT,299.92,7.75,D
30.57164,75.8664,334.3,0.56,0.52,2024-11-10,0837,N21,VIIRS,n,2.0NRT,298.78,6.49,D
30.57032,76.41166,339.86,0.61,0.53,2024-11-10,0837,N21,VIIRS,n,2.0NRT,299.14,14.24,D
30.5181,76.03401,340.25,0.57,0.52,2024-11-10,0837,N21,VIIRS,n,2.0NRT,298.8,14.37,D
30.47333,75.79653,341.1,0.55,0.51,2024-11-10,0837,N21,VIIRS,n,2.0NRT,297.58,8.17,D
30.45522,75.75231,332.34,0.55,0.51,2024-11-10,0837,N21,VIIRS,n,2.0NRT,298.28,4.19,D
30.42758,75.78681,339.68,0.55,0.51,2024-11-10,0837,N21,VIIRS,n,2.0NRT,299.03,6.98,D
30.46183,76.33125,334.64,0.6,0.53,2024-11-10,0837,N21,VIIRS,n,2.0NRT,298.42,5.42,D
31.04576,75.87524,307.17,0.48,0.4,2024-11-10,2059,N21,VIIRS,n,2.0NRT,290.37,2.38,N
30.72798,75.56676,335.65,0.46,0.39,2024-11-11,0815,N21,VIIRS,n,2.0NRT,298.89,4.81,D
30.81582,75.60806,330.03,0.46,0.39,2024-11-11,0815,N21,VIIRS,n,2.0NRT,297.9,2.72,D
30.82298,75.38249,347.9,0.45,0.39,2024-11-11,0815,N21,VIIRS,n,2.0NRT,300.21,7.18,D
30.82239,75.37782,331.82,0.45,0.39,2024-11-11,0815,N21,VIIRS,n,2.0NRT,298.97,7.18,D
30.97918,76.05051,333.64,0.48,0.4,2024-11-11,0815,N21,VIIRS,n,2.0NRT,296.64,6.28,D
30.98284,76.04991,337.35,0.48,0.4,2024-11-11,0815,N21,VIIRS,n,2.0NRT,296.17,6.28,D
30.94241,75.50314,335.31,0.46,0.39,2024-11-11,0815,N21,VIIRS,n,2.0NRT,298,4.75,D
31.03011,76.19897,327.83,0.49,0.4,2024-11-11,0815,N21,VIIRS,n,2.0NRT,296.61,4.71,D
30.96134,75.56783,330.81,0.46,0.39,2024-11-11,0815,N21,VIIRS,n,2.0NRT,297.92,3,D
30.96977,75.40215,330.36,0.45,0.39,2024-11-11,0815,N21,VIIRS,n,2.0NRT,297.45,3.45,D
30.46917,75.84004,341.88,0.46,0.39,2024-11-11,0815,N21,VIIRS,n,2.0NRT,300.52,11.72,D
30.48594,75.88648,333.99,0.47,0.4,2024-11-11,0815,N21,VIIRS,n,2.0NRT,299.72,4.66,D
30.46689,75.73296,332.99,0.46,0.39,2024-11-11,0815,N21,VIIRS,n,2.0NRT,299.46,2.56,D
30.46333,75.70443,335.66,0.46,0.39,2024-11-11,0815,N21,VIIRS,n,2.0NRT,300.98,4.45,D
30.49377,75.83102,331.85,0.46,0.39,2024-11-11,0815,N21,VIIRS,n,2.0NRT,299.1,2.89,D
30.49198,75.81661,331.64,0.46,0.39,2024-11-11,0815,N21,VIIRS,n,2.0NRT,299.12,3.76,D
30.49378,75.80161,333.9,0.46,0.39,2024-11-11,0815,N21,VIIRS,n,2.0NRT,298.14,3.13,D
30.48659,75.74422,335.4,0.46,0.39,2024-11-11,0815,N21,VIIRS,n,2.0NRT,300.3,4.01,D
30.50934,75.77943,332.06,0.46,0.39,2024-11-11,0815,N21,VIIRS,n,2.0NRT,298.89,4.38,D
30.52018,75.83643,335.85,0.47,0.39,2024-11-11,0815,N21,VIIRS,n,2.0NRT,299.55,4.07,D
30.53714,75.94232,332.26,0.47,0.4,2024-11-11,0815,N21,VIIRS,n,2.0NRT,299.69,4.17,D
30.53077,75.71735,340.77,0.46,0.39,2024-11-11,0815,N21,VIIRS,n,2.0NRT,300.66,6.13,D
30.53296,75.71897,334.39,0.46,0.39,2024-11-11,0815,N21,VIIRS,n,2.0NRT,299.26,3.48,D
30.52653,75.66665,332.8,0.46,0.39,2024-11-11,0815,N21,VIIRS,n,2.0NRT,299.55,3.03,D
30.5339,75.5211,332,0.45,0.39,2024-11-11,0815,N21,VIIRS,n,2.0NRT,299.99,5.35,D
30.53987,75.3965,348.5,0.45,0.39,2024-11-11,0815,N21,VIIRS,n,2.0NRT,300.93,8.61,D
30.63607,76.01809,333.21,0.47,0.4,2024-11-11,0815,N21,VIIRS,n,2.0NRT,300.55,8.96,D
30.6022,75.6587,332.78,0.46,0.39,2024-11-11,0815,N21,VIIRS,n,2.0NRT,298.68,4.34,D
30.62569,75.81596,331.16,0.47,0.39,2024-11-11,0815,N21,VIIRS,n,2.0NRT,297.95,5.24,D
30.60602,75.4611,337.34,0.45,0.39,2024-11-11,0815,N21,VIIRS,n,2.0NRT,299.93,4.71,D
30.6053,75.45824,331.76,0.45,0.39,2024-11-11,0815,N21,VIIRS,n,2.0NRT,300.01,4.24,D
30.64721,75.53238,337.69,0.45,0.39,2024-11-11,0815,N21,VIIRS,n,2.0NRT,299.04,6.32,D
30.63783,75.37193,336.15,0.45,0.39,2024-11-11,0815,N21,VIIRS,n,2.0NRT,299.76,4.04,D
30.66381,75.54877,333.08,0.45,0.39,2024-11-11,0815,N21,VIIRS,n,2.0NRT,299.2,6.22,D
30.67093,75.54755,333.89,0.45,0.39,2024-11-11,0815,N21,VIIRS,n,2.0NRT,299.59,3.88,D
30.72419,75.88576,336.08,0.47,0.4,2024-11-11,0815,N21,VIIRS,n,2.0NRT,297.61,5.35,D
30.6614,75.38682,336.6,0.45,0.39,2024-11-11,0815,N21,VIIRS,n,2.0NRT,302.37,10.7,D
30.83645,75.92025,329.7,0.47,0.4,2024-11-11,0815,N21,VIIRS,n,2.0NRT,297.85,2.8,D
30.43509,75.99121,337.64,0.47,0.4,2024-11-11,0815,N21,VIIRS,n,2.0NRT,300.02,5.54,D
30.45389,75.95618,330.73,0.47,0.4,2024-11-11,0815,N21,VIIRS,n,2.0NRT,299.45,5.76,D
30.4304,75.76342,331.53,0.46,0.39,2024-11-11,0815,N21,VIIRS,n,2.0NRT,300.02,5.35,D
30.45751,75.95557,338.79,0.47,0.4,2024-11-11,0815,N21,VIIRS,n,2.0NRT,299.61,5.76,D
30.45058,75.83825,330.45,0.46,0.39,2024-11-11,0815,N21,VIIRS,n,2.0NRT,300.35,5.91,D
30.44312,75.65946,331.07,0.46,0.39,2024-11-11,0815,N21,VIIRS,n,2.0NRT,300.51,2.59,D
31.04729,75.87555,316.92,0.39,0.36,2024-11-11,2040,N21,VIIRS,n,2.0NRT,290.5,1.77,N
31.044,75.87488,313.65,0.39,0.36,2024-11-11,2040,N21,VIIRS,n,2.0NRT,290.4,1.41,N
30.42832,75.89325,336.51,0.39,0.36,2024-11-12,0758,N21,VIIRS,n,2.0NRT,297.38,3.73,D
30.68019,75.78251,331.8,0.39,0.36,2024-11-12,0758,N21,VIIRS,n,2.0NRT,297.07,3.62,D
30.75654,75.87457,331.99,0.39,0.36,2024-11-12,0758,N21,VIIRS,n,2.0NRT,300.8,2.38,D
30.98838,75.59616,336.85,0.39,0.36,2024-11-12,0758,N21,VIIRS,n,2.0NRT,298.58,4.43,D
31.09326,75.82465,340.26,0.39,0.36,2024-11-12,0758,N21,VIIRS,n,2.0NRT,298.5,6.22,D
31.08212,75.54267,332.43,0.39,0.36,2024-11-12,0758,N21,VIIRS,n,2.0NRT,298.48,3.07,D
31.07425,75.4939,331.52,0.39,0.36,2024-11-12,0758,N21,VIIRS,n,2.0NRT,298.18,3.92,D
30.44142,75.91119,335.71,0.39,0.36,2024-11-12,0758,N21,VIIRS,n,2.0NRT,296.27,2.68,D
30.74047,76.35657,331.53,0.39,0.36,2024-11-12,0758,N21,VIIRS,n,2.0NRT,298.82,3.54,D
30.76814,75.75555,328.89,0.39,0.36,2024-11-12,0758,N21,VIIRS,n,2.0NRT,298.27,2.73,D
30.80466,75.60164,330.53,0.39,0.36,2024-11-12,0758,N21,VIIRS,n,2.0NRT,297.22,2.99,D
30.94536,76.31404,340.71,0.39,0.36,2024-11-12,0758,N21,VIIRS,n,2.0NRT,297.46,3.94,D
30.94474,76.31005,332.66,0.39,0.36,2024-11-12,0758,N21,VIIRS,n,2.0NRT,297.82,3.94,D
30.98218,75.89795,338.78,0.39,0.36,2024-11-12,0758,N21,VIIRS,n,2.0NRT,298.59,4.15,D
30.62692,75.72726,338.59,0.39,0.36,2024-11-12,0758,N21,VIIRS,n,2.0NRT,297.89,4.93,D
30.62387,75.87778,331.61,0.39,0.36,2024-11-12,0758,N21,VIIRS,n,2.0NRT,299.36,2.77,D
30.60346,75.87801,331.57,0.39,0.36,2024-11-12,0758,N21,VIIRS,n,2.0NRT,300.02,6.64,D
30.57672,75.90331,335.47,0.39,0.36,2024-11-12,0758,N21,VIIRS,n,2.0NRT,298.54,2.65,D
30.586,76.02559,336.77,0.39,0.36,2024-11-12,0758,N21,VIIRS,n,2.0NRT,298.33,5.65,D
30.57315,75.96626,333.41,0.39,0.36,2024-11-12,0758,N21,VIIRS,n,2.0NRT,299.14,3.49,D
30.51974,75.99417,332.58,0.39,0.36,2024-11-12,0758,N21,VIIRS,n,2.0NRT,301.54,3.35,D
30.55881,76.35223,330.6,0.39,0.36,2024-11-12,0758,N21,VIIRS,n,2.0NRT,301.12,1.87,D
30.55552,76.35292,333.23,0.39,0.36,2024-11-12,0758,N21,VIIRS,n,2.0NRT,301.34,4.06,D
30.55906,76.39729,346.46,0.39,0.36,2024-11-12,0758,N21,VIIRS,n,2.0NRT,303.93,10.47,D
30.50189,76.16279,333.48,0.39,0.36,2024-11-12,0758,N21,VIIRS,n,2.0NRT,301.93,4.35,D
30.49861,76.16349,332.44,0.39,0.36,2024-11-12,0758,N21,VIIRS,n,2.0NRT,302.78,3.55,D
31.02666,75.47324,307.91,0.38,0.59,2024-11-13,2001,N21,VIIRS,n,2.0NRT,288.84,1.64,N
30.97282,76.12846,325.58,0.34,0.56,2024-11-14,0720,N21,VIIRS,n,2.0NRT,296.28,2.51,D
31.03898,75.89561,330.84,0.35,0.57,2024-11-14,0720,N21,VIIRS,n,2.0NRT,293.12,2.55,D
30.93095,76.29691,328.22,0.38,0.59,2024-11-15,0841,N21,VIIRS,n,2.0NRT,295.44,3.39,D
30.97455,76.10323,337.04,0.37,0.58,2024-11-15,0841,N21,VIIRS,n,2.0NRT,295.08,3.61,D
31.14996,75.95605,327.21,0.36,0.58,2024-11-15,0841,N21,VIIRS,n,2.0NRT,295.11,2.32,D
30.45936,76.38066,328.12,0.38,0.59,2024-11-15,0841,N21,VIIRS,n,2.0NRT,295.34,2.33,D
30.42799,75.65549,332.3,0.34,0.56,2024-11-15,0841,N21,VIIRS,n,2.0NRT,294.77,2.07,D
30.45034,75.88277,337.31,0.35,0.57,2024-11-15,0841,N21,VIIRS,n,2.0NRT,293.68,3.92,D
30.4495,75.73252,329.74,0.35,0.56,2024-11-15,0841,N21,VIIRS,n,2.0NRT,294.53,1.67,D
30.46763,75.83292,331.7,0.35,0.57,2024-11-15,0841,N21,VIIRS,n,2.0NRT,293.48,2.02,D
30.48364,75.57108,343.17,0.34,0.56,2024-11-15,0841,N21,VIIRS,n,2.0NRT,294.96,3.49,D
30.54223,75.97779,327.48,0.36,0.57,2024-11-15,0841,N21,VIIRS,n,2.0NRT,294.23,2.12,D
30.54207,75.9772,328.32,0.36,0.57,2024-11-15,0841,N21,VIIRS,n,2.0NRT,293.75,2.07,D
30.62283,75.92365,338.25,0.36,0.57,2024-11-15,0841,N21,VIIRS,n,2.0NRT,294.62,3.16,D
30.66555,76.41582,327.91,0.38,0.59,2024-11-15,0841,N21,VIIRS,n,2.0NRT,293.04,1.76,D
30.66771,76.41615,329.09,0.38,0.59,2024-11-15,0841,N21,VIIRS,n,2.0NRT,293.83,2.45,D
30.68944,75.89426,327.98,0.36,0.57,2024-11-15,0841,N21,VIIRS,n,2.0NRT,294.19,1.8,D
30.97602,76.10349,337.61,0.37,0.58,2024-11-15,0841,N21,VIIRS,n,2.0NRT,295.54,3,D
30.62632,75.89193,330.17,0.56,0.43,2024-11-16,0822,N21,VIIRS,n,2.0NRT,297.52,4.04,D
30.52284,76.41933,331.7,0.4,0.44,2024-11-16,0822,N21,VIIRS,n,2.0NRT,296.8,3.08,D
30.4408,75.61965,331.23,0.54,0.42,2024-11-16,0822,N21,VIIRS,n,2.0NRT,297.64,5.3,D
30.43886,75.61602,331.77,0.54,0.42,2024-11-16,0822,N21,VIIRS,n,2.0NRT,297.64,3.62,D
30.55584,75.76347,329.26,0.55,0.43,2024-11-16,0822,N21,VIIRS,n,2.0NRT,298.85,3.71,D
30.53826,75.99632,332.31,0.57,0.43,2024-11-16,0822,N21,VIIRS,n,2.0NRT,299.24,6.83,D
30.46422,75.51392,329.78,0.54,0.42,2024-11-16,0822,N21,VIIRS,n,2.0NRT,295.36,3.56,D
30.48576,75.70456,340.78,0.55,0.43,2024-11-16,0822,N21,VIIRS,n,2.0NRT,298.76,6.99,D
30.48553,75.80913,333.02,0.55,0.43,2024-11-16,0822,N21,VIIRS,n,2.0NRT,299.23,8.76,D
30.70033,76.34367,331.11,0.4,0.44,2024-11-16,0822,N21,VIIRS,n,2.0NRT,298.87,2.17,D
30.61856,75.82226,338.09,0.56,0.43,2024-11-16,0822,N21,VIIRS,n,2.0NRT,299.65,8.01,D
30.49211,76.01523,346.35,0.57,0.43,2024-11-16,0822,N21,VIIRS,n,2.0NRT,299.89,8.38,D
30.51718,76.37318,337.5,0.4,0.44,2024-11-16,0822,N21,VIIRS,n,2.0NRT,298.6,3.47,D
30.4208,75.59604,332.01,0.54,0.42,2024-11-16,0822,N21,VIIRS,n,2.0NRT,296.9,4.35,D
30.44828,75.83396,336.75,0.56,0.43,2024-11-16,0822,N21,VIIRS,n,2.0NRT,299.48,6.39,D
30.45091,75.85699,333.19,0.56,0.43,2024-11-16,0822,N21,VIIRS,n,2.0NRT,298.85,4.84,D
30.42474,75.66389,336.96,0.54,0.42,2024-11-16,0822,N21,VIIRS,n,2.0NRT,298.52,10.35,D
30.44502,75.84029,340.96,0.56,0.43,2024-11-16,0822,N21,VIIRS,n,2.0NRT,298.76,5.46,D
30.46381,75.68489,332.34,0.55,0.42,2024-11-16,0822,N21,VIIRS,n,2.0NRT,297.2,4.28,D
30.4629,76.03307,330.91,0.57,0.43,2024-11-16,0822,N21,VIIRS,n,2.0NRT,298.35,4.57,D
30.42153,75.87903,345.32,0.56,0.43,2024-11-16,0822,N21,VIIRS,n,2.0NRT,299.93,11.59,D
30.43654,76.01308,336.03,0.57,0.43,2024-11-16,0822,N21,VIIRS,n,2.0NRT,300.86,9.28,D
30.43651,76.04901,330.87,0.57,0.43,2024-11-16,0822,N21,VIIRS,n,2.0NRT,299.5,3.94,D
30.88026,76.32384,344.94,0.4,0.44,2024-11-16,0822,N21,VIIRS,n,2.0NRT,296.99,5.66,D
30.72303,75.65386,328.25,0.55,0.43,2024-11-16,0822,N21,VIIRS,n,2.0NRT,295.67,3.8,D
30.65995,75.54865,330.36,0.54,0.42,2024-11-16,0822,N21,VIIRS,n,2.0NRT,295.63,2.9,D
30.65563,75.69406,330.68,0.55,0.43,2024-11-16,0822,N21,VIIRS,n,2.0NRT,296.79,3.99,D
30.49686,75.8247,331.18,0.39,0.36,2024-11-17,0805,N21,VIIRS,n,2.0NRT,299.01,2.76,D
30.46313,76.03612,332.39,0.39,0.36,2024-11-17,0805,N21,VIIRS,n,2.0NRT,298.34,3.94,D
30.43251,75.82912,329.84,0.39,0.36,2024-11-17,0805,N21,VIIRS,n,2.0NRT,297.8,1.74,D
30.43192,75.82515,329.69,0.39,0.36,2024-11-17,0805,N21,VIIRS,n,2.0NRT,298.94,1.74,D
30.44818,75.91194,333.6,0.39,0.36,2024-11-17,0805,N21,VIIRS,n,2.0NRT,299.63,5.47,D
30.5169,76.31031,341.54,0.39,0.36,2024-11-17,0805,N21,VIIRS,n,2.0NRT,300.43,10.8,D
30.43943,75.73389,333.56,0.39,0.36,2024-11-17,0805,N21,VIIRS,n,2.0NRT,300.03,2.65,D
30.55709,76.37716,330.86,0.39,0.36,2024-11-17,0805,N21,VIIRS,n,2.0NRT,298.74,3.31,D
30.43896,75.41591,330.64,0.38,0.36,2024-11-17,0805,N21,VIIRS,n,2.0NRT,297.53,1.4,D
30.59584,76.24533,330.91,0.39,0.36,2024-11-17,0805,N21,VIIRS,n,2.0NRT,298.19,3.21,D
30.62268,76.12502,331.39,0.39,0.36,2024-11-17,0805,N21,VIIRS,n,2.0NRT,300.37,3.81,D
30.62432,75.72205,343.39,0.39,0.36,2024-11-17,0805,N21,VIIRS,n,2.0NRT,298.91,3.55,D
30.67185,76.02057,343.95,0.39,0.36,2024-11-17,0805,N21,VIIRS,n,2.0NRT,298.06,5.05,D
30.6276,75.72141,330.59,0.39,0.36,2024-11-17,0805,N21,VIIRS,n,2.0NRT,298.61,1.78,D
30.62217,75.45369,351.65,0.38,0.36,2024-11-17,0805,N21,VIIRS,n,2.0NRT,299.85,6.69,D
30.69305,75.38621,330.03,0.38,0.36,2024-11-17,0805,N21,VIIRS,n,2.0NRT,297.53,2.4,D
30.88355,76.02584,332.04,0.39,0.36,2024-11-17,0805,N21,VIIRS,n,2.0NRT,298.66,4.97,D
30.85309,75.38277,335.02,0.38,0.36,2024-11-17,0805,N21,VIIRS,n,2.0NRT,296.02,3.23,D
31.08023,75.67089,341.32,0.39,0.36,2024-11-17,0805,N21,VIIRS,n,2.0NRT,295.91,3.91,D
30.88134,75.99514,296.72,0.47,0.39,2024-11-17,2027,N21,VIIRS,n,2.0NRT,286.01,0.56,N
30.74809,76.13153,327.91,0.46,0.39,2024-11-17,2027,N21,VIIRS,n,2.0NRT,287.73,4.73,N
30.46287,75.83051,331.52,0.49,0.4,2024-11-18,0745,N21,VIIRS,l,2.0NRT,303.08,9.64,D
30.44153,76.02207,337.68,0.48,0.4,2024-11-18,0745,N21,VIIRS,n,2.0NRT,302.17,7.37,D
30.48304,75.96055,330.09,0.48,0.4,2024-11-18,0745,N21,VIIRS,n,2.0NRT,298.81,3.34,D
30.47019,75.8496,331.08,0.49,0.4,2024-11-18,0745,N21,VIIRS,n,2.0NRT,300.7,2.37,D
30.42329,75.59666,332.51,0.5,0.41,2024-11-18,0745,N21,VIIRS,n,2.0NRT,303.02,5.25,D
30.43174,75.62136,333.07,0.5,0.41,2024-11-18,0745,N21,VIIRS,l,2.0NRT,303.94,22.3,D
30.47806,75.8134,330.48,0.49,0.4,2024-11-18,0745,N21,VIIRS,n,2.0NRT,301.26,3.03,D
30.5134,75.96047,330.54,0.48,0.4,2024-11-18,0745,N21,VIIRS,n,2.0NRT,300.37,3.42,D
30.44745,75.49078,335.3,0.51,0.41,2024-11-18,0745,N21,VIIRS,n,2.0NRT,302.32,4.48,D
30.45115,75.48985,338.17,0.51,0.41,2024-11-18,0745,N21,VIIRS,n,2.0NRT,303.74,5.56,D
30.50845,75.71124,331.3,0.5,0.41,2024-11-18,0745,N21,VIIRS,n,2.0NRT,301.52,1.69,D
30.51671,75.71449,331.43,0.49,0.41,2024-11-18,0745,N21,VIIRS,l,2.0NRT,302.71,4.06,D
30.541,75.82406,333.24,0.49,0.4,2024-11-18,0745,N21,VIIRS,n,2.0NRT,301.75,2.96,D
30.5232,75.72872,330.78,0.49,0.41,2024-11-18,0745,N21,VIIRS,l,2.0NRT,301.32,3.41,D
30.52226,75.72368,330.62,0.49,0.41,2024-11-18,0745,N21,VIIRS,l,2.0NRT,301.23,3.41,D
30.54549,75.80729,342.41,0.49,0.4,2024-11-18,0745,N21,VIIRS,n,2.0NRT,302.32,4.74,D
30.55931,75.86127,331.68,0.49,0.4,2024-11-18,0745,N21,VIIRS,n,2.0NRT,302.14,3.44,D
30.59027,75.98796,332.91,0.48,0.4,2024-11-18,0745,N21,VIIRS,n,2.0NRT,303.8,3.5,D
30.5043,75.52531,337.79,0.51,0.41,2024-11-18,0745,N21,VIIRS,n,2.0NRT,304.8,10.24,D
30.64984,76.21167,331.45,0.47,0.4,2024-11-18,0745,N21,VIIRS,n,2.0NRT,300.74,3.58,D
30.61105,75.93659,332.26,0.48,0.4,2024-11-18,0745,N21,VIIRS,n,2.0NRT,301.41,3.17,D
30.57902,75.74129,330.9,0.49,0.4,2024-11-18,0745,N21,VIIRS,n,2.0NRT,302.31,2.84,D
30.61188,75.93925,339.5,0.48,0.4,2024-11-18,0745,N21,VIIRS,n,2.0NRT,303.57,4.93,D
30.60455,75.75911,330.77,0.49,0.4,2024-11-18,0745,N21,VIIRS,l,2.0NRT,304.62,2.85,D
30.60777,75.6951,347.44,0.49,0.41,2024-11-18,0745,N21,VIIRS,n,2.0NRT,301.52,11.03,D
30.61765,75.66619,331.67,0.5,0.41,2024-11-18,0745,N21,VIIRS,n,2.0NRT,300.66,3.75,D
30.60314,75.56857,332.86,0.5,0.41,2024-11-18,0745,N21,VIIRS,n,2.0NRT,301.18,10.12,D
30.74165,76.29668,328.59,0.46,0.39,2024-11-18,0745,N21,VIIRS,n,2.0NRT,298.77,2.32,D
30.60256,75.40107,336.22,0.51,0.41,2024-11-18,0745,N21,VIIRS,n,2.0NRT,303.53,9.59,D
30.64441,75.54218,337.81,0.5,0.41,2024-11-18,0745,N21,VIIRS,n,2.0NRT,300.57,5.05,D
30.64209,75.53989,332.45,0.5,0.41,2024-11-18,0745,N21,VIIRS,n,2.0NRT,300.77,5.54,D
30.66245,75.54556,342.82,0.5,0.41,2024-11-18,0745,N21,VIIRS,n,2.0NRT,301.13,6.79,D
30.75138,75.37409,331.98,0.51,0.41,2024-11-18,0745,N21,VIIRS,n,2.0NRT,301.92,4.09,D
30.77484,75.39542,332.36,0.51,0.41,2024-11-18,0745,N21,VIIRS,n,2.0NRT,300.9,10.04,D
30.82197,75.60388,333.89,0.5,0.41,2024-11-18,0745,N21,VIIRS,n,2.0NRT,299.98,4.33,D
30.83165,75.42996,333.03,0.5,0.41,2024-11-18,0745,N21,VIIRS,n,2.0NRT,300.8,4.4,D
30.82836,75.37109,331.49,0.51,0.41,2024-11-18,0745,N21,VIIRS,n,2.0NRT,300.56,4.11,D
30.97093,76.10426,332.78,0.47,0.4,2024-11-18,0745,N21,VIIRS,n,2.0NRT,299.81,4.78,D
30.97202,76.10165,331.54,0.47,0.4,2024-11-18,0745,N21,VIIRS,n,2.0NRT,301.09,2.99,D
30.91774,75.40633,333.05,0.5,0.41,2024-11-18,0745,N21,VIIRS,n,2.0NRT,300.88,3.96,D
30.95484,75.56326,330.75,0.5,0.41,2024-11-18,0745,N21,VIIRS,n,2.0NRT,298.57,2.67,D
30.95236,75.46768,331.46,0.5,0.41,2024-11-18,0745,N21,VIIRS,n,2.0NRT,300.46,5.39,D
30.95573,75.42376,332.28,0.5,0.41,2024-11-18,0745,N21,VIIRS,n,2.0NRT,300.68,9.26,D
30.95477,75.4186,330.47,0.5,0.41,2024-11-18,0745,N21,VIIRS,n,2.0NRT,300,6.51,D
30.99534,75.61675,344.38,0.49,0.4,2024-11-18,0745,N21,VIIRS,n,2.0NRT,300.02,10.57,D
30.99415,75.61401,330.81,0.49,0.4,2024-11-18,0745,N21,VIIRS,n,2.0NRT,299.58,3.82,D
30.95717,75.42045,344.24,0.5,0.41,2024-11-18,0745,N21,VIIRS,n,2.0NRT,303.93,13.5,D
30.99875,75.61814,333.84,0.49,0.4,2024-11-18,0745,N21,VIIRS,n,2.0NRT,301.1,11.65,D
30.9978,75.6131,331.95,0.49,0.4,2024-11-18,0745,N21,VIIRS,n,2.0NRT,302.26,3.82,D
31.04368,75.81583,330.75,0.48,0.4,2024-11-18,0745,N21,VIIRS,l,2.0NRT,302.95,9.95,D
31.01455,75.54001,330.34,0.5,0.41,2024-11-18,0745,N21,VIIRS,n,2.0NRT,299.17,3.76,D
31.02396,75.56953,332.1,0.49,0.41,2024-11-18,0745,N21,VIIRS,n,2.0NRT,301.69,5.04,D
30.99594,75.42149,330.83,0.5,0.41,2024-11-18,0745,N21,VIIRS,n,2.0NRT,300.7,6.46,D
31.04111,75.53867,333.55,0.5,0.41,2024-11-18,0745,N21,VIIRS,n,2.0NRT,300.28,3.7,D
31.11241,75.90169,334.96,0.48,0.4,2024-11-18,0745,N21,VIIRS,n,2.0NRT,301.02,5.41,D
31.07698,75.56689,330.86,0.49,0.41,2024-11-18,0745,N21,VIIRS,n,2.0NRT,300.01,5.26,D
31.07037,75.53136,335.1,0.5,0.41,2024-11-18,0745,N21,VIIRS,n,2.0NRT,299.49,3.86,D
31.0569,75.43844,332.94,0.5,0.41,2024-11-18,0745,N21,VIIRS,n,2.0NRT,303.77,11.9,D
31.19516,75.81667,330.65,0.48,0.4,2024-11-18,0745,N21,VIIRS,n,2.0NRT,298.88,2.1,D
30.65635,75.70929,340.55,0.6,0.53,2024-11-19,0726,N21,VIIRS,n,2.0NRT,302.83,6.55,D
30.61181,75.6052,333.4,0.6,0.53,2024-11-19,0726,N21,VIIRS,n,2.0NRT,302.38,3.6,D
30.7127,75.99895,339.91,0.57,0.52,2024-11-19,0726,N21,VIIRS,n,2.0NRT,303.46,13.41,D
30.62324,75.58884,334.51,0.61,0.53,2024-11-19,0726,N21,VIIRS,n,2.0NRT,301.46,4.98,D
30.65594,75.70833,341.63,0.59,0.53,2024-11-19,0726,N21,VIIRS,n,2.0NRT,301.81,7.56,D
30.73477,75.67856,345.93,0.6,0.53,2024-11-19,0726,N21,VIIRS,n,2.0NRT,301.95,19.17,D
30.73555,75.68196,339.35,0.59,0.53,2024-11-19,0726,N21,VIIRS,n,2.0NRT,301.45,12.27,D
30.73415,75.67597,335.87,0.59,0.53,2024-11-19,0726,N21,VIIRS,n,2.0NRT,299.4,9.82,D
30.71691,75.49276,330.16,0.61,0.53,2024-11-19,0726,N21,VIIRS,n,2.0NRT,299.21,4.01,D
30.72646,75.42384,337.17,0.62,0.54,2024-11-19,0726,N21,VIIRS,n,2.0NRT,300.87,9.12,D
30.88179,75.44124,335.81,0.61,0.53,2024-11-19,0726,N21,VIIRS,n,2.0NRT,300.5,3.65,D
31.04577,75.99294,342.05,0.56,0.52,2024-11-19,0726,N21,VIIRS,n,2.0NRT,301.93,7.47,D
30.99163,75.56972,334.01,0.6,0.53,2024-11-19,0726,N21,VIIRS,n,2.0NRT,300.1,3.49,D
31.19349,75.88349,328.73,0.57,0.52,2024-11-19,0726,N21,VIIRS,n,2.0NRT,300.22,4.69,D
30.46185,75.9621,338.47,0.58,0.52,2024-11-19,0726,N21,VIIRS,n,2.0NRT,304.1,6.82,D
30.43672,75.84994,342.72,0.59,0.53,2024-11-19,0726,N21,VIIRS,n,2.0NRT,305.04,8.36,D
30.48552,75.9525,330.37,0.58,0.52,2024-11-19,0726,N21,VIIRS,l,2.0NRT,301.15,6.35,D
30.62803,75.89498,330.17,0.58,0.52,2024-11-19,0726,N21,VIIRS,n,2.0NRT,302.11,5.45,D
30.69192,76.02484,335.24,0.57,0.52,2024-11-19,0726,N21,VIIRS,n,2.0NRT,299.73,4.13,D
30.71124,76.00072,347,0.57,0.52,2024-11-19,0726,N21,VIIRS,n,2.0NRT,302.5,11.12,D
30.61292,75.60587,333.68,0.6,0.53,2024-11-19,0726,N21,VIIRS,n,2.0NRT,302.11,6.06,D
30.62442,75.58942,339.9,0.61,0.53,2024-11-19,0726,N21,VIIRS,n,2.0NRT,303.1,9.99,D
30.65265,76.32429,296.75,0.52,0.67,2024-11-19,1951,N21,VIIRS,n,2.0NRT,285.58,1.14,N
30.65312,76.32278,299.15,0.52,0.67,2024-11-19,1951,N21,VIIRS,n,2.0NRT,285.79,1.51,N
30.97401,76.04627,295.03,0.45,0.63,2024-11-19,2129,N21,VIIRS,n,2.0NRT,282.51,0.52,N
30.60529,75.41723,343.85,0.59,0.7,2024-11-20,0707,N21,VIIRS,n,2.0NRT,301.39,8.78,D
30.96431,76.11275,329.25,0.52,0.67,2024-11-20,0707,N21,VIIRS,n,2.0NRT,297.99,4.42,D
31.04523,76.10216,332.43,0.52,0.67,2024-11-20,0707,N21,VIIRS,n,2.0NRT,298.72,4.23,D
31.04422,75.68195,335.76,0.55,0.68,2024-11-20,0707,N21,VIIRS,n,2.0NRT,300.24,4.67,D
31.04449,75.5848,331.26,0.56,0.69,2024-11-20,0707,N21,VIIRS,n,2.0NRT,300.03,3.68,D
30.43051,76.18409,342.84,0.46,0.64,2024-11-20,0847,N21,VIIRS,n,2.0NRT,299.66,7.96,D
30.45468,75.92581,333.19,0.45,0.63,2024-11-20,0847,N21,VIIRS,n,2.0NRT,300.05,4.85,D
30.45268,75.81044,348.34,0.44,0.62,2024-11-20,0847,N21,VIIRS,n,2.0NRT,301.37,5.8,D
30.46152,75.85567,353.44,0.44,0.62,2024-11-20,0847,N21,VIIRS,n,2.0NRT,301.85,6.36,D
30.44886,75.81015,339.21,0.44,0.62,2024-11-20,0847,N21,VIIRS,n,2.0NRT,301.33,5.68,D
30.4574,75.85543,338.71,0.44,0.63,2024-11-20,0847,N21,VIIRS,n,2.0NRT,299.82,7.73,D
30.51071,75.69974,340.21,0.43,0.62,2024-11-20,0847,N21,VIIRS,n,2.0NRT,301.89,6.51,D
30.60748,76.37982,331.58,0.48,0.64,2024-11-20,0847,N21,VIIRS,n,2.0NRT,297.01,2.67,D
30.58431,75.56422,337.48,0.43,0.62,2024-11-20,0847,N21,VIIRS,n,2.0NRT,300.62,6.34,D
30.59287,75.60809,335.8,0.43,0.62,2024-11-20,0847,N21,VIIRS,n,2.0NRT,300.95,3.09,D
30.70311,76.4192,344.64,0.48,0.65,2024-11-20,0847,N21,VIIRS,n,2.0NRT,298.31,9.79,D
30.68587,75.8831,331.32,0.45,0.63,2024-11-20,0847,N21,VIIRS,n,2.0NRT,299.19,2.9,D
30.65722,75.46907,349.13,0.42,0.61,2024-11-20,0847,N21,VIIRS,n,2.0NRT,302.25,5.97,D
30.70065,76.41592,347.22,0.48,0.65,2024-11-20,0847,N21,VIIRS,n,2.0NRT,297.81,10.63,D
30.66099,75.46912,346.36,0.42,0.61,2024-11-20,0847,N21,VIIRS,n,2.0NRT,301.29,6.7,D
30.70083,75.73476,339.34,0.44,0.62,2024-11-20,0847,N21,VIIRS,n,2.0NRT,298.93,3.95,D
30.72605,75.95083,333.59,0.45,0.63,2024-11-20,0847,N21,VIIRS,n,2.0NRT,299.78,2.81,D
30.72582,75.6778,334.62,0.43,0.62,2024-11-20,0847,N21,VIIRS,n,2.0NRT,300.04,3.14,D
30.72344,75.47216,341.06,0.42,0.61,2024-11-20,0847,N21,VIIRS,n,2.0NRT,301.22,4.73,D
30.77677,75.453,339.83,0.42,0.61,2024-11-20,0847,N21,VIIRS,n,2.0NRT,300.17,4.02,D
30.85654,75.37974,349.63,0.42,0.61,2024-11-20,0847,N21,VIIRS,n,2.0NRT,301.45,5.32,D
30.85518,75.38086,349.41,0.42,0.61,2024-11-20,0847,N21,VIIRS,n,2.0NRT,301.14,6.46,D
30.87283,75.39239,343.72,0.42,0.61,2024-11-20,0847,N21,VIIRS,n,2.0NRT,300.88,6.67,D
30.89037,75.57749,334.43,0.43,0.62,2024-11-20,0847,N21,VIIRS,n,2.0NRT,300.41,3.04,D
30.87986,75.41371,331.33,0.42,0.61,2024-11-20,0847,N21,VIIRS,n,2.0NRT,299.45,1.35,D
30.95994,75.59391,336.74,0.43,0.62,2024-11-20,0847,N21,VIIRS,n,2.0NRT,298.96,3.42,D
31.01548,76.29947,331.13,0.48,0.64,2024-11-20,0847,N21,VIIRS,n,2.0NRT,297.64,3.11,D
31.06006,75.68686,367,0.44,0.62,2024-11-20,0847,N21,VIIRS,h,2.0NRT,306.21,25.84,D
31.1124,75.66259,336.88,0.44,0.62,2024-11-20,0847,N21,VIIRS,n,2.0NRT,299.96,7.51,D
30.57008,75.96032,339.63,0.46,0.47,2024-11-21,0830,N21,VIIRS,n,2.0NRT,301.18,5.47,D
30.42034,75.97386,331.9,0.46,0.47,2024-11-21,0830,N21,VIIRS,n,2.0NRT,300.49,1.87,D
30.4748,76.34528,339.86,0.49,0.48,2024-11-21,0830,N21,VIIRS,n,2.0NRT,301.24,8.29,D
30.43611,75.82738,330.06,0.45,0.47,2024-11-21,0830,N21,VIIRS,n,2.0NRT,299.92,2.23,D
30.44065,75.6679,333.34,0.44,0.46,2024-11-21,0830,N21,VIIRS,n,2.0NRT,302.33,3.06,D
30.4671,75.67362,340.03,0.44,0.46,2024-11-21,0830,N21,VIIRS,n,2.0NRT,302.49,4.86,D
30.48387,75.79867,330.98,0.45,0.47,2024-11-21,0830,N21,VIIRS,n,2.0NRT,301.6,2.98,D
30.50222,75.94028,341.22,0.46,0.47,2024-11-21,0830,N21,VIIRS,n,2.0NRT,304.27,17.36,D
30.55897,75.93751,331.79,0.46,0.47,2024-11-21,0830,N21,VIIRS,n,2.0NRT,301.01,3.58,D
30.50725,75.51987,332.12,0.44,0.46,2024-11-21,0830,N21,VIIRS,n,2.0NRT,302.08,2.85,D
31.16824,75.82135,329.71,0.46,0.47,2024-11-21,0830,N21,VIIRS,n,2.0NRT,298,6.58,D
31.04362,75.4371,330.26,0.44,0.46,2024-11-21,0830,N21,VIIRS,n,2.0NRT,298.41,3.96,D
31.08545,75.88949,329.97,0.47,0.47,2024-11-21,0830,N21,VIIRS,n,2.0NRT,300.18,2.85,D
31.06519,75.86275,340.16,0.46,0.47,2024-11-21,0830,N21,VIIRS,n,2.0NRT,299.97,8.17,D
30.78945,75.42692,340.96,0.43,0.46,2024-11-21,0830,N21,VIIRS,n,2.0NRT,300.56,8.43,D
30.83872,75.91735,338.89,0.46,0.47,2024-11-21,0830,N21,VIIRS,n,2.0NRT,299.11,3.8,D
30.7749,75.4519,332.36,0.44,0.46,2024-11-21,0830,N21,VIIRS,n,2.0NRT,300.62,2.93,D
30.8073,75.77619,338.04,0.46,0.47,2024-11-21,0830,N21,VIIRS,n,2.0NRT,299.27,3.57,D
30.72295,75.48949,340.58,0.44,0.46,2024-11-21,0830,N21,VIIRS,n,2.0NRT,299.07,4.46,D
30.69843,75.62764,339.2,0.44,0.46,2024-11-21,0830,N21,VIIRS,n,2.0NRT,302.23,8.8,D
30.71477,75.83453,333.85,0.46,0.47,2024-11-21,0830,N21,VIIRS,n,2.0NRT,300.47,4.38,D
30.67183,75.49197,343.5,0.44,0.46,2024-11-21,0830,N21,VIIRS,n,2.0NRT,301.23,5.9,D
30.69904,75.80781,341.77,0.46,0.47,2024-11-21,0830,N21,VIIRS,n,2.0NRT,302.15,14.16,D
30.65837,75.4434,330.99,0.43,0.46,2024-11-21,0830,N21,VIIRS,n,2.0NRT,300.38,2.9,D
30.71693,76.36868,341.63,0.49,0.49,2024-11-21,0830,N21,VIIRS,n,2.0NRT,297.59,7.09,D
30.71823,76.36971,337.6,0.49,0.49,2024-11-21,0830,N21,VIIRS,n,2.0NRT,298.35,5.99,D
30.65662,75.88752,334.28,0.46,0.47,2024-11-21,0830,N21,VIIRS,n,2.0NRT,299.86,2.28,D
30.6221,75.59328,342.92,0.44,0.46,2024-11-21,0830,N21,VIIRS,n,2.0NRT,300.28,5.43,D
30.61927,75.77728,339.17,0.45,0.47,2024-11-21,0830,N21,VIIRS,n,2.0NRT,299.24,3.27,D
30.62982,76.34,339.29,0.49,0.48,2024-11-21,0830,N21,VIIRS,n,2.0NRT,298.89,5.86,D
30.57208,75.78374,352.49,0.45,0.47,2024-11-21,0830,N21,VIIRS,n,2.0NRT,304.95,12.46,D
30.56779,75.78432,332.39,0.45,0.47,2024-11-21,0830,N21,VIIRS,n,2.0NRT,300.77,12.46,D
30.57139,75.95734,339.46,0.46,0.47,2024-11-21,0830,N21,VIIRS,n,2.0NRT,301.46,6.02,D
31.14756,75.8275,301.13,0.42,0.37,2024-11-21,2053,N21,VIIRS,n,2.0NRT,282.81,1.06,N
30.88148,75.99333,300.44,0.42,0.38,2024-11-21,2053,N21,VIIRS,n,2.0NRT,284.16,0.81,N
30.55067,76.05323,332.28,0.42,0.38,2024-11-22,0809,N21,VIIRS,n,2.0NRT,301.09,4.59,D
31.26261,75.72454,330.7,0.41,0.37,2024-11-22,0809,N21,VIIRS,n,2.0NRT,301.1,3.25,D
31.25921,75.72517,342.36,0.41,0.37,2024-11-22,0809,N21,VIIRS,n,2.0NRT,304.3,20.46,D
31.19343,75.57841,334.68,0.41,0.37,2024-11-22,0809,N21,VIIRS,n,2.0NRT,302.64,3.93,D
31.14398,75.85869,332.45,0.42,0.37,2024-11-22,0809,N21,VIIRS,l,2.0NRT,302.91,5.18,D
31.08167,75.45415,334.79,0.41,0.37,2024-11-22,0809,N21,VIIRS,n,2.0NRT,301.15,4.97,D
31.11874,75.80129,338.05,0.41,0.37,2024-11-22,0809,N21,VIIRS,n,2.0NRT,299.14,6.16,D
31.00253,75.56773,331.26,0.41,0.37,2024-11-22,0809,N21,VIIRS,n,2.0NRT,301.08,2.39,D
30.96674,75.38433,336.47,0.4,0.37,2024-11-22,0809,N21,VIIRS,n,2.0NRT,298.86,3.84,D
30.93084,75.52467,333.03,0.41,0.37,2024-11-22,0809,N21,VIIRS,n,2.0NRT,300.43,3,D
30.86433,75.99149,330.83,0.42,0.38,2024-11-22,0809,N21,VIIRS,n,2.0NRT,298.46,2.83,D
30.78945,75.53692,331.97,0.41,0.37,2024-11-22,0809,N21,VIIRS,n,2.0NRT,298.69,2.78,D
30.84048,75.91869,332.14,0.42,0.37,2024-11-22,0809,N21,VIIRS,n,2.0NRT,300.39,2.79,D
30.73797,75.45037,348.79,0.4,0.37,2024-11-22,0809,N21,VIIRS,n,2.0NRT,301.66,10.94,D
30.73461,75.45099,339.06,0.4,0.37,2024-11-22,0809,N21,VIIRS,n,2.0NRT,309.94,25.54,D
30.70348,75.37553,332.23,0.4,0.37,2024-11-22,0809,N21,VIIRS,n,2.0NRT,301.72,20.52,D
30.66846,75.70837,341.63,0.41,0.37,2024-11-22,0809,N21,VIIRS,n,2.0NRT,302.08,18.28,D
30.65458,75.78489,331.68,0.41,0.37,2024-11-22,0809,N21,VIIRS,n,2.0NRT,300.15,4.71,D
30.65804,75.81043,331.66,0.41,0.37,2024-11-22,0809,N21,VIIRS,n,2.0NRT,301.45,4.18,D
30.66701,76.03318,331.84,0.42,0.38,2024-11-22,0809,N21,VIIRS,n,2.0NRT,302.06,1.5,D
30.58737,75.52056,333.62,0.4,0.37,2024-11-22,0809,N21,VIIRS,n,2.0NRT,300.28,2.91,D
30.59239,75.74329,332.41,0.41,0.37,2024-11-22,0809,N21,VIIRS,n,2.0NRT,299.27,2.64,D
30.53444,75.37609,335.84,0.4,0.37,2024-11-22,0809,N21,VIIRS,n,2.0NRT,301.44,3.56,D
30.64317,76.27319,331.22,0.43,0.38,2024-11-22,0809,N21,VIIRS,n,2.0NRT,299.85,2,D
30.51857,75.81332,330.42,0.41,0.37,2024-11-22,0809,N21,VIIRS,n,2.0NRT,297.95,2.89,D
30.56906,76.2999,335.02,0.43,0.38,2024-11-22,0809,N21,VIIRS,n,2.0NRT,303.13,4.75,D
30.46345,75.84772,332.38,0.41,0.37,2024-11-22,0809,N21,VIIRS,n,2.0NRT,300.55,3.38,D
30.57644,75.50131,333.67,0.43,0.38,2024-11-23,0752,N21,VIIRS,n,2.0NRT,299.88,7.47,D
30.62027,75.77063,331.82,0.42,0.38,2024-11-23,0752,N21,VIIRS,l,2.0NRT,304.46,4.56,D
30.62445,75.81492,330.72,0.42,0.38,2024-11-23,0752,N21,VIIRS,n,2.0NRT,302.61,5.28,D
30.62521,75.81927,332.84,0.42,0.38,2024-11-23,0752,N21,VIIRS,n,2.0NRT,303.68,5.28,D
30.57583,75.63964,345.61,0.43,0.38,2024-11-23,0752,N21,VIIRS,n,2.0NRT,303.46,10.95,D
30.57675,75.63857,342.99,0.43,0.38,2024-11-23,0752,N21,VIIRS,n,2.0NRT,304.25,10.57,D
30.51507,75.55168,344.49,0.43,0.38,2024-11-23,0752,N21,VIIRS,n,2.0NRT,302.03,6.09,D
30.51991,75.94618,335.81,0.42,0.38,2024-11-23,0752,N21,VIIRS,n,2.0NRT,302.65,3.71,D
30.51994,75.94514,336.42,0.42,0.38,2024-11-23,0752,N21,VIIRS,n,2.0NRT,301.84,4.71,D
30.48529,75.76353,337.64,0.43,0.38,2024-11-23,0752,N21,VIIRS,n,2.0NRT,309.45,17.98,D
30.58508,76.37211,332.5,0.41,0.37,2024-11-23,0752,N21,VIIRS,n,2.0NRT,298.33,2.26,D
30.45792,75.72888,337.32,0.43,0.38,2024-11-23,0752,N21,VIIRS,n,2.0NRT,304.1,4.14,D
30.47602,75.83367,335.7,0.42,0.38,2024-11-23,0752,N21,VIIRS,n,2.0NRT,302.41,2.83,D
30.48945,75.91173,334.67,0.42,0.38,2024-11-23,0752,N21,VIIRS,n,2.0NRT,303.01,4.34,D
30.56616,76.36328,337.16,0.41,0.37,2024-11-23,0752,N21,VIIRS,n,2.0NRT,299,7.18,D
30.46194,75.85497,342.79,0.42,0.38,2024-11-23,0752,N21,VIIRS,n,2.0NRT,305.42,8.48,D
30.44828,75.85809,331.46,0.42,0.38,2024-11-23,0752,N21,VIIRS,n,2.0NRT,302.48,2.18,D
30.44295,75.86835,345.58,0.42,0.38,2024-11-23,0752,N21,VIIRS,n,2.0NRT,305.07,12.44,D
30.4977,76.3917,332.93,0.41,0.37,2024-11-23,0752,N21,VIIRS,n,2.0NRT,299.63,4.4,D
30.49433,76.39245,338.98,0.41,0.37,2024-11-23,0752,N21,VIIRS,n,2.0NRT,298.65,4.4,D
31.02379,75.68981,331.47,0.42,0.38,2024-11-23,0752,N21,VIIRS,n,2.0NRT,298.81,3.82,D
31.02357,75.69073,333.29,0.42,0.38,2024-11-23,0752,N21,VIIRS,n,2.0NRT,297.91,3.7,D
31.06074,75.70023,328.29,0.42,0.38,2024-11-23,0752,N21,VIIRS,n,2.0NRT,299.28,1.17,D
31.14086,75.96017,329.29,0.41,0.37,2024-11-23,0752,N21,VIIRS,n,2.0NRT,297.1,2.76,D
31.1394,75.95161,333.27,0.42,0.37,2024-11-23,0752,N21,VIIRS,n,2.0NRT,299.6,9.75,D
31.07875,75.43497,331.83,0.43,0.38,2024-11-23,0752,N21,VIIRS,n,2.0NRT,298.91,3.42,D
31.07798,75.43052,328.67,0.43,0.38,2024-11-23,0752,N21,VIIRS,n,2.0NRT,297.59,3.42,D
31.08219,75.43415,330.14,0.43,0.38,2024-11-23,0752,N21,VIIRS,n,2.0NRT,298.6,3.42,D
31.21319,75.88709,329.75,0.42,0.37,2024-11-23,0752,N21,VIIRS,n,2.0NRT,298.07,2.59,D
31.2107,75.54388,338,0.43,0.38,2024-11-23,0752,N21,VIIRS,n,2.0NRT,297.71,4.89,D
30.61215,75.66325,332.29,0.43,0.38,2024-11-23,0752,N21,VIIRS,n,2.0NRT,302.25,5.07,D
30.67348,75.93411,338.54,0.42,0.38,2024-11-23,0752,N21,VIIRS,n,2.0NRT,301.7,4.42,D
30.62539,75.59602,335.57,0.43,0.38,2024-11-23,0752,N21,VIIRS,n,2.0NRT,302.83,3.19,D
30.70449,76.01186,331.77,0.42,0.37,2024-11-23,0752,N21,VIIRS,n,2.0NRT,300.95,3.68,D
30.6579,75.72107,330.12,0.43,0.38,2024-11-23,0752,N21,VIIRS,l,2.0NRT,300.6,2.4,D
30.68114,75.6701,332.32,0.43,0.38,2024-11-23,0752,N21,VIIRS,n,2.0NRT,300.36,1.97,D
30.68597,75.50069,331.83,0.43,0.38,2024-11-23,0752,N21,VIIRS,n,2.0NRT,300.51,2.02,D
30.71512,75.50313,332.53,0.43,0.38,2024-11-23,0752,N21,VIIRS,l,2.0NRT,302.59,3.86,D
30.7801,75.7942,331.66,0.42,0.38,2024-11-23,0752,N21,VIIRS,n,2.0NRT,298.64,3.7,D
30.87231,76.3144,328.68,0.41,0.37,2024-11-23,0752,N21,VIIRS,n,2.0NRT,297.71,2.58,D
30.73412,75.44772,333.94,0.43,0.38,2024-11-23,0752,N21,VIIRS,n,2.0NRT,301.83,3.75,D
30.74915,75.47204,330.83,0.43,0.38,2024-11-23,0752,N21,VIIRS,n,2.0NRT,297.1,14.46,D
30.77528,75.53985,341.53,0.43,0.38,2024-11-23,0752,N21,VIIRS,n,2.0NRT,304.21,15.43,D
30.77299,75.45352,334.14,0.43,0.38,2024-11-23,0752,N21,VIIRS,n,2.0NRT,300.43,6.33,D
30.80462,75.61201,335.93,0.43,0.38,2024-11-23,0752,N21,VIIRS,n,2.0NRT,300.39,5.13,D
30.77724,75.45716,339.45,0.43,0.38,2024-11-23,0752,N21,VIIRS,n,2.0NRT,300.74,5.06,D
30.80748,75.54707,332.85,0.43,0.38,2024-11-23,0752,N21,VIIRS,n,2.0NRT,300.11,3.21,D
30.83789,75.70009,332.41,0.43,0.38,2024-11-23,0752,N21,VIIRS,n,2.0NRT,299.54,2.22,D
30.82552,75.44585,341.75,0.43,0.38,2024-11-23,0752,N21,VIIRS,n,2.0NRT,299.46,2.9,D
30.82897,75.44505,329.93,0.43,0.38,2024-11-23,0752,N21,VIIRS,n,2.0NRT,300.49,2.9,D
30.86803,75.42194,331.75,0.43,0.38,2024-11-23,0752,N21,VIIRS,n,2.0NRT,299.15,5.01,D
30.86652,75.4236,340.89,0.43,0.38,2024-11-23,0752,N21,VIIRS,n,2.0NRT,299.35,5.44,D
30.92734,75.4834,332.6,0.43,0.38,2024-11-23,0752,N21,VIIRS,n,2.0NRT,298.41,2.71,D
30.91276,75.38019,332.51,0.43,0.38,2024-11-23,0752,N21,VIIRS,n,2.0NRT,300.87,3.01,D
30.98285,75.57619,332.14,0.43,0.38,2024-11-23,0752,N21,VIIRS,n,2.0NRT,298.95,5.4,D
30.99504,75.56418,332.1,0.43,0.38,2024-11-23,0752,N21,VIIRS,n,2.0NRT,296.51,5.08,D
30.51285,76.3541,339.22,0.45,0.47,2024-11-24,0733,N21,VIIRS,n,2.0NRT,301.16,3.25,D
30.51685,75.73539,335.7,0.48,0.48,2024-11-24,0733,N21,VIIRS,n,2.0NRT,301.91,5.71,D
30.63415,75.83618,333.23,0.47,0.48,2024-11-24,0733,N21,VIIRS,n,2.0NRT,300.85,4.48,D
30.51681,75.73782,332.5,0.48,0.48,2024-11-24,0733,N21,VIIRS,n,2.0NRT,302.05,4.97,D
30.61945,75.6562,330.06,0.49,0.48,2024-11-24,0733,N21,VIIRS,l,2.0NRT,301.61,3.61,D
31.0761,76.25914,331.17,0.44,0.46,2024-11-24,0733,N21,VIIRS,n,2.0NRT,298.5,2.3,D
31.11039,75.95985,332.21,0.46,0.47,2024-11-24,0733,N21,VIIRS,n,2.0NRT,300.28,2.26,D
31.07288,75.64462,341.99,0.48,0.48,2024-11-24,0733,N21,VIIRS,n,2.0NRT,299.6,5.59,D
31.22149,76.09028,339.76,0.45,0.47,2024-11-24,0733,N21,VIIRS,n,2.0NRT,301.85,4.83,D
31.07593,76.01176,298.57,0.55,0.68,2024-11-24,2135,N21,VIIRS,n,2.0NRT,283.16,1.23,N
31.07767,76.00751,302.05,0.55,0.68,2024-11-24,2135,N21,VIIRS,n,2.0NRT,283.64,2.17,N
30.61036,75.72158,331.54,0.46,0.63,2024-11-25,0713,N21,VIIRS,n,2.0NRT,299.11,4.24,D
31.16838,75.65315,331.05,0.45,0.63,2024-11-25,0713,N21,VIIRS,n,2.0NRT,296.65,2.94,D
30.4741,75.44626,347.26,0.52,0.67,2024-11-25,0854,N21,VIIRS,n,2.0NRT,298.6,7.95,D
30.43071,76.10445,344.31,0.57,0.69,2024-11-25,0854,N21,VIIRS,n,2.0NRT,298.11,6.79,D
30.43305,76.10512,342.61,0.57,0.69,2024-11-25,0854,N21,VIIRS,n,2.0NRT,297.68,5.5,D
30.54072,76.30737,343.18,0.59,0.7,2024-11-25,0854,N21,VIIRS,n,2.0NRT,296,15.89,D
30.54598,76.30923,339.24,0.59,0.7,2024-11-25,0854,N21,VIIRS,n,2.0NRT,296.37,5.6,D
30.53954,76.30968,339.3,0.59,0.7,2024-11-25,0854,N21,VIIRS,n,2.0NRT,295.6,7.98,D
30.85747,75.66137,353.77,0.56,0.51,2024-11-26,0837,N21,VIIRS,n,2.0NRT,301.21,19.44,D
30.90892,75.41054,340.35,0.54,0.51,2024-11-26,0837,N21,VIIRS,n,2.0NRT,300.64,6,D
31.1638,75.95259,338.81,0.59,0.52,2024-11-26,0837,N21,VIIRS,n,2.0NRT,300.44,10.03,D
31.30966,75.95859,331.92,0.59,0.53,2024-11-26,0837,N21,VIIRS,n,2.0NRT,300.08,5.98,D
30.61428,75.62714,346.93,0.46,0.39,2024-11-27,0815,N21,VIIRS,n,2.0NRT,315.54,51.57,D
30.49096,76.36195,334.31,0.49,0.41,2024-11-27,0815,N21,VIIRS,n,2.0NRT,302.09,6.81,D
30.49035,76.35683,332.13,0.49,0.41,2024-11-27,0815,N21,VIIRS,n,2.0NRT,302.84,6.81,D
30.4887,75.82482,339.29,0.47,0.4,2024-11-27,0815,N21,VIIRS,n,2.0NRT,308.8,13.93,D
30.68139,76.41772,329.52,0.5,0.41,2024-11-27,0815,N21,VIIRS,n,2.0NRT,300.57,2.32,D
30.74669,75.73441,338.33,0.47,0.39,2024-11-27,0815,N21,VIIRS,n,2.0NRT,303.92,5.05,D
30.87234,75.40843,331.57,0.45,0.39,2024-11-27,0815,N21,VIIRS,n,2.0NRT,300.63,2.61,D
31.11624,75.62531,334.16,0.47,0.39,2024-11-27,0815,N21,VIIRS,n,2.0NRT,303.13,6.41,D
30.79907,76.22579,329.84,0.39,0.36,2024-11-28,0758,N21,VIIRS,n,2.0NRT,299.7,1.41,D
30.49411,76.39077,332.95,0.39,0.36,2024-11-28,0758,N21,VIIRS,l,2.0NRT,303.51,6.67,D
30.50448,76.32719,332.63,0.39,0.36,2024-11-28,0758,N21,VIIRS,n,2.0NRT,303.42,5.12,D
30.64256,75.99018,331.37,0.39,0.36,2024-11-28,0758,N21,VIIRS,n,2.0NRT,302.35,2.13,D
30.7564,75.76376,342.2,0.39,0.36,2024-11-28,0758,N21,VIIRS,n,2.0NRT,304.21,10.49,D
30.70354,75.41531,333.16,0.4,0.37,2024-11-28,0758,N21,VIIRS,n,2.0NRT,303.97,4.4,D
31.09489,76.0453,328.84,0.39,0.36,2024-11-28,0758,N21,VIIRS,n,2.0NRT,301.94,1.08,D
31.1115,75.89272,335.17,0.39,0.36,2024-11-28,0758,N21,VIIRS,n,2.0NRT,301.15,3.61,D
31.28671,75.68484,330.76,0.39,0.36,2024-11-28,0758,N21,VIIRS,n,2.0NRT,298.16,2.6,D
30.73158,76.07428,329.03,0.56,0.43,2024-11-29,0739,N21,VIIRS,n,2.0NRT,298.23,3.65,D
30.54344,75.50489,333.06,0.4,0.45,2024-11-29,0739,N21,VIIRS,n,2.0NRT,300.73,3.47,D
31.22226,76.07815,334.81,0.55,0.43,2024-11-29,0739,N21,VIIRS,n,2.0NRT,299.12,4.19,D
30.8158,75.42832,339.24,0.4,0.45,2024-11-29,0739,N21,VIIRS,n,2.0NRT,299.66,3.64,D
30.89575,76.33598,312.97,0.33,0.55,2024-11-29,2001,N21,VIIRS,n,2.0NRT,282.25,4.04,N
30.85218,75.94859,298.75,0.35,0.57,2024-11-29,2001,N21,VIIRS,n,2.0NRT,282.79,0.38,N
30.90085,76.33645,351.17,0.33,0.55,2024-11-29,2001,N21,VIIRS,n,2.0NRT,283.66,4.04,N
30.90057,76.3399,313.25,0.33,0.55,2024-11-29,2001,N21,VIIRS,n,2.0NRT,281.21,4.04,N
30.90174,76.33554,312.08,0.71,0.75,2024-11-29,2144,N21,VIIRS,n,2.0NRT,280.41,6.31,N
30.89971,76.34264,307.62,0.71,0.75,2024-11-29,2144,N21,VIIRS,n,2.0NRT,279.99,5.92,N
30.71173,75.87993,337.24,0.36,0.57,2024-11-30,0720,N21,VIIRS,n,2.0NRT,295.44,2.99,D
30.92207,75.6263,344.55,0.68,0.74,2024-11-30,0902,N21,VIIRS,n,2.0NRT,291.87,9.17,D
30.6462,76.32735,295.73,0.64,0.72,2024-11-30,1944,N21,VIIRS,n,2.0NRT,285.44,1.26,N
30.8511,75.94872,296.43,0.36,0.57,2024-11-30,2125,N21,VIIRS,n,2.0NRT,284.32,0.53,N
30.50002,76.36301,367,0.38,0.59,2024-12-01,0841,N21,VIIRS,h,2.0NRT,299.26,11.03,D
31.1158,75.453,331.84,0.34,0.56,2024-12-01,0841,N21,VIIRS,n,2.0NRT,299.12,5.34,D
31.11606,75.45657,367,0.34,0.56,2024-12-01,0841,N21,VIIRS,h,2.0NRT,299.94,5.34,D
30.78078,76.30579,337.17,0.38,0.59,2024-12-01,0841,N21,VIIRS,n,2.0NRT,298.28,2.92,D
30.87808,76.03244,336.42,0.38,0.44,2024-12-02,0822,N21,VIIRS,n,2.0NRT,300.04,3.72,D
31.20309,76.40185,332.68,0.41,0.45,2024-12-02,0822,N21,VIIRS,n,2.0NRT,299.16,3.06,D
31.10163,75.46211,330.47,0.54,0.42,2024-12-02,0822,N21,VIIRS,n,2.0NRT,299.48,6.76,D
30.65379,76.28368,298.87,0.4,0.37,2024-12-02,2046,N21,VIIRS,n,2.0NRT,284.77,0.55,N
30.8222,75.58384,329.67,0.39,0.36,2024-12-03,0805,N21,VIIRS,n,2.0NRT,298.83,1.44,D
31.09752,76.16267,331.42,0.39,0.36,2024-12-03,0805,N21,VIIRS,n,2.0NRT,297.57,8.64,D
30.7104,75.86335,295.38,0.47,0.4,2024-12-03,2027,N21,VIIRS,n,2.0NRT,283.92,0.5,N
30.71402,75.86395,326.89,0.47,0.4,2024-12-03,2027,N21,VIIRS,n,2.0NRT,285.1,4.52,N
31.07403,75.4869,330.71,0.5,0.41,2024-12-04,0745,N21,VIIRS,n,2.0NRT,299.89,5.5,D
30.71351,75.86629,330.21,0.48,0.4,2024-12-04,0745,N21,VIIRS,n,2.0NRT,303.7,2.31,D
31.13824,75.62428,329.12,0.49,0.4,2024-12-04,0745,N21,VIIRS,n,2.0NRT,300.79,2.47,D
30.78568,76.3774,338.77,0.54,0.51,2024-12-05,0726,N21,VIIRS,n,2.0NRT,296.92,6.17,D
30.86673,76.21607,327.13,0.47,0.64,2024-12-06,0847,N21,VIIRS,n,2.0NRT,295.76,2.43,D
31.16923,76.04576,328.68,0.48,0.48,2024-12-07,0830,N21,VIIRS,n,2.0NRT,299.63,2.82,D
31.10141,75.97186,329.81,0.42,0.38,2024-12-08,0809,N21,VIIRS,n,2.0NRT,295.53,2.07,D
31.22305,75.6658,330.7,0.42,0.38,2024-12-09,0752,N21,VIIRS,n,2.0NRT,297.33,10.06,D
31.00652,76.11515,329.47,0.41,0.37,2024-12-09,0752,N21,VIIRS,n,2.0NRT,292.38,3.02,D
31.22238,75.98917,333.1,0.41,0.37,2024-12-09,0752,N21,VIIRS,n,2.0NRT,295.32,3.68,D
31.3181,76.38843,335.54,0.4,0.37,2024-12-09,0752,N21,VIIRS,n,2.0NRT,294.76,5.64,D
31.30355,75.78339,326.49,0.42,0.38,2024-12-09,0752,N21,VIIRS,n,2.0NRT,295.39,2.1,D
31.10121,75.97176,326.63,0.46,0.47,2024-12-10,0733,N21,VIIRS,l,2.0NRT,297.3,4.86,D
30.81168,76.01841,299.67,0.43,0.62,2024-12-10,1955,N21,VIIRS,n,2.0NRT,276.81,0.76,N
31.29585,75.83616,330.66,0.43,0.62,2024-12-11,0713,N21,VIIRS,n,2.0NRT,293.99,5.46,D
30.81334,76.37486,339.27,0.41,0.61,2024-12-11,0713,N21,VIIRS,n,2.0NRT,294.16,4.78,D
31.05846,75.90874,326.37,0.43,0.62,2024-12-11,0713,N21,VIIRS,n,2.0NRT,294.13,3.32,D
31.2977,75.83566,332.96,0.43,0.62,2024-12-11,0713,N21,VIIRS,n,2.0NRT,294.48,6.02,D
31.30744,76.28849,328.12,0.6,0.7,2024-12-11,0854,N21,VIIRS,n,2.0NRT,293.32,6.1,D
31.00579,75.85783,327.47,0.57,0.52,2024-12-12,0837,N21,VIIRS,n,2.0NRT,293.44,4.17,D
30.81907,76.1144,342.87,0.48,0.4,2024-12-13,0815,N21,VIIRS,n,2.0NRT,295.28,10.6,D
31.05503,75.94063,326.76,0.48,0.4,2024-12-13,0815,N21,VIIRS,n,2.0NRT,292.67,3.12,D
31.09397,75.92399,331.87,0.48,0.4,2024-12-13,0815,N21,VIIRS,n,2.0NRT,296.73,22.07,D
30.68,76.26097,303.85,0.38,0.36,2024-12-13,2040,N21,VIIRS,n,2.0NRT,280.83,0.91,N
30.88697,75.90754,296.12,0.39,0.36,2024-12-13,2040,N21,VIIRS,n,2.0NRT,282.37,0.62,N
30.71212,75.86039,327.89,0.39,0.36,2024-12-14,0758,N21,VIIRS,n,2.0NRT,295.02,2.36,D
30.47706,76.03349,328.57,0.39,0.36,2024-12-14,0758,N21,VIIRS,n,2.0NRT,293.25,1.94,D
31.20996,75.68527,329.86,0.39,0.36,2024-12-14,0758,N21,VIIRS,n,2.0NRT,298.45,2.2,D
31.19706,75.9668,329.87,0.39,0.36,2024-12-14,0758,N21,VIIRS,n,2.0NRT,295.56,2.18,D
30.72273,75.7128,340.43,0.39,0.36,2024-12-14,0758,N21,VIIRS,n,2.0NRT,299.33,6.35,D
30.85485,75.47274,301.09,0.39,0.44,2024-12-14,2023,N21,VIIRS,n,2.0NRT,279.94,8.6,N
30.85574,75.46452,337.94,0.39,0.44,2024-12-14,2023,N21,VIIRS,n,2.0NRT,281.65,102.97,N
30.85933,75.46922,296.12,0.39,0.44,2024-12-14,2023,N21,VIIRS,n,2.0NRT,279.02,102.97,N
30.69067,75.89838,349.48,0.38,0.44,2024-12-15,0737,N21,VIIRS,n,2.0NRT,305.85,24.33,D
30.85701,75.46668,342.83,0.4,0.44,2024-12-15,0737,N21,VIIRS,n,2.0NRT,306.75,10.51,D
30.85784,75.47079,333.76,0.4,0.44,2024-12-15,0737,N21,VIIRS,n,2.0NRT,296.72,10.51,D
31.29029,75.83561,343.86,0.35,0.57,2024-12-16,0720,N21,VIIRS,n,2.0NRT,297.65,4.11,D
31.07604,75.93502,335.3,0.35,0.57,2024-12-16,0720,N21,VIIRS,n,2.0NRT,294.38,4.54,D
31.07688,75.93855,342.16,0.35,0.57,2024-12-16,0720,N21,VIIRS,n,2.0NRT,295.42,4.54,D
31.04331,75.97916,349.6,0.35,0.57,2024-12-16,0720,N21,VIIRS,n,2.0NRT,294.59,5.06,D
31.11994,75.51708,332.7,0.34,0.56,2024-12-17,0841,N21,VIIRS,n,2.0NRT,294.03,2.43,D
30.996,75.74728,296.52,0.56,0.43,2024-12-17,2105,N21,VIIRS,n,2.0NRT,280.99,0.87,N
31.07304,75.92844,330.14,0.39,0.36,2024-12-19,0805,N21,VIIRS,n,2.0NRT,293.17,3.35,D
31.04292,76.00066,328.9,0.39,0.36,2024-12-19,0805,N21,VIIRS,n,2.0NRT,293.42,3.22,D
30.68926,75.90774,330.33,0.39,0.36,2024-12-19,0805,N21,VIIRS,n,2.0NRT,294.24,5.12,D
30.7303,76.3904,331.31,0.46,0.39,2024-12-20,0743,N21,VIIRS,n,2.0NRT,294.69,4.37,D
31.11487,75.67635,340.23,0.49,0.4,2024-12-20,0745,N21,VIIRS,n,2.0NRT,294.04,9.23,D
31.24881,75.78586,326.39,0.48,0.4,2024-12-20,0745,N21,VIIRS,n,2.0NRT,293.17,2.11,D
31.19849,75.67866,328.28,0.49,0.4,2024-12-20,0745,N21,VIIRS,n,2.0NRT,293.56,3.39,D
31.15803,75.62573,329.19,0.49,0.4,2024-12-20,0745,N21,VIIRS,n,2.0NRT,293.89,4.89,D
31.15439,75.62665,330.36,0.49,0.4,2024-12-20,0745,N21,VIIRS,n,2.0NRT,297.47,4.89,D
31.15565,75.62929,342.33,0.49,0.4,2024-12-20,0745,N21,VIIRS,n,2.0NRT,296.16,12.39,D
31.03706,75.96977,328.84,0.57,0.52,2024-12-21,0726,N21,VIIRS,n,2.0NRT,291.69,8.9,D
31.11056,75.9569,336.69,0.53,0.67,2024-12-22,0707,N21,VIIRS,n,2.0NRT,293.2,4.71,D
31.11422,75.73654,330.18,0.44,0.62,2024-12-22,0847,N21,VIIRS,n,2.0NRT,292.54,3.56,D
31.29249,75.75703,327.4,0.41,0.37,2024-12-24,0809,N21,VIIRS,n,2.0NRT,290.71,3.23,D
31.19687,75.69801,328.84,0.41,0.37,2024-12-24,0809,N21,VIIRS,n,2.0NRT,291.89,3.06,D
31.15119,76.23848,333.47,0.41,0.37,2024-12-25,0752,N21,VIIRS,n,2.0NRT,295.4,6.76,D
30.86346,76.38911,334.65,0.41,0.37,2024-12-25,0752,N21,VIIRS,n,2.0NRT,294.07,5.49,D
30.59875,76.33257,327.97,0.41,0.37,2024-12-25,0752,N21,VIIRS,n,2.0NRT,292.68,2.55,D
30.8207,76.2835,330.69,0.45,0.47,2024-12-26,0733,N21,VIIRS,n,2.0NRT,292.4,3.52,D
30.92162,76.11989,302.25,0.56,0.69,2024-12-26,2135,N21,VIIRS,n,2.0NRT,279.85,1.42,N
30.92299,76.12043,303.36,0.56,0.69,2024-12-26,2135,N21,VIIRS,n,2.0NRT,279.66,1.66,N
31.15091,75.53419,335.36,0.42,0.61,2025-01-07,0847,N21,VIIRS,n,2.0NRT,288.03,4.12,D
31.07858,75.45622,329.78,0.43,0.46,2025-01-08,0828,N21,VIIRS,n,2.0NRT,291.06,4.29,D
30.77584,75.85499,326.91,0.45,0.47,2025-01-08,0828,N21,VIIRS,n,2.0NRT,292.15,2.86,D
31.20597,75.73,335.5,0.46,0.39,2025-01-14,0815,N21,VIIRS,n,2.0NRT,292.82,4.99,D
30.89747,75.91493,328.35,0.39,0.36,2025-01-15,0756,N21,VIIRS,n,2.0NRT,294.29,2.65,D
31.05242,75.89088,329.52,0.39,0.44,2025-01-16,0737,N21,VIIRS,n,2.0NRT,288.28,2.46,D
31.08626,75.69147,330.55,0.34,0.56,2025-01-18,0839,N21,VIIRS,n,2.0NRT,290.22,2.31,D
31.18767,75.50312,331.77,0.53,0.42,2025-01-19,0822,N21,VIIRS,n,2.0NRT,280.45,6.57,D
30.85584,76.15845,327.1,0.39,0.36,2025-01-20,0802,N21,VIIRS,n,2.0NRT,288.25,2.68,D
30.59798,76.30222,329.87,0.39,0.36,2025-01-20,0802,N21,VIIRS,n,2.0NRT,294.62,8.03,D
31.07666,75.38291,328.66,0.38,0.36,2025-01-20,0802,N21,VIIRS,n,2.0NRT,290.62,2.99,D
30.85581,76.34474,328.87,0.39,0.36,2025-01-20,0802,N21,VIIRS,n,2.0NRT,293.2,2.49,D
30.71303,75.95173,335.9,0.39,0.36,2025-01-20,0802,N21,VIIRS,n,2.0NRT,288.8,5.43,D
30.67035,76.12347,340.6,0.39,0.36,2025-01-20,0802,N21,VIIRS,n,2.0NRT,291.81,7.98,D
31.00189,75.4211,329.44,0.52,0.41,2025-01-21,0743,N21,VIIRS,n,2.0NRT,287.04,3.56,D
31.19277,75.78236,332.21,0.49,0.4,2025-01-21,0743,N21,VIIRS,n,2.0NRT,286.54,6.31,D
31.00079,75.41805,328.53,0.52,0.41,2025-01-21,0743,N21,VIIRS,n,2.0NRT,288.75,5.39,D
30.80731,76.01704,299.12,0.56,0.69,2025-01-22,1949,N21,VIIRS,n,2.0NRT,280.93,0.98,N
30.81062,76.01678,301.17,0.56,0.69,2025-01-22,1949,N21,VIIRS,n,2.0NRT,280.35,0.86,N
30.66823,76.19377,327.11,0.54,0.68,2025-01-23,0705,N21,VIIRS,n,2.0NRT,291.32,7.32,D
31.02021,75.57047,331.71,0.41,0.61,2025-01-23,0845,N21,VIIRS,n,2.0NRT,291.09,3.24,D
31.29565,75.79391,327.34,0.44,0.46,2025-01-24,0828,N21,VIIRS,n,2.0NRT,294.67,1.95,D
31.29086,75.83237,354.06,0.45,0.47,2025-01-24,0828,N21,VIIRS,n,2.0NRT,295.58,12.85,D
31.11293,75.93412,326.2,0.45,0.47,2025-01-24,0828,N21,VIIRS,n,2.0NRT,292.92,1.99,D
31.25695,75.69761,331.23,0.41,0.37,2025-01-25,0807,N21,VIIRS,n,2.0NRT,297.32,7.3,D
30.53846,76.33297,328.36,0.42,0.37,2025-01-25,0807,N21,VIIRS,n,2.0NRT,293.62,4.85,D
31.03549,75.59089,334.96,0.4,0.37,2025-01-25,0807,N21,VIIRS,n,2.0NRT,294.45,3.96,D
31.055,75.68188,329.24,0.4,0.37,2025-01-25,0807,N21,VIIRS,n,2.0NRT,295.13,5.42,D
31.10872,75.97209,328.71,0.41,0.37,2025-01-25,0807,N21,VIIRS,n,2.0NRT,293.92,1.96,D
31.13271,75.89319,328.08,0.41,0.37,2025-01-25,0807,N21,VIIRS,n,2.0NRT,294.66,2.96,D
31.13345,75.89397,328.92,0.41,0.37,2025-01-25,0807,N21,VIIRS,n,2.0NRT,294.75,2.88,D
31.17703,75.75511,329.34,0.41,0.37,2025-01-25,0807,N21,VIIRS,n,2.0NRT,294.67,2.75,D
31.31254,76.05566,329.03,0.41,0.37,2025-01-25,0807,N21,VIIRS,n,2.0NRT,295.55,1.96,D
30.88323,75.99387,298.72,0.42,0.38,2025-01-25,2031,N21,VIIRS,n,2.0NRT,278.9,0.77,N
31.23094,76.16758,330.36,0.42,0.37,2025-01-26,0750,N21,VIIRS,n,2.0NRT,295.48,2.8,D
31.23121,76.16829,330.89,0.42,0.37,2025-01-26,0750,N21,VIIRS,n,2.0NRT,295.23,3.23,D
30.87587,76.15623,340.67,0.42,0.38,2025-01-26,0750,N21,VIIRS,n,2.0NRT,294.69,4.17,D
30.79122,76.38452,328.72,0.41,0.37,2025-01-26,0750,N21,VIIRS,n,2.0NRT,294.55,3.37,D
31.27055,75.82759,335.76,0.48,0.48,2025-01-27,0733,N21,VIIRS,n,2.0NRT,294.68,4.69,D
31.18285,75.59211,337.64,0.5,0.49,2025-01-27,0733,N21,VIIRS,n,2.0NRT,295.59,6.63,D
31.1271,75.73598,327.58,0.46,0.64,2025-01-28,0711,N21,VIIRS,n,2.0NRT,293.43,4.26,D
31.03531,76.07495,327.96,0.44,0.63,2025-01-28,0711,N21,VIIRS,n,2.0NRT,292.87,3.13,D
30.61019,75.8926,367,0.53,0.67,2025-01-28,0852,N21,VIIRS,h,2.0NRT,296.34,22.47,D
30.60979,75.89603,367,0.53,0.67,2025-01-28,0852,N21,VIIRS,h,2.0NRT,296.69,15.38,D
31.03729,76.26176,329.16,0.56,0.69,2025-01-28,0852,N21,VIIRS,n,2.0NRT,293.18,3.12,D
31.28192,75.82224,326.79,0.46,0.39,2025-01-30,0813,N21,VIIRS,n,2.0NRT,295.26,3.21,D
31.10175,76.23681,328.89,0.48,0.4,2025-01-30,0813,N21,VIIRS,n,2.0NRT,294.72,4.27,D
30.83564,76.3132,330.05,0.48,0.4,2025-01-30,0813,N21,VIIRS,n,2.0NRT,297.04,19.46,D
30.77706,75.98883,331.49,0.46,0.39,2025-01-30,0813,N21,VIIRS,n,2.0NRT,295.37,6.84,D
31.17118,75.77051,341.45,0.46,0.39,2025-01-30,0813,N21,VIIRS,n,2.0NRT,297.91,10.95,D
31.10035,76.23495,330.37,0.39,0.36,2025-01-31,0756,N21,VIIRS,n,2.0NRT,293.38,3.07,D
30.93892,75.57207,328.46,0.4,0.37,2025-01-31,0756,N21,VIIRS,n,2.0NRT,293.41,2.6,D
31.24272,76.12184,329.31,0.39,0.36,2025-01-31,0756,N21,VIIRS,n,2.0NRT,293.62,3.28,D
31.29228,75.7716,329.75,0.39,0.36,2025-01-31,0756,N21,VIIRS,n,2.0NRT,293.08,4.64,D
31.11991,76.27232,329.75,0.39,0.36,2025-01-31,0756,N21,VIIRS,n,2.0NRT,293.4,3.98,D
30.75906,76.33434,325.6,0.35,0.57,2025-02-02,0718,N21,VIIRS,n,2.0NRT,291.64,1.66,D
31.08785,76.20555,344.86,0.35,0.57,2025-02-02,0718,N21,VIIRS,n,2.0NRT,291.88,4.93,D
31.1042,75.8133,367,0.37,0.58,2025-02-02,0718,N21,VIIRS,h,2.0NRT,293.32,13.95,D
31.17055,75.95113,334.44,0.36,0.57,2025-02-02,0718,N21,VIIRS,n,2.0NRT,290.98,3.92,D
31.1718,75.95269,354.8,0.36,0.57,2025-02-02,0718,N21,VIIRS,n,2.0NRT,293.52,5.96,D
31.27958,75.78252,341.57,0.37,0.58,2025-02-02,0718,N21,VIIRS,n,2.0NRT,291.99,5.89,D
30.51114,76.08958,336.64,0.35,0.57,2025-02-03,0839,N21,VIIRS,n,2.0NRT,291,4.54,D
30.84029,76.1078,341.88,0.35,0.57,2025-02-03,0839,N21,VIIRS,n,2.0NRT,292.69,4.16,D
30.84083,76.10715,345.95,0.35,0.57,2025-02-03,0839,N21,VIIRS,n,2.0NRT,292.78,3.75,D
31.01025,76.04131,327.64,0.35,0.57,2025-02-03,0839,N21,VIIRS,n,2.0NRT,291.22,2.27,D
31.06376,75.90127,325.17,0.34,0.56,2025-02-03,0839,N21,VIIRS,n,2.0NRT,290.86,4.63,D
30.51024,76.08984,334.38,0.35,0.57,2025-02-03,0839,N21,VIIRS,n,2.0NRT,291.47,4.33,D
31.22403,75.51039,311.41,0.52,0.42,2025-02-03,2103,N21,VIIRS,n,2.0NRT,269.08,2.73,N
31.22432,75.50951,313.49,0.53,0.42,2025-02-03,2103,N21,VIIRS,n,2.0NRT,268.81,3.33,N
30.80272,76.24532,330.46,0.57,0.43,2025-02-04,0822,N21,VIIRS,n,2.0NRT,290.62,7.91,D
30.90196,76.20569,330.02,0.57,0.43,2025-02-04,0822,N21,VIIRS,n,2.0NRT,294.49,4.38,D
31.19433,76.00717,327.23,0.56,0.43,2025-02-04,0822,N21,VIIRS,n,2.0NRT,289.22,4.51,D
31.115,75.83873,333.89,0.39,0.36,2025-02-05,0802,N21,VIIRS,n,2.0NRT,292.55,5.14,D
30.43912,76.3035,333.45,0.39,0.36,2025-02-05,0802,N21,VIIRS,n,2.0NRT,293.38,3.45,D
30.45348,76.3089,344.65,0.39,0.36,2025-02-05,0802,N21,VIIRS,n,2.0NRT,295.62,78.18,D
30.51627,76.2513,339.78,0.39,0.36,2025-02-05,0802,N21,VIIRS,n,2.0NRT,295.37,7.3,D
31.02618,75.99664,334.15,0.39,0.36,2025-02-05,0802,N21,VIIRS,n,2.0NRT,293.92,5.16,D
30.71885,76.32233,333.86,0.48,0.4,2025-02-06,0743,N21,VIIRS,n,2.0NRT,294.94,4.89,D
31.19293,75.91636,328.63,0.49,0.4,2025-02-06,0743,N21,VIIRS,n,2.0NRT,294.85,8.23,D
31.19887,75.825,327.33,0.49,0.4,2025-02-06,0743,N21,VIIRS,n,2.0NRT,293.37,3.16,D
31.15073,76.08489,337.47,0.57,0.52,2025-02-07,0726,N21,VIIRS,n,2.0NRT,293.82,5.73,D
31.15326,76.08069,337.82,0.57,0.52,2025-02-07,0726,N21,VIIRS,n,2.0NRT,294.91,9.59,D
31.31929,75.7261,334.48,0.59,0.53,2025-02-07,0726,N21,VIIRS,n,2.0NRT,290.23,6.22,D
31.08982,75.51594,331.82,0.62,0.54,2025-02-07,0726,N21,VIIRS,n,2.0NRT,292.72,5.15,D
30.94521,75.99845,344.88,0.55,0.68,2025-02-08,0705,N21,VIIRS,n,2.0NRT,294.03,8.71,D
30.94476,76.00017,335.59,0.55,0.68,2025-02-08,0705,N21,VIIRS,n,2.0NRT,293.14,8.53,D
30.98052,75.40382,332.26,0.4,0.6,2025-02-08,0845,N21,VIIRS,n,2.0NRT,291.3,4.83,D
31.31925,75.64929,340.28,0.42,0.61,2025-02-08,0845,N21,VIIRS,n,2.0NRT,295.43,4.39,D
30.72876,76.30253,337.94,0.47,0.48,2025-02-09,0828,N21,VIIRS,n,2.0NRT,295.68,4.63,D
30.7276,76.30048,339.61,0.47,0.48,2025-02-09,0828,N21,VIIRS,n,2.0NRT,295.85,6.63,D
31.18377,76.21703,332.01,0.47,0.48,2025-02-09,0828,N21,VIIRS,n,2.0NRT,295.58,2.66,D
31.1186,75.73044,335.77,0.44,0.46,2025-02-09,0828,N21,VIIRS,n,2.0NRT,295.05,3.9,D
31.11849,76.27663,327.71,0.42,0.38,2025-02-10,0807,N21,VIIRS,n,2.0NRT,296.5,3.23,D
31.19108,75.52743,331.61,0.44,0.38,2025-02-11,0750,N21,VIIRS,n,2.0NRT,294.13,3.75,D
30.43507,76.27491,329.39,0.42,0.38,2025-02-11,0750,N21,VIIRS,n,2.0NRT,296.06,3.86,D
30.51518,76.28795,342.27,0.42,0.38,2025-02-11,0750,N21,VIIRS,n,2.0NRT,298.81,5.97,D
30.6501,76.12082,322.12,0.46,0.47,2025-02-11,2014,N21,VIIRS,n,2.0NRT,283.21,3.97,N
30.64889,76.1209,347.15,0.47,0.48,2025-02-12,0733,N21,VIIRS,n,2.0NRT,297.86,10.19,D
31.25203,75.8858,333.41,0.47,0.48,2025-02-12,0733,N21,VIIRS,n,2.0NRT,294.03,2.87,D
30.65188,76.11903,306.34,0.44,0.63,2025-02-12,1955,N21,VIIRS,n,2.0NRT,279.97,3.4,N
30.65099,76.11978,299.1,0.55,0.68,2025-02-12,2135,N21,VIIRS,n,2.0NRT,278.22,1.05,N
30.65054,76.12341,299.48,0.55,0.68,2025-02-12,2135,N21,VIIRS,n,2.0NRT,278.12,1.87,N
31.1591,75.92735,330.33,0.54,0.68,2025-02-13,0852,N21,VIIRS,n,2.0NRT,291.49,3.78,D
31.28609,76.38171,328.09,0.77,0.78,2025-02-14,0654,N21,VIIRS,n,2.0NRT,292.71,6.83,D
30.80876,76.37595,338.02,0.59,0.53,2025-02-14,0834,N21,VIIRS,n,2.0NRT,294.93,13.57,D
30.93747,75.97044,338.92,0.56,0.52,2025-02-14,0834,N21,VIIRS,n,2.0NRT,294.93,9.88,D
30.93853,75.96857,344.91,0.56,0.52,2025-02-14,0834,N21,VIIRS,n,2.0NRT,294.18,10.86,D
31.1992,75.9649,325.9,0.56,0.52,2025-02-14,0834,N21,VIIRS,n,2.0NRT,293.53,3.22,D
31.25425,76.09534,329.74,0.58,0.52,2025-02-14,0834,N21,VIIRS,n,2.0NRT,293.62,3.72,D
30.77735,76.17202,326.4,0.47,0.4,2025-02-15,0815,N21,VIIRS,n,2.0NRT,299.27,2.59,D
31.07628,75.93959,341.58,0.47,0.4,2025-02-15,0815,N21,VIIRS,n,2.0NRT,297.72,5.37,D
31.15299,76.07526,335.99,0.47,0.4,2025-02-15,0815,N21,VIIRS,n,2.0NRT,296.82,7.37,D
30.43951,76.3007,329.26,0.48,0.4,2025-02-15,0815,N21,VIIRS,n,2.0NRT,294.51,2.38,D
31.24999,76.13754,330.43,0.48,0.4,2025-02-15,0815,N21,VIIRS,n,2.0NRT,298.58,4.42,D
31.08625,75.42587,338.91,0.45,0.39,2025-02-15,0815,N21,VIIRS,n,2.0NRT,297.08,5.24,D
30.8914,76.11504,311.18,0.56,0.43,2025-02-16,2021,N21,VIIRS,n,2.0NRT,283.47,2.35,N
30.89091,76.11604,306.89,0.56,0.43,2025-02-16,2021,N21,VIIRS,n,2.0NRT,283.29,2.28,N
31.30418,76.39125,332.1,0.55,0.42,2025-02-17,0737,N21,VIIRS,n,2.0NRT,299.65,7.33,D
31.30036,76.39224,342.25,0.55,0.42,2025-02-17,0737,N21,VIIRS,n,2.0NRT,299.01,7.33,D
31.1743,76.20425,343.15,0.56,0.43,2025-02-17,0737,N21,VIIRS,n,2.0NRT,298.25,11.61,D
31.17338,76.20078,327.32,0.56,0.43,2025-02-17,0737,N21,VIIRS,n,2.0NRT,297.15,5.54,D
31.1745,76.20654,329.75,0.56,0.43,2025-02-17,0737,N21,VIIRS,n,2.0NRT,296.99,5.54,D
31.01846,75.5867,331.48,0.4,0.45,2025-02-17,0737,N21,VIIRS,n,2.0NRT,296.58,3.59,D
31.10645,76.04733,327.19,0.57,0.43,2025-02-17,0737,N21,VIIRS,n,2.0NRT,300.01,3.67,D
31.07344,76.00551,337.12,0.38,0.43,2025-02-17,0737,N21,VIIRS,n,2.0NRT,298.91,2.27,D
30.71463,76.0503,333.52,0.39,0.44,2025-02-17,0737,N21,VIIRS,n,2.0NRT,297.78,2.66,D
30.43139,76.24373,338.01,0.38,0.43,2025-02-17,0737,N21,VIIRS,n,2.0NRT,298.98,5.15,D
31.03722,76.18313,367,0.35,0.57,2025-02-18,0718,N21,VIIRS,h,2.0NRT,299.94,14.21,D
31.0391,76.181,367,0.35,0.57,2025-02-18,0718,N21,VIIRS,h,2.0NRT,297.82,8.15,D
31.03996,76.18456,334.48,0.35,0.57,2025-02-18,0718,N21,VIIRS,n,2.0NRT,297.71,8.15,D
31.07832,75.86736,335.13,0.36,0.58,2025-02-18,0718,N21,VIIRS,n,2.0NRT,296.28,2.93,D
31.12371,75.89243,326.61,0.36,0.57,2025-02-18,0718,N21,VIIRS,n,2.0NRT,296.97,2.4,D
31.15276,75.78441,367,0.37,0.58,2025-02-18,0718,N21,VIIRS,h,2.0NRT,298.4,9.19,D
31.25736,76.07648,367,0.35,0.57,2025-02-18,0720,N21,VIIRS,h,2.0NRT,296.89,6.19,D
31.08475,75.38049,325.33,0.62,0.54,2025-02-23,0726,N21,VIIRS,n,2.0NRT,295.2,5.7,D
30.72816,76.03258,337.93,0.58,0.52,2025-02-23,0726,N21,VIIRS,n,2.0NRT,294.42,11.3,D
30.61342,75.99335,338.75,0.59,0.53,2025-02-23,0726,N21,VIIRS,n,2.0NRT,296.55,14.74,D
31.31853,75.75392,326.36,0.59,0.53,2025-02-23,0726,N21,VIIRS,n,2.0NRT,293.84,4.42,D
30.85836,76.39251,338.13,0.55,0.51,2025-02-23,0726,N21,VIIRS,n,2.0NRT,294.58,8.06,D
31.10549,75.59293,327.23,0.57,0.69,2025-02-24,0705,N21,VIIRS,n,2.0NRT,284.22,3.45,D
31.10615,75.59125,329.01,0.42,0.61,2025-02-24,0845,N21,VIIRS,n,2.0NRT,288.28,3.4,D
30.68368,76.05133,338.16,0.57,0.52,2025-03-02,0834,N21,VIIRS,n,2.0NRT,297.33,8.19,D
31.20841,76.38134,329.69,0.49,0.41,2025-03-03,0815,N21,VIIRS,n,2.0NRT,294.61,3.52,D
31.1119,75.81297,329.61,0.39,0.36,2025-03-04,0756,N21,VIIRS,n,2.0NRT,296.64,5.57,D
30.87282,75.85514,331.35,0.39,0.36,2025-03-04,0756,N21,VIIRS,n,2.0NRT,299.87,2.39,D
31.01429,76.03389,326.63,0.39,0.36,2025-03-04,0756,N21,VIIRS,n,2.0NRT,294.53,2.34,D
31.05577,75.50959,328.12,0.4,0.37,2025-03-04,0756,N21,VIIRS,n,2.0NRT,293.35,2.45,D
31.18399,75.75146,335.36,0.39,0.36,2025-03-04,0756,N21,VIIRS,n,2.0NRT,293.39,3.27,D
31.18729,75.75074,343.85,0.39,0.36,2025-03-04,0756,N21,VIIRS,n,2.0NRT,293.45,7.05,D
31.01544,75.61275,338.27,0.4,0.44,2025-03-05,0737,N21,VIIRS,n,2.0NRT,295.73,3.54,D
30.67192,76.07498,334.99,0.38,0.44,2025-03-05,0737,N21,VIIRS,n,2.0NRT,294.06,6.11,D
30.6727,76.07892,338.15,0.38,0.44,2025-03-05,0737,N21,VIIRS,n,2.0NRT,294.52,6.99,D
30.71243,76.31953,328.15,0.56,0.43,2025-03-05,0737,N21,VIIRS,n,2.0NRT,294.18,4.73,D
30.4986,76.09247,326.33,0.36,0.58,2025-03-06,0718,N21,VIIRS,n,2.0NRT,296.18,1.93,D
31.27579,75.90916,327.28,0.36,0.57,2025-03-06,0720,N21,VIIRS,n,2.0NRT,294.08,2.4,D
31.2746,75.911,332.42,0.36,0.57,2025-03-06,0720,N21,VIIRS,n,2.0NRT,293.83,2.3,D
31.10267,75.38253,352.68,0.39,0.59,2025-03-06,0720,N21,VIIRS,n,2.0NRT,304.24,9.14,D
31.10363,75.38641,327.5,0.38,0.59,2025-03-06,0720,N21,VIIRS,n,2.0NRT,299.97,6.67,D
31.12037,75.54655,345.97,0.38,0.58,2025-03-06,0720,N21,VIIRS,n,2.0NRT,295.65,4.58,D
31.23532,76.04243,367,0.35,0.57,2025-03-06,0720,N21,VIIRS,h,2.0NRT,298.66,14.54,D
31.17957,76.1151,336.34,0.35,0.57,2025-03-06,0720,N21,VIIRS,n,2.0NRT,295.72,4.26,D
31.0598,76.19008,325.78,0.35,0.56,2025-03-06,0720,N21,VIIRS,n,2.0NRT,295.82,1.75,D
31.30677,75.76022,346.96,0.68,0.74,2025-03-07,0701,N21,VIIRS,n,2.0NRT,296.41,10.46,D
31.2177,75.80644,367,0.35,0.57,2025-03-07,0839,N21,VIIRS,h,2.0NRT,297.56,7.13,D
30.90002,76.09163,333.87,0.36,0.57,2025-03-07,0839,N21,VIIRS,n,2.0NRT,295.24,2.44,D
31.02475,76.05978,328.77,0.36,0.57,2025-03-07,0839,N21,VIIRS,n,2.0NRT,297.32,1.89,D
31.0684,75.93898,350.46,0.35,0.57,2025-03-07,0839,N21,VIIRS,n,2.0NRT,296.67,5.43,D
31.15503,76.10098,330.85,0.36,0.58,2025-03-07,0839,N21,VIIRS,n,2.0NRT,297.8,3.21,D
31.13027,75.44802,327.26,0.33,0.55,2025-03-07,0839,N21,VIIRS,l,2.0NRT,298.73,2.99,D
31.22289,75.80592,327.96,0.35,0.57,2025-03-07,0839,N21,VIIRS,n,2.0NRT,294.81,7.13,D
30.76472,76.08897,297.61,0.39,0.44,2025-03-07,2103,N21,VIIRS,n,2.0NRT,282.29,0.51,N
30.46992,76.31731,340.6,0.38,0.44,2025-03-08,0822,N21,VIIRS,n,2.0NRT,298.41,14.16,D
31.11075,75.45242,333.71,0.53,0.42,2025-03-08,0822,N21,VIIRS,n,2.0NRT,298.2,6.17,D
31.03568,75.39931,334.3,0.52,0.42,2025-03-08,0822,N21,VIIRS,n,2.0NRT,291.66,6.82,D
30.72425,76.34148,342.73,0.39,0.44,2025-03-08,0822,N21,VIIRS,n,2.0NRT,295.62,33.09,D
31.07235,76.25536,341.75,0.39,0.36,2025-03-09,0803,N21,VIIRS,n,2.0NRT,295.02,4.83,D
31.05022,76.05669,328.64,0.39,0.36,2025-03-09,0803,N21,VIIRS,n,2.0NRT,293.6,3.36,D
31.19188,76.09599,330.36,0.39,0.36,2025-03-09,0803,N21,VIIRS,n,2.0NRT,288.8,3.86,D
31.20082,76.11081,335.63,0.39,0.36,2025-03-09,0803,N21,VIIRS,n,2.0NRT,290.25,7.89,D
30.86667,76.36124,330.54,0.39,0.36,2025-03-09,0803,N21,VIIRS,n,2.0NRT,295.07,7.3,D
31.31004,75.88223,331.25,0.39,0.36,2025-03-09,0803,N21,VIIRS,n,2.0NRT,292.63,2.33,D
31.01955,76.01291,331.11,0.39,0.36,2025-03-09,0803,N21,VIIRS,n,2.0NRT,291.06,2.21,D
30.42181,75.86141,336.53,0.5,0.41,2025-03-10,0744,N21,VIIRS,n,2.0NRT,295.37,8.22,D
31.18937,75.80925,335.36,0.49,0.4,2025-03-10,0744,N21,VIIRS,n,2.0NRT,290.15,10.24,D
31.09751,75.68191,330.32,0.5,0.41,2025-03-10,0744,N21,VIIRS,n,2.0NRT,285.82,2.97,D
30.82617,76.40192,335.91,0.47,0.39,2025-03-10,0744,N21,VIIRS,n,2.0NRT,289.8,5.55,D
31.1194,75.8886,328.36,0.58,0.52,2025-03-11,0726,N21,VIIRS,n,2.0NRT,290.2,3.42,D
30.68382,76.05128,340.02,0.58,0.52,2025-03-11,0726,N21,VIIRS,n,2.0NRT,296.4,10.44,D
30.74621,76.28548,325.59,0.56,0.52,2025-03-11,0726,N21,VIIRS,n,2.0NRT,292.63,4.9,D
31.12112,75.89127,328.98,0.58,0.52,2025-03-11,0726,N21,VIIRS,n,2.0NRT,290.15,5,D
31.22692,76.10501,346.62,0.53,0.67,2025-03-12,0705,N21,VIIRS,n,2.0NRT,295.05,6.97,D
31.19572,75.89275,330.76,0.55,0.68,2025-03-12,0705,N21,VIIRS,n,2.0NRT,295.94,5.08,D
31.21819,75.87885,335.68,0.55,0.68,2025-03-12,0705,N21,VIIRS,n,2.0NRT,296.28,7.96,D
31.21966,75.8843,336.33,0.55,0.68,2025-03-12,0705,N21,VIIRS,n,2.0NRT,296.41,7.96,D
31.21903,75.88316,348.18,0.55,0.68,2025-03-12,0705,N21,VIIRS,n,2.0NRT,296.99,11.03,D
31.08685,75.51791,335.93,0.5,0.49,2025-03-16,0731,N21,VIIRS,n,2.0NRT,300.39,7.89,D
31.08575,75.51287,334.85,0.5,0.49,2025-03-16,0731,N21,VIIRS,n,2.0NRT,299.56,6.16,D
31.08872,76.02027,325.38,0.44,0.62,2025-03-17,0712,N21,VIIRS,n,2.0NRT,295.8,1.67,D
31.2666,75.84726,329.08,0.44,0.63,2025-03-17,0712,N21,VIIRS,n,2.0NRT,296.86,2.71,D
31.0595,75.9293,326.43,0.44,0.63,2025-03-17,0712,N21,VIIRS,n,2.0NRT,296.74,4.37,D
31.16306,75.46973,335.67,0.47,0.64,2025-03-17,0712,N21,VIIRS,n,2.0NRT,301.4,4.08,D
31.19241,76.13163,367,0.43,0.62,2025-03-17,0712,N21,VIIRS,h,2.0NRT,297.46,11.99,D
31.00484,76.34153,326.65,0.79,0.78,2025-03-18,0654,N21,VIIRS,n,2.0NRT,294.5,9.42,D
31.16672,75.56117,334.78,0.54,0.51,2025-03-18,0835,N21,VIIRS,n,2.0NRT,300.39,2.76,D
31.16792,75.56178,334.64,0.54,0.51,2025-03-18,0835,N21,VIIRS,n,2.0NRT,300.39,3.99,D
30.86866,76.21747,331.23,0.59,0.53,2025-03-18,0835,N21,VIIRS,n,2.0NRT,301.52,2.13,D
30.84901,75.94943,297.14,0.48,0.4,2025-03-18,2057,N21,VIIRS,n,2.0NRT,282.06,0.85,N
30.59007,76.10949,333.51,0.47,0.4,2025-03-19,0816,N21,VIIRS,n,2.0NRT,306.33,13.62,D
31.01553,75.99355,333.44,0.47,0.4,2025-03-19,0816,N21,VIIRS,n,2.0NRT,303.32,3.42,D
31.03226,76.03323,343.11,0.47,0.4,2025-03-19,0816,N21,VIIRS,n,2.0NRT,300.92,7.94,D
30.52793,75.99581,337.93,0.47,0.39,2025-03-19,0816,N21,VIIRS,n,2.0NRT,306.45,17.67,D
31.04036,76.25339,330.9,0.48,0.4,2025-03-19,0816,N21,VIIRS,n,2.0NRT,301.24,3.05,D
30.84948,75.94906,305.33,0.39,0.36,2025-03-19,2038,N21,VIIRS,n,2.0NRT,288.49,1.02,N
31.18546,75.56181,338.66,0.4,0.44,2025-03-21,0737,N21,VIIRS,n,2.0NRT,301.69,7.89,D
31.04911,75.99934,338.77,0.38,0.43,2025-03-21,0737,N21,VIIRS,n,2.0NRT,303.95,11.42,D
31.18944,75.56072,330.86,0.4,0.44,2025-03-21,0737,N21,VIIRS,n,2.0NRT,302.06,3.13,D
31.18462,75.55769,335.65,0.4,0.44,2025-03-21,0737,N21,VIIRS,n,2.0NRT,301.08,6.18,D
31.13994,76.04587,332.67,0.57,0.43,2025-03-21,0737,N21,VIIRS,n,2.0NRT,303.04,9.29,D
30.67695,76.10021,330.67,0.36,0.57,2025-03-22,0718,N21,VIIRS,n,2.0NRT,298.36,1.7,D
30.63914,76.1769,336.56,0.36,0.57,2025-03-22,0718,N21,VIIRS,n,2.0NRT,302.53,4.68,D
30.64421,76.17532,329,0.36,0.57,2025-03-22,0718,N21,VIIRS,l,2.0NRT,299.76,1.4,D
30.70099,76.34699,349.93,0.35,0.56,2025-03-22,0718,N21,VIIRS,n,2.0NRT,301.2,7.43,D
30.69885,76.34788,342.23,0.35,0.56,2025-03-22,0718,N21,VIIRS,n,2.0NRT,300.28,3.68,D
30.69801,76.3444,329.23,0.35,0.56,2025-03-22,0718,N21,VIIRS,n,2.0NRT,298.77,3.68,D
31.26754,76.39737,330.97,0.38,0.59,2025-03-23,0839,N21,VIIRS,l,2.0NRT,302.99,2.96,D
31.19557,75.93879,336.55,0.35,0.57,2025-03-23,0839,N21,VIIRS,n,2.0NRT,302.2,3.38,D
31.19263,76.15477,338.79,0.38,0.43,2025-03-24,0822,N21,VIIRS,n,2.0NRT,300.92,7.72,D
30.77909,75.77827,334.24,0.54,0.42,2025-03-24,0822,N21,VIIRS,n,2.0NRT,306.29,5.27,D
31.04402,75.90638,338.85,0.39,0.36,2025-03-25,0803,N21,VIIRS,n,2.0NRT,304.61,5.37,D
30.59838,76.32574,345.11,0.39,0.36,2025-03-25,0803,N21,VIIRS,n,2.0NRT,302.9,5.86,D
30.67524,76.19986,335.13,0.39,0.36,2025-03-25,0803,N21,VIIRS,n,2.0NRT,303.7,3.11,D
30.67768,76.25924,303.12,0.46,0.39,2025-03-25,2025,N21,VIIRS,n,2.0NRT,289.92,0.64,N
30.67925,76.26143,302.04,0.46,0.39,2025-03-25,2025,N21,VIIRS,n,2.0NRT,290.36,0.76,N
30.7195,75.91598,339.18,0.59,0.53,2025-03-27,0726,N21,VIIRS,n,2.0NRT,297.82,6.19,D
30.71992,75.91869,333.96,0.59,0.53,2025-03-27,0726,N21,VIIRS,n,2.0NRT,297.63,7.14,D
30.71539,76.34582,330.33,0.53,0.67,2025-03-28,0705,N21,VIIRS,n,2.0NRT,296.35,2.93,D
30.62791,75.99768,331.5,0.44,0.62,2025-03-28,0845,N21,VIIRS,n,2.0NRT,300.16,3.23,D
31.08946,75.39114,335.53,0.42,0.45,2025-03-29,0828,N21,VIIRS,n,2.0NRT,307.08,3.18,D
30.85078,75.94614,298.49,0.42,0.37,2025-03-29,2053,N21,VIIRS,n,2.0NRT,287.5,0.8,N
30.75431,75.97255,313.47,0.42,0.38,2025-03-29,2053,N21,VIIRS,n,2.0NRT,281.64,2.97,N
30.7577,75.97334,327.15,0.42,0.38,2025-03-29,2053,N21,VIIRS,n,2.0NRT,283.24,10.72,N
30.75355,75.97684,326.47,0.42,0.38,2025-03-29,2053,N21,VIIRS,n,2.0NRT,285.6,3.63,N
30.75695,75.97764,298.04,0.42,0.38,2025-03-29,2053,N21,VIIRS,n,2.0NRT,287.27,13.17,N
31.08031,76.3142,339.77,0.42,0.38,2025-03-30,0807,N21,VIIRS,n,2.0NRT,304.75,4.34,D
31.15285,75.86718,331.05,0.41,0.37,2025-03-30,0807,N21,VIIRS,n,2.0NRT,301.95,2.58,D
30.75515,75.97632,335.2,0.41,0.37,2025-03-30,0807,N21,VIIRS,n,2.0NRT,302.46,4.55,D
30.85124,75.94809,301.01,0.42,0.38,2025-03-30,2032,N21,VIIRS,n,2.0NRT,288.62,0.5,N
30.63807,76.27214,296.76,0.41,0.37,2025-03-30,2032,N21,VIIRS,n,2.0NRT,286.74,0.51,N
31.05367,75.57779,333.92,0.43,0.38,2025-03-31,0750,N21,VIIRS,n,2.0NRT,302.42,6.54,D
31.05161,75.57719,338.44,0.43,0.38,2025-03-31,0750,N21,VIIRS,n,2.0NRT,303.34,5.28,D
30.56195,76.1262,340.85,0.47,0.48,2025-04-01,0731,N21,VIIRS,n,2.0NRT,304.43,4.79,D
30.84365,76.32925,346.94,0.43,0.62,2025-04-02,0712,N21,VIIRS,n,2.0NRT,304.45,7.26,D
30.85007,75.94995,296.08,0.56,0.52,2025-04-02,2116,N21,VIIRS,n,2.0NRT,284.45,0.64,N
31.28093,75.86586,335.5,0.47,0.39,2025-04-04,0816,N21,VIIRS,l,2.0NRT,309.25,17.35,D
30.88704,75.90698,307.66,0.39,0.36,2025-04-04,2038,N21,VIIRS,n,2.0NRT,293.5,0.64,N
30.81161,75.45161,298.36,0.39,0.36,2025-04-04,2038,N21,VIIRS,n,2.0NRT,288.16,0.35,N
31.02182,76.26019,334.08,0.56,0.43,2025-04-06,0737,N21,VIIRS,n,2.0NRT,306.23,3.8,D
30.7635,75.72331,339.93,0.4,0.44,2025-04-06,0737,N21,VIIRS,n,2.0NRT,306.77,4.68,D
30.83704,75.78357,334.33,0.37,0.58,2025-04-07,0718,N21,VIIRS,n,2.0NRT,307.51,2.65,D
31.14765,75.43824,331.24,0.33,0.55,2025-04-08,0839,N21,VIIRS,l,2.0NRT,303.74,1.6,D
31.12906,76.26128,306.93,0.39,0.36,2025-04-09,2044,N21,VIIRS,n,2.0NRT,291.76,0.77,N
30.84871,75.94921,305.94,0.39,0.36,2025-04-09,2044,N21,VIIRS,n,2.0NRT,294.72,1.05,N
30.85087,75.86214,337.74,0.39,0.36,2025-04-10,0803,N21,VIIRS,l,2.0NRT,311.29,1.7,D
30.93487,75.67969,332.57,0.5,0.41,2025-04-10,2025,N21,VIIRS,n,2.0NRT,295.61,9.23,N
30.93635,75.68256,308.08,0.5,0.41,2025-04-10,2025,N21,VIIRS,n,2.0NRT,293.76,5.2,N
30.93696,75.67738,329.54,0.5,0.41,2025-04-10,2025,N21,VIIRS,n,2.0NRT,295.87,5.2,N
30.80211,75.46848,335.24,0.4,0.37,2025-04-15,0807,N21,VIIRS,l,2.0NRT,308.53,2.47,D
31.20812,76.22909,341.08,0.42,0.37,2025-04-16,0750,N21,VIIRS,n,2.0NRT,299.96,14.52,D
30.73612,76.06571,306.33,0.57,0.52,2025-04-18,2116,N21,VIIRS,n,2.0NRT,289.56,2.01,N
30.73742,76.05995,308.12,0.57,0.52,2025-04-18,2116,N21,VIIRS,n,2.0NRT,289.52,2.01,N
30.72557,76.0686,302.33,0.57,0.52,2025-04-18,2116,N21,VIIRS,n,2.0NRT,289.54,1.76,N
30.72687,76.06283,305.86,0.57,0.52,2025-04-18,2116,N21,VIIRS,n,2.0NRT,289.58,9.8,N
30.73482,76.07148,302.66,0.57,0.52,2025-04-18,2116,N21,VIIRS,n,2.0NRT,289.79,2.41,N
30.73279,76.05851,345.52,0.57,0.52,2025-04-18,2116,N21,VIIRS,n,2.0NRT,298.95,9.8,N
30.7341,76.05275,311.19,0.57,0.52,2025-04-18,2116,N21,VIIRS,n,2.0NRT,290.1,13.5,N
30.73149,76.06428,313.02,0.57,0.52,2025-04-18,2116,N21,VIIRS,n,2.0NRT,289.52,9.8,N
30.7302,76.07005,305.27,0.57,0.52,2025-04-18,2116,N21,VIIRS,n,2.0NRT,289.61,1.76,N
30.72817,76.05708,307.59,0.57,0.52,2025-04-18,2116,N21,VIIRS,n,2.0NRT,289.94,9.8,N
30.73872,76.05418,301.92,0.57,0.52,2025-04-18,2116,N21,VIIRS,n,2.0NRT,289.56,1.9,N
30.7321,76.05462,334.16,0.56,0.51,2025-04-19,0835,N21,VIIRS,l,2.0NRT,306.13,19.57,D
30.73262,76.06045,342.56,0.56,0.51,2025-04-19,0835,N21,VIIRS,n,2.0NRT,307.69,19.57,D
30.73269,76.05826,316.34,0.48,0.4,2025-04-19,2057,N21,VIIRS,n,2.0NRT,272.49,2.34,N
30.63697,76.41119,330.61,0.48,0.4,2025-04-20,0813,N21,VIIRS,l,2.0NRT,304.74,3.61,D
30.64063,76.41059,341.24,0.48,0.4,2025-04-20,0813,N21,VIIRS,n,2.0NRT,305.19,3.61,D
31.09569,76.09797,346.46,0.38,0.44,2025-04-22,0735,N21,VIIRS,n,2.0NRT,316.45,17.8,D
30.63887,75.82417,340.46,0.4,0.45,2025-04-22,0735,N21,VIIRS,n,2.0NRT,313.67,4.21,D
30.78709,76.07066,342.02,0.39,0.44,2025-04-22,0735,N21,VIIRS,n,2.0NRT,311.85,6.24,D
30.78491,76.07157,343.15,0.39,0.44,2025-04-22,0735,N21,VIIRS,n,2.0NRT,312.16,5.13,D
31.09491,76.09403,348.24,0.38,0.44,2025-04-22,0735,N21,VIIRS,n,2.0NRT,314.59,17.8,D
31.13436,75.86493,337.34,0.39,0.44,2025-04-22,0737,N21,VIIRS,n,2.0NRT,312.13,3.3,D
31.13354,75.86089,342.35,0.39,0.44,2025-04-22,0737,N21,VIIRS,n,2.0NRT,314.16,4.6,D
30.62271,76.33994,309.44,0.35,0.57,2025-04-22,2000,N21,VIIRS,n,2.0NRT,289.26,0.68,N
30.62144,76.34091,312.17,0.35,0.57,2025-04-22,2000,N21,VIIRS,n,2.0NRT,290.14,0.71,N
30.69937,75.89809,348.99,0.38,0.58,2025-04-23,0718,N21,VIIRS,n,2.0NRT,310.9,47.54,D
31.28562,75.41288,367,0.39,0.59,2025-04-23,0718,N21,VIIRS,h,2.0NRT,310.27,9.75,D
31.28991,75.40722,348.9,0.39,0.59,2025-04-23,0718,N21,VIIRS,n,2.0NRT,305.25,9.75,D
30.69845,75.89433,367,0.38,0.58,2025-04-23,0718,N21,VIIRS,h,2.0NRT,332.9,49.19,D
31.29086,75.41114,344.62,0.39,0.59,2025-04-23,0718,N21,VIIRS,n,2.0NRT,305.09,9.75,D
31.28466,75.40896,342.29,0.39,0.59,2025-04-23,0718,N21,VIIRS,n,2.0NRT,306.43,9.75,D
30.56719,76.33548,340.6,0.36,0.57,2025-04-23,0718,N21,VIIRS,n,2.0NRT,310.79,3.73,D
30.69753,75.89055,367,0.38,0.58,2025-04-23,0718,N21,VIIRS,h,2.0NRT,313.54,49.19,D
30.74142,75.94559,367,0.67,0.73,2025-04-23,0858,N21,VIIRS,h,2.0NRT,310.22,19.81,D
31.1139,75.92553,348.24,0.67,0.74,2025-04-23,0858,N21,VIIRS,n,2.0NRT,305.69,9,D
30.74566,75.94701,367,0.67,0.73,2025-04-23,0858,N21,VIIRS,h,2.0NRT,314.2,42.95,D
30.74817,75.94516,367,0.67,0.73,2025-04-23,0858,N21,VIIRS,h,2.0NRT,310.56,18.43,D
31.18645,76.15534,353.77,0.66,0.73,2025-04-24,0701,N21,VIIRS,n,2.0NRT,310.72,23.2,D
30.95246,75.81538,335.88,0.7,0.75,2025-04-24,0701,N21,VIIRS,n,2.0NRT,308.14,4.83,D
31.22241,75.70174,367,0.7,0.75,2025-04-24,0701,N21,VIIRS,h,2.0NRT,312.12,23.66,D
31.19002,76.15034,355.26,0.66,0.73,2025-04-24,0701,N21,VIIRS,n,2.0NRT,311.71,15.63,D
31.18358,76.1527,367,0.66,0.73,2025-04-24,0701,N21,VIIRS,h,2.0NRT,312.18,15.63,D
31.18459,76.14872,355.27,0.66,0.73,2025-04-24,0701,N21,VIIRS,n,2.0NRT,312.36,24.75,D
30.65364,76.06735,339.71,0.35,0.57,2025-04-24,0839,N21,VIIRS,n,2.0NRT,313.12,3.38,D
30.67702,75.64681,338.16,0.33,0.55,2025-04-24,0839,N21,VIIRS,n,2.0NRT,312.16,1.99,D
30.53862,75.80587,348.8,0.53,0.42,2025-04-25,0820,N21,VIIRS,n,2.0NRT,323.36,18.71,D
31.17643,76.07411,336.64,0.56,0.43,2025-04-25,0820,N21,VIIRS,l,2.0NRT,310.9,82.37,D
31.23393,75.77144,346.63,0.54,0.42,2025-04-25,0820,N21,VIIRS,n,2.0NRT,316.53,9.76,D
31.30599,75.83163,308.19,0.38,0.36,2025-04-25,2044,N21,VIIRS,n,2.0NRT,286.95,0.73,N
30.67728,76.25938,305.48,0.39,0.36,2025-04-25,2044,N21,VIIRS,n,2.0NRT,292.86,0.64,N
30.58223,76.41616,367,0.39,0.36,2025-04-26,0803,N21,VIIRS,h,2.0NRT,332.93,41.93,D
30.98078,75.46378,337.44,0.38,0.36,2025-04-26,0803,N21,VIIRS,l,2.0NRT,312.31,3.36,D
30.47784,75.86868,300.81,0.48,0.4,2025-04-26,2025,N21,VIIRS,n,2.0NRT,289.33,0.39,N
30.47691,75.87048,300.04,0.48,0.4,2025-04-26,2025,N21,VIIRS,n,2.0NRT,288.99,0.33,N
31.11349,75.98967,353.5,0.49,0.4,2025-04-27,0744,N21,VIIRS,n,2.0NRT,318.15,11.38,D
31.02909,76.25753,304.72,0.57,0.52,2025-04-27,2006,N21,VIIRS,n,2.0NRT,288.74,1.37,N
30.89644,75.42294,351.34,0.32,0.54,2025-04-28,0724,N21,VIIRS,n,2.0NRT,320.19,20.63,D
31.05072,76.01781,341.96,0.58,0.52,2025-04-28,0724,N21,VIIRS,n,2.0NRT,310.91,8.77,D
30.94283,75.55379,351.45,0.62,0.54,2025-04-28,0724,N21,VIIRS,n,2.0NRT,320.08,77.4,D
30.99141,75.51871,333.55,0.63,0.54,2025-04-28,0724,N21,VIIRS,l,2.0NRT,307.76,2.89,D
30.94098,75.55711,343.81,0.62,0.54,2025-04-28,0724,N21,VIIRS,n,2.0NRT,313.32,12.3,D
30.89957,75.42121,349.46,0.32,0.54,2025-04-28,0724,N21,VIIRS,n,2.0NRT,318.06,8.75,D
30.92221,75.61001,337.81,0.62,0.54,2025-04-28,0724,N21,VIIRS,n,2.0NRT,312.34,4.67,D
30.88,75.9986,343.65,0.59,0.53,2025-04-28,0724,N21,VIIRS,n,2.0NRT,315.01,10.4,D
30.6241,75.39011,351,0.32,0.55,2025-04-28,0724,N21,VIIRS,n,2.0NRT,312.65,3.2,D
30.88288,76.00988,347.19,0.56,0.68,2025-04-29,0705,N21,VIIRS,n,2.0NRT,303.33,11.07,D
30.51655,76.02866,332.53,0.57,0.69,2025-04-29,0705,N21,VIIRS,l,2.0NRT,303.42,7.95,D
30.66082,76.01066,338.37,0.56,0.69,2025-04-29,0705,N21,VIIRS,n,2.0NRT,301.48,5.22,D
30.47862,75.87239,331.67,0.58,0.7,2025-04-29,0705,N21,VIIRS,l,2.0NRT,302.74,4.53,D
30.51448,76.02784,340.41,0.57,0.69,2025-04-29,0705,N21,VIIRS,n,2.0NRT,303.36,8.63,D
30.48888,75.3754,347.93,0.39,0.6,2025-04-29,0845,N21,VIIRS,n,2.0NRT,308.19,4.82,D
30.48959,75.3744,341.98,0.39,0.6,2025-04-29,0845,N21,VIIRS,n,2.0NRT,307.85,5.41,D
30.54214,75.49429,337.21,0.4,0.6,2025-04-29,0845,N21,VIIRS,n,2.0NRT,306.48,5.14,D
30.79567,75.95157,342.61,0.43,0.62,2025-04-29,0845,N21,VIIRS,n,2.0NRT,307.6,7.34,D
30.80265,75.63718,333.04,0.41,0.61,2025-04-29,0845,N21,VIIRS,l,2.0NRT,305.09,3.88,D
30.91847,75.9531,367,0.43,0.62,2025-04-29,0845,N21,VIIRS,h,2.0NRT,308.11,8.55,D
30.91877,75.95762,346.45,0.43,0.62,2025-04-29,0845,N21,VIIRS,n,2.0NRT,307.48,8.55,D
30.92446,75.95713,335,0.43,0.62,2025-04-29,0845,N21,VIIRS,n,2.0NRT,305.25,8.55,D
30.92416,75.95263,348.24,0.43,0.62,2025-04-29,0845,N21,VIIRS,n,2.0NRT,305.59,8.55,D
30.80732,75.63972,332.86,0.41,0.61,2025-04-29,0845,N21,VIIRS,l,2.0NRT,305.84,3.75,D
30.87635,76.38372,316.25,0.48,0.48,2025-04-29,2110,N21,VIIRS,n,2.0NRT,292.42,2.37,N
31.02627,75.4732,342.14,0.42,0.45,2025-04-30,0828,N21,VIIRS,n,2.0NRT,305.62,5.07,D
30.4609,75.86388,347.62,0.44,0.46,2025-04-30,0828,N21,VIIRS,n,2.0NRT,306.38,7.33,D
30.51326,75.7515,343.97,0.43,0.46,2025-04-30,0828,N21,VIIRS,n,2.0NRT,309.16,4.94,D
31.23053,75.4321,331.87,0.42,0.45,2025-04-30,0828,N21,VIIRS,n,2.0NRT,303.88,1.36,D
30.70604,75.4477,336.13,0.42,0.45,2025-04-30,0828,N21,VIIRS,l,2.0NRT,308.08,4.06,D
30.58924,75.86139,344.41,0.44,0.46,2025-04-30,0828,N21,VIIRS,n,2.0NRT,308.38,6.63,D
30.49941,75.40392,331.44,0.41,0.45,2025-04-30,0828,N21,VIIRS,l,2.0NRT,305.11,1.2,D
30.51402,75.75277,343.3,0.43,0.46,2025-04-30,0828,N21,VIIRS,n,2.0NRT,308.67,6.01,D
30.7879,75.91751,331.93,0.44,0.46,2025-04-30,0828,N21,VIIRS,l,2.0NRT,306.92,3.37,D
30.83778,76.1103,339.87,0.46,0.47,2025-04-30,0828,N21,VIIRS,n,2.0NRT,307.03,5.25,D
30.83431,75.9488,344.22,0.45,0.47,2025-04-30,0828,N21,VIIRS,n,2.0NRT,308.59,6.25,D
30.83858,75.94823,348.66,0.45,0.47,2025-04-30,0828,N21,VIIRS,n,2.0NRT,308.64,6.25,D
30.81212,75.57484,343.89,0.42,0.46,2025-04-30,0828,N21,VIIRS,n,2.0NRT,308.61,7.19,D
30.81375,75.57591,339.9,0.42,0.46,2025-04-30,0828,N21,VIIRS,n,2.0NRT,307.09,4.89,D
30.8133,75.57148,337.96,0.42,0.46,2025-04-30,0828,N21,VIIRS,n,2.0NRT,307.5,5.23,D
30.91232,75.91634,334.01,0.45,0.47,2025-04-30,0828,N21,VIIRS,l,2.0NRT,306.03,2.29,D
30.89247,75.4399,336.04,0.42,0.45,2025-04-30,0828,N21,VIIRS,l,2.0NRT,308.9,6.75,D
30.892,75.43555,342.02,0.42,0.45,2025-04-30,0828,N21,VIIRS,n,2.0NRT,310.81,8.87,D
30.89615,75.43496,338.74,0.42,0.45,2025-04-30,0828,N21,VIIRS,n,2.0NRT,305.18,4.62,D
31.08595,75.89686,308.13,0.41,0.37,2025-04-30,2051,N21,VIIRS,n,2.0NRT,289.24,0.79,N
30.54934,75.7713,330.04,0.41,0.37,2025-04-30,2053,N21,VIIRS,n,2.0NRT,296.36,3.36,N
30.83053,75.90974,338.47,0.41,0.37,2025-05-01,0807,N21,VIIRS,n,2.0NRT,306.37,8.93,D
31.1439,76.02937,337.04,0.41,0.37,2025-05-01,0807,N21,VIIRS,n,2.0NRT,304.48,7.13,D
31.09802,76.05102,335.15,0.41,0.37,2025-05-01,0807,N21,VIIRS,n,2.0NRT,304.26,5.07,D
31.15066,76.02457,339.23,0.41,0.37,2025-05-01,0807,N21,VIIRS,n,2.0NRT,304.97,6.84,D
31.15008,76.02027,344.43,0.41,0.37,2025-05-01,0807,N21,VIIRS,n,2.0NRT,305.47,5.27,D
31.15348,76.01965,333.6,0.41,0.37,2025-05-01,0807,N21,VIIRS,n,2.0NRT,302.55,5.27,D
31.13759,75.79948,337.86,0.41,0.37,2025-05-01,0807,N21,VIIRS,n,2.0NRT,302.77,4.98,D
30.92705,75.52278,335.23,0.4,0.37,2025-05-01,0807,N21,VIIRS,n,2.0NRT,303.66,5.5,D
30.92647,75.51863,331.83,0.4,0.37,2025-05-01,0807,N21,VIIRS,l,2.0NRT,302.68,5.5,D
30.97082,75.47762,336.52,0.4,0.37,2025-05-01,0807,N21,VIIRS,n,2.0NRT,304.48,4.84,D
30.68006,76.29818,330.58,0.42,0.37,2025-05-01,0807,N21,VIIRS,l,2.0NRT,302.47,3.33,D
30.68406,76.30188,338.16,0.42,0.37,2025-05-01,0807,N21,VIIRS,n,2.0NRT,302.29,3.33,D
30.58148,75.43302,336.77,0.4,0.37,2025-05-01,0807,N21,VIIRS,n,2.0NRT,305.66,4,D
30.72079,75.67522,335.45,0.4,0.37,2025-05-01,0807,N21,VIIRS,n,2.0NRT,304.03,1.71,D
30.83391,75.90913,332.86,0.41,0.37,2025-05-01,0807,N21,VIIRS,l,2.0NRT,303.64,8.93,D
30.88452,75.9999,332.27,0.41,0.37,2025-05-01,0807,N21,VIIRS,l,2.0NRT,304.32,1.81,D
30.9071,75.98701,334.63,0.41,0.37,2025-05-01,0807,N21,VIIRS,l,2.0NRT,305.2,1.73,D
30.43437,75.54887,345.28,0.4,0.37,2025-05-01,0807,N21,VIIRS,n,2.0NRT,307.51,7.2,D
30.43265,75.53653,342.76,0.4,0.37,2025-05-01,0807,N21,VIIRS,n,2.0NRT,307,5.56,D
30.49322,75.87408,343.83,0.4,0.37,2025-05-01,0807,N21,VIIRS,n,2.0NRT,308.07,13.8,D
30.52105,75.95071,340.78,0.41,0.37,2025-05-01,0807,N21,VIIRS,n,2.0NRT,305.7,3.15,D
30.50373,75.82496,339.6,0.4,0.37,2025-05-01,0807,N21,VIIRS,n,2.0NRT,308.93,8.6,D
30.53425,76.02178,345.18,0.41,0.37,2025-05-01,0807,N21,VIIRS,n,2.0NRT,307.56,14.99,D
30.5744,76.18873,335.23,0.41,0.37,2025-05-01,0807,N21,VIIRS,n,2.0NRT,301.76,3.03,D
30.55018,75.91083,336.75,0.41,0.37,2025-05-01,0807,N21,VIIRS,n,2.0NRT,305.65,7.41,D
30.48869,75.39966,336.9,0.4,0.37,2025-05-01,0807,N21,VIIRS,l,2.0NRT,308.21,2.76,D
30.53194,75.63205,347.46,0.4,0.37,2025-05-01,0807,N21,VIIRS,n,2.0NRT,308.2,6.03,D
31.14667,76.0209,347.14,0.41,0.37,2025-05-01,0807,N21,VIIRS,n,2.0NRT,304.58,8.04,D
31.14725,76.0252,336.53,0.41,0.37,2025-05-01,0807,N21,VIIRS,n,2.0NRT,303.92,6.18,D
31.14385,76.02583,339.36,0.41,0.37,2025-05-01,0807,N21,VIIRS,n,2.0NRT,305.48,6.18,D
31.14331,76.02507,333.76,0.41,0.37,2025-05-01,0807,N21,VIIRS,l,2.0NRT,304.71,7.13,D
31.25611,75.78377,342.21,0.48,0.48,2025-05-03,0729,N21,VIIRS,n,2.0NRT,298.59,5.59,D
31.2518,75.78501,340.24,0.48,0.48,2025-05-03,0729,N21,VIIRS,n,2.0NRT,300.01,5.59,D
31.28561,75.98633,336.87,0.47,0.48,2025-05-03,0729,N21,VIIRS,n,2.0NRT,299.51,2.69,D
31.2639,75.9057,339.8,0.47,0.48,2025-05-03,0729,N21,VIIRS,n,2.0NRT,299.75,5.34,D
31.16079,75.89753,337.29,0.48,0.48,2025-05-03,0729,N21,VIIRS,n,2.0NRT,302.02,4.99,D
31.03303,75.49906,341.23,0.5,0.49,2025-05-03,0729,N21,VIIRS,n,2.0NRT,295.51,6.12,D
30.97803,75.40813,339.33,0.51,0.5,2025-05-03,0729,N21,VIIRS,n,2.0NRT,294.45,2.88,D
31.07127,76.16489,345.15,0.46,0.47,2025-05-03,0729,N21,VIIRS,n,2.0NRT,302.02,10.85,D
31.07227,76.16959,341.19,0.46,0.47,2025-05-03,0729,N21,VIIRS,n,2.0NRT,300.16,7.39,D
31.05023,76.15067,338.16,0.46,0.47,2025-05-03,0729,N21,VIIRS,n,2.0NRT,302.57,146.08,D
30.88871,75.49455,338.81,0.51,0.49,2025-05-03,0729,N21,VIIRS,n,2.0NRT,299.2,8.48,D
30.96625,75.88881,341.76,0.48,0.48,2025-05-03,0729,N21,VIIRS,n,2.0NRT,298.34,4.77,D
30.96193,75.89003,330.88,0.48,0.48,2025-05-03,0729,N21,VIIRS,n,2.0NRT,299.06,4.77,D
30.89034,75.49215,341.92,0.51,0.49,2025-05-03,0729,N21,VIIRS,n,2.0NRT,298.35,7.42,D
30.96537,75.88763,344.52,0.48,0.48,2025-05-03,0729,N21,VIIRS,n,2.0NRT,298.76,7.93,D
30.86493,75.50495,331.72,0.51,0.49,2025-05-03,0729,N21,VIIRS,n,2.0NRT,299.24,6.28,D
30.7735,75.43172,331.43,0.52,0.5,2025-05-03,0729,N21,VIIRS,n,2.0NRT,300.93,3.73,D
30.79686,75.60089,342.75,0.5,0.49,2025-05-03,0729,N21,VIIRS,n,2.0NRT,299.94,16.14,D
30.799,75.60236,344.63,0.5,0.49,2025-05-03,0729,N21,VIIRS,n,2.0NRT,300.13,14.28,D
30.79696,75.95847,333.23,0.48,0.48,2025-05-03,0729,N21,VIIRS,n,2.0NRT,301.36,5.73,D
30.61207,75.70253,343.68,0.5,0.49,2025-05-03,0729,N21,VIIRS,n,2.0NRT,303.03,14.24,D
30.60768,75.70378,349.75,0.5,0.49,2025-05-03,0729,N21,VIIRS,n,2.0NRT,302.14,14.24,D
30.64075,75.85456,336.18,0.49,0.49,2025-05-03,0729,N21,VIIRS,n,2.0NRT,299.83,3.91,D
30.60328,75.70503,330.12,0.5,0.49,2025-05-03,0729,N21,VIIRS,n,2.0NRT,298.55,2.12,D
30.63639,75.8558,334.67,0.49,0.49,2025-05-03,0729,N21,VIIRS,n,2.0NRT,299.9,3.59,D
30.60444,75.70256,332.72,0.5,0.49,2025-05-03,0729,N21,VIIRS,n,2.0NRT,300.74,3.45,D
30.60553,75.70766,336.11,0.5,0.49,2025-05-03,0729,N21,VIIRS,n,2.0NRT,300.11,3.45,D
30.63764,75.85883,334.19,0.49,0.49,2025-05-03,0729,N21,VIIRS,n,2.0NRT,297.44,6.54,D
30.59556,75.74819,331.44,0.5,0.49,2025-05-03,0729,N21,VIIRS,n,2.0NRT,298.77,2.76,D
30.42186,75.40634,333.46,0.53,0.5,2025-05-03,0729,N21,VIIRS,n,2.0NRT,297.84,3.19,D
30.42141,75.40822,333.14,0.53,0.5,2025-05-03,0729,N21,VIIRS,n,2.0NRT,297.87,4.35,D
30.44466,75.77667,340.99,0.5,0.49,2025-05-03,0729,N21,VIIRS,n,2.0NRT,299.96,2.93,D
30.42051,76.11292,342.2,0.48,0.48,2025-05-03,0729,N21,VIIRS,n,2.0NRT,303.74,10.08,D
30.43287,76.17101,336.03,0.48,0.48,2025-05-03,0729,N21,VIIRS,n,2.0NRT,301,4.31,D
30.42638,76.00388,336.61,0.46,0.64,2025-05-04,0712,N21,VIIRS,n,2.0NRT,291.21,5.49,D
30.76625,75.6702,335.4,0.47,0.64,2025-05-04,0712,N21,VIIRS,n,2.0NRT,290.17,3.34,D
30.68277,75.37863,343.93,0.49,0.65,2025-05-04,0712,N21,VIIRS,n,2.0NRT,294.77,5.95,D
30.81307,75.87189,334.48,0.46,0.63,2025-05-04,0712,N21,VIIRS,n,2.0NRT,291.07,3.99,D
30.76633,75.66968,333.79,0.47,0.64,2025-05-04,0712,N21,VIIRS,n,2.0NRT,290.33,3.59,D
30.68461,75.37709,351.61,0.49,0.65,2025-05-04,0712,N21,VIIRS,n,2.0NRT,295.12,8.68,D
30.81195,75.87203,340.48,0.46,0.63,2025-05-04,0712,N21,VIIRS,n,2.0NRT,291.48,5.91,D
30.81313,75.87663,332.93,0.46,0.63,2025-05-04,0712,N21,VIIRS,n,2.0NRT,291.13,6.24,D
30.71678,75.52541,335.07,0.48,0.65,2025-05-04,0712,N21,VIIRS,n,2.0NRT,294.37,6.54,D
30.71803,75.53024,330.51,0.48,0.65,2025-05-04,0712,N21,VIIRS,n,2.0NRT,294.25,6.65,D
30.78909,75.94916,332.09,0.45,0.63,2025-05-04,0712,N21,VIIRS,n,2.0NRT,295.26,2.16,D
30.80606,76.10935,332.47,0.44,0.63,2025-05-04,0712,N21,VIIRS,n,2.0NRT,291.83,2.8,D
30.75989,75.95381,336.51,0.45,0.63,2025-05-04,0712,N21,VIIRS,n,2.0NRT,294.71,7.93,D
30.69258,75.76574,331.19,0.47,0.64,2025-05-04,0712,N21,VIIRS,n,2.0NRT,291.57,2.98,D
30.56636,75.39776,367,0.49,0.65,2025-05-04,0712,N21,VIIRS,h,2.0NRT,292.07,18.22,D
30.69104,75.90494,333.64,0.46,0.63,2025-05-04,0712,N21,VIIRS,n,2.0NRT,291.1,2.91,D
30.77011,76.26279,330.06,0.44,0.62,2025-05-04,0712,N21,VIIRS,n,2.0NRT,293.04,2.45,D
30.53553,75.47227,333.75,0.49,0.65,2025-05-04,0712,N21,VIIRS,n,2.0NRT,290.58,4.04,D
30.73246,76.23238,332.86,0.44,0.62,2025-05-04,0712,N21,VIIRS,n,2.0NRT,293.79,3.09,D
30.59889,75.7383,331.53,0.47,0.64,2025-05-04,0712,N21,VIIRS,n,2.0NRT,285.58,6.94,D
30.49087,75.37455,338.49,0.5,0.66,2025-05-04,0712,N21,VIIRS,n,2.0NRT,289.41,8.75,D
30.48733,75.37418,350.81,0.5,0.66,2025-05-04,0712,N21,VIIRS,n,2.0NRT,289.44,8.56,D
30.45823,75.52866,333.23,0.49,0.65,2025-05-04,0712,N21,VIIRS,n,2.0NRT,289.09,4.14,D
30.43321,75.45699,345.61,0.49,0.65,2025-05-04,0712,N21,VIIRS,n,2.0NRT,288.55,6.1,D
30.45933,75.8904,339.67,0.47,0.64,2025-05-04,0712,N21,VIIRS,n,2.0NRT,291.64,5.5,D
30.42669,76.00134,332.66,0.46,0.64,2025-05-04,0712,N21,VIIRS,n,2.0NRT,289.62,7.47,D
30.42422,76.21094,337.18,0.45,0.63,2025-05-04,0712,N21,VIIRS,n,2.0NRT,292.86,5.77,D
31.30284,75.85822,336.52,0.45,0.63,2025-05-04,0712,N21,VIIRS,n,2.0NRT,287.34,6.24,D
31.30286,75.97458,333.7,0.44,0.62,2025-05-04,0712,N21,VIIRS,n,2.0NRT,283.15,10.03,D
31.30012,75.9754,331.21,0.44,0.62,2025-05-04,0712,N21,VIIRS,n,2.0NRT,285.35,3.87,D
31.24838,75.86646,336.6,0.45,0.63,2025-05-04,0712,N21,VIIRS,n,2.0NRT,288.15,5.82,D
31.24282,75.86833,334.65,0.45,0.63,2025-05-04,0712,N21,VIIRS,n,2.0NRT,290.41,5.82,D
31.09134,75.89979,333.8,0.45,0.63,2025-05-04,0712,N21,VIIRS,n,2.0NRT,291.12,4.06,D
30.92837,75.53291,331.4,0.48,0.64,2025-05-04,0712,N21,VIIRS,n,2.0NRT,289.67,2.07,D
30.85868,75.55118,333.02,0.48,0.64,2025-05-04,0712,N21,VIIRS,n,2.0NRT,290.5,2.89,D
30.85916,75.55131,331.89,0.48,0.64,2025-05-04,0712,N21,VIIRS,n,2.0NRT,290.4,3.05,D
30.96255,76.02834,367,0.45,0.63,2025-05-04,0712,N21,VIIRS,h,2.0NRT,299.35,49.04,D
30.95699,76.03019,341.8,0.45,0.63,2025-05-04,0712,N21,VIIRS,n,2.0NRT,293.68,7.1,D
30.96204,76.19154,336.11,0.44,0.62,2025-05-04,0712,N21,VIIRS,n,2.0NRT,292.51,1.97,D
30.84969,75.82482,331.24,0.46,0.64,2025-05-04,0712,N21,VIIRS,n,2.0NRT,291.16,12.48,D
30.8485,75.82021,367,0.46,0.64,2025-05-04,0712,N21,VIIRS,h,2.0NRT,293.65,18.83,D
30.84167,75.81747,339.04,0.46,0.64,2025-05-04,0712,N21,VIIRS,n,2.0NRT,292.76,10.71,D
30.84286,75.82209,367,0.46,0.64,2025-05-04,0712,N21,VIIRS,h,2.0NRT,294.25,10.71,D
30.75086,75.49368,330.06,0.48,0.65,2025-05-04,0712,N21,VIIRS,n,2.0NRT,292.13,3.27,D
30.68855,75.37669,340.49,0.49,0.65,2025-05-04,0712,N21,VIIRS,n,2.0NRT,293.95,5.95,D
30.5928,75.91158,347.16,0.53,0.67,2025-05-04,0852,N21,VIIRS,n,2.0NRT,292.36,9.32,D
30.48584,75.43127,346.62,0.5,0.66,2025-05-04,0852,N21,VIIRS,n,2.0NRT,293.12,6.23,D
30.48079,75.66484,330.87,0.51,0.66,2025-05-04,0852,N21,VIIRS,n,2.0NRT,294.59,3.42,D
30.46709,75.75253,367,0.52,0.67,2025-05-04,0852,N21,VIIRS,h,2.0NRT,296.45,14.7,D
30.44011,75.37275,351.29,0.49,0.65,2025-05-04,0852,N21,VIIRS,n,2.0NRT,294.04,10.82,D
30.46719,75.7522,367,0.52,0.67,2025-05-04,0852,N21,VIIRS,h,2.0NRT,297.02,19.05,D
30.63534,75.89153,335.71,0.53,0.67,2025-05-04,0852,N21,VIIRS,n,2.0NRT,287.48,6.78,D
30.65528,75.69728,341.65,0.52,0.67,2025-05-04,0852,N21,VIIRS,n,2.0NRT,292.84,6.05,D
30.65526,75.69518,331.26,0.52,0.67,2025-05-04,0852,N21,VIIRS,n,2.0NRT,292.74,4.7,D
30.74192,75.46343,344.24,0.5,0.66,2025-05-04,0852,N21,VIIRS,n,2.0NRT,287.97,11.02,D
30.69393,75.50417,333.26,0.51,0.66,2025-05-04,0852,N21,VIIRS,n,2.0NRT,289.69,4.1,D
30.67747,75.53735,331.3,0.51,0.66,2025-05-04,0852,N21,VIIRS,n,2.0NRT,287.03,2.63,D
30.66615,75.44307,333.93,0.5,0.66,2025-05-04,0852,N21,VIIRS,n,2.0NRT,290.37,3.86,D
30.73707,75.51137,340.85,0.51,0.66,2025-05-04,0852,N21,VIIRS,n,2.0NRT,284.81,5.36,D
30.74639,75.46297,345.76,0.5,0.66,2025-05-04,0852,N21,VIIRS,n,2.0NRT,288.8,7.16,D
30.43789,75.37309,354.5,0.49,0.65,2025-05-04,0852,N21,VIIRS,n,2.0NRT,295.29,15.38,D
31.00336,75.43828,336.65,0.52,0.5,2025-05-05,0835,N21,VIIRS,n,2.0NRT,296.68,5.77,D
30.58267,75.64357,336.02,0.45,0.39,2025-05-06,0813,N21,VIIRS,n,2.0NRT,300.11,3.4,D
31.29342,75.73971,337.07,0.46,0.39,2025-05-06,0813,N21,VIIRS,n,2.0NRT,302.87,4.22,D
31.22495,75.91196,337.16,0.47,0.39,2025-05-06,0813,N21,VIIRS,n,2.0NRT,301.33,2.77,D
31.22134,75.91259,337.34,0.47,0.39,2025-05-06,0813,N21,VIIRS,n,2.0NRT,302.96,2.77,D
31.18262,75.74665,347.04,0.46,0.39,2025-05-06,0813,N21,VIIRS,n,2.0NRT,305.44,4.41,D
31.11951,75.41406,346.12,0.44,0.39,2025-05-06,0813,N21,VIIRS,n,2.0NRT,300.5,7.15,D
31.11558,75.49553,337.27,0.45,0.39,2025-05-06,0813,N21,VIIRS,n,2.0NRT,301.7,3.83,D
31.08246,75.40633,349.95,0.44,0.39,2025-05-06,0813,N21,VIIRS,n,2.0NRT,303.56,14.4,D
31.07659,75.41681,330.61,0.44,0.39,2025-05-06,0813,N21,VIIRS,l,2.0NRT,303.27,3.04,D
31.12595,75.98617,339.45,0.47,0.4,2025-05-06,0813,N21,VIIRS,n,2.0NRT,302.74,6.81,D
31.12233,75.98678,338.64,0.47,0.4,2025-05-06,0813,N21,VIIRS,n,2.0NRT,302.47,6.81,D
31.09782,75.8768,347.44,0.46,0.39,2025-05-06,0813,N21,VIIRS,n,2.0NRT,304.01,15.91,D
31.05177,75.5927,332.69,0.45,0.39,2025-05-06,0813,N21,VIIRS,n,2.0NRT,299.32,1.97,D
31.01456,75.43919,330.02,0.44,0.39,2025-05-06,0813,N21,VIIRS,l,2.0NRT,301.54,1.35,D
31.02857,75.63234,331.26,0.45,0.39,2025-05-06,0813,N21,VIIRS,n,2.0NRT,295.73,3.45,D
31.02501,75.63294,344.01,0.45,0.39,2025-05-06,0813,N21,VIIRS,n,2.0NRT,297.16,8.65,D
31.04141,76.11742,341.75,0.47,0.4,2025-05-06,0813,N21,VIIRS,n,2.0NRT,295.46,5.89,D
30.94049,75.42374,337.08,0.44,0.39,2025-05-06,0813,N21,VIIRS,n,2.0NRT,297.9,4.34,D
30.98313,76.16026,331.58,0.47,0.4,2025-05-06,0813,N21,VIIRS,n,2.0NRT,296.92,3.21,D
30.88671,75.48347,340.19,0.44,0.39,2025-05-06,0813,N21,VIIRS,n,2.0NRT,296.77,3.66,D
30.85257,75.41399,341.93,0.44,0.39,2025-05-06,0813,N21,VIIRS,n,2.0NRT,299.78,8.82,D
30.85316,75.41858,337.78,0.44,0.39,2025-05-06,0813,N21,VIIRS,n,2.0NRT,298.43,8.82,D
30.86201,75.54463,337.34,0.45,0.39,2025-05-06,0813,N21,VIIRS,n,2.0NRT,300.22,7.96,D
30.87618,75.68565,340.47,0.45,0.39,2025-05-06,0813,N21,VIIRS,n,2.0NRT,304.81,9.74,D
30.87678,75.69037,338.49,0.45,0.39,2025-05-06,0813,N21,VIIRS,n,2.0NRT,304.23,9.74,D
30.79528,75.44574,345.38,0.44,0.39,2025-05-06,0813,N21,VIIRS,n,2.0NRT,306.26,10.1,D
30.80144,75.577,332.42,0.45,0.39,2025-05-06,0813,N21,VIIRS,n,2.0NRT,301.3,1,D
30.84174,75.89332,339.74,0.46,0.39,2025-05-06,0813,N21,VIIRS,n,2.0NRT,300.92,4,D
30.83701,75.94322,338.47,0.46,0.39,2025-05-06,0813,N21,VIIRS,n,2.0NRT,304.56,4.12,D
30.81536,75.80032,337.52,0.46,0.39,2025-05-06,0813,N21,VIIRS,n,2.0NRT,305.4,3.19,D
30.83341,75.94382,342.65,0.46,0.39,2025-05-06,0813,N21,VIIRS,n,2.0NRT,305.65,6.29,D
30.77426,75.53427,336.03,0.45,0.39,2025-05-06,0813,N21,VIIRS,n,2.0NRT,303.13,5.42,D
30.75242,75.42033,330.84,0.44,0.38,2025-05-06,0813,N21,VIIRS,l,2.0NRT,303.48,1.61,D
30.80404,75.88503,336.94,0.46,0.39,2025-05-06,0813,N21,VIIRS,n,2.0NRT,299.04,2.12,D
30.83522,76.13716,338.95,0.47,0.4,2025-05-06,0813,N21,VIIRS,n,2.0NRT,305.29,7.52,D
30.80941,75.95771,343.13,0.46,0.39,2025-05-06,0813,N21,VIIRS,n,2.0NRT,303.46,9.87,D
30.80044,75.91501,334.5,0.46,0.39,2025-05-06,0813,N21,VIIRS,n,2.0NRT,301.5,2.37,D
30.7295,75.55148,336.84,0.45,0.39,2025-05-06,0813,N21,VIIRS,n,2.0NRT,302.03,3.28,D
30.69794,75.41579,333.33,0.44,0.38,2025-05-06,0813,N21,VIIRS,l,2.0NRT,304.75,2.63,D
30.71932,75.92595,335.49,0.46,0.39,2025-05-06,0813,N21,VIIRS,n,2.0NRT,297.84,8.47,D
30.71992,75.93073,337.62,0.46,0.39,2025-05-06,0813,N21,VIIRS,n,2.0NRT,298.87,8.91,D
30.59713,75.50414,336.68,0.44,0.39,2025-05-06,0813,N21,VIIRS,n,2.0NRT,303.72,10.25,D
30.61359,75.74324,340.71,0.45,0.39,2025-05-06,0813,N21,VIIRS,n,2.0NRT,302.87,10.44,D
30.62268,75.84287,341.34,0.46,0.39,2025-05-06,0813,N21,VIIRS,n,2.0NRT,305.7,4.86,D
30.59824,75.82285,339.35,0.46,0.39,2025-05-06,0813,N21,VIIRS,n,2.0NRT,305.5,4.89,D
30.5786,75.72528,337.04,0.45,0.39,2025-05-06,0813,N21,VIIRS,n,2.0NRT,302.99,5.48,D
30.54782,75.51269,336.85,0.44,0.39,2025-05-06,0813,N21,VIIRS,n,2.0NRT,302.85,3.94,D
30.58574,75.81049,342.75,0.46,0.39,2025-05-06,0813,N21,VIIRS,n,2.0NRT,301.46,8.7,D
30.51557,75.37375,338.75,0.44,0.38,2025-05-06,0813,N21,VIIRS,n,2.0NRT,301.35,4.04,D
30.51207,75.37436,337.4,0.44,0.38,2025-05-06,0813,N21,VIIRS,n,2.0NRT,300.44,4.04,D
30.56315,75.80472,338.68,0.45,0.39,2025-05-06,0813,N21,VIIRS,n,2.0NRT,303.37,4.47,D
30.56374,75.80943,337.4,0.45,0.39,2025-05-06,0813,N21,VIIRS,n,2.0NRT,304.01,4.27,D
30.559,75.80061,338.56,0.45,0.39,2025-05-06,0813,N21,VIIRS,n,2.0NRT,302.65,4.47,D
30.52842,75.58661,341.41,0.45,0.39,2025-05-06,0813,N21,VIIRS,n,2.0NRT,301.49,4.97,D
30.54356,75.79362,335.13,0.45,0.39,2025-05-06,0813,N21,VIIRS,n,2.0NRT,301.5,2.44,D
30.50552,75.54818,347.43,0.44,0.39,2025-05-06,0813,N21,VIIRS,n,2.0NRT,302.73,13.4,D
30.54574,75.89957,338.61,0.46,0.39,2025-05-06,0813,N21,VIIRS,n,2.0NRT,299.6,3.72,D
30.54762,75.90218,331.05,0.46,0.39,2025-05-06,0813,N21,VIIRS,n,2.0NRT,296.98,3.99,D
30.53991,75.92776,335.05,0.46,0.39,2025-05-06,0813,N21,VIIRS,n,2.0NRT,296.11,2.14,D
30.56436,76.14983,331.52,0.47,0.4,2025-05-06,0813,N21,VIIRS,n,2.0NRT,287.88,2.86,D
30.47871,75.53716,344.38,0.44,0.39,2025-05-06,0813,N21,VIIRS,n,2.0NRT,302.41,5.28,D
30.4943,75.68555,343.05,0.45,0.39,2025-05-06,0813,N21,VIIRS,n,2.0NRT,300.37,5.79,D
30.47889,75.65024,337.97,0.45,0.39,2025-05-06,0813,N21,VIIRS,n,2.0NRT,297,4.22,D
30.45228,75.52766,347.64,0.44,0.39,2025-05-06,0813,N21,VIIRS,n,2.0NRT,304.94,5.49,D
30.45057,75.62673,336.44,0.45,0.39,2025-05-06,0813,N21,VIIRS,n,2.0NRT,298.32,3.03,D
30.44778,75.94135,306.62,0.39,0.36,2025-05-06,2038,N21,VIIRS,n,2.0NRT,290.46,0.42,N
31.06845,76.10513,335.95,0.39,0.36,2025-05-07,0756,N21,VIIRS,n,2.0NRT,300.27,8.74,D
31.06516,76.10584,341.27,0.39,0.36,2025-05-07,0756,N21,VIIRS,n,2.0NRT,300.47,8.74,D
30.801,75.5321,339.17,0.4,0.37,2025-05-07,0756,N21,VIIRS,n,2.0NRT,305.46,7.15,D
30.74997,75.5089,333.23,0.4,0.37,2025-05-07,0756,N21,VIIRS,l,2.0NRT,300.05,3.36,D
31.21443,76.0994,337.94,0.39,0.36,2025-05-07,0756,N21,VIIRS,n,2.0NRT,306.25,2.99,D
31.17359,76.18697,339.5,0.39,0.36,2025-05-07,0756,N21,VIIRS,n,2.0NRT,307.16,6.55,D
31.13995,76.21082,346.64,0.39,0.36,2025-05-07,0756,N21,VIIRS,n,2.0NRT,303.15,4.72,D
30.96439,76.41676,334.43,0.39,0.36,2025-05-07,0756,N21,VIIRS,n,2.0NRT,299.69,3.27,D
31.09487,76.14153,334.57,0.39,0.36,2025-05-07,0756,N21,VIIRS,n,2.0NRT,300.57,1.6,D
30.99531,75.58782,334.06,0.4,0.37,2025-05-07,0756,N21,VIIRS,l,2.0NRT,301.62,6.44,D
30.52698,76.32601,339.76,0.39,0.36,2025-05-07,0756,N21,VIIRS,n,2.0NRT,306.74,5.33,D
30.42923,75.65799,336.18,0.4,0.37,2025-05-07,0756,N21,VIIRS,n,2.0NRT,301,4.02,D
30.42159,75.50677,344.04,0.4,0.37,2025-05-07,0756,N21,VIIRS,n,2.0NRT,302.99,8.96,D
30.53246,76.14676,335.64,0.39,0.36,2025-05-07,0756,N21,VIIRS,n,2.0NRT,301.81,2.69,D
30.48905,75.67054,340.97,0.4,0.37,2025-05-07,0756,N21,VIIRS,n,2.0NRT,302.85,8.28,D
30.53491,75.65628,342.25,0.4,0.37,2025-05-07,0756,N21,VIIRS,l,2.0NRT,299.52,6.1,D
30.62294,76.13584,332.41,0.39,0.36,2025-05-07,0756,N21,VIIRS,l,2.0NRT,302.07,4.66,D
30.65447,76.29078,337.38,0.39,0.36,2025-05-07,0756,N21,VIIRS,n,2.0NRT,303.64,4.29,D
30.52617,75.37278,336.63,0.4,0.37,2025-05-07,0756,N21,VIIRS,l,2.0NRT,302.59,5.36,D
30.57604,75.45293,343.81,0.4,0.37,2025-05-07,0756,N21,VIIRS,n,2.0NRT,299.94,6.51,D
30.7141,75.87527,340.04,0.39,0.36,2025-05-07,0756,N21,VIIRS,n,2.0NRT,300.56,4.23,D
30.63344,75.44451,341.12,0.4,0.37,2025-05-07,0756,N21,VIIRS,n,2.0NRT,297.76,4.25,D
30.80969,75.93876,333.11,0.39,0.36,2025-05-07,0756,N21,VIIRS,l,2.0NRT,300.94,3.41,D
30.60081,76.18327,335.04,0.38,0.43,2025-05-08,0737,N21,VIIRS,n,2.0NRT,302.04,5.21,D
30.56715,75.97481,340.46,0.39,0.44,2025-05-08,0737,N21,VIIRS,n,2.0NRT,300.63,5.87,D
30.60529,75.9986,340.12,0.39,0.44,2025-05-08,0737,N21,VIIRS,n,2.0NRT,300.41,6.39,D
30.44838,76.03583,343.25,0.39,0.44,2025-05-08,0737,N21,VIIRS,n,2.0NRT,305.83,11.28,D
30.47006,76.12241,340.44,0.39,0.44,2025-05-08,0737,N21,VIIRS,n,2.0NRT,305.73,4.66,D
30.474,76.12138,336.92,0.39,0.44,2025-05-08,0737,N21,VIIRS,n,2.0NRT,302.91,4.66,D
30.52599,76.007,336.39,0.39,0.44,2025-05-08,0737,N21,VIIRS,n,2.0NRT,299.39,5.49,D
30.56601,76.16793,339.54,0.39,0.44,2025-05-08,0737,N21,VIIRS,n,2.0NRT,297.08,4.04,D
30.56469,76.16794,338.82,0.39,0.44,2025-05-08,0737,N21,VIIRS,n,2.0NRT,295.49,6.03,D
31.12698,75.59989,341.91,0.4,0.44,2025-05-08,0737,N21,VIIRS,n,2.0NRT,299.49,10.85,D
30.42201,76.16307,342.7,0.39,0.44,2025-05-08,0737,N21,VIIRS,n,2.0NRT,303.83,5.97,D
30.42595,76.16206,343.03,0.39,0.44,2025-05-08,0737,N21,VIIRS,n,2.0NRT,305.52,2.79,D
30.48261,76.4082,335.51,0.56,0.43,2025-05-08,0737,N21,VIIRS,n,2.0NRT,300.39,7.1,D
30.46291,76.10759,335.48,0.39,0.44,2025-05-08,0737,N21,VIIRS,n,2.0NRT,303.3,2.4,D
31.27305,75.75434,350.17,0.39,0.44,2025-05-08,0737,N21,VIIRS,n,2.0NRT,293.26,7.52,D
30.72514,76.37771,331.81,0.56,0.43,2025-05-08,0737,N21,VIIRS,n,2.0NRT,299.91,6.42,D
30.64662,76.00872,340.6,0.39,0.44,2025-05-08,0737,N21,VIIRS,n,2.0NRT,297.99,8.81,D
30.72595,76.38112,337.25,0.56,0.43,2025-05-08,0737,N21,VIIRS,n,2.0NRT,299.8,10.05,D
30.77154,76.19899,339.56,0.57,0.43,2025-05-08,0737,N21,VIIRS,n,2.0NRT,298.62,9.04,D
30.77577,76.15784,337.13,0.38,0.43,2025-05-08,0737,N21,VIIRS,n,2.0NRT,300.07,4.73,D
30.7743,76.12936,342.65,0.38,0.43,2025-05-08,0737,N21,VIIRS,n,2.0NRT,297.54,8.64,D
30.78828,76.1221,331.66,0.38,0.43,2025-05-08,0737,N21,VIIRS,n,2.0NRT,296.99,3.29,D
30.89447,75.60422,343.53,0.41,0.45,2025-05-08,0737,N21,VIIRS,n,2.0NRT,296.22,12.76,D
30.89456,75.60418,343.17,0.41,0.45,2025-05-08,0737,N21,VIIRS,n,2.0NRT,297.94,17.14,D
30.89944,75.60725,330.31,0.41,0.45,2025-05-08,0737,N21,VIIRS,n,2.0NRT,292.71,32.6,D
30.9445,75.45341,342.35,0.41,0.45,2025-05-08,0737,N21,VIIRS,n,2.0NRT,300.9,12.76,D
30.94364,75.44919,338.01,0.41,0.45,2025-05-08,0737,N21,VIIRS,n,2.0NRT,300.18,9.49,D
30.94855,75.45231,345.05,0.41,0.45,2025-05-08,0737,N21,VIIRS,n,2.0NRT,302.07,12.76,D
30.94769,75.44808,343.01,0.41,0.45,2025-05-08,0737,N21,VIIRS,n,2.0NRT,301.06,9.49,D
30.9526,75.45122,335.53,0.41,0.45,2025-05-08,0737,N21,VIIRS,n,2.0NRT,300.26,8.33,D
30.95173,75.44698,344,0.41,0.45,2025-05-08,0737,N21,VIIRS,n,2.0NRT,301.98,9.85,D
31.04137,75.67946,341.26,0.4,0.44,2025-05-08,0737,N21,VIIRS,n,2.0NRT,296.83,35.06,D
31.00554,75.50524,338.44,0.41,0.45,2025-05-08,0737,N21,VIIRS,n,2.0NRT,296.83,6.44,D
31.04818,75.48487,341.56,0.41,0.45,2025-05-08,0737,N21,VIIRS,n,2.0NRT,300.15,4.59,D
31.04336,75.41933,341.69,0.41,0.45,2025-05-08,0737,N21,VIIRS,n,2.0NRT,297,5.51,D
31.0474,75.41824,341.63,0.41,0.45,2025-05-08,0737,N21,VIIRS,n,2.0NRT,294.82,5.12,D
31.07175,75.49625,343.12,0.41,0.45,2025-05-08,0737,N21,VIIRS,n,2.0NRT,302.86,19.47,D
31.0709,75.49204,337.41,0.41,0.45,2025-05-08,0737,N21,VIIRS,n,2.0NRT,297.31,19.47,D
31.21111,75.72413,342,0.4,0.44,2025-05-08,0737,N21,VIIRS,n,2.0NRT,301.04,4.42,D
30.77794,76.18865,303.25,0.68,0.74,2025-05-08,2140,N21,VIIRS,n,2.0NRT,285.61,1.29,N
30.65247,75.46532,351.06,0.39,0.6,2025-05-09,0718,N21,VIIRS,n,2.0NRT,293.95,9.49,D
31.09237,75.90855,367,0.36,0.58,2025-05-09,0718,N21,VIIRS,h,2.0NRT,297.46,7.52,D
31.03646,75.65363,367,0.38,0.58,2025-05-09,0718,N21,VIIRS,h,2.0NRT,291.77,24.57,D
31.03554,75.64983,353.67,0.38,0.58,2025-05-09,0718,N21,VIIRS,n,2.0NRT,288.36,28.73,D
31.08939,75.85017,345.69,0.36,0.58,2025-05-09,0718,N21,VIIRS,n,2.0NRT,298.67,6.23,D
31.03978,75.49053,337.64,0.38,0.59,2025-05-09,0718,N21,VIIRS,n,2.0NRT,285.31,4.16,D
31.01562,75.3932,332.49,0.39,0.59,2025-05-09,0718,N21,VIIRS,n,2.0NRT,295.55,1.4,D
31.02754,75.3724,336.23,0.39,0.59,2025-05-09,0718,N21,VIIRS,n,2.0NRT,295.21,3.84,D
31.08507,75.46776,351.83,0.38,0.59,2025-05-09,0718,N21,VIIRS,n,2.0NRT,282.56,8.1,D
31.31532,76.38038,341.93,0.34,0.56,2025-05-09,0718,N21,VIIRS,n,2.0NRT,296.81,3.52,D
31.12455,75.58347,347.7,0.38,0.59,2025-05-09,0718,N21,VIIRS,n,2.0NRT,297.45,9.84,D
31.12363,75.57967,330.49,0.38,0.59,2025-05-09,0718,N21,VIIRS,n,2.0NRT,296.19,7.85,D
31.14537,75.51365,367,0.38,0.59,2025-05-09,0718,N21,VIIRS,h,2.0NRT,297.38,22.44,D
31.14442,75.50981,344.54,0.38,0.59,2025-05-09,0718,N21,VIIRS,n,2.0NRT,296.62,22.44,D
31.21432,75.67967,331.04,0.37,0.58,2025-05-09,0718,N21,VIIRS,n,2.0NRT,296.35,2.59,D
31.26297,75.78824,349.95,0.36,0.58,2025-05-09,0718,N21,VIIRS,n,2.0NRT,298.17,7.15,D
31.26208,75.78456,334.95,0.36,0.58,2025-05-09,0718,N21,VIIRS,n,2.0NRT,298.3,5.62,D
30.43848,76.30225,333.54,0.36,0.57,2025-05-09,0718,N21,VIIRS,n,2.0NRT,294.74,4.57,D
30.47366,76.23716,350.2,0.36,0.57,2025-05-09,0718,N21,VIIRS,n,2.0NRT,294.55,6.76,D
30.47876,76.2356,339.71,0.36,0.57,2025-05-09,0718,N21,VIIRS,n,2.0NRT,296.47,6.76,D
30.50261,76.26673,331.07,0.36,0.57,2025-05-09,0718,N21,VIIRS,n,2.0NRT,293.2,5.44,D
30.43757,75.94868,345.21,0.37,0.58,2025-05-09,0718,N21,VIIRS,n,2.0NRT,291.09,7.17,D
30.42867,75.73387,348.53,0.38,0.59,2025-05-09,0718,N21,VIIRS,n,2.0NRT,293.01,7.68,D
30.55088,76.21173,340.41,0.36,0.57,2025-05-09,0718,N21,VIIRS,n,2.0NRT,291.03,3.63,D
30.52804,76.00327,331.63,0.37,0.58,2025-05-09,0718,N21,VIIRS,n,2.0NRT,295.19,5.07,D
30.53835,76.00003,333.23,0.37,0.58,2025-05-09,0718,N21,VIIRS,n,2.0NRT,293.27,2.69,D
30.54173,75.991,334.04,0.37,0.58,2025-05-09,0718,N21,VIIRS,n,2.0NRT,291.58,4.62,D
30.56623,76.04689,338.76,0.37,0.58,2025-05-09,0718,N21,VIIRS,n,2.0NRT,297.44,4.11,D
30.5904,76.07876,337.42,0.36,0.58,2025-05-09,0718,N21,VIIRS,n,2.0NRT,298.57,3.75,D
30.59456,76.04986,334.94,0.36,0.58,2025-05-09,0718,N21,VIIRS,n,2.0NRT,296.45,1.74,D
30.5945,76.04814,333.31,0.36,0.58,2025-05-09,0718,N21,VIIRS,n,2.0NRT,295.1,2.21,D
30.60023,75.86673,348.3,0.37,0.58,2025-05-09,0718,N21,VIIRS,n,2.0NRT,290.73,7.24,D
31.28618,75.70085,342.47,0.37,0.58,2025-05-09,0718,N21,VIIRS,n,2.0NRT,297.7,10.11,D
31.29133,75.69919,367,0.37,0.58,2025-05-09,0718,N21,VIIRS,h,2.0NRT,297.35,10.11,D
31.29119,75.69997,367,0.37,0.58,2025-05-09,0718,N21,VIIRS,h,2.0NRT,298.49,17.42,D
31.31481,75.66036,330.35,0.37,0.58,2025-05-09,0718,N21,VIIRS,n,2.0NRT,296.59,5.22,D
30.99178,75.43139,337.09,0.63,0.72,2025-05-09,0858,N21,VIIRS,n,2.0NRT,293.61,6.33,D
31.07561,76.11813,302.87,0.7,0.75,2025-05-09,1942,N21,VIIRS,n,2.0NRT,280.65,3.21,N
31.07495,76.1165,307.78,0.7,0.75,2025-05-09,1942,N21,VIIRS,n,2.0NRT,278.81,3.05,N
31.27686,75.80739,339.54,0.68,0.74,2025-05-10,0659,N21,VIIRS,n,2.0NRT,289.62,13.67,D
31.26118,76.04148,347.71,0.66,0.73,2025-05-10,0701,N21,VIIRS,n,2.0NRT,294.32,16.43,D
31.25929,76.0349,331.56,0.66,0.73,2025-05-10,0701,N21,VIIRS,n,2.0NRT,291.71,13.17,D
31.27334,75.80853,339.4,0.68,0.74,2025-05-10,0701,N21,VIIRS,n,2.0NRT,290.29,14.57,D
30.46371,76.24334,331.69,0.67,0.74,2025-05-10,0701,N21,VIIRS,n,2.0NRT,289.58,3.51,D
30.54236,76.29526,331.92,0.67,0.73,2025-05-10,0701,N21,VIIRS,n,2.0NRT,288.74,11.85,D
30.54731,76.29619,337.79,0.67,0.73,2025-05-10,0701,N21,VIIRS,n,2.0NRT,288.13,5.48,D
30.46548,75.98431,350.4,0.7,0.75,2025-05-10,0701,N21,VIIRS,n,2.0NRT,286.53,12.59,D
30.44541,75.83829,332.41,0.71,0.75,2025-05-10,0701,N21,VIIRS,n,2.0NRT,288.59,5.15,D
30.84595,76.31539,330.73,0.65,0.73,2025-05-10,0701,N21,VIIRS,n,2.0NRT,289.89,3.83,D
30.8481,76.13068,339.86,0.67,0.73,2025-05-10,0701,N21,VIIRS,n,2.0NRT,288.63,8.86,D
30.65256,75.40096,340.7,0.74,0.76,2025-05-10,0701,N21,VIIRS,n,2.0NRT,287.83,11.06,D
30.93171,76.00735,335.09,0.68,0.74,2025-05-10,0701,N21,VIIRS,n,2.0NRT,289.73,8.74,D
31.08167,76.14327,331.9,0.66,0.73,2025-05-10,0701,N21,VIIRS,n,2.0NRT,291.52,7.97,D
31.07981,76.13673,332.73,0.66,0.73,2025-05-10,0701,N21,VIIRS,n,2.0NRT,292.01,7.22,D
31.0879,76.09025,335.48,0.66,0.73,2025-05-10,0701,N21,VIIRS,n,2.0NRT,291.5,6.78,D
31.08025,75.88667,331.01,0.68,0.74,2025-05-10,0701,N21,VIIRS,n,2.0NRT,290.81,6.44,D
31.18729,76.17234,331.51,0.65,0.73,2025-05-10,0701,N21,VIIRS,n,2.0NRT,292.47,2.66,D
31.14106,75.86021,332.98,0.68,0.74,2025-05-10,0701,N21,VIIRS,n,2.0NRT,290.22,9.49,D
31.25856,76.07419,334.81,0.66,0.73,2025-05-10,0701,N21,VIIRS,n,2.0NRT,293.93,10.82,D
31.25396,76.06585,336.05,0.66,0.73,2025-05-10,0701,N21,VIIRS,n,2.0NRT,292.25,8.92,D
31.25671,76.06758,353.79,0.66,0.73,2025-05-10,0701,N21,VIIRS,n,2.0NRT,292.44,10.82,D
31.14543,75.86333,337.48,0.68,0.74,2025-05-10,0701,N21,VIIRS,n,2.0NRT,290.83,9.96,D
31.26228,76.07014,338.38,0.66,0.73,2025-05-10,0701,N21,VIIRS,n,2.0NRT,294.37,10.11,D
31.25584,76.07243,334.36,0.66,0.73,2025-05-10,0701,N21,VIIRS,n,2.0NRT,292.96,9.42,D
30.53455,75.51744,332.5,0.32,0.55,2025-05-10,0839,N21,VIIRS,n,2.0NRT,297.77,2.7,D
30.64044,76.14449,332.28,0.36,0.57,2025-05-10,0839,N21,VIIRS,n,2.0NRT,297.16,2.75,D
30.64755,75.90157,330.07,0.34,0.56,2025-05-10,0839,N21,VIIRS,n,2.0NRT,297.47,2.73,D
30.66284,75.96157,367,0.35,0.56,2025-05-10,0839,N21,VIIRS,h,2.0NRT,299.55,14.8,D
30.66868,76.03413,336.34,0.35,0.57,2025-05-10,0839,N21,VIIRS,n,2.0NRT,296.63,3.73,D
30.65918,75.96291,330.49,0.35,0.56,2025-05-10,0839,N21,VIIRS,n,2.0NRT,296.38,2.17,D
30.66438,75.96236,367,0.35,0.56,2025-05-10,0839,N21,VIIRS,h,2.0NRT,300.31,13.41,D
30.66877,75.95097,338.65,0.35,0.56,2025-05-10,0839,N21,VIIRS,n,2.0NRT,298.89,4,D
30.6658,75.91135,333.64,0.34,0.56,2025-05-10,0839,N21,VIIRS,n,2.0NRT,298.37,2.2,D
30.67098,75.91078,341.62,0.34,0.56,2025-05-10,0839,N21,VIIRS,n,2.0NRT,298.68,3.78,D
30.67697,75.92101,350.52,0.34,0.56,2025-05-10,0839,N21,VIIRS,n,2.0NRT,299.38,4.52,D
30.6444,75.37031,342,0.32,0.54,2025-05-10,0839,N21,VIIRS,n,2.0NRT,288.13,4.3,D
30.70269,76.05371,337.07,0.35,0.57,2025-05-10,0839,N21,VIIRS,n,2.0NRT,298.77,3.64,D
30.69825,75.92599,337.42,0.35,0.56,2025-05-10,0839,N21,VIIRS,n,2.0NRT,299.58,3.69,D
30.7205,76.01127,334.1,0.35,0.57,2025-05-10,0839,N21,VIIRS,n,2.0NRT,299.5,2.54,D
30.71954,75.93099,332.72,0.35,0.56,2025-05-10,0839,N21,VIIRS,n,2.0NRT,299.78,3.29,D
30.72689,75.44894,367,0.32,0.55,2025-05-10,0839,N21,VIIRS,h,2.0NRT,291.45,9.89,D
30.74215,75.7243,343.86,0.34,0.56,2025-05-10,0839,N21,VIIRS,n,2.0NRT,293.31,6.83,D
30.72626,75.44862,337.81,0.32,0.55,2025-05-10,0839,N21,VIIRS,n,2.0NRT,291.22,3.82,D
30.7313,75.44805,355.6,0.32,0.55,2025-05-10,0839,N21,VIIRS,n,2.0NRT,292.75,7.42,D
30.80031,76.08461,346.09,0.35,0.57,2025-05-10,0839,N21,VIIRS,n,2.0NRT,296.18,4.64,D
30.75488,75.42506,367,0.32,0.55,2025-05-10,0839,N21,VIIRS,h,2.0NRT,292.59,14.73,D
30.847,76.35698,332.54,0.37,0.58,2025-05-10,0839,N21,VIIRS,n,2.0NRT,295.44,1.88,D
30.80499,75.60516,367,0.33,0.55,2025-05-10,0839,N21,VIIRS,h,2.0NRT,296.03,8.64,D
30.85486,76.17647,350.84,0.36,0.57,2025-05-10,0839,N21,VIIRS,n,2.0NRT,298.45,4.79,D
30.81637,75.37086,330.76,0.32,0.55,2025-05-10,0839,N21,VIIRS,n,2.0NRT,291.95,1.73,D
30.83255,75.38258,331.58,0.32,0.55,2025-05-10,0839,N21,VIIRS,n,2.0NRT,292.15,4.86,D
30.83265,75.38504,330.06,0.32,0.55,2025-05-10,0839,N21,VIIRS,n,2.0NRT,291.66,3.14,D
30.89829,76.11913,336.29,0.36,0.57,2025-05-10,0839,N21,VIIRS,n,2.0NRT,296.76,2.47,D
30.88873,75.5155,333.27,0.33,0.55,2025-05-10,0839,N21,VIIRS,n,2.0NRT,292.43,3.68,D
30.89024,75.47063,344.74,0.33,0.55,2025-05-10,0839,N21,VIIRS,n,2.0NRT,291.63,3.97,D
30.92976,75.64348,347.42,0.33,0.56,2025-05-10,0839,N21,VIIRS,n,2.0NRT,292.93,4.92,D
30.99492,76.06808,333.05,0.35,0.57,2025-05-10,0839,N21,VIIRS,n,2.0NRT,294.33,1.53,D
31.00474,76.20071,340.46,0.36,0.57,2025-05-10,0839,N21,VIIRS,n,2.0NRT,296.74,3.58,D
30.99504,76.0658,330.26,0.35,0.57,2025-05-10,0839,N21,VIIRS,n,2.0NRT,293.98,2.28,D
30.98181,75.54437,367,0.33,0.55,2025-05-10,0839,N21,VIIRS,h,2.0NRT,300.28,11.9,D
30.98154,75.54092,342.31,0.33,0.55,2025-05-10,0839,N21,VIIRS,n,2.0NRT,298.24,9.22,D
31.00935,75.69958,352.27,0.34,0.56,2025-05-10,0839,N21,VIIRS,n,2.0NRT,297.23,7.42,D
31.00908,75.69606,352.49,0.34,0.56,2025-05-10,0839,N21,VIIRS,n,2.0NRT,296.12,7.42,D
31.05759,76.19511,367,0.36,0.57,2025-05-10,0839,N21,VIIRS,h,2.0NRT,299.31,6.14,D
31.03322,75.73981,367,0.34,0.56,2025-05-10,0839,N21,VIIRS,h,2.0NRT,299.24,8.64,D
31.0335,75.74335,334.07,0.34,0.56,2025-05-10,0839,N21,VIIRS,n,2.0NRT,297.84,6.78,D
31.03294,75.73627,350.75,0.34,0.56,2025-05-10,0839,N21,VIIRS,n,2.0NRT,299.69,8.64,D
31.03266,75.73272,330.21,0.34,0.56,2025-05-10,0839,N21,VIIRS,n,2.0NRT,298.45,4.23,D
31.03864,75.7428,337.95,0.34,0.56,2025-05-10,0839,N21,VIIRS,n,2.0NRT,301.12,5.43,D
31.03808,75.73569,352.75,0.34,0.56,2025-05-10,0839,N21,VIIRS,n,2.0NRT,299.45,8.49,D
31.14711,76.18962,346.82,0.36,0.58,2025-05-10,0839,N21,VIIRS,n,2.0NRT,294.88,6.5,D
31.07943,75.37098,367,0.32,0.55,2025-05-10,0839,N21,VIIRS,h,2.0NRT,299.91,7.06,D
31.0744,75.37155,342.32,0.32,0.55,2025-05-10,0839,N21,VIIRS,n,2.0NRT,298.17,7.06,D
31.08054,75.44958,339.81,0.33,0.55,2025-05-10,0839,N21,VIIRS,n,2.0NRT,294.47,3.25,D
31.07256,75.41274,354.17,0.32,0.55,2025-05-10,0839,N21,VIIRS,n,2.0NRT,297.15,4.24,D
31.07362,75.49178,341.35,0.33,0.55,2025-05-10,0839,N21,VIIRS,n,2.0NRT,293.18,3.69,D
31.06036,75.3868,331.86,0.32,0.55,2025-05-10,0839,N21,VIIRS,n,2.0NRT,299.32,2.12,D
31.03517,75.38956,345.94,0.32,0.55,2025-05-10,0839,N21,VIIRS,n,2.0NRT,297.45,4.56,D
31.03543,75.39295,330.72,0.32,0.55,2025-05-10,0839,N21,VIIRS,n,2.0NRT,295.1,2.36,D
31.03572,75.39042,346.61,0.32,0.55,2025-05-10,0839,N21,VIIRS,n,2.0NRT,297.05,5.22,D
31.08613,76.15033,331.21,0.36,0.57,2025-05-10,0839,N21,VIIRS,n,2.0NRT,297.34,17.14,D
31.08642,76.1541,367,0.36,0.57,2025-05-10,0839,N21,VIIRS,h,2.0NRT,301.83,17.14,D
31.05516,75.82021,332.53,0.34,0.56,2025-05-10,0839,N21,VIIRS,n,2.0NRT,288.37,2.97,D
30.89489,75.52866,343.08,0.33,0.55,2025-05-10,0839,N21,VIIRS,n,2.0NRT,295.4,3.43,D
31.29921,76.09895,332.38,0.36,0.57,2025-05-10,0839,N21,VIIRS,n,2.0NRT,295.15,2.23,D
31.28869,76.09866,350.68,0.36,0.57,2025-05-10,0839,N21,VIIRS,n,2.0NRT,297.1,7.44,D
31.26107,75.8085,331.27,0.34,0.56,2025-05-10,0839,N21,VIIRS,n,2.0NRT,298.54,0.97,D
31.28399,76.10677,330.49,0.36,0.57,2025-05-10,0839,N21,VIIRS,n,2.0NRT,297.11,2.54,D
31.27364,76.04013,335.58,0.36,0.57,2025-05-10,0839,N21,VIIRS,n,2.0NRT,298.21,2.63,D
31.2579,76.04182,335.13,0.36,0.57,2025-05-10,0839,N21,VIIRS,n,2.0NRT,300.05,3.68,D
31.21241,75.51785,332.6,0.33,0.55,2025-05-10,0839,N21,VIIRS,n,2.0NRT,296.97,3.86,D
31.24154,75.89477,351.26,0.35,0.57,2025-05-10,0839,N21,VIIRS,n,2.0NRT,299.06,5.77,D
31.24376,75.92406,349.27,0.35,0.57,2025-05-10,0839,N21,VIIRS,n,2.0NRT,298.51,4.23,D
31.24404,75.92772,332.19,0.35,0.57,2025-05-10,0839,N21,VIIRS,n,2.0NRT,297.58,4.23,D
31.25265,76.0424,345.27,0.36,0.57,2025-05-10,0839,N21,VIIRS,n,2.0NRT,300.93,3.68,D
31.25293,76.04613,340.69,0.36,0.57,2025-05-10,0839,N21,VIIRS,n,2.0NRT,298.85,3.68,D
31.2474,76.04295,347.7,0.36,0.57,2025-05-10,0839,N21,VIIRS,n,2.0NRT,298.11,4.02,D
31.24768,76.04668,341.44,0.36,0.57,2025-05-10,0839,N21,VIIRS,n,2.0NRT,297.68,4.02,D
31.24463,76.07712,339.83,0.36,0.57,2025-05-10,0839,N21,VIIRS,n,2.0NRT,296.97,4.67,D
31.23275,76.05955,337.71,0.36,0.57,2025-05-10,0839,N21,VIIRS,n,2.0NRT,297.42,6.05,D
31.2275,76.06009,338.38,0.36,0.57,2025-05-10,0839,N21,VIIRS,n,2.0NRT,296.07,11.4,D
31.22776,76.06384,352.18,0.36,0.57,2025-05-10,0839,N21,VIIRS,n,2.0NRT,295.27,11.4,D
31.22804,76.06757,367,0.36,0.57,2025-05-10,0839,N21,VIIRS,h,2.0NRT,297.82,21,D
31.21114,75.90903,367,0.35,0.57,2025-05-10,0839,N21,VIIRS,h,2.0NRT,298.44,9.73,D
31.17173,75.52224,330.77,0.33,0.55,2025-05-10,0839,N21,VIIRS,n,2.0NRT,294.39,4.14,D
31.21904,76.23913,332.51,0.37,0.58,2025-05-10,0839,N21,VIIRS,n,2.0NRT,293.32,3.45,D
31.1656,75.50901,367,0.33,0.55,2025-05-10,0839,N21,VIIRS,h,2.0NRT,291.25,7.2,D
31.17088,75.71697,330.51,0.34,0.56,2025-05-10,0839,N21,VIIRS,n,2.0NRT,298.35,1.85,D
31.16209,75.50996,333.82,0.33,0.55,2025-05-10,0839,N21,VIIRS,n,2.0NRT,288.62,1.97,D
31.22023,76.23879,335.59,0.36,0.58,2025-05-10,0839,N21,VIIRS,n,2.0NRT,294.01,5.65,D
31.17383,75.71696,330.48,0.34,0.56,2025-05-10,0839,N21,VIIRS,n,2.0NRT,297.58,0.75,D
31.19597,76.13138,338.04,0.36,0.57,2025-05-10,0839,N21,VIIRS,n,2.0NRT,296.07,4.99,D
31.17233,75.89483,367,0.35,0.57,2025-05-10,0839,N21,VIIRS,h,2.0NRT,300.82,8.62,D
31.15886,75.99232,331.34,0.35,0.57,2025-05-10,0839,N21,VIIRS,n,2.0NRT,292.55,1.99,D
31.14355,75.86121,346.43,0.35,0.56,2025-05-10,0839,N21,VIIRS,n,2.0NRT,293.34,5.04,D
31.14382,75.86483,336.65,0.35,0.56,2025-05-10,0839,N21,VIIRS,n,2.0NRT,295.02,5.04,D
30.42695,76.19362,354.75,0.36,0.57,2025-05-10,0839,N21,VIIRS,n,2.0NRT,297.44,9.4,D
30.42797,76.07139,334.73,0.35,0.57,2025-05-10,0839,N21,VIIRS,n,2.0NRT,289.52,5.97,D
30.44419,76.07701,340.6,0.35,0.57,2025-05-10,0839,N21,VIIRS,n,2.0NRT,292.5,4.02,D
30.44129,76.0407,332.25,0.35,0.57,2025-05-10,0839,N21,VIIRS,n,2.0NRT,294.26,2.46,D
30.46374,76.25727,332.5,0.36,0.57,2025-05-10,0839,N21,VIIRS,n,2.0NRT,297.8,1.93,D
30.44326,75.9353,367,0.34,0.56,2025-05-10,0839,N21,VIIRS,h,2.0NRT,300.47,11.93,D
30.44704,75.98187,331.68,0.35,0.56,2025-05-10,0839,N21,VIIRS,n,2.0NRT,297.82,2.23,D
30.44355,75.93887,351.65,0.34,0.56,2025-05-10,0839,N21,VIIRS,n,2.0NRT,299.29,11.93,D
30.47488,76.26366,332.26,0.36,0.57,2025-05-10,0839,N21,VIIRS,n,2.0NRT,297.91,1.21,D
30.44872,75.93833,341.06,0.34,0.56,2025-05-10,0839,N21,VIIRS,n,2.0NRT,300.53,3.03,D
30.44843,75.93476,332.37,0.34,0.56,2025-05-10,0839,N21,VIIRS,n,2.0NRT,299.96,3.03,D
30.46585,76.29108,330.1,0.36,0.57,2025-05-10,0839,N21,VIIRS,n,2.0NRT,298.04,1.75,D
30.46342,76.25726,332.03,0.36,0.57,2025-05-10,0839,N21,VIIRS,n,2.0NRT,297.42,1.89,D
30.44531,75.93829,367,0.34,0.56,2025-05-10,0839,N21,VIIRS,h,2.0NRT,300.72,12.96,D
30.44504,75.93472,367,0.34,0.56,2025-05-10,0839,N21,VIIRS,h,2.0NRT,300.9,12.96,D
30.44852,75.98136,333.27,0.35,0.56,2025-05-10,0839,N21,VIIRS,n,2.0NRT,298.32,1.82,D
30.47452,76.26364,333.07,0.36,0.57,2025-05-10,0839,N21,VIIRS,n,2.0NRT,297.87,2.13,D
30.45048,75.93773,331.85,0.34,0.56,2025-05-10,0839,N21,VIIRS,n,2.0NRT,299.9,2.44,D
30.45054,75.86952,336.29,0.34,0.56,2025-05-10,0839,N21,VIIRS,n,2.0NRT,299.45,2.52,D
30.47964,76.1173,354.45,0.35,0.57,2025-05-10,0839,N21,VIIRS,n,2.0NRT,298.28,5.72,D
30.43341,75.51611,330.48,0.32,0.55,2025-05-10,0839,N21,VIIRS,n,2.0NRT,297.54,1.42,D
30.47009,75.9212,367,0.34,0.56,2025-05-10,0839,N21,VIIRS,h,2.0NRT,300.32,7.76,D
30.46927,75.91051,332.06,0.34,0.56,2025-05-10,0839,N21,VIIRS,n,2.0NRT,298.99,2.47,D
30.49342,76.16038,367,0.35,0.57,2025-05-10,0839,N21,VIIRS,h,2.0NRT,302.73,33.8,D
30.49314,76.15668,335.75,0.35,0.57,2025-05-10,0839,N21,VIIRS,n,2.0NRT,290.84,33.8,D
30.49176,76.13825,348.15,0.35,0.57,2025-05-10,0839,N21,VIIRS,n,2.0NRT,298.45,6.03,D
30.49312,76.0863,330.67,0.35,0.57,2025-05-10,0839,N21,VIIRS,n,2.0NRT,294.21,2.45,D
30.50252,76.14082,367,0.35,0.57,2025-05-10,0839,N21,VIIRS,h,2.0NRT,296.49,14.46,D
30.5053,76.17776,336.88,0.36,0.57,2025-05-10,0839,N21,VIIRS,n,2.0NRT,296.75,4.86,D
30.46855,75.7016,330.9,0.33,0.55,2025-05-10,0839,N21,VIIRS,n,2.0NRT,297.26,2.03,D
30.50776,76.14027,342.1,0.35,0.57,2025-05-10,0839,N21,VIIRS,n,2.0NRT,296.59,4.76,D
30.52121,76.10915,330.51,0.35,0.57,2025-05-10,0839,N21,VIIRS,n,2.0NRT,294.41,2.36,D
30.53681,76.17448,338.8,0.36,0.57,2025-05-10,0839,N21,VIIRS,n,2.0NRT,296.54,3.51,D
30.51158,75.78831,334.37,0.34,0.56,2025-05-10,0839,N21,VIIRS,n,2.0NRT,292.73,3.47,D
30.54303,76.05156,353.31,0.35,0.57,2025-05-10,0839,N21,VIIRS,n,2.0NRT,299.53,6.27,D
30.55158,76.01351,340.38,0.35,0.57,2025-05-10,0839,N21,VIIRS,n,2.0NRT,284.42,11.77,D
30.55184,76.01713,356,0.35,0.57,2025-05-10,0839,N21,VIIRS,l,2.0NRT,285.52,13.82,D
31.16261,75.92604,306.24,0.55,0.43,2025-05-10,2104,N21,VIIRS,n,2.0NRT,292.05,1.13,N
31.16373,75.92036,305.27,0.55,0.43,2025-05-10,2104,N21,VIIRS,n,2.0NRT,291.77,0.77,N
31.16532,75.93278,301.78,0.55,0.43,2025-05-10,2104,N21,VIIRS,n,2.0NRT,291.75,1.13,N
31.1599,75.91931,305.76,0.55,0.43,2025-05-10,2104,N21,VIIRS,n,2.0NRT,292.01,1.15,N
31.0481,75.80505,301.36,0.55,0.43,2025-05-10,2104,N21,VIIRS,n,2.0NRT,288.37,0.58,N
31.04697,75.81068,299.5,0.55,0.43,2025-05-10,2104,N21,VIIRS,n,2.0NRT,282.14,0.58,N
30.42839,76.00887,307.93,0.38,0.44,2025-05-10,2104,N21,VIIRS,n,2.0NRT,292.11,0.88,N
30.42687,76.011,304.56,0.38,0.44,2025-05-10,2104,N21,VIIRS,n,2.0NRT,292.01,0.94,N
30.44083,75.68931,339.09,0.53,0.42,2025-05-11,0820,N21,VIIRS,l,2.0NRT,309.82,8.88,D
30.43639,75.65091,336.37,0.53,0.42,2025-05-11,0820,N21,VIIRS,l,2.0NRT,308.15,7.9,D
30.47221,75.92854,343.17,0.55,0.42,2025-05-11,0820,N21,VIIRS,l,2.0NRT,313.65,17.57,D
30.44977,75.7328,349.15,0.53,0.42,2025-05-11,0820,N21,VIIRS,n,2.0NRT,309.35,12.7,D
30.48906,76.04195,336.8,0.55,0.43,2025-05-11,0820,N21,VIIRS,l,2.0NRT,310.73,9.71,D
30.4748,75.91663,339.43,0.54,0.42,2025-05-11,0820,N21,VIIRS,l,2.0NRT,311.77,8.38,D
30.48063,75.93301,341.71,0.55,0.42,2025-05-11,0820,N21,VIIRS,l,2.0NRT,312.67,17.76,D
30.46129,75.69732,339.75,0.53,0.42,2025-05-11,0820,N21,VIIRS,l,2.0NRT,311.22,7.83,D
30.47931,75.81873,344.21,0.54,0.42,2025-05-11,0820,N21,VIIRS,n,2.0NRT,311.29,10.09,D
30.47802,75.80756,340.78,0.54,0.42,2025-05-11,0820,N21,VIIRS,l,2.0NRT,312.26,11.52,D
30.49749,75.94197,342.81,0.55,0.42,2025-05-11,0820,N21,VIIRS,l,2.0NRT,316.65,15.38,D
30.48318,75.81813,344.7,0.54,0.42,2025-05-11,0820,N21,VIIRS,n,2.0NRT,312.17,10.09,D
30.46961,75.70164,336.93,0.53,0.42,2025-05-11,0820,N21,VIIRS,l,2.0NRT,310.37,6.57,D
30.5317,76.20663,338.29,0.56,0.43,2025-05-11,0820,N21,VIIRS,l,2.0NRT,311.46,12.41,D
30.47926,75.75076,340.99,0.53,0.42,2025-05-11,0820,N21,VIIRS,l,2.0NRT,311.46,20.85,D
30.47345,75.70103,339.37,0.53,0.42,2025-05-11,0820,N21,VIIRS,l,2.0NRT,311.14,8.31,D
30.56366,76.4184,339.82,0.39,0.44,2025-05-11,0820,N21,VIIRS,l,2.0NRT,310.9,3.29,D
30.47871,75.48757,337.33,0.52,0.41,2025-05-11,0820,N21,VIIRS,l,2.0NRT,307.54,3.42,D
30.5632,76.41439,336.67,0.39,0.44,2025-05-11,0820,N21,VIIRS,l,2.0NRT,310.86,3.29,D
30.42566,76.40089,334.47,0.38,0.44,2025-05-11,0820,N21,VIIRS,l,2.0NRT,309,1.12,D
30.43028,76.08691,337.57,0.56,0.43,2025-05-11,0820,N21,VIIRS,l,2.0NRT,309.11,10.73,D
30.42633,76.08662,341.21,0.56,0.43,2025-05-11,0820,N21,VIIRS,n,2.0NRT,311.12,11.56,D
30.44466,76.07211,342.09,0.55,0.43,2025-05-11,0820,N21,VIIRS,l,2.0NRT,313.99,12.8,D
30.4524,76.10612,349.03,0.56,0.43,2025-05-11,0820,N21,VIIRS,n,2.0NRT,312.01,14.95,D
30.42262,75.83884,344.18,0.54,0.42,2025-05-11,0820,N21,VIIRS,n,2.0NRT,309.38,10.07,D
30.46379,75.92406,340.24,0.55,0.42,2025-05-11,0820,N21,VIIRS,l,2.0NRT,313.57,10.93,D
30.42562,75.59154,336.95,0.52,0.42,2025-05-11,0820,N21,VIIRS,n,2.0NRT,306.69,4.32,D
30.69887,75.42747,340.13,0.52,0.41,2025-05-11,0822,N21,VIIRS,n,2.0NRT,309.07,6.91,D
30.5606,76.07621,336.63,0.56,0.43,2025-05-11,0822,N21,VIIRS,l,2.0NRT,307.75,3.26,D
30.52826,75.78654,339.17,0.54,0.42,2025-05-11,0822,N21,VIIRS,n,2.0NRT,308.6,6.22,D
30.52763,75.78096,338.86,0.54,0.42,2025-05-11,0822,N21,VIIRS,l,2.0NRT,309.01,6.22,D
30.56005,76.03525,339.99,0.55,0.43,2025-05-11,0822,N21,VIIRS,l,2.0NRT,311.64,13.66,D
30.55367,75.97793,337.5,0.55,0.43,2025-05-11,0822,N21,VIIRS,l,2.0NRT,309.05,4.31,D
30.56396,76.03466,339.51,0.55,0.43,2025-05-11,0822,N21,VIIRS,l,2.0NRT,310.93,8.68,D
30.52023,75.64699,336.74,0.53,0.42,2025-05-11,0822,N21,VIIRS,l,2.0NRT,308.32,4.78,D
30.56788,76.03407,337.27,0.55,0.43,2025-05-11,0822,N21,VIIRS,l,2.0NRT,310.44,8.68,D
30.57629,76.07382,339.68,0.56,0.43,2025-05-11,0822,N21,VIIRS,n,2.0NRT,308.2,6.64,D
30.56996,75.94643,337.59,0.55,0.43,2025-05-11,0822,N21,VIIRS,l,2.0NRT,310.94,5.37,D
30.52112,75.4535,340.85,0.52,0.41,2025-05-11,0822,N21,VIIRS,n,2.0NRT,307.72,23.01,D
30.52933,75.45767,338.13,0.52,0.41,2025-05-11,0822,N21,VIIRS,n,2.0NRT,304.21,8.46,D
30.58167,75.841,337.73,0.54,0.42,2025-05-11,0822,N21,VIIRS,n,2.0NRT,305.8,4.69,D
30.60571,76.01659,336.51,0.55,0.43,2025-05-11,0822,N21,VIIRS,l,2.0NRT,310.57,14.44,D
30.60506,76.01086,345.62,0.55,0.43,2025-05-11,0822,N21,VIIRS,n,2.0NRT,313.69,14.44,D
30.64901,76.36553,343.25,0.39,0.44,2025-05-11,0822,N21,VIIRS,n,2.0NRT,310.54,4.54,D
30.65434,76.37696,337.61,0.39,0.44,2025-05-11,0822,N21,VIIRS,l,2.0NRT,309.47,3.81,D
30.62011,76.07308,333.08,0.56,0.43,2025-05-11,0822,N21,VIIRS,l,2.0NRT,307.03,3.78,D
30.61802,75.95065,338.49,0.55,0.43,2025-05-11,0822,N21,VIIRS,l,2.0NRT,312.74,5.28,D
30.59708,75.7702,339.17,0.54,0.42,2025-05-11,0822,N21,VIIRS,n,2.0NRT,308.32,17.98,D
30.62192,75.95005,341.61,0.55,0.43,2025-05-11,0822,N21,VIIRS,n,2.0NRT,313.34,5.28,D
30.64366,76.06953,339.52,0.56,0.43,2025-05-11,0822,N21,VIIRS,n,2.0NRT,308.61,7.75,D
30.61258,75.80196,348.51,0.54,0.42,2025-05-11,0822,N21,VIIRS,n,2.0NRT,309.6,9.01,D
30.58451,75.53142,332.79,0.52,0.42,2025-05-11,0822,N21,VIIRS,l,2.0NRT,303.31,2.85,D
30.63884,75.95908,335.36,0.55,0.43,2025-05-11,0822,N21,VIIRS,l,2.0NRT,308.86,3.65,D
30.64337,76.06775,335.44,0.56,0.43,2025-05-11,0822,N21,VIIRS,l,2.0NRT,308.09,7.33,D
30.61388,75.79974,348.42,0.54,0.42,2025-05-11,0822,N21,VIIRS,n,2.0NRT,310.58,9.05,D
30.58796,75.53418,330.16,0.52,0.42,2025-05-11,0822,N21,VIIRS,l,2.0NRT,304.56,3.03,D
30.6392,75.95712,339.18,0.55,0.43,2025-05-11,0822,N21,VIIRS,l,2.0NRT,310.06,7.15,D
30.64384,75.92737,340.79,0.55,0.43,2025-05-11,0822,N21,VIIRS,n,2.0NRT,309.42,5.9,D
30.65154,75.96103,344.14,0.55,0.43,2025-05-11,0822,N21,VIIRS,n,2.0NRT,308.52,6.24,D
30.64165,75.76694,340.53,0.54,0.42,2025-05-11,0822,N21,VIIRS,n,2.0NRT,309.64,8.27,D
30.6678,75.96438,348.56,0.55,0.43,2025-05-11,0822,N21,VIIRS,n,2.0NRT,310,8.57,D
30.66715,75.95865,335.17,0.55,0.43,2025-05-11,0822,N21,VIIRS,l,2.0NRT,307.59,8.57,D
30.6756,75.96319,336.85,0.55,0.43,2025-05-11,0822,N21,VIIRS,l,2.0NRT,308.79,5.33,D
30.67047,75.91748,343.87,0.55,0.43,2025-05-11,0822,N21,VIIRS,n,2.0NRT,308.75,12.68,D
30.70223,76.09421,333.38,0.56,0.43,2025-05-11,0822,N21,VIIRS,l,2.0NRT,306.37,5.74,D
30.68022,75.89861,341.35,0.55,0.42,2025-05-11,0822,N21,VIIRS,l,2.0NRT,312.83,10.88,D
30.70616,76.09361,343.11,0.56,0.43,2025-05-11,0822,N21,VIIRS,n,2.0NRT,308.26,5.74,D
30.69382,75.94875,341.81,0.55,0.43,2025-05-11,0822,N21,VIIRS,n,2.0NRT,308.21,8.57,D
30.67126,75.68306,335.54,0.53,0.42,2025-05-11,0822,N21,VIIRS,l,2.0NRT,308,4.08,D
30.70616,75.9178,339.68,0.55,0.43,2025-05-11,0822,N21,VIIRS,l,2.0NRT,313.41,13.1,D
30.66286,75.47826,339.17,0.52,0.42,2025-05-11,0822,N21,VIIRS,n,2.0NRT,306.47,8.24,D
30.70803,75.83096,332.43,0.54,0.42,2025-05-11,0822,N21,VIIRS,l,2.0NRT,307.27,1.73,D
30.72306,75.92683,336.12,0.55,0.43,2025-05-11,0822,N21,VIIRS,l,2.0NRT,310.15,6.96,D
30.71846,75.88697,345.62,0.55,0.42,2025-05-11,0822,N21,VIIRS,n,2.0NRT,312.95,9.89,D
30.75144,76.10457,337.05,0.56,0.43,2025-05-11,0822,N21,VIIRS,n,2.0NRT,306.67,13.21,D
30.75077,76.09874,348.32,0.56,0.43,2025-05-11,0822,N21,VIIRS,n,2.0NRT,310.11,13.21,D
30.74736,76.03421,346.18,0.56,0.43,2025-05-11,0822,N21,VIIRS,n,2.0NRT,312.39,14.08,D
30.73409,75.91935,340.44,0.55,0.43,2025-05-11,0822,N21,VIIRS,l,2.0NRT,314.78,11,D
30.73402,75.88461,342.82,0.55,0.42,2025-05-11,0822,N21,VIIRS,l,2.0NRT,314.92,14.16,D
30.75072,76.10407,343.17,0.56,0.43,2025-05-11,0822,N21,VIIRS,n,2.0NRT,305.96,10.43,D
30.75009,76.09823,348.44,0.56,0.43,2025-05-11,0822,N21,VIIRS,n,2.0NRT,310.27,13.47,D
30.74707,76.03359,347.7,0.56,0.43,2025-05-11,0822,N21,VIIRS,n,2.0NRT,312.7,12.7,D
30.73449,75.91853,344.11,0.55,0.43,2025-05-11,0822,N21,VIIRS,l,2.0NRT,314.81,13.89,D
30.73073,75.88431,342.05,0.55,0.42,2025-05-11,0822,N21,VIIRS,l,2.0NRT,313.03,7,D
30.73462,75.88371,341.28,0.55,0.42,2025-05-11,0822,N21,VIIRS,l,2.0NRT,314.14,7,D
30.70241,75.52618,331.1,0.52,0.42,2025-05-11,0822,N21,VIIRS,l,2.0NRT,302.62,6.25,D
30.69684,75.47728,330.45,0.52,0.42,2025-05-11,0822,N21,VIIRS,l,2.0NRT,303.08,5.48,D
30.76787,76.07773,337.69,0.56,0.43,2025-05-11,0822,N21,VIIRS,l,2.0NRT,310.63,6.22,D
30.73693,75.76267,348.31,0.54,0.42,2025-05-11,0822,N21,VIIRS,n,2.0NRT,310.65,10.39,D
30.749,75.83531,336.79,0.54,0.42,2025-05-11,0822,N21,VIIRS,l,2.0NRT,308.25,3.24,D
30.70266,75.42686,338.38,0.52,0.41,2025-05-11,0822,N21,VIIRS,n,2.0NRT,307.4,7.12,D
30.76305,75.92576,344.07,0.55,0.43,2025-05-11,0822,N21,VIIRS,l,2.0NRT,314.54,17.55,D
30.71716,75.45203,338.1,0.52,0.41,2025-05-11,0822,N21,VIIRS,n,2.0NRT,307.77,4.48,D
30.71467,75.43044,336.64,0.52,0.41,2025-05-11,0822,N21,VIIRS,n,2.0NRT,306.57,3.13,D
30.79147,76.07414,345.98,0.56,0.43,2025-05-11,0822,N21,VIIRS,n,2.0NRT,310.33,9.69,D
30.73225,75.54929,334.43,0.53,0.42,2025-05-11,0822,N21,VIIRS,l,2.0NRT,306.88,6.2,D
30.72034,75.44604,347.04,0.52,0.41,2025-05-11,0822,N21,VIIRS,n,2.0NRT,309.85,19.58,D
30.71971,75.44064,336.17,0.52,0.41,2025-05-11,0822,N21,VIIRS,l,2.0NRT,308.59,3.9,D
30.78186,75.952,341.78,0.55,0.43,2025-05-11,0822,N21,VIIRS,l,2.0NRT,311.85,18.27,D
30.72101,75.41846,338.4,0.52,0.41,2025-05-11,0822,N21,VIIRS,n,2.0NRT,307.43,4.91,D
30.85948,76.36076,343.71,0.39,0.44,2025-05-11,0822,N21,VIIRS,n,2.0NRT,312.14,10.38,D
30.7628,75.51114,339.13,0.52,0.42,2025-05-11,0822,N21,VIIRS,n,2.0NRT,306.09,5.31,D
30.75579,75.45144,334.62,0.52,0.42,2025-05-11,0822,N21,VIIRS,l,2.0NRT,307.79,5.78,D
30.79749,75.77619,339.92,0.54,0.42,2025-05-11,0822,N21,VIIRS,n,2.0NRT,304.99,11.83,D
30.77814,75.60914,338.1,0.53,0.42,2025-05-11,0822,N21,VIIRS,n,2.0NRT,308.05,6.06,D
30.82878,75.98001,338.57,0.55,0.43,2025-05-11,0822,N21,VIIRS,l,2.0NRT,309.91,5.62,D
30.82278,75.85856,340.29,0.55,0.42,2025-05-11,0822,N21,VIIRS,n,2.0NRT,309.58,6.78,D
30.84716,76.03611,341.9,0.56,0.43,2025-05-11,0822,N21,VIIRS,l,2.0NRT,314.54,9.51,D
30.82667,75.85796,339.59,0.55,0.42,2025-05-11,0822,N21,VIIRS,l,2.0NRT,312.69,6.78,D
30.82601,75.85229,344.89,0.55,0.42,2025-05-11,0822,N21,VIIRS,n,2.0NRT,313.1,15.5,D
30.82339,75.82962,337.92,0.54,0.42,2025-05-11,0822,N21,VIIRS,l,2.0NRT,308.25,11.01,D
30.85375,76.05879,337.77,0.56,0.43,2025-05-11,0822,N21,VIIRS,l,2.0NRT,309.6,5.88,D
30.82661,75.82336,334.43,0.54,0.42,2025-05-11,0822,N21,VIIRS,l,2.0NRT,306.41,6.32,D
30.85368,76.02332,347.67,0.56,0.43,2025-05-11,0822,N21,VIIRS,n,2.0NRT,313.95,10.32,D
30.85168,76.00593,348.74,0.56,0.43,2025-05-11,0822,N21,VIIRS,n,2.0NRT,314.87,9.77,D
30.80685,75.58785,334.25,0.53,0.42,2025-05-11,0822,N21,VIIRS,l,2.0NRT,305.03,3.23,D
30.80036,75.53305,333.17,0.53,0.42,2025-05-11,0822,N21,VIIRS,l,2.0NRT,305.44,4.63,D
30.85752,75.98738,340.5,0.55,0.43,2025-05-11,0822,N21,VIIRS,l,2.0NRT,313.63,7.83,D
30.80938,75.57627,333.28,0.53,0.42,2025-05-11,0822,N21,VIIRS,l,2.0NRT,306.88,5.61,D
30.84736,76.04006,338.68,0.56,0.43,2025-05-11,0822,N21,VIIRS,l,2.0NRT,312.75,10.46,D
30.85318,76.05695,337.42,0.56,0.43,2025-05-11,0822,N21,VIIRS,l,2.0NRT,309.64,5.36,D
30.82745,75.82114,337.06,0.54,0.42,2025-05-11,0822,N21,VIIRS,n,2.0NRT,306.51,4.49,D
30.85333,76.02142,339.96,0.56,0.43,2025-05-11,0822,N21,VIIRS,l,2.0NRT,312.91,11.08,D
30.85143,76.00401,350.18,0.56,0.43,2025-05-11,0822,N21,VIIRS,n,2.0NRT,315.96,11.58,D
30.80522,75.58588,337.76,0.53,0.42,2025-05-11,0822,N21,VIIRS,n,2.0NRT,305.26,5.02,D
30.79965,75.53644,333.89,0.53,0.42,2025-05-11,0822,N21,VIIRS,l,2.0NRT,306.23,4.75,D
30.87645,76.16093,333.78,0.57,0.43,2025-05-11,0822,N21,VIIRS,l,2.0NRT,305.56,3.49,D
30.80915,75.55168,347.14,0.53,0.42,2025-05-11,0822,N21,VIIRS,n,2.0NRT,306.4,7.46,D
30.80853,75.5462,336.7,0.53,0.42,2025-05-11,0822,N21,VIIRS,n,2.0NRT,306.64,7.46,D
30.82044,75.6172,334.99,0.53,0.42,2025-05-11,0822,N21,VIIRS,l,2.0NRT,307.41,2.25,D
30.80138,75.38148,347.82,0.52,0.41,2025-05-11,0822,N21,VIIRS,n,2.0NRT,303.35,18,D
30.82383,75.5438,330.27,0.53,0.42,2025-05-11,0822,N21,VIIRS,l,2.0NRT,304.14,2.4,D
30.89581,76.04456,344.23,0.56,0.43,2025-05-11,0822,N21,VIIRS,l,2.0NRT,315.9,15.54,D
30.92195,76.17219,340.85,0.57,0.43,2025-05-11,0822,N21,VIIRS,n,2.0NRT,310.8,12.35,D
30.92597,76.0638,341.21,0.56,0.43,2025-05-11,0822,N21,VIIRS,n,2.0NRT,310.64,13.86,D
30.92531,76.05795,341.06,0.56,0.43,2025-05-11,0822,N21,VIIRS,n,2.0NRT,310.85,13.86,D
30.92925,76.05736,346.24,0.56,0.43,2025-05-11,0822,N21,VIIRS,n,2.0NRT,313.2,25.69,D
30.90377,75.76336,339.1,0.54,0.42,2025-05-11,0822,N21,VIIRS,l,2.0NRT,309.83,8.11,D
30.89728,75.67307,340.33,0.54,0.42,2025-05-11,0822,N21,VIIRS,n,2.0NRT,309.16,8.38,D
30.97021,76.2793,344.59,0.38,0.44,2025-05-11,0822,N21,VIIRS,n,2.0NRT,310.34,4.75,D
30.91134,75.57294,336.85,0.53,0.42,2025-05-11,0822,N21,VIIRS,n,2.0NRT,305.14,5.55,D
30.91921,75.50451,338.08,0.53,0.42,2025-05-11,0822,N21,VIIRS,n,2.0NRT,306.2,5.21,D
30.97531,75.97174,337.82,0.56,0.43,2025-05-11,0822,N21,VIIRS,l,2.0NRT,308.16,5,D
30.92303,75.50391,339.91,0.53,0.42,2025-05-11,0822,N21,VIIRS,n,2.0NRT,307.8,5.21,D
30.95258,75.73111,350.16,0.54,0.42,2025-05-11,0822,N21,VIIRS,n,2.0NRT,311.74,24.11,D
30.95645,75.73051,338.27,0.54,0.42,2025-05-11,0822,N21,VIIRS,n,2.0NRT,306.15,24.11,D
30.94082,75.52348,337.26,0.53,0.42,2025-05-11,0822,N21,VIIRS,l,2.0NRT,309.7,6.8,D
31.02148,76.21022,347.45,0.57,0.43,2025-05-11,0822,N21,VIIRS,n,2.0NRT,311.46,13.93,D
30.94024,75.4845,336.95,0.52,0.42,2025-05-11,0822,N21,VIIRS,l,2.0NRT,307.48,10.57,D
31.0357,76.22939,343.25,0.38,0.43,2025-05-11,0822,N21,VIIRS,l,2.0NRT,313.39,14.23,D
31.03526,76.2254,354.52,0.38,0.43,2025-05-11,0822,N21,VIIRS,n,2.0NRT,316.55,14.23,D
31.03341,76.20843,341.47,0.57,0.43,2025-05-11,0822,N21,VIIRS,l,2.0NRT,311.88,5.83,D
31.03275,76.20245,338.37,0.57,0.43,2025-05-11,0822,N21,VIIRS,l,2.0NRT,311.95,5.83,D
31.03924,76.22478,349.28,0.38,0.43,2025-05-11,0822,N21,VIIRS,n,2.0NRT,314.68,15.94,D
31.04203,76.1768,338.28,0.57,0.43,2025-05-11,0822,N21,VIIRS,l,2.0NRT,311.38,10.7,D
31.02823,76.05265,337.9,0.56,0.43,2025-05-11,0822,N21,VIIRS,n,2.0NRT,305.92,3.59,D
31.0493,76.13343,342.22,0.57,0.43,2025-05-11,0822,N21,VIIRS,n,2.0NRT,311.84,11.19,D
31.05326,76.13284,337.56,0.57,0.43,2025-05-11,0822,N21,VIIRS,l,2.0NRT,311.49,7.01,D
31.01777,75.81903,346.86,0.55,0.42,2025-05-11,0822,N21,VIIRS,n,2.0NRT,307.52,13.67,D
31.06451,76.16129,334.86,0.57,0.43,2025-05-11,0822,N21,VIIRS,l,2.0NRT,309.55,5.48,D
31.03272,75.84578,347.91,0.55,0.43,2025-05-11,0822,N21,VIIRS,n,2.0NRT,309.26,13.13,D
31.06108,76.05955,339.34,0.56,0.43,2025-05-11,0822,N21,VIIRS,n,2.0NRT,306.43,6.43,D
31.03661,75.84518,340.42,0.55,0.43,2025-05-11,0822,N21,VIIRS,n,2.0NRT,308.15,6.61,D
31.08754,76.11557,337.18,0.57,0.43,2025-05-11,0822,N21,VIIRS,l,2.0NRT,307.75,9.62,D
31.04549,75.75115,338.08,0.54,0.42,2025-05-11,0822,N21,VIIRS,l,2.0NRT,308.89,6.97,D
31.00303,75.39146,336.08,0.52,0.41,2025-05-11,0822,N21,VIIRS,l,2.0NRT,309.3,10.87,D
31.0024,75.39026,344.88,0.52,0.42,2025-05-11,0822,N21,VIIRS,n,2.0NRT,308.92,10.9,D
31.0865,76.11499,336.84,0.57,0.43,2025-05-11,0822,N21,VIIRS,l,2.0NRT,307.57,6.95,D
31.04663,75.74995,341.85,0.54,0.42,2025-05-11,0822,N21,VIIRS,n,2.0NRT,310.32,7.73,D
31.05051,75.74935,343.04,0.54,0.42,2025-05-11,0822,N21,VIIRS,n,2.0NRT,310.9,7.73,D
31.04988,75.74369,346.49,0.54,0.42,2025-05-11,0822,N21,VIIRS,n,2.0NRT,310.98,7.73,D
31.09826,76.14943,344.64,0.57,0.43,2025-05-11,0822,N21,VIIRS,n,2.0NRT,309.46,8.29,D
31.05438,75.74874,340.97,0.54,0.42,2025-05-11,0822,N21,VIIRS,n,2.0NRT,309.38,9.04,D
31.07854,75.93149,336.39,0.55,0.43,2025-05-11,0822,N21,VIIRS,l,2.0NRT,307.63,7.61,D
31.0779,75.9257,349.75,0.55,0.43,2025-05-11,0822,N21,VIIRS,n,2.0NRT,312.08,7.61,D
31.04151,75.49527,342.72,0.53,0.42,2025-05-11,0822,N21,VIIRS,n,2.0NRT,312.11,10.23,D
31.06869,75.70054,349.77,0.54,0.42,2025-05-11,0822,N21,VIIRS,n,2.0NRT,311.03,11.86,D
31.03406,75.3963,339.06,0.52,0.42,2025-05-11,0822,N21,VIIRS,n,2.0NRT,305.94,6.07,D
31.12401,76.16374,336.26,0.57,0.43,2025-05-11,0822,N21,VIIRS,l,2.0NRT,309.03,2.89,D
31.07319,75.70557,338.37,0.54,0.42,2025-05-11,0822,N21,VIIRS,l,2.0NRT,308.95,13.36,D
31.07255,75.69993,346.42,0.54,0.42,2025-05-11,0822,N21,VIIRS,n,2.0NRT,313.82,29.79,D
31.07706,75.70497,337.66,0.54,0.42,2025-05-11,0822,N21,VIIRS,l,2.0NRT,307.68,13.36,D
31.14518,76.17271,339.32,0.57,0.43,2025-05-11,0822,N21,VIIRS,l,2.0NRT,310.71,7.27,D
31.08548,75.64076,343.45,0.54,0.42,2025-05-11,0822,N21,VIIRS,n,2.0NRT,313.79,26.57,D
31.12685,75.93589,345.06,0.56,0.43,2025-05-11,0822,N21,VIIRS,n,2.0NRT,313.74,10.26,D
31.11189,75.76872,335.95,0.54,0.42,2025-05-11,0822,N21,VIIRS,l,2.0NRT,307.17,4.07,D
31.16172,76.13989,338.52,0.57,0.43,2025-05-11,0822,N21,VIIRS,l,2.0NRT,312.34,7.48,D
31.16836,76.16315,340.26,0.57,0.43,2025-05-11,0822,N21,VIIRS,n,2.0NRT,308.65,8.67,D
31.16163,76.0316,333.74,0.56,0.43,2025-05-11,0822,N21,VIIRS,l,2.0NRT,306.89,4,D
31.11227,75.50092,345.35,0.53,0.42,2025-05-11,0822,N21,VIIRS,n,2.0NRT,312.17,11.97,D
31.16272,75.90098,338.95,0.55,0.43,2025-05-11,0822,N21,VIIRS,l,2.0NRT,312.76,5.67,D
31.15146,75.80326,340.3,0.55,0.42,2025-05-11,0822,N21,VIIRS,l,2.0NRT,310.95,9.88,D
31.1148,75.48933,334.44,0.53,0.42,2025-05-11,0822,N21,VIIRS,l,2.0NRT,309.26,7.95,D
31.15536,75.80267,340.55,0.55,0.42,2025-05-11,0822,N21,VIIRS,l,2.0NRT,310.61,5.65,D
31.19674,76.12859,339.81,0.57,0.43,2025-05-11,0822,N21,VIIRS,n,2.0NRT,309.59,4.83,D
31.17523,75.94037,336.48,0.56,0.43,2025-05-11,0822,N21,VIIRS,l,2.0NRT,311.33,6.94,D
31.11448,75.49866,342.57,0.53,0.42,2025-05-11,0822,N21,VIIRS,n,2.0NRT,312.48,9.88,D
31.16262,75.89936,339.76,0.55,0.43,2025-05-11,0822,N21,VIIRS,l,2.0NRT,314.37,7.69,D
31.15194,75.80149,343.8,0.55,0.42,2025-05-11,0822,N21,VIIRS,n,2.0NRT,310.5,6.56,D
31.11707,75.48704,337.66,0.53,0.42,2025-05-11,0822,N21,VIIRS,l,2.0NRT,308.2,6.02,D
31.15583,75.8009,339.11,0.55,0.42,2025-05-11,0822,N21,VIIRS,l,2.0NRT,309.63,6.56,D
31.17488,75.93884,337.94,0.56,0.43,2025-05-11,0822,N21,VIIRS,l,2.0NRT,311.52,8.04,D
31.19986,76.13271,337.49,0.57,0.43,2025-05-11,0822,N21,VIIRS,l,2.0NRT,308.89,5.78,D
31.19922,76.12675,337.96,0.57,0.43,2025-05-11,0822,N21,VIIRS,l,2.0NRT,308.47,5.78,D
31.17563,75.90917,342.12,0.55,0.43,2025-05-11,0822,N21,VIIRS,n,2.0NRT,311.07,8.86,D
31.14486,75.59556,338.74,0.53,0.42,2025-05-11,0822,N21,VIIRS,l,2.0NRT,312.45,10.03,D
31.14997,75.60612,340.38,0.53,0.42,2025-05-11,0822,N21,VIIRS,l,2.0NRT,311,7.87,D
31.14495,75.56152,342.97,0.53,0.42,2025-05-11,0822,N21,VIIRS,n,2.0NRT,312.68,9.41,D
31.17037,75.68298,339.18,0.54,0.42,2025-05-11,0822,N21,VIIRS,l,2.0NRT,312.41,7.8,D
31.22172,76.11124,338.32,0.57,0.43,2025-05-11,0822,N21,VIIRS,n,2.0NRT,307.28,5.76,D
31.20942,75.99892,342.1,0.56,0.43,2025-05-11,0822,N21,VIIRS,l,2.0NRT,312.38,26.2,D
31.22308,76.08688,336.59,0.57,0.43,2025-05-11,0822,N21,VIIRS,l,2.0NRT,309.77,5.91,D
31.2186,76.00948,335.75,0.56,0.43,2025-05-11,0822,N21,VIIRS,l,2.0NRT,308.82,5.07,D
31.23169,76.05546,343.97,0.57,0.43,2025-05-11,0822,N21,VIIRS,n,2.0NRT,312.71,12.42,D
31.23104,76.04955,348.9,0.56,0.43,2025-05-11,0822,N21,VIIRS,n,2.0NRT,313.71,12.42,D
31.19804,75.75369,337.97,0.54,0.42,2025-05-11,0822,N21,VIIRS,l,2.0NRT,310.82,6.34,D
31.23564,76.05486,339.9,0.57,0.43,2025-05-11,0822,N21,VIIRS,n,2.0NRT,309.22,8.2,D
31.23433,76.04305,338.31,0.56,0.43,2025-05-11,0822,N21,VIIRS,l,2.0NRT,312.49,9.91,D
31.21353,75.85629,337.06,0.55,0.43,2025-05-11,0822,N21,VIIRS,l,2.0NRT,309.09,1.87,D
31.20966,75.82175,337.41,0.55,0.43,2025-05-11,0822,N21,VIIRS,l,2.0NRT,309.97,4.35,D
31.19743,75.71334,342.36,0.54,0.42,2025-05-11,0822,N21,VIIRS,l,2.0NRT,315.07,25.6,D
31.23828,76.04244,343.91,0.56,0.43,2025-05-11,0822,N21,VIIRS,n,2.0NRT,313.91,9.91,D
31.24486,76.06549,347.68,0.57,0.43,2025-05-11,0822,N21,VIIRS,n,2.0NRT,313.48,16.49,D
31.2442,76.05957,339.12,0.57,0.43,2025-05-11,0822,N21,VIIRS,l,2.0NRT,313.75,16.49,D
31.24224,76.04184,341.86,0.56,0.43,2025-05-11,0822,N21,VIIRS,l,2.0NRT,312.85,10.57,D
31.21545,75.59597,349.94,0.53,0.42,2025-05-11,0822,N21,VIIRS,n,2.0NRT,316.87,11.79,D
31.26788,76.01993,354.4,0.56,0.43,2025-05-11,0822,N21,VIIRS,n,2.0NRT,312.7,18.37,D
31.26721,76.01404,335.07,0.56,0.43,2025-05-11,0822,N21,VIIRS,l,2.0NRT,308.85,3.28,D
31.31424,76.36245,336.93,0.39,0.44,2025-05-11,0822,N21,VIIRS,l,2.0NRT,310.31,6.71,D
31.31963,76.37418,350.66,0.39,0.44,2025-05-11,0822,N21,VIIRS,n,2.0NRT,313.2,7.71,D
31.28224,75.96997,340.44,0.56,0.43,2025-05-11,0822,N21,VIIRS,l,2.0NRT,311.25,7.48,D
31.28157,75.96412,343.02,0.56,0.43,2025-05-11,0822,N21,VIIRS,n,2.0NRT,311.75,11.33,D
31.28227,75.97405,338.1,0.56,0.43,2025-05-11,0822,N21,VIIRS,l,2.0NRT,311.98,4.76,D
31.281,75.96233,339.05,0.56,0.43,2025-05-11,0822,N21,VIIRS,l,2.0NRT,310.96,8.65,D
31.28494,75.96172,337.04,0.56,0.43,2025-05-11,0822,N21,VIIRS,l,2.0NRT,310.55,5.23,D
31.31318,75.92761,335.59,0.56,0.43,2025-05-11,0822,N21,VIIRS,l,2.0NRT,310.54,5.37,D
31.26536,75.50091,336.64,0.53,0.42,2025-05-11,0822,N21,VIIRS,l,2.0NRT,310.84,5.01,D
31.3126,75.88625,338.23,0.56,0.43,2025-05-11,0822,N21,VIIRS,l,2.0NRT,310.47,9.78,D
31.31195,75.88046,344.79,0.55,0.43,2025-05-11,0822,N21,VIIRS,n,2.0NRT,312.56,14.37,D
31.31135,75.83931,343.64,0.55,0.43,2025-05-11,0822,N21,VIIRS,l,2.0NRT,314.66,11.05,D
31.31728,75.71588,367,0.54,0.42,2025-05-11,0822,N21,VIIRS,l,2.0NRT,325.93,187.99,D
30.58214,75.96409,338.3,0.39,0.36,2025-05-12,0803,N21,VIIRS,l,2.0NRT,312,4.53,D
30.58155,75.96011,344.68,0.39,0.36,2025-05-12,0803,N21,VIIRS,n,2.0NRT,312.64,5.27,D
30.58096,75.95613,339.27,0.39,0.36,2025-05-12,0803,N21,VIIRS,l,2.0NRT,312,5.27,D
30.60675,76.10699,339.35,0.39,0.36,2025-05-12,0803,N21,VIIRS,l,2.0NRT,311.48,3.84,D
30.58754,75.95481,342.89,0.39,0.36,2025-05-12,0803,N21,VIIRS,l,2.0NRT,316.98,25.7,D
30.58576,75.94287,340.2,0.39,0.36,2025-05-12,0803,N21,VIIRS,l,2.0NRT,312.96,23.35,D
30.58131,75.89049,343.67,0.38,0.36,2025-05-12,0803,N21,VIIRS,n,2.0NRT,313.57,7.67,D
30.57356,75.83888,340.64,0.38,0.36,2025-05-12,0803,N21,VIIRS,l,2.0NRT,312.5,5.01,D
30.51747,75.42493,337.01,0.38,0.36,2025-05-12,0803,N21,VIIRS,l,2.0NRT,310.8,3.52,D
30.57924,75.80908,339.76,0.38,0.36,2025-05-12,0803,N21,VIIRS,l,2.0NRT,313.63,5.49,D
30.60339,75.94754,343.86,0.39,0.36,2025-05-12,0803,N21,VIIRS,l,2.0NRT,317.78,14.47,D
30.5289,75.45529,346.68,0.38,0.36,2025-05-12,0803,N21,VIIRS,n,2.0NRT,315.76,14.41,D
30.60668,75.94688,345,0.39,0.36,2025-05-12,0803,N21,VIIRS,l,2.0NRT,317.51,13.87,D
30.53765,75.49029,340.15,0.38,0.36,2025-05-12,0803,N21,VIIRS,l,2.0NRT,314.73,8.9,D
30.53704,75.48632,341.76,0.38,0.36,2025-05-12,0803,N21,VIIRS,l,2.0NRT,313.26,8.34,D
30.61353,75.97012,338.39,0.39,0.36,2025-05-12,0803,N21,VIIRS,l,2.0NRT,312.8,5.99,D
30.60878,75.93826,345.67,0.39,0.36,2025-05-12,0803,N21,VIIRS,l,2.0NRT,317.06,11.84,D
30.6064,75.92234,349.64,0.39,0.36,2025-05-12,0803,N21,VIIRS,n,2.0NRT,316.88,11.34,D
30.60969,75.92168,349.46,0.39,0.36,2025-05-12,0803,N21,VIIRS,n,2.0NRT,318.9,11.77,D
30.59657,75.83425,346.07,0.38,0.36,2025-05-12,0803,N21,VIIRS,l,2.0NRT,320.06,15.54,D
30.5834,75.74683,343.81,0.38,0.36,2025-05-12,0803,N21,VIIRS,n,2.0NRT,313.4,4.1,D
30.58281,75.74286,341.18,0.38,0.36,2025-05-12,0803,N21,VIIRS,l,2.0NRT,314.68,4.1,D
30.59986,75.83359,343.57,0.38,0.36,2025-05-12,0803,N21,VIIRS,l,2.0NRT,315.88,15.54,D
30.62281,75.96416,344.49,0.39,0.36,2025-05-12,0803,N21,VIIRS,l,2.0NRT,317.92,7.87,D
30.54434,75.42351,343.95,0.38,0.36,2025-05-12,0803,N21,VIIRS,n,2.0NRT,314.69,8.52,D
30.6151,75.82233,338.19,0.38,0.36,2025-05-12,0803,N21,VIIRS,l,2.0NRT,312.62,5.4,D
30.54992,75.39372,338.24,0.38,0.36,2025-05-12,0803,N21,VIIRS,l,2.0NRT,311.76,5.27,D
30.65767,76.08453,340.48,0.39,0.36,2025-05-12,0803,N21,VIIRS,l,2.0NRT,313.66,7.49,D
30.64493,75.97616,345.17,0.39,0.36,2025-05-12,0803,N21,VIIRS,n,2.0NRT,314.86,8.34,D
30.59767,75.66209,336.78,0.38,0.36,2025-05-12,0803,N21,VIIRS,l,2.0NRT,307.53,2.71,D
30.62765,75.8157,339.67,0.38,0.36,2025-05-12,0803,N21,VIIRS,l,2.0NRT,312.56,7.99,D
30.63368,75.80657,342.13,0.38,0.36,2025-05-12,0803,N21,VIIRS,l,2.0NRT,316.54,7,D
30.65364,75.91727,346.39,0.39,0.36,2025-05-12,0803,N21,VIIRS,n,2.0NRT,318.25,8.09,D
30.63697,75.80591,339.1,0.38,0.36,2025-05-12,0803,N21,VIIRS,l,2.0NRT,311.84,7,D
30.62681,75.73832,338.82,0.38,0.36,2025-05-12,0803,N21,VIIRS,l,2.0NRT,311.97,7.38,D
30.65396,75.89669,343.77,0.39,0.36,2025-05-12,0803,N21,VIIRS,n,2.0NRT,316.17,4.88,D
30.62975,75.66812,334.81,0.38,0.36,2025-05-12,0803,N21,VIIRS,l,2.0NRT,308.03,1.88,D
30.64712,75.73831,340.2,0.38,0.36,2025-05-12,0803,N21,VIIRS,l,2.0NRT,312.12,5.02,D
30.6853,75.94786,341.45,0.39,0.36,2025-05-12,0803,N21,VIIRS,l,2.0NRT,313.17,9.24,D
30.64769,75.69724,344.56,0.38,0.36,2025-05-12,0803,N21,VIIRS,n,2.0NRT,314.34,4.84,D
30.69188,75.94654,341.62,0.39,0.36,2025-05-12,0803,N21,VIIRS,l,2.0NRT,316.43,6.69,D
30.62046,75.47357,337.69,0.38,0.36,2025-05-12,0803,N21,VIIRS,l,2.0NRT,311.68,3.4,D
30.74809,76.28139,338.51,0.39,0.36,2025-05-12,0803,N21,VIIRS,l,2.0NRT,313.15,5.53,D
30.65242,75.63895,341.01,0.38,0.36,2025-05-12,0803,N21,VIIRS,l,2.0NRT,313.76,4.18,D
30.74327,76.17909,341.39,0.39,0.36,2025-05-12,0803,N21,VIIRS,n,2.0NRT,312.94,3.18,D
30.72942,76.06236,343.75,0.39,0.36,2025-05-12,0803,N21,VIIRS,l,2.0NRT,316,7.5,D
30.72085,75.98181,337.69,0.39,0.36,2025-05-12,0803,N21,VIIRS,l,2.0NRT,311.17,2.7,D
30.67966,75.70714,343.93,0.38,0.36,2025-05-12,0803,N21,VIIRS,n,2.0NRT,311.28,6.2,D
30.74463,76.09639,344.41,0.39,0.36,2025-05-12,0803,N21,VIIRS,l,2.0NRT,317.37,12.93,D
30.63784,75.38814,347.15,0.38,0.36,2025-05-12,0803,N21,VIIRS,n,2.0NRT,310.58,3.79,D
30.78664,76.33588,345.75,0.39,0.36,2025-05-12,0803,N21,VIIRS,l,2.0NRT,317.56,10.04,D
30.69341,75.70845,341.58,0.38,0.36,2025-05-12,0803,N21,VIIRS,l,2.0NRT,313.02,3.27,D
30.69669,75.70779,343.78,0.38,0.36,2025-05-12,0803,N21,VIIRS,n,2.0NRT,309.85,3.27,D
30.71825,75.80592,344.81,0.38,0.36,2025-05-12,0803,N21,VIIRS,n,2.0NRT,315.14,7.22,D
30.70266,75.70248,343.71,0.38,0.36,2025-05-12,0803,N21,VIIRS,n,2.0NRT,311.35,5.9,D
30.69115,75.58192,338.79,0.38,0.36,2025-05-12,0803,N21,VIIRS,l,2.0NRT,312.01,5.53,D
30.71635,75.65872,350.3,0.38,0.36,2025-05-12,0803,N21,VIIRS,n,2.0NRT,317.24,15.83,D
30.70851,75.60706,338.22,0.38,0.36,2025-05-12,0803,N21,VIIRS,l,2.0NRT,312.76,3.46,D
30.7681,75.93234,346.47,0.39,0.36,2025-05-12,0803,N21,VIIRS,n,2.0NRT,314.33,9.26,D
30.7305,75.68147,346.82,0.38,0.36,2025-05-12,0803,N21,VIIRS,n,2.0NRT,311.6,9.59,D
30.7472,75.65759,339.75,0.38,0.36,2025-05-12,0803,N21,VIIRS,l,2.0NRT,312.22,6.49,D
30.70422,75.37549,333.29,0.38,0.36,2025-05-12,0803,N21,VIIRS,l,2.0NRT,307.51,1.64,D
30.77292,75.69337,348.33,0.38,0.36,2025-05-12,0803,N21,VIIRS,n,2.0NRT,314.53,11.71,D
30.83143,75.99371,338.16,0.39,0.36,2025-05-12,0803,N21,VIIRS,l,2.0NRT,312.63,3.11,D
30.83472,75.99305,341.36,0.39,0.36,2025-05-12,0803,N21,VIIRS,l,2.0NRT,313.48,3.11,D
30.79355,75.7179,343.01,0.38,0.36,2025-05-12,0803,N21,VIIRS,n,2.0NRT,314.49,5.28,D
30.89686,76.36939,340.91,0.39,0.36,2025-05-12,0803,N21,VIIRS,l,2.0NRT,315.66,3.19,D
30.79011,75.58325,338.73,0.38,0.36,2025-05-12,0803,N21,VIIRS,l,2.0NRT,312.21,3.75,D
30.79728,75.58588,343.59,0.38,0.36,2025-05-12,0803,N21,VIIRS,n,2.0NRT,311.98,6.01,D
30.89647,76.15812,348.03,0.39,0.36,2025-05-12,0803,N21,VIIRS,n,2.0NRT,316.72,8.58,D
30.86855,75.64951,339.25,0.38,0.36,2025-05-12,0803,N21,VIIRS,l,2.0NRT,313.36,6.94,D
30.9755,76.04765,344.41,0.39,0.36,2025-05-12,0803,N21,VIIRS,l,2.0NRT,316.02,14.12,D
30.96948,75.86791,340.63,0.39,0.36,2025-05-12,0803,N21,VIIRS,n,2.0NRT,313.6,2.36,D
30.944,75.58528,338.96,0.38,0.36,2025-05-12,0803,N21,VIIRS,l,2.0NRT,312.52,8.24,D
31.04714,76.25764,344.04,0.39,0.36,2025-05-12,0803,N21,VIIRS,l,2.0NRT,315.03,7.73,D
31.03839,76.03563,344.26,0.39,0.36,2025-05-12,0803,N21,VIIRS,n,2.0NRT,312.54,9.72,D
31.04228,76.03898,338.37,0.39,0.36,2025-05-12,0803,N21,VIIRS,l,2.0NRT,310.44,2.48,D
31.04168,76.03497,347.53,0.39,0.36,2025-05-12,0803,N21,VIIRS,n,2.0NRT,312.06,4.92,D
31.10142,76.28014,343.58,0.39,0.36,2025-05-12,0803,N21,VIIRS,l,2.0NRT,314.17,7.86,D
31.13448,76.27361,336.91,0.39,0.36,2025-05-12,0803,N21,VIIRS,l,2.0NRT,309.54,1.58,D
31.13927,76.00411,344.04,0.39,0.36,2025-05-12,0803,N21,VIIRS,l,2.0NRT,317.57,8.6,D
31.17448,76.22108,339.81,0.39,0.36,2025-05-12,0803,N21,VIIRS,l,2.0NRT,313.44,1.33,D
31.17283,76.16323,351.92,0.39,0.36,2025-05-12,0803,N21,VIIRS,n,2.0NRT,318.4,11.44,D
31.13727,75.92179,352.44,0.39,0.36,2025-05-12,0803,N21,VIIRS,n,2.0NRT,316.93,8.36,D
31.14056,75.92113,354.31,0.39,0.36,2025-05-12,0803,N21,VIIRS,n,2.0NRT,321.62,23.77,D
31.14266,75.91245,349.21,0.39,0.36,2025-05-12,0803,N21,VIIRS,l,2.0NRT,321.13,15.55,D
31.18746,76.19357,343.7,0.39,0.36,2025-05-12,0803,N21,VIIRS,n,2.0NRT,314.09,5.85,D
31.1105,75.53986,354.61,0.38,0.36,2025-05-12,0803,N21,VIIRS,n,2.0NRT,316.33,13.57,D
31.16262,75.70258,341.55,0.38,0.36,2025-05-12,0803,N21,VIIRS,l,2.0NRT,312.38,5.53,D
31.20791,75.96187,350.1,0.39,0.36,2025-05-12,0803,N21,VIIRS,n,2.0NRT,317.98,7.89,D
31.20731,75.95785,348.14,0.39,0.36,2025-05-12,0803,N21,VIIRS,n,2.0NRT,315.19,7.89,D
31.14808,75.51612,340.19,0.38,0.36,2025-05-12,0803,N21,VIIRS,l,2.0NRT,315.17,9.3,D
31.21185,75.91969,340.89,0.39,0.36,2025-05-12,0803,N21,VIIRS,l,2.0NRT,313.83,7.14,D
31.25228,76.10223,338.54,0.39,0.36,2025-05-12,0803,N21,VIIRS,l,2.0NRT,313.21,4.69,D
31.25557,76.10157,340.65,0.39,0.36,2025-05-12,0803,N21,VIIRS,l,2.0NRT,312.88,4.21,D
31.20595,75.69788,338.74,0.38,0.36,2025-05-12,0803,N21,VIIRS,l,2.0NRT,313.69,9.88,D
31.31253,76.35287,339.7,0.39,0.36,2025-05-12,0803,N21,VIIRS,l,2.0NRT,313.11,7.54,D
31.27715,76.10971,349.36,0.39,0.36,2025-05-12,0803,N21,VIIRS,n,2.0NRT,313.87,7.05,D
31.29847,76.09299,342.52,0.39,0.36,2025-05-12,0803,N21,VIIRS,n,2.0NRT,314.84,8.27,D
31.25971,76.12983,338.05,0.39,0.36,2025-05-12,0803,N21,VIIRS,l,2.0NRT,311.79,4.57,D
30.42281,76.28996,338.3,0.39,0.36,2025-05-12,0803,N21,VIIRS,l,2.0NRT,312.93,4.4,D
30.42682,76.24805,343.64,0.39,0.36,2025-05-12,0803,N21,VIIRS,l,2.0NRT,313.66,7.54,D
30.42382,76.11319,340.22,0.39,0.36,2025-05-12,0803,N21,VIIRS,l,2.0NRT,314.92,11.42,D
30.43522,76.09863,344.51,0.39,0.36,2025-05-12,0803,N21,VIIRS,l,2.0NRT,316.66,8.49,D
30.44206,76.12188,351.39,0.39,0.36,2025-05-12,0803,N21,VIIRS,n,2.0NRT,316.61,14.67,D
30.44661,76.08408,346.47,0.39,0.36,2025-05-12,0803,N21,VIIRS,l,2.0NRT,317.7,13.62,D
30.47746,76.2463,341.43,0.39,0.36,2025-05-12,0803,N21,VIIRS,l,2.0NRT,313.25,13.11,D
30.48121,76.24644,343.32,0.39,0.36,2025-05-12,0803,N21,VIIRS,l,2.0NRT,315.15,8.58,D
30.48062,76.24244,343.24,0.39,0.36,2025-05-12,0803,N21,VIIRS,l,2.0NRT,316.61,7.35,D
30.42572,75.82726,349.17,0.38,0.36,2025-05-12,0803,N21,VIIRS,n,2.0NRT,315.66,7.47,D
30.42392,75.81535,345.03,0.38,0.36,2025-05-12,0803,N21,VIIRS,l,2.0NRT,315.39,12.04,D
30.42721,75.8147,342.67,0.38,0.36,2025-05-12,0803,N21,VIIRS,l,2.0NRT,317.56,12.04,D
30.44868,75.91251,344.39,0.38,0.36,2025-05-12,0803,N21,VIIRS,l,2.0NRT,316.11,6.98,D
30.44273,75.87289,341.88,0.38,0.36,2025-05-12,0803,N21,VIIRS,l,2.0NRT,315.92,6.81,D
30.42721,75.76974,339.96,0.38,0.36,2025-05-12,0803,N21,VIIRS,l,2.0NRT,314.34,6.13,D
30.44244,75.84842,340.82,0.38,0.36,2025-05-12,0803,N21,VIIRS,l,2.0NRT,313.44,3.08,D
30.43527,75.75585,349.97,0.38,0.36,2025-05-12,0803,N21,VIIRS,n,2.0NRT,316.68,11.9,D
30.50817,76.13013,339.37,0.39,0.36,2025-05-12,0803,N21,VIIRS,l,2.0NRT,313.63,5.28,D
30.50522,76.11019,338.77,0.39,0.36,2025-05-12,0803,N21,VIIRS,n,2.0NRT,312.56,10.68,D
30.45588,75.7803,341.2,0.38,0.36,2025-05-12,0803,N21,VIIRS,l,2.0NRT,313.91,4.95,D
30.50792,76.10555,367,0.39,0.36,2025-05-12,0803,N21,VIIRS,h,2.0NRT,316.99,13.3,D
30.46246,75.77898,337.5,0.38,0.36,2025-05-12,0803,N21,VIIRS,l,2.0NRT,311.72,2.66,D
30.43179,75.57685,343.59,0.38,0.36,2025-05-12,0803,N21,VIIRS,n,2.0NRT,312.07,5.88,D
30.47053,75.81006,341.17,0.38,0.36,2025-05-12,0803,N21,VIIRS,l,2.0NRT,316.16,8.48,D
30.46993,75.80609,348.72,0.38,0.36,2025-05-12,0803,N21,VIIRS,n,2.0NRT,318.46,8.48,D
30.46874,75.79816,348.48,0.38,0.36,2025-05-12,0803,N21,VIIRS,l,2.0NRT,318.56,15.32,D
30.44069,75.54645,342.49,0.38,0.36,2025-05-12,0803,N21,VIIRS,n,2.0NRT,309.68,4.22,D
30.49055,75.83057,345.83,0.38,0.36,2025-05-12,0803,N21,VIIRS,l,2.0NRT,316.18,7.44,D
30.49025,75.80609,342.96,0.38,0.36,2025-05-12,0803,N21,VIIRS,l,2.0NRT,316.55,8.48,D
30.56472,76.28353,344.95,0.39,0.36,2025-05-12,0803,N21,VIIRS,l,2.0NRT,315.83,5.92,D
30.54914,76.15488,340.29,0.39,0.36,2025-05-12,0803,N21,VIIRS,l,2.0NRT,313.03,4.6,D
30.45226,75.51141,348.73,0.38,0.36,2025-05-12,0803,N21,VIIRS,n,2.0NRT,316.26,15.01,D
30.5725,76.29025,348.1,0.39,0.36,2025-05-12,0803,N21,VIIRS,n,2.0NRT,316.6,11.66,D
30.44728,75.43481,343.47,0.38,0.36,2025-05-12,0803,N21,VIIRS,n,2.0NRT,310.35,6.41,D
30.57557,76.26492,346.04,0.39,0.36,2025-05-12,0803,N21,VIIRS,l,2.0NRT,317.3,11.41,D
30.45725,75.4777,337.66,0.38,0.36,2025-05-12,0803,N21,VIIRS,l,2.0NRT,310.1,2.61,D
30.47887,75.53048,337.99,0.38,0.36,2025-05-12,0803,N21,VIIRS,l,2.0NRT,311.2,4.94,D
30.52217,75.76738,341.07,0.38,0.36,2025-05-12,0803,N21,VIIRS,l,2.0NRT,316.04,6.6,D
30.52665,75.72967,343.85,0.38,0.36,2025-05-12,0803,N21,VIIRS,l,2.0NRT,314.06,6.88,D
30.51764,75.67014,334.4,0.38,0.36,2025-05-12,0803,N21,VIIRS,l,2.0NRT,308.1,7.34,D
30.49653,75.5314,338.46,0.38,0.36,2025-05-12,0803,N21,VIIRS,l,2.0NRT,312.07,4.75,D
30.53532,75.76472,343.65,0.38,0.36,2025-05-12,0803,N21,VIIRS,l,2.0NRT,314.57,5.52,D
30.52993,75.729,347.88,0.38,0.36,2025-05-12,0803,N21,VIIRS,n,2.0NRT,313.65,6.88,D
30.52093,75.66948,345.54,0.38,0.36,2025-05-12,0803,N21,VIIRS,n,2.0NRT,312.78,7.34,D
30.47246,75.96137,306.84,0.48,0.4,2025-05-12,2025,N21,VIIRS,n,2.0NRT,292.9,0.86,N
30.65965,75.55926,335.52,0.51,0.41,2025-05-13,0744,N21,VIIRS,l,2.0NRT,306.28,1.74,D
30.42004,76.23124,339.61,0.48,0.4,2025-05-13,0744,N21,VIIRS,n,2.0NRT,309.54,5.83,D
30.43564,76.05291,341.71,0.49,0.4,2025-05-13,0744,N21,VIIRS,l,2.0NRT,312.48,11.14,D
30.43455,76.02692,348.58,0.49,0.4,2025-05-13,0744,N21,VIIRS,n,2.0NRT,312.42,11.6,D
30.44186,76.02513,339.94,0.49,0.4,2025-05-13,0744,N21,VIIRS,l,2.0NRT,311.28,11.24,D
30.43409,75.96371,338.93,0.5,0.41,2025-05-13,0744,N21,VIIRS,l,2.0NRT,309.12,7.99,D
30.42738,75.92822,340.21,0.5,0.41,2025-05-13,0744,N21,VIIRS,l,2.0NRT,311.44,6.85,D
30.44509,75.96098,336.5,0.5,0.41,2025-05-13,0744,N21,VIIRS,l,2.0NRT,308.34,5.78,D
30.4255,75.81638,339.33,0.5,0.41,2025-05-13,0744,N21,VIIRS,l,2.0NRT,309.58,5.67,D
30.48707,76.12385,335.48,0.49,0.4,2025-05-13,0744,N21,VIIRS,l,2.0NRT,308.65,3.37,D
30.42724,75.80518,339.51,0.5,0.41,2025-05-13,0744,N21,VIIRS,l,2.0NRT,310.45,11.25,D
30.49901,76.16762,342.48,0.48,0.4,2025-05-13,0744,N21,VIIRS,n,2.0NRT,308.22,5.44,D
30.50265,76.16673,335.84,0.48,0.4,2025-05-13,0744,N21,VIIRS,l,2.0NRT,309.54,3.85,D
30.42683,75.76205,338.94,0.51,0.41,2025-05-13,0744,N21,VIIRS,l,2.0NRT,309.8,5.22,D
30.4614,75.92513,341.39,0.5,0.41,2025-05-13,0744,N21,VIIRS,n,2.0NRT,309.41,7.66,D
30.45279,75.87929,345.12,0.5,0.41,2025-05-13,0744,N21,VIIRS,n,2.0NRT,311.01,10.7,D
30.47266,75.96478,338.97,0.49,0.41,2025-05-13,0744,N21,VIIRS,l,2.0NRT,311.41,6.02,D
30.47171,75.95972,341.25,0.49,0.41,2025-05-13,0744,N21,VIIRS,l,2.0NRT,312.96,6.02,D
30.46398,75.89787,338.62,0.5,0.41,2025-05-13,0744,N21,VIIRS,n,2.0NRT,308.3,5.44,D
30.47323,75.90623,339.39,0.5,0.41,2025-05-13,0744,N21,VIIRS,l,2.0NRT,310.59,5.93,D
30.51248,76.09677,345.75,0.49,0.4,2025-05-13,0744,N21,VIIRS,n,2.0NRT,309.18,13.9,D
30.43044,75.65769,340.33,0.51,0.41,2025-05-13,0744,N21,VIIRS,n,2.0NRT,305.95,13.5,D
30.42946,75.65246,338.95,0.51,0.41,2025-05-13,0744,N21,VIIRS,n,2.0NRT,304.77,8.66,D
30.53078,76.17535,334.67,0.48,0.4,2025-05-13,0744,N21,VIIRS,l,2.0NRT,308.5,2.88,D
30.43417,75.65675,340.86,0.51,0.41,2025-05-13,0744,N21,VIIRS,n,2.0NRT,308.11,13.5,D
30.43318,75.65153,336.51,0.51,0.41,2025-05-13,0744,N21,VIIRS,n,2.0NRT,306.21,8.66,D
30.47364,75.8259,344.69,0.5,0.41,2025-05-13,0744,N21,VIIRS,n,2.0NRT,310.33,10.38,D
30.58629,76.41702,337.5,0.47,0.4,2025-05-13,0744,N21,VIIRS,l,2.0NRT,311.67,6.2,D
30.47253,75.79929,340.42,0.5,0.41,2025-05-13,0744,N21,VIIRS,n,2.0NRT,308.6,9.32,D
30.4404,75.62775,339.98,0.51,0.41,2025-05-13,0744,N21,VIIRS,n,2.0NRT,308.3,9.62,D
30.51683,76.01716,340.56,0.49,0.4,2025-05-13,0744,N21,VIIRS,n,2.0NRT,310.19,5.79,D
30.48184,75.80773,341.76,0.5,0.41,2025-05-13,0744,N21,VIIRS,n,2.0NRT,309.89,9.08,D
30.45746,75.65639,340.58,0.51,0.41,2025-05-13,0744,N21,VIIRS,n,2.0NRT,310.57,21.03,D
30.4736,75.79597,341.58,0.5,0.41,2025-05-13,0744,N21,VIIRS,n,2.0NRT,309.13,6.1,D
30.44053,75.62474,348.52,0.51,0.41,2025-05-13,0744,N21,VIIRS,n,2.0NRT,309.25,8.85,D
30.52,76.01849,341.88,0.49,0.4,2025-05-13,0744,N21,VIIRS,n,2.0NRT,309.77,8.22,D
30.52651,76.03263,337.65,0.49,0.4,2025-05-13,0744,N21,VIIRS,l,2.0NRT,308.55,4.83,D
30.48296,75.80441,340.48,0.5,0.41,2025-05-13,0744,N21,VIIRS,l,2.0NRT,311.68,8,D
30.43575,75.55979,339.83,0.52,0.41,2025-05-13,0744,N21,VIIRS,n,2.0NRT,307.69,5.1,D
30.47776,75.75716,342.02,0.51,0.41,2025-05-13,0744,N21,VIIRS,n,2.0NRT,311.29,7.28,D
30.45776,75.65333,342.88,0.51,0.41,2025-05-13,0744,N21,VIIRS,n,2.0NRT,309.93,22.8,D
30.51949,75.95536,337.8,0.49,0.41,2025-05-13,0744,N21,VIIRS,l,2.0NRT,310.52,7.39,D
30.4972,75.83845,340.54,0.5,0.41,2025-05-13,0744,N21,VIIRS,n,2.0NRT,310,9.12,D
30.54502,76.06995,344.05,0.49,0.4,2025-05-13,0744,N21,VIIRS,n,2.0NRT,313.86,19.28,D
30.52411,75.9595,342.85,0.49,0.41,2025-05-13,0744,N21,VIIRS,n,2.0NRT,310.54,9.44,D
30.4439,75.54114,341.28,0.52,0.41,2025-05-13,0744,N21,VIIRS,n,2.0NRT,308.54,6.31,D
30.57097,76.16745,336.64,0.48,0.4,2025-05-13,0744,N21,VIIRS,n,2.0NRT,306.33,4.66,D
30.54841,76.02724,338.67,0.49,0.4,2025-05-13,0744,N21,VIIRS,l,2.0NRT,311.71,7.57,D
30.48933,75.71633,339.4,0.51,0.41,2025-05-13,0744,N21,VIIRS,n,2.0NRT,309.38,11.28,D
30.57174,76.13103,336.4,0.48,0.4,2025-05-13,0744,N21,VIIRS,l,2.0NRT,308.25,3.27,D
30.468,75.58485,342.26,0.52,0.41,2025-05-13,0744,N21,VIIRS,n,2.0NRT,308.28,6.1,D
30.49151,75.66678,340.22,0.51,0.41,2025-05-13,0744,N21,VIIRS,l,2.0NRT,310.97,5.07,D
30.47515,75.56098,335.73,0.52,0.41,2025-05-13,0744,N21,VIIRS,l,2.0NRT,307.33,3.52,D
30.47146,75.43942,339.59,0.52,0.42,2025-05-13,0744,N21,VIIRS,n,2.0NRT,306.61,5.36,D
30.54007,75.77942,341.28,0.5,0.41,2025-05-13,0744,N21,VIIRS,l,2.0NRT,311.55,12.48,D
30.52344,75.6915,337,0.51,0.41,2025-05-13,0744,N21,VIIRS,l,2.0NRT,309.18,5.47,D
30.57714,75.9358,339.09,0.49,0.41,2025-05-13,0744,N21,VIIRS,l,2.0NRT,310.22,8.32,D
30.59678,76.02055,351.86,0.49,0.4,2025-05-13,0744,N21,VIIRS,n,2.0NRT,312.14,13.34,D
30.50647,75.51984,341.55,0.52,0.41,2025-05-13,0744,N21,VIIRS,n,2.0NRT,306.61,6.39,D
30.50244,75.49863,341.69,0.52,0.41,2025-05-13,0744,N21,VIIRS,n,2.0NRT,307.98,4.86,D
30.50719,75.50299,337.79,0.52,0.41,2025-05-13,0744,N21,VIIRS,n,2.0NRT,307.72,4.86,D
30.50113,75.47109,334.84,0.52,0.42,2025-05-13,0744,N21,VIIRS,l,2.0NRT,306.22,3.39,D
30.49503,75.43907,334.55,0.52,0.42,2025-05-13,0744,N21,VIIRS,l,2.0NRT,305.05,2.78,D
30.56881,75.78841,340.8,0.5,0.41,2025-05-13,0744,N21,VIIRS,n,2.0NRT,310.38,10.54,D
30.57249,75.78748,340.57,0.5,0.41,2025-05-13,0744,N21,VIIRS,l,2.0NRT,311.67,8.18,D
30.62324,76.01925,340.88,0.49,0.4,2025-05-13,0744,N21,VIIRS,l,2.0NRT,313.65,23.8,D
30.58275,75.80106,340.43,0.5,0.41,2025-05-13,0744,N21,VIIRS,l,2.0NRT,311.03,9.75,D
30.59203,75.80949,338.4,0.5,0.41,2025-05-13,0744,N21,VIIRS,l,2.0NRT,309.4,7.74,D
30.64155,76.05658,339.64,0.49,0.4,2025-05-13,0744,N21,VIIRS,l,2.0NRT,312.46,9.21,D
30.64834,76.13591,336.93,0.48,0.4,2025-05-13,0744,N21,VIIRS,l,2.0NRT,311.38,5.27,D
30.64151,76.05964,338.27,0.49,0.4,2025-05-13,0744,N21,VIIRS,l,2.0NRT,311.61,6.06,D
30.65911,76.11253,334.97,0.48,0.4,2025-05-13,0744,N21,VIIRS,l,2.0NRT,307.22,3.34,D
30.58302,75.71267,342.24,0.51,0.41,2025-05-13,0744,N21,VIIRS,n,2.0NRT,310.25,9.11,D
30.64473,75.99606,339.93,0.49,0.4,2025-05-13,0744,N21,VIIRS,l,2.0NRT,310.46,6.59,D
30.63616,75.95081,342.36,0.49,0.4,2025-05-13,0744,N21,VIIRS,l,2.0NRT,312.61,7.75,D
30.57314,75.60059,338.06,0.51,0.41,2025-05-13,0744,N21,VIIRS,n,2.0NRT,305.99,4.13,D
30.6116,75.78113,340.11,0.5,0.41,2025-05-13,0744,N21,VIIRS,l,2.0NRT,311.34,7.76,D
30.54277,75.40278,337.94,0.52,0.42,2025-05-13,0744,N21,VIIRS,n,2.0NRT,306.99,4.39,D
30.54174,75.39742,337.75,0.52,0.42,2025-05-13,0744,N21,VIIRS,n,2.0NRT,305.02,6.34,D
30.58702,75.59161,338.39,0.51,0.41,2025-05-13,0744,N21,VIIRS,n,2.0NRT,307.55,6.25,D
30.62342,75.76202,339.43,0.5,0.41,2025-05-13,0744,N21,VIIRS,l,2.0NRT,310.15,6.72,D
30.71562,76.23261,332.36,0.48,0.4,2025-05-13,0744,N21,VIIRS,l,2.0NRT,307.36,3.17,D
30.65606,75.91416,351.1,0.49,0.41,2025-05-13,0744,N21,VIIRS,n,2.0NRT,314.68,19.97,D
30.63101,75.78166,342.45,0.5,0.41,2025-05-13,0744,N21,VIIRS,n,2.0NRT,311.21,5.96,D
30.63004,75.77652,340.34,0.5,0.41,2025-05-13,0744,N21,VIIRS,l,2.0NRT,311.29,5.96,D
30.62809,75.76624,336.49,0.5,0.41,2025-05-13,0744,N21,VIIRS,l,2.0NRT,308.86,6.65,D
30.65972,75.91325,344.61,0.49,0.41,2025-05-13,0744,N21,VIIRS,n,2.0NRT,311.74,8.62,D
30.6413,75.7952,339.64,0.5,0.41,2025-05-13,0744,N21,VIIRS,l,2.0NRT,311.57,6.44,D
30.57867,75.46644,338.18,0.52,0.42,2025-05-13,0744,N21,VIIRS,n,2.0NRT,308.08,4.73,D
30.57253,75.43449,337.29,0.52,0.42,2025-05-13,0744,N21,VIIRS,n,2.0NRT,305.8,5.77,D
30.70066,76.05029,338.49,0.49,0.4,2025-05-13,0744,N21,VIIRS,l,2.0NRT,310.17,6.87,D
30.67057,75.88934,343.19,0.5,0.41,2025-05-13,0744,N21,VIIRS,n,2.0NRT,310.87,8.79,D
30.57867,75.40493,344.12,0.52,0.42,2025-05-13,0744,N21,VIIRS,n,2.0NRT,306.59,5.63,D
30.63415,75.63456,342.03,0.51,0.41,2025-05-13,0744,N21,VIIRS,n,2.0NRT,308.18,11.58,D
30.70031,75.96653,339.26,0.49,0.4,2025-05-13,0744,N21,VIIRS,n,2.0NRT,308.93,7.2,D
30.67188,75.81438,339.18,0.5,0.41,2025-05-13,0744,N21,VIIRS,l,2.0NRT,310.01,5,D
30.5995,75.41087,335.81,0.52,0.42,2025-05-13,0744,N21,VIIRS,n,2.0NRT,303.07,4.13,D
30.59848,75.40552,333.87,0.52,0.42,2025-05-13,0744,N21,VIIRS,n,2.0NRT,303.53,3.81,D
30.73077,76.08969,334.32,0.48,0.4,2025-05-13,0744,N21,VIIRS,l,2.0NRT,308.65,3.54,D
30.70565,75.93358,340.74,0.49,0.4,2025-05-13,0744,N21,VIIRS,l,2.0NRT,311.68,8.15,D
30.69906,75.89819,341.32,0.49,0.41,2025-05-13,0744,N21,VIIRS,l,2.0NRT,312.57,9.19,D
30.67139,75.75004,338.29,0.5,0.41,2025-05-13,0744,N21,VIIRS,l,2.0NRT,308.87,6.22,D
30.66365,75.70876,336.44,0.5,0.41,2025-05-13,0744,N21,VIIRS,n,2.0NRT,306.05,10.81,D
30.7093,75.93267,336.09,0.49,0.4,2025-05-13,0744,N21,VIIRS,l,2.0NRT,308.01,6.52,D
30.65719,75.61235,341.19,0.51,0.41,2025-05-13,0744,N21,VIIRS,n,2.0NRT,309.03,7.25,D
30.66873,75.65314,335.01,0.51,0.41,2025-05-13,0744,N21,VIIRS,l,2.0NRT,306.99,2.17,D
30.7323,75.97437,340.09,0.49,0.4,2025-05-13,0744,N21,VIIRS,l,2.0NRT,311.5,12,D
30.72758,75.92812,342.66,0.49,0.4,2025-05-13,0744,N21,VIIRS,n,2.0NRT,312,7.54,D
30.65949,75.56237,334.45,0.51,0.41,2025-05-13,0744,N21,VIIRS,l,2.0NRT,307.59,2.12,D
30.65862,75.61436,335.44,0.51,0.41,2025-05-13,0744,N21,VIIRS,l,2.0NRT,307.61,6.08,D
30.73196,75.97646,338.64,0.49,0.4,2025-05-13,0744,N21,VIIRS,l,2.0NRT,310.27,6.29,D
30.67038,75.65504,336.18,0.51,0.41,2025-05-13,0744,N21,VIIRS,l,2.0NRT,308.66,3.97,D
30.72701,75.93032,340.87,0.49,0.4,2025-05-13,0744,N21,VIIRS,l,2.0NRT,311.22,9.91,D
30.69046,75.69889,331.03,0.5,0.41,2025-05-13,0744,N21,VIIRS,l,2.0NRT,305.27,2.12,D
30.67348,75.61063,338.4,0.51,0.41,2025-05-13,0744,N21,VIIRS,l,2.0NRT,308.59,6.68,D
30.67147,75.60021,334.82,0.51,0.41,2025-05-13,0744,N21,VIIRS,l,2.0NRT,308.27,3.94,D
30.6583,75.53204,336.88,0.51,0.41,2025-05-13,0744,N21,VIIRS,n,2.0NRT,305.87,3.82,D
30.81762,76.35167,347.27,0.47,0.4,2025-05-13,0744,N21,VIIRS,n,2.0NRT,308.2,11.18,D
30.75696,76.02789,340.52,0.49,0.4,2025-05-13,0744,N21,VIIRS,l,2.0NRT,311.22,6.89,D
30.70796,75.77001,339.51,0.5,0.41,2025-05-13,0744,N21,VIIRS,l,2.0NRT,310.37,5.04,D
30.67719,75.60971,348.49,0.51,0.41,2025-05-13,0744,N21,VIIRS,n,2.0NRT,310.71,6.68,D
30.82121,76.35079,337.28,0.47,0.4,2025-05-13,0744,N21,VIIRS,l,2.0NRT,307.97,3.97,D
30.68862,75.62868,339.9,0.51,0.41,2025-05-13,0744,N21,VIIRS,l,2.0NRT,310.63,13.34,D
30.74798,75.91983,338.64,0.49,0.4,2025-05-13,0744,N21,VIIRS,l,2.0NRT,310.89,5.86,D
30.72778,75.81331,338.28,0.5,0.41,2025-05-13,0744,N21,VIIRS,l,2.0NRT,310.04,4.67,D
30.84086,76.39633,347.26,0.47,0.4,2025-05-13,0744,N21,VIIRS,n,2.0NRT,307.9,7.46,D
30.78355,76.06818,343.95,0.48,0.4,2025-05-13,0744,N21,VIIRS,n,2.0NRT,310.05,8.73,D
30.78708,76.0465,338.54,0.49,0.4,2025-05-13,0744,N21,VIIRS,l,2.0NRT,309.57,4.16,D
30.65846,75.37048,337.35,0.52,0.42,2025-05-13,0744,N21,VIIRS,n,2.0NRT,305.56,2.95,D
30.81831,76.17327,332.5,0.48,0.4,2025-05-13,0744,N21,VIIRS,l,2.0NRT,306.79,2.53,D
30.78876,76.01479,343.21,0.49,0.4,2025-05-13,0744,N21,VIIRS,l,2.0NRT,315.22,27.1,D
30.78782,76.0098,336.56,0.49,0.4,2025-05-13,0744,N21,VIIRS,l,2.0NRT,309.91,10.28,D
30.76802,75.90429,337.96,0.49,0.4,2025-05-13,0744,N21,VIIRS,l,2.0NRT,310.95,5.88,D
30.82193,76.17239,334.24,0.48,0.4,2025-05-13,0744,N21,VIIRS,l,2.0NRT,309.16,2.53,D
30.84542,76.25867,337.33,0.47,0.4,2025-05-13,0744,N21,VIIRS,l,2.0NRT,308.76,3.93,D
30.7383,75.6652,341.8,0.51,0.41,2025-05-13,0744,N21,VIIRS,n,2.0NRT,310.82,9.25,D
30.72521,75.57571,334.78,0.51,0.41,2025-05-13,0744,N21,VIIRS,l,2.0NRT,309.45,3.76,D
30.78618,75.87859,339.91,0.49,0.41,2025-05-13,0744,N21,VIIRS,l,2.0NRT,310.21,6.41,D
30.76514,75.76647,341.74,0.5,0.41,2025-05-13,0744,N21,VIIRS,n,2.0NRT,309.19,7.07,D
30.79363,75.89793,337.34,0.49,0.4,2025-05-13,0744,N21,VIIRS,l,2.0NRT,308.74,2.48,D
30.71365,75.47379,337.42,0.52,0.41,2025-05-13,0744,N21,VIIRS,n,2.0NRT,306.63,4.57,D
30.77101,75.69493,339.5,0.5,0.41,2025-05-13,0744,N21,VIIRS,n,2.0NRT,307.11,3.84,D
30.84528,76.07367,338.88,0.48,0.4,2025-05-13,0744,N21,VIIRS,n,2.0NRT,307.83,4.23,D
30.78819,75.76604,336.07,0.5,0.41,2025-05-13,0744,N21,VIIRS,l,2.0NRT,306.68,2.18,D
30.751,75.54722,332.33,0.51,0.41,2025-05-13,0744,N21,VIIRS,l,2.0NRT,306.07,1.59,D
30.75274,75.53577,339.24,0.51,0.41,2025-05-13,0744,N21,VIIRS,n,2.0NRT,309.91,4,D
30.83579,75.9191,337.02,0.49,0.4,2025-05-13,0744,N21,VIIRS,l,2.0NRT,311.04,3.91,D
30.81892,75.8279,335.61,0.5,0.41,2025-05-13,0744,N21,VIIRS,l,2.0NRT,308.1,5.13,D
30.75384,75.53814,339.17,0.51,0.41,2025-05-13,0744,N21,VIIRS,n,2.0NRT,306.67,5.26,D
30.81789,75.83049,335.13,0.5,0.41,2025-05-13,0744,N21,VIIRS,l,2.0NRT,308.3,3.07,D
30.85409,76.00074,345.11,0.49,0.4,2025-05-13,0744,N21,VIIRS,n,2.0NRT,311.16,7.23,D
30.82059,75.8245,334.01,0.5,0.41,2025-05-13,0744,N21,VIIRS,l,2.0NRT,307.57,1.64,D
30.83082,75.83791,344.77,0.49,0.41,2025-05-13,0744,N21,VIIRS,n,2.0NRT,309.06,6.4,D
30.89661,76.16623,333.46,0.48,0.4,2025-05-13,0744,N21,VIIRS,l,2.0NRT,307.18,2.33,D
30.83526,75.82084,367,0.5,0.41,2025-05-13,0744,N21,VIIRS,h,2.0NRT,309.6,8.87,D
30.83429,75.81574,341.63,0.5,0.41,2025-05-13,0744,N21,VIIRS,n,2.0NRT,306.78,8.87,D
30.83138,75.80045,338.79,0.5,0.41,2025-05-13,0744,N21,VIIRS,n,2.0NRT,307.33,4.62,D
30.83989,75.82501,333.94,0.5,0.41,2025-05-13,0744,N21,VIIRS,n,2.0NRT,307.76,2.6,D
30.83893,75.81992,342.87,0.5,0.41,2025-05-13,0744,N21,VIIRS,n,2.0NRT,308.83,7.9,D
30.89816,76.09373,336.1,0.48,0.4,2025-05-13,0744,N21,VIIRS,l,2.0NRT,309.61,4.56,D
30.83074,75.73634,334.7,0.5,0.41,2025-05-13,0744,N21,VIIRS,l,2.0NRT,307.95,4.04,D
30.77583,75.44968,340.09,0.52,0.41,2025-05-13,0744,N21,VIIRS,n,2.0NRT,306.95,6.08,D
30.77174,75.42847,334.09,0.52,0.41,2025-05-13,0744,N21,VIIRS,n,2.0NRT,303.77,2.64,D
30.83442,75.73541,340.46,0.5,0.41,2025-05-13,0744,N21,VIIRS,n,2.0NRT,310.27,4.04,D
30.78263,75.46461,337.32,0.52,0.41,2025-05-13,0744,N21,VIIRS,n,2.0NRT,305.84,4.74,D
30.8266,75.61292,336.69,0.51,0.41,2025-05-13,0744,N21,VIIRS,l,2.0NRT,311.62,5.18,D
30.81567,75.55551,333.28,0.51,0.41,2025-05-13,0744,N21,VIIRS,l,2.0NRT,307.89,2.85,D
30.80966,75.52406,337.5,0.51,0.41,2025-05-13,0744,N21,VIIRS,l,2.0NRT,307.74,7.35,D
30.91666,75.94852,333.29,0.49,0.4,2025-05-13,0744,N21,VIIRS,l,2.0NRT,306.66,2.39,D
30.92309,75.96264,338.52,0.49,0.4,2025-05-13,0744,N21,VIIRS,l,2.0NRT,309.11,5.67,D
30.86483,75.63048,339.53,0.51,0.41,2025-05-13,0744,N21,VIIRS,l,2.0NRT,310.92,6.44,D
30.84381,75.41575,338.05,0.52,0.41,2025-05-13,0744,N21,VIIRS,n,2.0NRT,306.53,6.17,D
30.84281,75.41042,338.59,0.52,0.41,2025-05-13,0744,N21,VIIRS,n,2.0NRT,307.14,6.17,D
30.84096,75.41998,332.76,0.52,0.41,2025-05-13,0744,N21,VIIRS,l,2.0NRT,306.5,3.92,D
30.83992,75.41467,332.06,0.52,0.41,2025-05-13,0744,N21,VIIRS,l,2.0NRT,306.33,3.92,D
30.84366,75.41373,346.35,0.52,0.41,2025-05-13,0744,N21,VIIRS,n,2.0NRT,306.93,3.92,D
30.97512,75.97867,339.83,0.49,0.4,2025-05-13,0744,N21,VIIRS,n,2.0NRT,308.15,5.39,D
30.98988,76.01669,338.14,0.48,0.4,2025-05-13,0744,N21,VIIRS,l,2.0NRT,308.96,4.07,D
30.91136,75.56206,334.12,0.51,0.41,2025-05-13,0744,N21,VIIRS,l,2.0NRT,308.59,3.54,D
30.90204,75.49306,334.37,0.51,0.41,2025-05-13,0744,N21,VIIRS,l,2.0NRT,304.97,5.32,D
30.97523,75.85777,333.05,0.49,0.4,2025-05-13,0744,N21,VIIRS,l,2.0NRT,306.67,1.32,D
30.95121,75.73064,344.94,0.5,0.41,2025-05-13,0744,N21,VIIRS,n,2.0NRT,309.06,9.51,D
31.0536,76.25766,332.86,0.47,0.4,2025-05-13,0744,N21,VIIRS,l,2.0NRT,307.46,3.55,D
30.98463,75.76507,338.96,0.5,0.41,2025-05-13,0744,N21,VIIRS,l,2.0NRT,310.99,3.52,D
30.94322,75.5046,337.46,0.51,0.41,2025-05-13,0744,N21,VIIRS,l,2.0NRT,307.82,5.12,D
31.02199,75.88305,346.14,0.49,0.4,2025-05-13,0744,N21,VIIRS,n,2.0NRT,311.03,8.31,D
31.02564,75.88215,344.32,0.49,0.4,2025-05-13,0744,N21,VIIRS,n,2.0NRT,309.12,8.31,D
30.94641,75.45969,340.6,0.51,0.41,2025-05-13,0744,N21,VIIRS,l,2.0NRT,311.91,10.26,D
31.00949,75.77483,333.16,0.5,0.41,2025-05-13,0744,N21,VIIRS,l,2.0NRT,307.45,1.52,D
30.94914,75.45345,337.1,0.51,0.41,2025-05-13,0744,N21,VIIRS,l,2.0NRT,310.22,4.83,D
31.09489,76.21704,337.47,0.47,0.4,2025-05-13,0744,N21,VIIRS,l,2.0NRT,309.28,4.3,D
30.95386,75.45779,334.82,0.51,0.41,2025-05-13,0744,N21,VIIRS,l,2.0NRT,307.78,4.83,D
31.06244,76.01949,334.01,0.48,0.4,2025-05-13,0744,N21,VIIRS,l,2.0NRT,306.84,2.39,D
31.03836,75.86845,339.76,0.49,0.4,2025-05-13,0744,N21,VIIRS,l,2.0NRT,310.52,12.57,D
31.0706,76.02266,333.81,0.48,0.4,2025-05-13,0744,N21,VIIRS,l,2.0NRT,308.67,2.47,D
31.0406,75.86506,347.7,0.49,0.4,2025-05-13,0744,N21,VIIRS,n,2.0NRT,311.65,15.5,D
31.11324,76.2299,334.28,0.47,0.4,2025-05-13,0744,N21,VIIRS,l,2.0NRT,309.2,2.82,D
31.05918,75.90255,338.93,0.49,0.4,2025-05-13,0744,N21,VIIRS,n,2.0NRT,308.11,4.01,D
30.98369,75.50817,335.53,0.51,0.41,2025-05-13,0744,N21,VIIRS,l,2.0NRT,307.73,2.13,D
31.0798,75.9915,344.32,0.48,0.4,2025-05-13,0744,N21,VIIRS,n,2.0NRT,307.48,5.24,D
31.06551,75.89571,334.51,0.49,0.4,2025-05-13,0744,N21,VIIRS,l,2.0NRT,306.37,9.45,D
31.03376,75.72859,335.81,0.5,0.41,2025-05-13,0744,N21,VIIRS,l,2.0NRT,309.61,4.03,D
31.06915,75.8948,339.72,0.49,0.4,2025-05-13,0744,N21,VIIRS,l,2.0NRT,311.94,9.45,D
31.0682,75.88977,336.4,0.49,0.4,2025-05-13,0744,N21,VIIRS,l,2.0NRT,307.33,9.45,D
31.04693,75.7574,346.84,0.5,0.41,2025-05-13,0744,N21,VIIRS,n,2.0NRT,309.66,8.8,D
31.02938,75.66528,339.64,0.5,0.41,2025-05-13,0744,N21,VIIRS,l,2.0NRT,312.02,6.03,D
31.14103,76.21797,337.27,0.47,0.4,2025-05-13,0744,N21,VIIRS,l,2.0NRT,310.25,5.72,D
31.12469,76.13013,340.06,0.48,0.4,2025-05-13,0744,N21,VIIRS,n,2.0NRT,309.25,14.34,D
31.14549,76.2016,347.95,0.47,0.4,2025-05-13,0744,N21,VIIRS,n,2.0NRT,312.64,9.75,D
31.02063,75.41608,333.98,0.51,0.41,2025-05-13,0744,N21,VIIRS,l,2.0NRT,306.65,4.56,D
31.18138,76.21313,347.08,0.47,0.4,2025-05-13,0744,N21,VIIRS,n,2.0NRT,310.05,12.11,D
31.11544,75.85688,337.69,0.49,0.4,2025-05-13,0744,N21,VIIRS,l,2.0NRT,310.94,3.49,D
31.18496,76.21224,348.48,0.47,0.4,2025-05-13,0744,N21,VIIRS,n,2.0NRT,311.72,8.74,D
31.14695,76.00595,337.83,0.48,0.4,2025-05-13,0744,N21,VIIRS,l,2.0NRT,310.87,4.94,D
31.13217,75.92625,338.58,0.49,0.4,2025-05-13,0744,N21,VIIRS,l,2.0NRT,310.94,2.54,D
31.15057,76.00505,345.37,0.48,0.4,2025-05-13,0744,N21,VIIRS,n,2.0NRT,314.53,4.94,D
31.12638,75.85415,344.03,0.49,0.4,2025-05-13,0744,N21,VIIRS,n,2.0NRT,307.88,4.08,D
31.09023,75.6607,337.46,0.5,0.41,2025-05-13,0744,N21,VIIRS,l,2.0NRT,308.45,5.05,D
31.08927,75.65556,336.41,0.5,0.41,2025-05-13,0744,N21,VIIRS,l,2.0NRT,309.06,2.2,D
31.13002,75.85323,335.38,0.49,0.4,2025-05-13,0744,N21,VIIRS,l,2.0NRT,308.24,4.08,D
31.09391,75.65977,344.34,0.5,0.41,2025-05-13,0744,N21,VIIRS,n,2.0NRT,309.78,5.05,D
31.09295,75.65463,334.01,0.5,0.41,2025-05-13,0744,N21,VIIRS,l,2.0NRT,307.21,2.2,D
31.0976,75.65884,338.51,0.5,0.41,2025-05-13,0744,N21,VIIRS,n,2.0NRT,307.45,2.88,D
31.05017,75.38634,337.72,0.52,0.41,2025-05-13,0744,N21,VIIRS,n,2.0NRT,307.19,4.4,D
31.13251,75.77008,333.24,0.49,0.41,2025-05-13,0744,N21,VIIRS,l,2.0NRT,307.81,2.57,D
31.09415,75.5101,339.57,0.51,0.41,2025-05-13,0744,N21,VIIRS,l,2.0NRT,309.83,6.23,D
31.18132,75.92651,337.92,0.48,0.4,2025-05-13,0744,N21,VIIRS,l,2.0NRT,309.66,4.29,D
31.18037,75.92152,340.75,0.48,0.4,2025-05-13,0744,N21,VIIRS,n,2.0NRT,310.16,5.65,D
31.10558,75.52908,339.94,0.51,0.41,2025-05-13,0744,N21,VIIRS,n,2.0NRT,307.7,6.83,D
31.22752,76.15256,336.82,0.47,0.4,2025-05-13,0744,N21,VIIRS,l,2.0NRT,310.94,2.5,D
31.18212,75.91063,340.3,0.49,0.4,2025-05-13,0744,N21,VIIRS,n,2.0NRT,310.16,5.23,D
31.12814,75.62652,336.64,0.5,0.41,2025-05-13,0744,N21,VIIRS,l,2.0NRT,308.63,1.29,D
31.15425,75.74331,336.82,0.49,0.41,2025-05-13,0744,N21,VIIRS,l,2.0NRT,308.91,2.71,D
31.22099,76.0773,332.8,0.48,0.4,2025-05-13,0744,N21,VIIRS,l,2.0NRT,307.62,2.6,D
31.21067,75.98169,338.6,0.48,0.4,2025-05-13,0744,N21,VIIRS,l,2.0NRT,310.46,5.78,D
31.09483,75.37206,332.81,0.52,0.41,2025-05-13,0744,N21,VIIRS,n,2.0NRT,302.82,3.7,D
31.18517,75.82573,342.94,0.49,0.4,2025-05-13,0744,N21,VIIRS,n,2.0NRT,308.52,5.97,D
31.15827,75.68349,339.21,0.5,0.41,2025-05-13,0744,N21,VIIRS,l,2.0NRT,312.21,9.97,D
31.1573,75.67838,336.84,0.5,0.41,2025-05-13,0744,N21,VIIRS,l,2.0NRT,310.28,9.97,D
31.21512,75.96499,339.01,0.48,0.4,2025-05-13,0744,N21,VIIRS,l,2.0NRT,311.34,4.16,D
31.19909,75.85913,333.26,0.49,0.4,2025-05-13,0744,N21,VIIRS,l,2.0NRT,307.21,1.31,D
31.18434,75.71973,337.44,0.5,0.41,2025-05-13,0744,N21,VIIRS,l,2.0NRT,310.94,3.59,D
31.31744,76.41769,342.63,0.46,0.39,2025-05-13,0744,N21,VIIRS,n,2.0NRT,312.01,8.51,D
31.21799,75.81748,337.07,0.49,0.4,2025-05-13,0744,N21,VIIRS,l,2.0NRT,308.11,4.74,D
31.2823,76.10328,346.5,0.47,0.4,2025-05-13,0744,N21,VIIRS,l,2.0NRT,313.48,8.69,D
31.20617,75.69281,339.64,0.5,0.41,2025-05-13,0744,N21,VIIRS,l,2.0NRT,311.78,7.38,D
31.2409,75.83808,334.46,0.49,0.4,2025-05-13,0744,N21,VIIRS,l,2.0NRT,307.63,2.63,D
31.24547,75.8422,338.98,0.49,0.4,2025-05-13,0744,N21,VIIRS,l,2.0NRT,309.1,2.63,D
31.22464,75.70953,333.03,0.5,0.41,2025-05-13,0744,N21,VIIRS,l,2.0NRT,307.73,2.37,D
31.18798,75.51356,337.78,0.51,0.41,2025-05-13,0744,N21,VIIRS,n,2.0NRT,308.3,3.57,D
31.16624,75.39815,333.8,0.51,0.41,2025-05-13,0744,N21,VIIRS,n,2.0NRT,301.75,2,D
31.28312,76.00513,336.43,0.48,0.4,2025-05-13,0744,N21,VIIRS,l,2.0NRT,308.26,2.3,D
31.28291,76.0028,337.19,0.48,0.4,2025-05-13,0744,N21,VIIRS,n,2.0NRT,308.5,4.05,D
31.16752,75.40129,334.67,0.51,0.41,2025-05-13,0744,N21,VIIRS,n,2.0NRT,303.72,2.47,D
31.23485,75.62965,334.8,0.5,0.41,2025-05-13,0744,N21,VIIRS,l,2.0NRT,308.99,2.05,D
31.29863,75.90527,341.52,0.48,0.4,2025-05-13,0744,N21,VIIRS,l,2.0NRT,312.88,24.91,D
31.31626,75.97897,337.86,0.48,0.4,2025-05-13,0744,N21,VIIRS,l,2.0NRT,310.39,4.95,D
31.29048,75.78111,340.22,0.49,0.4,2025-05-13,0744,N21,VIIRS,n,2.0NRT,306.36,4.98,D
31.05744,75.6685,305.67,0.61,0.53,2025-05-13,2008,N21,VIIRS,n,2.0NRT,294.23,1.57,N
31.10931,75.96101,316.64,0.59,0.53,2025-05-13,2008,N21,VIIRS,n,2.0NRT,293.42,2.39,N
31.0952,75.89711,306.62,0.59,0.53,2025-05-13,2008,N21,VIIRS,n,2.0NRT,293.57,1.51,N
31.09658,75.89506,307.15,0.59,0.53,2025-05-13,2008,N21,VIIRS,n,2.0NRT,293.47,1.3,N
31.07266,75.72158,304.81,0.61,0.53,2025-05-13,2008,N21,VIIRS,n,2.0NRT,293.29,1.22,N
31.01378,75.94769,314.09,0.59,0.53,2025-05-13,2008,N21,VIIRS,n,2.0NRT,293.33,2.76,N
31.10983,75.95486,314.66,0.59,0.53,2025-05-13,2008,N21,VIIRS,n,2.0NRT,292.81,2.39,N
31.07213,75.71806,302.63,0.77,0.77,2025-05-13,2148,N21,VIIRS,n,2.0NRT,291.72,1.49,N
31.05565,75.66615,311.11,0.77,0.77,2025-05-13,2148,N21,VIIRS,n,2.0NRT,292.4,2.81,N
31.07794,75.71788,303.1,0.77,0.77,2025-05-13,2148,N21,VIIRS,n,2.0NRT,291.99,1.53,N
31.05639,75.66883,310.85,0.77,0.77,2025-05-13,2148,N21,VIIRS,n,2.0NRT,292.23,2.77,N
30.7387,75.96726,344.75,0.59,0.53,2025-05-14,0724,N21,VIIRS,n,2.0NRT,313.46,11.19,D
30.45747,76.41368,345.24,0.56,0.52,2025-05-14,0724,N21,VIIRS,n,2.0NRT,311.4,7.39,D
30.42072,76.22797,343.53,0.58,0.52,2025-05-14,0724,N21,VIIRS,n,2.0NRT,312.31,15.79,D
30.48987,76.24194,341.45,0.57,0.52,2025-05-14,0724,N21,VIIRS,l,2.0NRT,316.4,8.01,D
30.47655,76.13983,334.16,0.58,0.52,2025-05-14,0724,N21,VIIRS,l,2.0NRT,308.44,8.7,D
30.52233,76.27565,341.59,0.57,0.52,2025-05-14,0724,N21,VIIRS,l,2.0NRT,314.6,6.75,D
30.43928,75.88862,343.91,0.6,0.53,2025-05-14,0724,N21,VIIRS,n,2.0NRT,314.96,16.74,D
30.43788,75.88253,339.91,0.6,0.53,2025-05-14,0724,N21,VIIRS,l,2.0NRT,312.09,16.74,D
30.45926,75.79757,348.09,0.61,0.54,2025-05-14,0724,N21,VIIRS,n,2.0NRT,317.07,15.83,D
30.48134,75.85004,342.88,0.61,0.53,2025-05-14,0724,N21,VIIRS,n,2.0NRT,312.67,11.59,D
30.56726,76.18821,342.52,0.58,0.52,2025-05-14,0724,N21,VIIRS,n,2.0NRT,309.92,9.45,D
30.43484,75.57719,343.27,0.63,0.54,2025-05-14,0724,N21,VIIRS,n,2.0NRT,311.29,12.36,D
30.55987,76.19518,332.94,0.58,0.52,2025-05-14,0724,N21,VIIRS,l,2.0NRT,307.73,2.78,D
30.53826,76.10146,335.48,0.58,0.52,2025-05-14,0724,N21,VIIRS,l,2.0NRT,310.29,6.18,D
30.47972,75.8494,345.9,0.61,0.53,2025-05-14,0724,N21,VIIRS,n,2.0NRT,312.37,12.77,D
30.48163,75.83574,338.01,0.61,0.53,2025-05-14,0724,N21,VIIRS,l,2.0NRT,312.6,9.62,D
30.56786,76.18663,347.91,0.58,0.52,2025-05-14,0724,N21,VIIRS,n,2.0NRT,310.52,18.18,D
30.4363,75.57594,337.92,0.63,0.54,2025-05-14,0724,N21,VIIRS,l,2.0NRT,311.49,8.84,D
30.48068,75.74389,343.04,0.61,0.54,2025-05-14,0724,N21,VIIRS,n,2.0NRT,311.47,15.8,D
30.4685,75.64737,341.65,0.62,0.54,2025-05-14,0724,N21,VIIRS,l,2.0NRT,312.62,9.64,D
30.42499,75.46117,355.4,0.32,0.55,2025-05-14,0724,N21,VIIRS,n,2.0NRT,312.64,7.21,D
30.42422,75.45795,339.51,0.32,0.55,2025-05-14,0724,N21,VIIRS,l,2.0NRT,309.93,4.62,D
30.43741,75.49194,367,0.32,0.54,2025-05-14,0724,N21,VIIRS,h,2.0NRT,313.97,13.01,D
30.43514,75.4823,344.81,0.32,0.55,2025-05-14,0724,N21,VIIRS,n,2.0NRT,312.39,3.94,D
30.43439,75.47907,342.51,0.32,0.55,2025-05-14,0724,N21,VIIRS,n,2.0NRT,311.86,3.94,D
30.556,75.98198,337.31,0.59,0.53,2025-05-14,0724,N21,VIIRS,l,2.0NRT,311.18,8.74,D
30.50843,75.77525,346.34,0.61,0.54,2025-05-14,0724,N21,VIIRS,n,2.0NRT,310.54,14.49,D
30.44563,75.48258,336.16,0.32,0.54,2025-05-14,0724,N21,VIIRS,l,2.0NRT,310.86,2.65,D
30.44298,75.44888,335.93,0.32,0.55,2025-05-14,0724,N21,VIIRS,l,2.0NRT,310.56,2.53,D
30.43391,75.41001,335.46,0.32,0.55,2025-05-14,0724,N21,VIIRS,l,2.0NRT,308.72,0.99,D
30.62244,76.20789,338.37,0.57,0.52,2025-05-14,0724,N21,VIIRS,l,2.0NRT,309.16,3.72,D
30.58713,76.03017,367,0.59,0.53,2025-05-14,0724,N21,VIIRS,h,2.0NRT,319.53,32.3,D
30.61195,76.11749,342.35,0.58,0.52,2025-05-14,0724,N21,VIIRS,n,2.0NRT,307.56,3.85,D
30.50804,75.66245,337.14,0.62,0.54,2025-05-14,0724,N21,VIIRS,l,2.0NRT,308.28,6.19,D
30.48517,75.54094,339.75,0.63,0.54,2025-05-14,0724,N21,VIIRS,l,2.0NRT,309.85,5.86,D
30.45195,75.39762,350.77,0.32,0.55,2025-05-14,0724,N21,VIIRS,n,2.0NRT,310.75,6.57,D
30.4512,75.39436,343.89,0.32,0.55,2025-05-14,0724,N21,VIIRS,n,2.0NRT,310.7,5.52,D
30.4459,75.37155,338.44,0.32,0.55,2025-05-14,0724,N21,VIIRS,l,2.0NRT,309.38,2.21,D
30.52913,75.70951,343.92,0.62,0.54,2025-05-14,0724,N21,VIIRS,n,2.0NRT,312.46,13,D
30.46513,75.43185,336.3,0.32,0.55,2025-05-14,0724,N21,VIIRS,l,2.0NRT,307.37,1.42,D
30.64181,76.18364,335.88,0.58,0.52,2025-05-14,0724,N21,VIIRS,l,2.0NRT,310.07,7.49,D
30.60729,75.98602,342.71,0.59,0.53,2025-05-14,0724,N21,VIIRS,n,2.0NRT,309.21,5.63,D
30.52202,75.61121,334.16,0.63,0.54,2025-05-14,0724,N21,VIIRS,l,2.0NRT,308.91,9.19,D
30.52057,75.6049,341.64,0.63,0.54,2025-05-14,0724,N21,VIIRS,n,2.0NRT,309.7,10.49,D
30.612,75.98463,338.18,0.59,0.53,2025-05-14,0724,N21,VIIRS,l,2.0NRT,312,5.63,D
30.59979,75.93053,344.26,0.6,0.53,2025-05-14,0724,N21,VIIRS,l,2.0NRT,316.18,14.36,D
30.47565,75.38699,334.48,0.32,0.55,2025-05-14,0724,N21,VIIRS,l,2.0NRT,309.07,1.19,D
30.62611,76.02499,343.11,0.59,0.53,2025-05-14,0724,N21,VIIRS,n,2.0NRT,309.63,8.94,D
30.57281,75.78897,347.25,0.61,0.53,2025-05-14,0724,N21,VIIRS,n,2.0NRT,310.19,15.25,D
30.50139,75.47613,343.93,0.32,0.54,2025-05-14,0724,N21,VIIRS,n,2.0NRT,310.87,4.2,D
30.63819,76.0341,353.35,0.59,0.53,2025-05-14,0724,N21,VIIRS,n,2.0NRT,312.62,14.07,D
30.49033,75.38255,345,0.32,0.55,2025-05-14,0724,N21,VIIRS,n,2.0NRT,311.54,4.06,D
30.62751,75.9416,340.93,0.59,0.53,2025-05-14,0724,N21,VIIRS,l,2.0NRT,314.82,14.42,D
30.58832,75.74483,341.83,0.61,0.54,2025-05-14,0724,N21,VIIRS,l,2.0NRT,313.18,11.56,D
30.58412,75.72623,344.44,0.61,0.54,2025-05-14,0724,N21,VIIRS,l,2.0NRT,314.85,15.76,D
30.53703,75.51848,341.2,0.63,0.54,2025-05-14,0724,N21,VIIRS,l,2.0NRT,311.68,10.92,D
30.62566,76.02209,343.73,0.59,0.53,2025-05-14,0724,N21,VIIRS,n,2.0NRT,310.63,7.36,D
30.57558,75.78532,339.58,0.61,0.53,2025-05-14,0724,N21,VIIRS,n,2.0NRT,308.57,16.19,D
30.63919,76.03712,339.6,0.59,0.53,2025-05-14,0724,N21,VIIRS,n,2.0NRT,308.61,8.67,D
30.63782,76.0312,342.8,0.59,0.53,2025-05-14,0724,N21,VIIRS,n,2.0NRT,311.16,9.59,D
30.48639,75.38466,348.37,0.32,0.55,2025-05-14,0724,N21,VIIRS,n,2.0NRT,310.94,4.45,D
30.62655,75.93893,344.16,0.59,0.53,2025-05-14,0724,N21,VIIRS,l,2.0NRT,316.74,11.42,D
30.62012,75.88933,340.24,0.6,0.53,2025-05-14,0724,N21,VIIRS,l,2.0NRT,313.44,9.02,D
30.58176,75.72419,345.21,0.61,0.54,2025-05-14,0724,N21,VIIRS,l,2.0NRT,315.73,12.71,D
30.51101,75.4224,337.44,0.32,0.55,2025-05-14,0724,N21,VIIRS,l,2.0NRT,309.85,2.42,D
30.64015,75.95414,337.64,0.59,0.53,2025-05-14,0724,N21,VIIRS,l,2.0NRT,311.04,6.52,D
30.63877,75.94814,338.09,0.59,0.53,2025-05-14,0724,N21,VIIRS,l,2.0NRT,311.04,6.52,D
30.58655,75.72277,337.24,0.61,0.54,2025-05-14,0724,N21,VIIRS,l,2.0NRT,310.51,7.24,D
30.53812,75.51553,344.22,0.63,0.54,2025-05-14,0724,N21,VIIRS,n,2.0NRT,312.9,13.58,D
30.50442,75.3723,340.26,0.32,0.55,2025-05-14,0724,N21,VIIRS,n,2.0NRT,306.37,4.54,D
30.52032,75.39536,367,0.32,0.55,2025-05-14,0724,N21,VIIRS,h,2.0NRT,311.37,11.04,D
30.62648,75.82907,343.81,0.6,0.53,2025-05-14,0724,N21,VIIRS,n,2.0NRT,312.41,8.26,D
30.59948,75.7123,353.97,0.61,0.54,2025-05-14,0724,N21,VIIRS,n,2.0NRT,314.74,20.19,D
30.53052,75.41656,335.94,0.32,0.55,2025-05-14,0724,N21,VIIRS,l,2.0NRT,310.77,2.21,D
30.52976,75.41332,334.8,0.32,0.55,2025-05-14,0724,N21,VIIRS,l,2.0NRT,308.91,2.21,D
30.53917,75.43121,367,0.32,0.55,2025-05-14,0724,N21,VIIRS,h,2.0NRT,313.05,9.01,D
30.75051,76.35057,343.83,0.56,0.51,2025-05-14,0724,N21,VIIRS,n,2.0NRT,311.04,6.27,D
30.73637,76.28799,344.08,0.56,0.52,2025-05-14,0724,N21,VIIRS,n,2.0NRT,314.04,9.57,D
30.6983,76.12033,339.84,0.58,0.52,2025-05-14,0724,N21,VIIRS,n,2.0NRT,308.51,3.38,D
30.66178,75.96052,341.29,0.59,0.53,2025-05-14,0724,N21,VIIRS,n,2.0NRT,309.31,7.91,D
30.60856,75.72943,337.31,0.61,0.54,2025-05-14,0724,N21,VIIRS,l,2.0NRT,311.3,7.69,D
30.61812,75.72656,347.73,0.61,0.54,2025-05-14,0724,N21,VIIRS,n,2.0NRT,311.23,12.93,D
30.56275,75.48764,343.58,0.63,0.54,2025-05-14,0724,N21,VIIRS,n,2.0NRT,312.34,17.41,D
30.54245,75.37825,367,0.32,0.55,2025-05-14,0724,N21,VIIRS,h,2.0NRT,310.53,5.52,D
30.5417,75.375,337.11,0.32,0.55,2025-05-14,0724,N21,VIIRS,n,2.0NRT,309.1,5.52,D
30.69016,75.99668,337.34,0.59,0.53,2025-05-14,0724,N21,VIIRS,l,2.0NRT,310.45,10.88,D
30.63195,75.74223,344.09,0.61,0.53,2025-05-14,0724,N21,VIIRS,n,2.0NRT,313.85,12.15,D
30.59206,75.54695,335.26,0.63,0.54,2025-05-14,0724,N21,VIIRS,l,2.0NRT,307.87,3.26,D
30.63868,75.72704,344.67,0.61,0.54,2025-05-14,0724,N21,VIIRS,n,2.0NRT,316.21,12.03,D
30.63014,75.68984,333.71,0.61,0.54,2025-05-14,0724,N21,VIIRS,l,2.0NRT,308.3,7.22,D
30.60129,75.56451,334.34,0.63,0.54,2025-05-14,0724,N21,VIIRS,l,2.0NRT,307.24,7.28,D
30.56501,75.38533,342.2,0.32,0.55,2025-05-14,0724,N21,VIIRS,n,2.0NRT,307.01,3.83,D
30.56426,75.38208,347.43,0.32,0.55,2025-05-14,0724,N21,VIIRS,n,2.0NRT,308.6,3.83,D
30.66091,75.77961,342.26,0.61,0.53,2025-05-14,0724,N21,VIIRS,l,2.0NRT,314.92,12.32,D
30.63402,75.66208,340.09,0.62,0.54,2025-05-14,0724,N21,VIIRS,n,2.0NRT,306.12,8.44,D
30.69607,75.91193,338.41,0.59,0.53,2025-05-14,0724,N21,VIIRS,l,2.0NRT,311.22,7.74,D
30.61722,75.56647,334.65,0.63,0.54,2025-05-14,0724,N21,VIIRS,l,2.0NRT,307.09,5.49,D
30.58599,75.43088,334.18,0.32,0.54,2025-05-14,0724,N21,VIIRS,l,2.0NRT,308.32,4.22,D
30.5953,75.44868,349.14,0.32,0.54,2025-05-14,0724,N21,VIIRS,n,2.0NRT,308.4,8.65,D
30.59382,75.44226,332.92,0.32,0.54,2025-05-14,0724,N21,VIIRS,l,2.0NRT,306.5,4.08,D
30.74703,76.09338,348.71,0.58,0.52,2025-05-14,0724,N21,VIIRS,n,2.0NRT,313.19,13.74,D
30.69321,75.8547,340.73,0.6,0.53,2025-05-14,0724,N21,VIIRS,l,2.0NRT,310.92,9.34,D
30.74644,76.06849,343.39,0.58,0.52,2025-05-14,0724,N21,VIIRS,n,2.0NRT,310.32,9.8,D
30.7116,75.9137,344.28,0.59,0.53,2025-05-14,0724,N21,VIIRS,n,2.0NRT,312.65,21.54,D
30.67298,75.74314,342.05,0.61,0.53,2025-05-14,0724,N21,VIIRS,n,2.0NRT,311.99,6.35,D
30.75111,76.06709,348.37,0.58,0.52,2025-05-14,0724,N21,VIIRS,n,2.0NRT,310.3,9.8,D
30.70817,75.87612,336.77,0.6,0.53,2025-05-14,0724,N21,VIIRS,l,2.0NRT,311.27,5.44,D
30.63701,75.54017,336.63,0.63,0.54,2025-05-14,0724,N21,VIIRS,l,2.0NRT,307.08,7.52,D
30.73789,75.96346,339.42,0.59,0.53,2025-05-14,0724,N21,VIIRS,l,2.0NRT,311.33,13.81,D
30.73252,75.9395,340.87,0.59,0.53,2025-05-14,0724,N21,VIIRS,l,2.0NRT,312.05,7.74,D
30.64329,75.54505,345.05,0.63,0.54,2025-05-14,0724,N21,VIIRS,n,2.0NRT,310.13,7.52,D
30.7426,75.96205,344.91,0.59,0.53,2025-05-14,0724,N21,VIIRS,l,2.0NRT,315.56,18.18,D
30.73723,75.93808,339.24,0.59,0.53,2025-05-14,0724,N21,VIIRS,l,2.0NRT,311.41,10.9,D
30.7298,75.8825,340.16,0.6,0.53,2025-05-14,0724,N21,VIIRS,n,2.0NRT,311.05,9.24,D
30.66156,75.58006,337.77,0.62,0.54,2025-05-14,0724,N21,VIIRS,l,2.0NRT,309.96,7.18,D
30.64717,75.51674,341.19,0.63,0.54,2025-05-14,0724,N21,VIIRS,n,2.0NRT,307.24,7.92,D
30.74652,76.06605,348.89,0.58,0.52,2025-05-14,0724,N21,VIIRS,n,2.0NRT,312.28,9.55,D
30.71067,75.91167,354.8,0.59,0.53,2025-05-14,0724,N21,VIIRS,n,2.0NRT,311.37,22.9,D
30.67092,75.74155,338.1,0.61,0.53,2025-05-14,0724,N21,VIIRS,l,2.0NRT,309.96,4.98,D
30.7512,76.06467,344.05,0.58,0.52,2025-05-14,0724,N21,VIIRS,n,2.0NRT,310.29,9.55,D
30.6258,75.52795,332.67,0.63,0.54,2025-05-14,0724,N21,VIIRS,l,2.0NRT,305.02,5.73,D
30.73317,75.9434,338.1,0.59,0.53,2025-05-14,0724,N21,VIIRS,l,2.0NRT,311.1,8.46,D
30.63994,75.54403,345.38,0.63,0.54,2025-05-14,0724,N21,VIIRS,n,2.0NRT,309.78,10.52,D
30.74341,75.96587,346.33,0.59,0.53,2025-05-14,0724,N21,VIIRS,n,2.0NRT,316.17,20.49,D
30.73788,75.942,336.7,0.59,0.53,2025-05-14,0724,N21,VIIRS,l,2.0NRT,310.69,10.1,D
30.65994,75.58525,341.49,0.62,0.54,2025-05-14,0724,N21,VIIRS,n,2.0NRT,307.9,6.17,D
30.64366,75.51582,345.04,0.63,0.54,2025-05-14,0724,N21,VIIRS,n,2.0NRT,308.55,5.85,D
30.78599,76.08571,334.65,0.58,0.52,2025-05-14,0724,N21,VIIRS,l,2.0NRT,308.98,3.84,D
30.7534,75.94378,346.27,0.59,0.53,2025-05-14,0724,N21,VIIRS,n,2.0NRT,315.52,11.98,D
30.6563,75.52559,336.44,0.63,0.54,2025-05-14,0724,N21,VIIRS,l,2.0NRT,308.21,8.26,D
30.64737,75.4875,336.71,0.63,0.54,2025-05-14,0724,N21,VIIRS,l,2.0NRT,308.21,4.86,D
30.85209,76.35439,345.96,0.56,0.51,2025-05-14,0724,N21,VIIRS,n,2.0NRT,311.45,13.99,D
30.75674,75.93641,343.53,0.59,0.53,2025-05-14,0724,N21,VIIRS,n,2.0NRT,312.74,13.6,D
30.66557,75.54311,343.47,0.63,0.54,2025-05-14,0724,N21,VIIRS,n,2.0NRT,309.23,7.67,D
30.70386,75.68553,347.89,0.61,0.54,2025-05-14,0724,N21,VIIRS,n,2.0NRT,309.74,12.81,D
30.80401,76.09911,336.73,0.58,0.52,2025-05-14,0724,N21,VIIRS,l,2.0NRT,309.29,4.79,D
30.70284,75.59252,335.44,0.62,0.54,2025-05-14,0724,N21,VIIRS,l,2.0NRT,308.37,8.52,D
30.69702,75.5674,341.35,0.62,0.54,2025-05-14,0724,N21,VIIRS,n,2.0NRT,310.68,9.91,D
30.69555,75.56109,341.28,0.62,0.54,2025-05-14,0724,N21,VIIRS,n,2.0NRT,308.94,8.39,D
30.67164,75.41339,367,0.32,0.54,2025-05-14,0724,N21,VIIRS,h,2.0NRT,308.79,6.1,D
30.82203,76.06879,344.77,0.58,0.52,2025-05-14,0724,N21,VIIRS,n,2.0NRT,310.8,11.67,D
30.6694,75.40375,335.04,0.32,0.54,2025-05-14,0724,N21,VIIRS,l,2.0NRT,309.65,2.96,D
30.68801,75.46159,342.92,0.63,0.54,2025-05-14,0724,N21,VIIRS,n,2.0NRT,306.73,7.47,D
30.678,75.37349,367,0.32,0.55,2025-05-14,0724,N21,VIIRS,h,2.0NRT,309.26,11.91,D
30.83869,76.07636,345.37,0.58,0.52,2025-05-14,0724,N21,VIIRS,n,2.0NRT,309.27,7.66,D
30.7455,75.66642,337.81,0.61,0.54,2025-05-14,0724,N21,VIIRS,l,2.0NRT,308.2,8.52,D
30.83009,76.01614,340.17,0.58,0.52,2025-05-14,0724,N21,VIIRS,n,2.0NRT,308.24,4.43,D
30.83812,76.00743,344.27,0.58,0.52,2025-05-14,0724,N21,VIIRS,n,2.0NRT,310.87,9,D
30.71811,75.47977,341.2,0.63,0.54,2025-05-14,0724,N21,VIIRS,n,2.0NRT,309.85,9.14,D
30.77451,75.704,331.39,0.61,0.53,2025-05-14,0724,N21,VIIRS,l,2.0NRT,306.35,7.03,D
30.74037,75.55431,339.67,0.62,0.54,2025-05-14,0724,N21,VIIRS,n,2.0NRT,307.61,5.42,D
30.81785,75.82815,335.84,0.6,0.53,2025-05-14,0724,N21,VIIRS,l,2.0NRT,308.79,3.69,D
30.74472,75.50567,340.16,0.63,0.54,2025-05-14,0724,N21,VIIRS,n,2.0NRT,308.6,5.37,D
30.78716,75.64722,344.6,0.61,0.54,2025-05-14,0724,N21,VIIRS,n,2.0NRT,309.33,15.13,D
30.72135,75.48475,340.06,0.63,0.54,2025-05-14,0724,N21,VIIRS,n,2.0NRT,309.46,11.52,D
30.71984,75.47841,338.94,0.63,0.54,2025-05-14,0724,N21,VIIRS,n,2.0NRT,309.5,6.61,D
30.74259,75.55277,342.21,0.62,0.54,2025-05-14,0724,N21,VIIRS,n,2.0NRT,307.93,12.72,D
30.74183,75.50572,333.96,0.63,0.54,2025-05-14,0724,N21,VIIRS,l,2.0NRT,306.55,4.78,D
30.79001,75.64542,343.91,0.61,0.54,2025-05-14,0724,N21,VIIRS,n,2.0NRT,309.75,12.02,D
30.8304,75.79733,341.45,0.6,0.53,2025-05-14,0724,N21,VIIRS,n,2.0NRT,309.7,7.31,D
30.76746,75.50481,331.19,0.63,0.54,2025-05-14,0724,N21,VIIRS,l,2.0NRT,304.79,2.13,D
30.88802,76.00384,338.49,0.58,0.52,2025-05-14,0724,N21,VIIRS,l,2.0NRT,311.7,6.3,D
30.91474,76.0772,344.52,0.58,0.52,2025-05-14,0724,N21,VIIRS,n,2.0NRT,310.26,24.21,D
30.91476,76.03351,346.44,0.58,0.52,2025-05-14,0724,N21,VIIRS,n,2.0NRT,315,26.51,D
30.8283,75.63393,333.83,0.61,0.54,2025-05-14,0724,N21,VIIRS,l,2.0NRT,308.65,6.12,D
30.78462,75.44524,331.08,0.63,0.54,2025-05-14,0724,N21,VIIRS,l,2.0NRT,304.02,6.16,D
30.85312,75.65295,345.64,0.61,0.53,2025-05-14,0724,N21,VIIRS,n,2.0NRT,311.86,16.11,D
30.8517,75.64675,343.71,0.61,0.54,2025-05-14,0724,N21,VIIRS,n,2.0NRT,311.04,16.11,D
30.81366,75.43643,351.91,0.63,0.54,2025-05-14,0724,N21,VIIRS,n,2.0NRT,305.81,29.43,D
30.94416,75.98703,342.21,0.58,0.52,2025-05-14,0724,N21,VIIRS,n,2.0NRT,312.5,5.39,D
30.89125,75.75311,334.53,0.6,0.53,2025-05-14,0724,N21,VIIRS,l,2.0NRT,308.13,5.41,D
30.94085,75.95011,335.48,0.58,0.52,2025-05-14,0724,N21,VIIRS,l,2.0NRT,308.34,6.31,D
30.95219,75.97832,339.41,0.58,0.52,2025-05-14,0724,N21,VIIRS,n,2.0NRT,305.86,8.91,D
30.96023,75.9696,341.08,0.58,0.52,2025-05-14,0724,N21,VIIRS,n,2.0NRT,308.65,7.93,D
30.94874,75.98255,343.01,0.58,0.52,2025-05-14,0724,N21,VIIRS,n,2.0NRT,308.7,4.38,D
30.94051,75.94713,333.48,0.58,0.52,2025-05-14,0724,N21,VIIRS,l,2.0NRT,307.81,6.93,D
30.95341,75.98116,334.53,0.58,0.52,2025-05-14,0724,N21,VIIRS,l,2.0NRT,307.48,4.38,D
30.96006,75.96658,343.95,0.58,0.52,2025-05-14,0724,N21,VIIRS,n,2.0NRT,308.59,7.91,D
30.91147,75.6918,345.95,0.61,0.53,2025-05-14,0724,N21,VIIRS,n,2.0NRT,313.41,9.07,D
30.85312,75.44225,330.88,0.63,0.54,2025-05-14,0724,N21,VIIRS,l,2.0NRT,305.47,4.32,D
30.99426,76.00668,336.43,0.58,0.52,2025-05-14,0724,N21,VIIRS,l,2.0NRT,309.95,1.7,D
30.87317,75.48366,336.11,0.62,0.54,2025-05-14,0724,N21,VIIRS,l,2.0NRT,307.12,2.3,D
30.85232,75.39472,342.96,0.63,0.54,2025-05-14,0724,N21,VIIRS,n,2.0NRT,305.78,15.47,D
30.84933,75.38194,343.24,0.63,0.54,2025-05-14,0724,N21,VIIRS,n,2.0NRT,308.13,10.4,D
31.02681,76.12743,342.29,0.57,0.52,2025-05-14,0724,N21,VIIRS,n,2.0NRT,308.52,6.32,D
31.04782,76.17644,343.21,0.56,0.52,2025-05-14,0724,N21,VIIRS,n,2.0NRT,309.42,17.75,D
31.03739,76.13046,346.84,0.57,0.52,2025-05-14,0724,N21,VIIRS,n,2.0NRT,316.42,68.8,D
31.00022,75.96725,342.1,0.58,0.52,2025-05-14,0724,N21,VIIRS,n,2.0NRT,308.12,7.19,D
31.04203,76.12907,338.41,0.57,0.52,2025-05-14,0724,N21,VIIRS,l,2.0NRT,311.45,7.58,D
30.99408,75.91849,334.23,0.59,0.52,2025-05-14,0724,N21,VIIRS,l,2.0NRT,306.37,4.45,D
30.97631,75.84089,343.18,0.59,0.53,2025-05-14,0724,N21,VIIRS,n,2.0NRT,310.59,11.79,D
30.87915,75.42075,330.87,0.63,0.54,2025-05-14,0724,N21,VIIRS,l,2.0NRT,305.02,3.85,D
31.02423,75.89677,342.24,0.59,0.53,2025-05-14,0724,N21,VIIRS,n,2.0NRT,307.05,13.06,D
30.93487,75.50535,343.41,0.62,0.54,2025-05-14,0724,N21,VIIRS,n,2.0NRT,307.86,12.15,D
30.95597,75.55251,337.21,0.62,0.54,2025-05-14,0724,N21,VIIRS,l,2.0NRT,310.7,12.04,D
31.03088,75.83735,333.57,0.59,0.53,2025-05-14,0724,N21,VIIRS,l,2.0NRT,307.91,4.02,D
31.07817,76.02553,349.5,0.57,0.52,2025-05-14,0724,N21,VIIRS,n,2.0NRT,310.08,8.15,D
30.95603,75.48544,344.94,0.62,0.54,2025-05-14,0724,N21,VIIRS,n,2.0NRT,308.46,10.92,D
31.11853,76.23756,334.12,0.56,0.51,2025-05-14,0724,N21,VIIRS,l,2.0NRT,308.03,2.99,D
31.07421,76.02364,333.97,0.57,0.52,2025-05-14,0724,N21,VIIRS,l,2.0NRT,308.83,2.67,D
31.08021,76.02807,340.53,0.57,0.52,2025-05-14,0724,N21,VIIRS,n,2.0NRT,309.06,5.99,D
31.02155,75.75349,336.29,0.6,0.53,2025-05-14,0724,N21,VIIRS,l,2.0NRT,308.76,6.71,D
30.95947,75.4884,337.99,0.62,0.54,2025-05-14,0724,N21,VIIRS,l,2.0NRT,308.56,9.26,D
30.95799,75.48212,335.58,0.62,0.54,2025-05-14,0724,N21,VIIRS,l,2.0NRT,308.76,8.44,D
31.09748,76.01668,335.94,0.57,0.52,2025-05-14,0724,N21,VIIRS,l,2.0NRT,308.54,5.7,D
31.06219,75.86341,339.15,0.59,0.53,2025-05-14,0724,N21,VIIRS,n,2.0NRT,306.34,4.6,D
31.12205,76.10229,340.62,0.57,0.52,2025-05-14,0724,N21,VIIRS,n,2.0NRT,308.32,6.89,D
31.10214,76.01529,343.46,0.57,0.52,2025-05-14,0724,N21,VIIRS,n,2.0NRT,310.8,5.7,D
31.14884,76.19825,344.23,0.56,0.51,2025-05-14,0724,N21,VIIRS,n,2.0NRT,313.17,42.55,D
31.14754,76.19256,335.57,0.56,0.51,2025-05-14,0724,N21,VIIRS,l,2.0NRT,310.1,26.61,D
31.04103,75.72826,343.3,0.6,0.53,2025-05-14,0724,N21,VIIRS,n,2.0NRT,309.79,8.64,D
31.09264,75.93038,367,0.58,0.52,2025-05-14,0724,N21,VIIRS,h,2.0NRT,307.79,26.05,D
31.08993,75.91858,342.92,0.58,0.52,2025-05-14,0724,N21,VIIRS,n,2.0NRT,307.16,27.07,D
31.08857,75.91266,350.26,0.58,0.52,2025-05-14,0724,N21,VIIRS,n,2.0NRT,311.95,32.94,D
31.08721,75.90675,342.82,0.58,0.52,2025-05-14,0724,N21,VIIRS,n,2.0NRT,308.14,32.94,D
31.09731,75.92896,345.61,0.58,0.52,2025-05-14,0724,N21,VIIRS,n,2.0NRT,307.14,10.78,D
31.17296,76.23975,337.43,0.56,0.51,2025-05-14,0724,N21,VIIRS,l,2.0NRT,309.17,4.67,D
31.0369,75.64462,340.77,0.61,0.53,2025-05-14,0724,N21,VIIRS,l,2.0NRT,312.79,7.7,D
31.0972,75.88474,338.96,0.58,0.52,2025-05-14,0724,N21,VIIRS,l,2.0NRT,312.03,10.57,D
30.98547,75.37886,347.26,0.63,0.54,2025-05-14,0724,N21,VIIRS,n,2.0NRT,311.13,8.91,D
30.98398,75.37249,334.14,0.63,0.54,2025-05-14,0724,N21,VIIRS,l,2.0NRT,307.83,8.91,D
31.19645,76.25713,342.53,0.55,0.51,2025-05-14,0724,N21,VIIRS,n,2.0NRT,307.06,6.08,D
31.11262,75.88644,353.49,0.58,0.52,2025-05-14,0724,N21,VIIRS,n,2.0NRT,309.84,11.19,D
31.16891,76.11288,337.89,0.57,0.52,2025-05-14,0724,N21,VIIRS,l,2.0NRT,308.28,5.67,D
31.11596,75.87909,341.48,0.58,0.52,2025-05-14,0724,N21,VIIRS,n,2.0NRT,311.22,14.78,D
31.11794,75.86578,343.77,0.59,0.53,2025-05-14,0724,N21,VIIRS,n,2.0NRT,311.28,11.48,D
31.09729,75.73081,337.1,0.6,0.53,2025-05-14,0724,N21,VIIRS,l,2.0NRT,307.74,3.69,D
31.11027,75.76566,340.54,0.59,0.53,2025-05-14,0724,N21,VIIRS,n,2.0NRT,310.03,6.31,D
31.15276,75.93124,349.67,0.58,0.52,2025-05-14,0724,N21,VIIRS,n,2.0NRT,309.15,15.24,D
31.05223,75.39931,347.62,0.63,0.54,2025-05-14,0724,N21,VIIRS,n,2.0NRT,311.04,16.52,D
31.23504,76.16662,334.91,0.56,0.51,2025-05-14,0724,N21,VIIRS,l,2.0NRT,307.42,1.45,D
31.19391,75.98155,343.76,0.57,0.52,2025-05-14,0724,N21,VIIRS,n,2.0NRT,309.67,5.92,D
31.13785,75.73146,346.92,0.6,0.53,2025-05-14,0724,N21,VIIRS,n,2.0NRT,306.34,10.98,D
31.14147,75.8579,338.46,0.59,0.52,2025-05-14,0724,N21,VIIRS,l,2.0NRT,309.22,5.78,D
31.23252,76.16634,334.63,0.56,0.51,2025-05-14,0724,N21,VIIRS,l,2.0NRT,308.22,2.26,D
31.05417,75.39845,348.05,0.63,0.54,2025-05-14,0724,N21,VIIRS,n,2.0NRT,310.82,15.73,D
31.19482,75.98043,337.67,0.57,0.52,2025-05-14,0724,N21,VIIRS,l,2.0NRT,309.28,7.81,D
31.13715,75.73106,347.87,0.6,0.53,2025-05-14,0724,N21,VIIRS,n,2.0NRT,306.14,8.91,D
31.07496,75.39895,339.89,0.62,0.54,2025-05-14,0724,N21,VIIRS,n,2.0NRT,307.81,12.08,D
31.3076,76.38973,345.05,0.54,0.51,2025-05-14,0724,N21,VIIRS,n,2.0NRT,308.36,6.56,D
31.14905,75.69508,336.03,0.6,0.53,2025-05-14,0724,N21,VIIRS,l,2.0NRT,310.56,5.88,D
31.14342,75.67074,340.67,0.6,0.53,2025-05-14,0724,N21,VIIRS,n,2.0NRT,309.56,7.08,D
31.31214,76.3884,353.82,0.54,0.51,2025-05-14,0724,N21,VIIRS,n,2.0NRT,312.31,12.55,D
31.15378,75.69364,337.34,0.6,0.53,2025-05-14,0724,N21,VIIRS,l,2.0NRT,310.82,6.05,D
31.24521,76.07071,338.7,0.57,0.52,2025-05-14,0724,N21,VIIRS,l,2.0NRT,309.93,4.67,D
31.16968,75.74062,334.34,0.59,0.53,2025-05-14,0724,N21,VIIRS,l,2.0NRT,306.15,6.55,D
31.16829,75.73459,342.37,0.59,0.53,2025-05-14,0724,N21,VIIRS,n,2.0NRT,308.16,6.55,D
31.15904,75.67252,338.71,0.6,0.53,2025-05-14,0724,N21,VIIRS,l,2.0NRT,308.72,8.1,D
31.13686,75.55445,345.04,0.61,0.53,2025-05-14,0724,N21,VIIRS,n,2.0NRT,309.95,9.54,D
31.26171,76.07816,336.84,0.57,0.52,2025-05-14,0724,N21,VIIRS,l,2.0NRT,311.41,4.91,D
31.14591,75.57152,340.43,0.61,0.53,2025-05-14,0724,N21,VIIRS,l,2.0NRT,312.15,12.89,D
31.27285,76.10564,347.04,0.56,0.52,2025-05-14,0724,N21,VIIRS,n,2.0NRT,309.98,8.34,D
31.26765,76.08258,337.3,0.56,0.52,2025-05-14,0724,N21,VIIRS,l,2.0NRT,309.79,6.9,D
31.26635,76.07681,340.57,0.57,0.52,2025-05-14,0724,N21,VIIRS,n,2.0NRT,310.09,4.91,D
31.17745,75.68648,344,0.6,0.53,2025-05-14,0724,N21,VIIRS,n,2.0NRT,311.51,8.85,D
31.12624,75.46432,345.29,0.62,0.54,2025-05-14,0724,N21,VIIRS,n,2.0NRT,307.74,10.34,D
31.18913,75.71535,335.19,0.6,0.53,2025-05-14,0724,N21,VIIRS,l,2.0NRT,309.55,5.15,D
31.26331,75.95364,340.59,0.57,0.52,2025-05-14,0724,N21,VIIRS,n,2.0NRT,309.6,6.64,D
31.25669,75.92431,336.5,0.58,0.52,2025-05-14,0724,N21,VIIRS,l,2.0NRT,310.42,2.62,D
31.2527,75.90665,346.32,0.58,0.52,2025-05-14,0724,N21,VIIRS,n,2.0NRT,312.12,11.47,D
31.28313,75.99762,333.48,0.57,0.52,2025-05-14,0724,N21,VIIRS,l,2.0NRT,305.8,3.81,D
31.27393,75.9567,339.09,0.57,0.52,2025-05-14,0724,N21,VIIRS,l,2.0NRT,310.5,6.45,D
31.25001,75.80611,339.07,0.59,0.53,2025-05-14,0724,N21,VIIRS,l,2.0NRT,310.42,4.56,D
31.29338,76.03486,336.09,0.57,0.52,2025-05-14,0724,N21,VIIRS,n,2.0NRT,307.48,3.32,D
31.2759,75.95934,336.23,0.57,0.52,2025-05-14,0724,N21,VIIRS,l,2.0NRT,309.38,3.92,D
31.24496,75.80468,335.55,0.59,0.53,2025-05-14,0724,N21,VIIRS,l,2.0NRT,309.75,5.87,D
31.30678,75.65743,339.05,0.6,0.53,2025-05-14,0724,N21,VIIRS,n,2.0NRT,306.09,3.81,D
30.515,75.42247,330.28,0.78,0.78,2025-05-14,0907,N21,VIIRS,n,2.0NRT,295.74,5.21,D
30.62197,75.52842,341.9,0.79,0.78,2025-05-14,0907,N21,VIIRS,n,2.0NRT,295.12,17.78,D
30.65662,75.48534,351.27,0.79,0.78,2025-05-14,0907,N21,VIIRS,n,2.0NRT,296.01,28.22,D
30.68027,75.54231,332.31,0.8,0.78,2025-05-14,0907,N21,VIIRS,n,2.0NRT,296.03,6.23,D
30.67822,75.48435,335.73,0.79,0.78,2025-05-14,0907,N21,VIIRS,n,2.0NRT,295.59,9.63,D
30.67764,75.4679,347.72,0.79,0.78,2025-05-14,0907,N21,VIIRS,n,2.0NRT,296.41,16.29,D
30.67471,75.3862,341.47,0.78,0.78,2025-05-14,0907,N21,VIIRS,n,2.0NRT,296.66,13.51,D
30.65205,75.48637,350.59,0.79,0.78,2025-05-14,0907,N21,VIIRS,n,2.0NRT,295.85,19.32,D
30.67317,75.4688,347.47,0.79,0.78,2025-05-14,0907,N21,VIIRS,n,2.0NRT,295.79,11.39,D
30.67071,75.3869,338.57,0.78,0.78,2025-05-14,0907,N21,VIIRS,n,2.0NRT,296.67,9.52,D
30.67046,75.37878,333.26,0.78,0.78,2025-05-14,0907,N21,VIIRS,n,2.0NRT,296.23,9.52,D
30.68086,75.48491,336.99,0.79,0.78,2025-05-14,0907,N21,VIIRS,n,2.0NRT,295.99,8.5,D
30.86824,75.40228,331.3,0.78,0.78,2025-05-14,0907,N21,VIIRS,n,2.0NRT,295.21,5.07,D
30.87067,75.38107,331.53,0.78,0.78,2025-05-14,0907,N21,VIIRS,n,2.0NRT,297.81,5.97,D
31.02222,75.39864,330.09,0.78,0.78,2025-05-14,0907,N21,VIIRS,n,2.0NRT,298.06,6.56,D
31.02463,75.39092,338.3,0.78,0.78,2025-05-14,0907,N21,VIIRS,n,2.0NRT,298.37,17.53,D
31.06772,75.38895,337.77,0.78,0.78,2025-05-14,0907,N21,VIIRS,n,2.0NRT,301.46,12.01,D
31.07071,75.38844,337.88,0.78,0.78,2025-05-14,0907,N21,VIIRS,n,2.0NRT,302.29,11.94,D
31.12254,75.88002,303.55,0.58,0.69,2025-05-14,1947,N21,VIIRS,n,2.0NRT,293.18,1.67,N
31.10853,76.03518,312.57,0.56,0.69,2025-05-14,1947,N21,VIIRS,n,2.0NRT,294.23,2.32,N
31.10539,76.03716,307.97,0.56,0.69,2025-05-14,1947,N21,VIIRS,n,2.0NRT,293.38,1.58,N
31.04628,75.69384,306.82,0.59,0.7,2025-05-14,1947,N21,VIIRS,n,2.0NRT,293.59,1.23,N
30.70404,75.48111,304.02,0.6,0.71,2025-05-14,1947,N21,VIIRS,n,2.0NRT,293.62,1.33,N
30.43848,75.9865,303.77,0.56,0.69,2025-05-14,1947,N21,VIIRS,n,2.0NRT,293.46,1.94,N
30.4418,75.9844,319.75,0.56,0.69,2025-05-14,1947,N21,VIIRS,n,2.0NRT,293.69,2.99,N
30.42697,75.97906,367,0.56,0.69,2025-05-15,0705,N21,VIIRS,h,2.0NRT,312.75,19.69,D
30.4696,76.0619,349.79,0.56,0.69,2025-05-15,0705,N21,VIIRS,n,2.0NRT,312.39,7.9,D
30.46809,76.05637,337.18,0.56,0.69,2025-05-15,0705,N21,VIIRS,l,2.0NRT,312.13,7.9,D
30.57812,76.41413,340.91,0.53,0.67,2025-05-15,0705,N21,VIIRS,n,2.0NRT,306.79,4.63,D
30.53504,76.25434,338,0.54,0.68,2025-05-15,0705,N21,VIIRS,l,2.0NRT,309.93,6.4,D
30.57866,76.36781,350.16,0.53,0.67,2025-05-15,0705,N21,VIIRS,n,2.0NRT,303.94,9.83,D
30.57723,76.36252,346.76,0.53,0.67,2025-05-15,0705,N21,VIIRS,n,2.0NRT,304.13,9.83,D
30.49543,76.01056,337.73,0.56,0.69,2025-05-15,0705,N21,VIIRS,l,2.0NRT,310.3,4.3,D
30.437,75.79573,343.66,0.58,0.7,2025-05-15,0705,N21,VIIRS,n,2.0NRT,308.72,5.31,D
30.44315,75.79361,334.54,0.58,0.7,2025-05-15,0705,N21,VIIRS,l,2.0NRT,308.83,5.31,D
30.46019,75.83155,340.03,0.57,0.69,2025-05-15,0705,N21,VIIRS,n,2.0NRT,307.87,6.31,D
30.49854,75.94839,351.51,0.56,0.69,2025-05-15,0705,N21,VIIRS,n,2.0NRT,314.55,16.27,D
30.51219,75.97429,332.56,0.56,0.69,2025-05-15,0705,N21,VIIRS,l,2.0NRT,307.26,3.53,D
30.45845,75.77571,339.18,0.58,0.7,2025-05-15,0705,N21,VIIRS,n,2.0NRT,307.6,4.93,D
30.50771,75.90827,334.42,0.57,0.69,2025-05-15,0705,N21,VIIRS,l,2.0NRT,308.78,3.24,D
30.4424,75.66702,340.73,0.59,0.7,2025-05-15,0705,N21,VIIRS,n,2.0NRT,309.39,4.56,D
30.48773,75.80945,339.5,0.58,0.69,2025-05-15,0705,N21,VIIRS,n,2.0NRT,306.62,6.47,D
30.45016,75.67068,335.18,0.59,0.7,2025-05-15,0705,N21,VIIRS,l,2.0NRT,309.22,4.56,D
30.44858,75.66484,335.59,0.59,0.7,2025-05-15,0705,N21,VIIRS,l,2.0NRT,309.05,4.56,D
30.43743,75.62379,341.89,0.59,0.7,2025-05-15,0705,N21,VIIRS,n,2.0NRT,309.78,5.61,D
30.43583,75.61791,334.32,0.59,0.7,2025-05-15,0705,N21,VIIRS,l,2.0NRT,308.09,5.61,D
30.42248,75.51877,334.99,0.6,0.71,2025-05-15,0705,N21,VIIRS,l,2.0NRT,307.04,3.64,D
30.46393,75.6466,333.66,0.59,0.7,2025-05-15,0705,N21,VIIRS,l,2.0NRT,307.79,2.65,D
30.46235,75.64075,335.57,0.59,0.7,2025-05-15,0705,N21,VIIRS,l,2.0NRT,309.36,6.77,D
30.58586,76.07634,339.78,0.55,0.68,2025-05-15,0705,N21,VIIRS,n,2.0NRT,309.12,4.82,D
30.6079,76.13454,332,0.55,0.68,2025-05-15,0705,N21,VIIRS,l,2.0NRT,306.14,3.25,D
30.47314,75.63058,335.89,0.59,0.7,2025-05-15,0705,N21,VIIRS,l,2.0NRT,308.79,6.44,D
30.66514,76.32663,367,0.53,0.67,2025-05-15,0705,N21,VIIRS,h,2.0NRT,312.16,24.23,D
30.66653,76.33194,343.12,0.53,0.67,2025-05-15,0705,N21,VIIRS,n,2.0NRT,310.42,15.16,D
30.47774,75.62251,338.47,0.59,0.7,2025-05-15,0705,N21,VIIRS,n,2.0NRT,307.68,6.37,D
30.45061,75.52197,353.55,0.6,0.71,2025-05-15,0705,N21,VIIRS,n,2.0NRT,308.48,14.54,D
30.48545,75.81127,338.04,0.57,0.69,2025-05-15,0705,N21,VIIRS,n,2.0NRT,305.71,7.18,D
30.44545,75.66716,342.65,0.59,0.7,2025-05-15,0705,N21,VIIRS,n,2.0NRT,308.82,12.15,D
30.43862,75.61822,347.05,0.59,0.7,2025-05-15,0705,N21,VIIRS,n,2.0NRT,309,14.21,D
30.4787,75.73824,338.44,0.58,0.7,2025-05-15,0705,N21,VIIRS,l,2.0NRT,310.47,3.68,D
30.44482,75.61606,337.36,0.59,0.7,2025-05-15,0705,N21,VIIRS,l,2.0NRT,309.95,4.88,D
30.46076,75.64905,334.94,0.59,0.7,2025-05-15,0705,N21,VIIRS,l,2.0NRT,308.23,2.39,D
30.5852,76.07734,339.1,0.55,0.68,2025-05-15,0705,N21,VIIRS,n,2.0NRT,308.89,4.85,D
30.66,76.32887,338.37,0.53,0.67,2025-05-15,0705,N21,VIIRS,n,2.0NRT,309.01,5.7,D
30.60759,76.13537,332.59,0.55,0.68,2025-05-15,0705,N21,VIIRS,l,2.0NRT,306.59,4.15,D
30.66595,76.32684,367,0.53,0.67,2025-05-15,0705,N21,VIIRS,h,2.0NRT,310.73,18.61,D
30.66738,76.33213,334.34,0.53,0.67,2025-05-15,0705,N21,VIIRS,n,2.0NRT,309.13,8.88,D
30.47447,75.6251,339.1,0.59,0.7,2025-05-15,0705,N21,VIIRS,n,2.0NRT,307.84,6.9,D
30.45297,75.5227,367,0.6,0.7,2025-05-15,0705,N21,VIIRS,h,2.0NRT,306.75,14.36,D
30.45789,75.5405,334.87,0.6,0.7,2025-05-15,0705,N21,VIIRS,l,2.0NRT,308.51,4.64,D
30.59287,76.00832,367,0.56,0.69,2025-05-15,0705,N21,VIIRS,h,2.0NRT,310.43,20.9,D
30.59438,76.01388,352.38,0.56,0.69,2025-05-15,0705,N21,VIIRS,n,2.0NRT,309.97,21.7,D
30.58228,75.96936,339.86,0.56,0.69,2025-05-15,0705,N21,VIIRS,n,2.0NRT,309.63,9.59,D
30.51562,75.72543,354.55,0.58,0.7,2025-05-15,0705,N21,VIIRS,n,2.0NRT,309.45,7.08,D
30.48846,75.62664,351.39,0.59,0.7,2025-05-15,0705,N21,VIIRS,n,2.0NRT,308.07,10.03,D
30.4526,75.49671,334.55,0.6,0.71,2025-05-15,0705,N21,VIIRS,n,2.0NRT,308.03,15.35,D
30.45883,75.49451,367,0.6,0.71,2025-05-15,0705,N21,VIIRS,h,2.0NRT,308.95,15.35,D
30.45718,75.48854,367,0.6,0.71,2025-05-15,0705,N21,VIIRS,h,2.0NRT,307.19,28.93,D
30.52177,75.7233,337.64,0.58,0.7,2025-05-15,0705,N21,VIIRS,l,2.0NRT,308.22,7.08,D
30.48819,75.601,336.71,0.59,0.7,2025-05-15,0705,N21,VIIRS,l,2.0NRT,308.45,5.48,D
30.46048,75.50047,339.94,0.6,0.71,2025-05-15,0705,N21,VIIRS,n,2.0NRT,307.88,15.35,D
30.4667,75.49828,341.99,0.6,0.71,2025-05-15,0705,N21,VIIRS,n,2.0NRT,305.97,6.46,D
30.44187,75.40836,335.67,0.61,0.71,2025-05-15,0705,N21,VIIRS,l,2.0NRT,306.74,5.38,D
30.51823,75.6611,367,0.59,0.7,2025-05-15,0705,N21,VIIRS,h,2.0NRT,309.47,16.16,D
30.66995,76.22054,331.17,0.54,0.68,2025-05-15,0705,N21,VIIRS,l,2.0NRT,305.52,3.48,D
30.6685,76.21517,333.81,0.54,0.68,2025-05-15,0705,N21,VIIRS,l,2.0NRT,307.34,3.48,D
30.58224,75.89583,338.28,0.57,0.69,2025-05-15,0705,N21,VIIRS,l,2.0NRT,310.92,6.49,D
30.51982,75.66692,334.77,0.59,0.7,2025-05-15,0705,N21,VIIRS,n,2.0NRT,307.5,11.15,D
30.54966,75.75146,336.31,0.58,0.7,2025-05-15,0705,N21,VIIRS,l,2.0NRT,306.44,7.08,D
30.54652,75.73995,337.78,0.58,0.7,2025-05-15,0705,N21,VIIRS,l,2.0NRT,308.73,6.59,D
30.4857,75.51775,353.98,0.6,0.7,2025-05-15,0705,N21,VIIRS,n,2.0NRT,308.16,13.86,D
30.61414,75.96449,367,0.56,0.69,2025-05-15,0705,N21,VIIRS,h,2.0NRT,312.95,11.31,D
30.66016,76.13531,332.6,0.55,0.68,2025-05-15,0705,N21,VIIRS,l,2.0NRT,305.6,3.37,D
30.46523,75.39353,332.99,0.61,0.71,2025-05-15,0705,N21,VIIRS,l,2.0NRT,305.95,2.06,D
30.73989,76.33627,335.68,0.53,0.67,2025-05-15,0705,N21,VIIRS,l,2.0NRT,306.32,4.78,D
30.68856,76.14334,333.63,0.54,0.68,2025-05-15,0705,N21,VIIRS,l,2.0NRT,306.94,4.61,D
30.56771,75.66924,334.68,0.58,0.7,2025-05-15,0705,N21,VIIRS,l,2.0NRT,307.02,2.07,D
30.61266,75.78594,367,0.57,0.69,2025-05-15,0705,N21,VIIRS,h,2.0NRT,313.79,20.86,D
30.62185,75.82014,343.3,0.57,0.69,2025-05-15,0705,N21,VIIRS,n,2.0NRT,311.36,8.13,D
30.6049,75.73219,333.37,0.58,0.7,2025-05-15,0705,N21,VIIRS,l,2.0NRT,306.31,2.87,D
30.59869,75.70911,335.92,0.58,0.7,2025-05-15,0705,N21,VIIRS,l,2.0NRT,306.81,7.78,D
30.78207,76.37351,338.02,0.53,0.67,2025-05-15,0705,N21,VIIRS,l,2.0NRT,308.89,4.94,D
30.69091,76.02876,330.36,0.55,0.68,2025-05-15,0705,N21,VIIRS,l,2.0NRT,304.14,9.44,D
30.68944,76.02325,338.99,0.55,0.68,2025-05-15,0705,N21,VIIRS,n,2.0NRT,304.12,7.55,D
30.55429,75.51967,350.32,0.6,0.7,2025-05-15,0705,N21,VIIRS,n,2.0NRT,307.27,6.27,D
30.69987,76.0377,355.58,0.55,0.68,2025-05-15,0705,N21,VIIRS,n,2.0NRT,307.79,11.84,D
30.74018,76.33491,337.33,0.53,0.67,2025-05-15,0705,N21,VIIRS,n,2.0NRT,305.79,3.24,D
30.68773,76.14259,336.55,0.54,0.68,2025-05-15,0705,N21,VIIRS,n,2.0NRT,306.74,4.42,D
30.62724,75.92237,341.08,0.56,0.69,2025-05-15,0705,N21,VIIRS,l,2.0NRT,312.92,8.3,D
30.66229,76.00155,334.03,0.56,0.68,2025-05-15,0705,N21,VIIRS,l,2.0NRT,308.13,4.2,D
30.57026,75.66782,334,0.58,0.7,2025-05-15,0705,N21,VIIRS,l,2.0NRT,306.5,3.15,D
30.60975,75.78626,367,0.57,0.69,2025-05-15,0705,N21,VIIRS,h,2.0NRT,312.92,18.12,D
30.6017,75.73273,333.15,0.58,0.7,2025-05-15,0705,N21,VIIRS,l,2.0NRT,307.08,4.47,D
30.78267,76.37213,341.29,0.53,0.67,2025-05-15,0705,N21,VIIRS,n,2.0NRT,309.18,5.23,D
30.60151,75.70763,334.97,0.58,0.7,2025-05-15,0705,N21,VIIRS,n,2.0NRT,304.91,7.64,D
30.54984,75.52088,346.41,0.6,0.7,2025-05-15,0705,N21,VIIRS,n,2.0NRT,307.49,5.62,D
30.78718,76.36485,334.13,0.53,0.67,2025-05-15,0705,N21,VIIRS,n,2.0NRT,307.78,6.72,D
30.69852,76.03734,352.83,0.55,0.68,2025-05-15,0705,N21,VIIRS,n,2.0NRT,307.16,9.71,D
30.79311,76.36283,367,0.53,0.67,2025-05-15,0705,N21,VIIRS,h,2.0NRT,308.49,6.72,D
30.61695,75.71483,331.96,0.58,0.7,2025-05-15,0705,N21,VIIRS,l,2.0NRT,306.17,4.65,D
30.6136,75.67813,334.54,0.58,0.7,2025-05-15,0705,N21,VIIRS,l,2.0NRT,305.66,6.56,D
30.69108,75.93703,367,0.56,0.69,2025-05-15,0705,N21,VIIRS,h,2.0NRT,313.91,20.91,D
30.58121,75.53587,334.34,0.59,0.7,2025-05-15,0705,N21,VIIRS,l,2.0NRT,304.44,2.28,D
30.56322,75.47073,336.32,0.6,0.71,2025-05-15,0705,N21,VIIRS,l,2.0NRT,307.76,2.4,D
30.64779,75.72923,351.32,0.58,0.69,2025-05-15,0705,N21,VIIRS,n,2.0NRT,306.2,13.5,D
30.64623,75.72352,334.49,0.58,0.69,2025-05-15,0705,N21,VIIRS,n,2.0NRT,304.26,9.95,D
30.59683,75.54329,339.76,0.59,0.7,2025-05-15,0705,N21,VIIRS,n,2.0NRT,306.55,8.76,D
30.58873,75.5138,339.82,0.6,0.7,2025-05-15,0705,N21,VIIRS,n,2.0NRT,307.26,5.17,D
30.70323,75.90842,334.67,0.56,0.69,2025-05-15,0705,N21,VIIRS,n,2.0NRT,309.23,8.98,D
30.62868,75.63473,335.35,0.58,0.7,2025-05-15,0705,N21,VIIRS,l,2.0NRT,305.41,4.89,D
30.6111,75.57054,332.21,0.59,0.7,2025-05-15,0705,N21,VIIRS,l,2.0NRT,306.66,3.77,D
30.60949,75.56466,335.87,0.59,0.7,2025-05-15,0705,N21,VIIRS,l,2.0NRT,307.37,3.77,D
30.71081,75.91189,367,0.56,0.69,2025-05-15,0705,N21,VIIRS,h,2.0NRT,310.64,8.98,D
30.73333,75.99521,334.03,0.55,0.68,2025-05-15,0705,N21,VIIRS,l,2.0NRT,308.4,3.77,D
30.7093,75.90633,342.01,0.56,0.69,2025-05-15,0705,N21,VIIRS,n,2.0NRT,309.43,8.98,D
30.76888,76.1028,367,0.55,0.68,2025-05-15,0705,N21,VIIRS,h,2.0NRT,311.16,18.07,D
30.76316,76.05706,339.64,0.55,0.68,2025-05-15,0705,N21,VIIRS,n,2.0NRT,309.61,8.6,D
30.76169,76.0516,347.34,0.55,0.68,2025-05-15,0705,N21,VIIRS,n,2.0NRT,310.66,13.53,D
30.6103,75.49326,335.67,0.6,0.7,2025-05-15,0705,N21,VIIRS,l,2.0NRT,306.5,5.48,D
30.7275,75.89993,344.11,0.56,0.69,2025-05-15,0705,N21,VIIRS,n,2.0NRT,308.69,6.01,D
30.79268,76.11825,367,0.54,0.68,2025-05-15,0705,N21,VIIRS,h,2.0NRT,308.79,15.27,D
30.84116,76.30032,336.86,0.53,0.67,2025-05-15,0705,N21,VIIRS,n,2.0NRT,304.94,5.51,D
30.76343,76.00896,340.4,0.55,0.68,2025-05-15,0705,N21,VIIRS,l,2.0NRT,310.53,5.84,D
30.73356,75.8978,342.78,0.56,0.69,2025-05-15,0705,N21,VIIRS,n,2.0NRT,308.49,6.01,D
30.73206,75.8922,333.33,0.56,0.69,2025-05-15,0705,N21,VIIRS,l,2.0NRT,307.53,7.49,D
30.62917,75.51253,338.63,0.59,0.7,2025-05-15,0705,N21,VIIRS,n,2.0NRT,305.18,5.84,D
30.73209,75.86765,334.9,0.56,0.69,2025-05-15,0705,N21,VIIRS,l,2.0NRT,308.91,4.14,D
30.85582,76.30676,336.43,0.53,0.67,2025-05-15,0705,N21,VIIRS,n,2.0NRT,305.83,4.38,D
30.62541,75.44883,331.61,0.6,0.71,2025-05-15,0705,N21,VIIRS,l,2.0NRT,304.61,5.91,D
30.62379,75.44288,341.21,0.6,0.71,2025-05-15,0705,N21,VIIRS,n,2.0NRT,304.77,5.91,D
30.69209,75.66965,332.85,0.58,0.7,2025-05-15,0705,N21,VIIRS,l,2.0NRT,303.89,4.08,D
30.80363,76.06088,335.92,0.55,0.68,2025-05-15,0705,N21,VIIRS,l,2.0NRT,306.09,5.3,D
30.77426,75.95073,337.09,0.56,0.69,2025-05-15,0705,N21,VIIRS,l,2.0NRT,308.34,4.24,D
30.63135,75.42056,339.19,0.6,0.71,2025-05-15,0705,N21,VIIRS,n,2.0NRT,302.43,4.88,D
30.72447,75.74004,332.22,0.57,0.69,2025-05-15,0705,N21,VIIRS,l,2.0NRT,306.63,5.58,D
30.73518,75.75501,338.67,0.57,0.69,2025-05-15,0705,N21,VIIRS,n,2.0NRT,308.41,8.82,D
30.84107,76.29607,331.21,0.53,0.67,2025-05-15,0705,N21,VIIRS,l,2.0NRT,304.4,4.47,D
30.831,76.25906,330.19,0.53,0.67,2025-05-15,0705,N21,VIIRS,l,2.0NRT,304.1,2.47,D
30.79298,76.11987,347.8,0.54,0.68,2025-05-15,0705,N21,VIIRS,n,2.0NRT,307.36,11.74,D
30.7915,76.11446,342.42,0.54,0.68,2025-05-15,0705,N21,VIIRS,n,2.0NRT,305.32,11.55,D
30.73262,75.90026,341.58,0.56,0.69,2025-05-15,0705,N21,VIIRS,n,2.0NRT,307.63,8.95,D
30.73108,75.89468,347.47,0.56,0.69,2025-05-15,0705,N21,VIIRS,n,2.0NRT,308.21,10.45,D
30.62436,75.5105,332.08,0.59,0.7,2025-05-15,0705,N21,VIIRS,l,2.0NRT,305.14,5.11,D
30.85581,76.30252,334,0.53,0.67,2025-05-15,0705,N21,VIIRS,l,2.0NRT,305.45,6.04,D
30.62024,75.44697,351.51,0.6,0.7,2025-05-15,0705,N21,VIIRS,n,2.0NRT,303.63,9.65,D
30.81392,76.1245,334.11,0.54,0.68,2025-05-15,0705,N21,VIIRS,l,2.0NRT,305.19,2.82,D
30.80365,76.06275,332.71,0.55,0.68,2025-05-15,0705,N21,VIIRS,l,2.0NRT,306.1,3.64,D
30.63393,75.42258,334.67,0.6,0.71,2025-05-15,0705,N21,VIIRS,n,2.0NRT,302.68,5.95,D
30.64931,75.40411,341.86,0.6,0.71,2025-05-15,0705,N21,VIIRS,n,2.0NRT,305.07,12.13,D
30.78878,75.88695,334.42,0.56,0.69,2025-05-15,0705,N21,VIIRS,l,2.0NRT,307.03,2.34,D
30.74874,75.74036,350.21,0.57,0.69,2025-05-15,0705,N21,VIIRS,n,2.0NRT,306.45,9.13,D
30.74718,75.73466,336.58,0.57,0.69,2025-05-15,0705,N21,VIIRS,l,2.0NRT,306.86,9.13,D
30.66544,75.43768,333.89,0.6,0.7,2025-05-15,0705,N21,VIIRS,l,2.0NRT,305.55,4.93,D
30.68474,75.48291,367,0.59,0.7,2025-05-15,0705,N21,VIIRS,h,2.0NRT,306.46,30.82,D
30.69094,75.48073,367,0.59,0.7,2025-05-15,0705,N21,VIIRS,h,2.0NRT,309.64,30.82,D
30.84289,76.01332,349.81,0.55,0.68,2025-05-15,0705,N21,VIIRS,n,2.0NRT,308.22,9.28,D
30.80547,75.87505,333.27,0.56,0.69,2025-05-15,0705,N21,VIIRS,l,2.0NRT,306.92,5.18,D
30.77328,75.75669,342.44,0.57,0.69,2025-05-15,0705,N21,VIIRS,n,2.0NRT,304.76,4.56,D
30.7792,75.70462,333.91,0.57,0.69,2025-05-15,0705,N21,VIIRS,l,2.0NRT,307.6,7.78,D
30.81903,75.7281,352.89,0.57,0.69,2025-05-15,0705,N21,VIIRS,n,2.0NRT,307.01,17.77,D
30.76749,75.53749,333.89,0.59,0.7,2025-05-15,0705,N21,VIIRS,l,2.0NRT,304.7,5.3,D
30.79873,75.60309,343.61,0.58,0.7,2025-05-15,0705,N21,VIIRS,n,2.0NRT,306.63,9.17,D
30.76231,75.46845,337.08,0.59,0.7,2025-05-15,0705,N21,VIIRS,n,2.0NRT,301.35,6.48,D
30.84801,75.76141,331.59,0.57,0.69,2025-05-15,0705,N21,VIIRS,l,2.0NRT,305.05,2.14,D
30.82814,75.68736,330.86,0.57,0.69,2025-05-15,0705,N21,VIIRS,l,2.0NRT,305.13,4.72,D
30.82659,75.6816,341.13,0.57,0.69,2025-05-15,0705,N21,VIIRS,n,2.0NRT,304.7,4.72,D
30.81558,75.72542,348.47,0.57,0.69,2025-05-15,0705,N21,VIIRS,n,2.0NRT,305.36,10.46,D
30.76453,75.54124,333.16,0.59,0.7,2025-05-15,0705,N21,VIIRS,l,2.0NRT,303.65,3.23,D
30.8217,75.72329,332.06,0.57,0.69,2025-05-15,0705,N21,VIIRS,l,2.0NRT,305.95,3.45,D
30.82781,75.72116,332.37,0.57,0.69,2025-05-15,0705,N21,VIIRS,l,2.0NRT,306.05,3.45,D
30.84482,75.75868,331.56,0.57,0.69,2025-05-15,0705,N21,VIIRS,l,2.0NRT,305.83,2.67,D
30.8245,75.68484,353.11,0.57,0.69,2025-05-15,0705,N21,VIIRS,n,2.0NRT,304.95,9.17,D
30.80072,75.59865,341.39,0.58,0.7,2025-05-15,0705,N21,VIIRS,n,2.0NRT,304.36,12.16,D
30.76353,75.46437,341.62,0.59,0.7,2025-05-15,0705,N21,VIIRS,n,2.0NRT,302.46,5.86,D
30.80368,75.58494,367,0.58,0.7,2025-05-15,0705,N21,VIIRS,h,2.0NRT,303.82,12.25,D
30.85324,75.61819,332.12,0.58,0.7,2025-05-15,0705,N21,VIIRS,l,2.0NRT,305.25,6.94,D
30.8672,75.64471,332.5,0.58,0.69,2025-05-15,0705,N21,VIIRS,l,2.0NRT,305.98,6.06,D
30.7935,75.37571,339.18,0.6,0.7,2025-05-15,0705,N21,VIIRS,n,2.0NRT,303.36,8.28,D
30.98061,76.01483,332.57,0.54,0.68,2025-05-15,0705,N21,VIIRS,n,2.0NRT,302.56,5.19,D
30.83352,75.47198,332.52,0.59,0.7,2025-05-15,0705,N21,VIIRS,n,2.0NRT,301.84,7.44,D
30.83191,75.46609,344.9,0.59,0.7,2025-05-15,0705,N21,VIIRS,n,2.0NRT,302.97,7.44,D
30.92253,75.75001,333.45,0.57,0.69,2025-05-15,0705,N21,VIIRS,l,2.0NRT,305.42,3.75,D
30.92703,75.71727,331.35,0.57,0.69,2025-05-15,0705,N21,VIIRS,l,2.0NRT,302.67,1.86,D
30.97549,75.82345,336.08,0.56,0.69,2025-05-15,0705,N21,VIIRS,n,2.0NRT,302.15,6.09,D
30.89104,75.50938,330.6,0.59,0.7,2025-05-15,0705,N21,VIIRS,l,2.0NRT,303.25,4.98,D
30.83565,75.46923,350.48,0.59,0.7,2025-05-15,0705,N21,VIIRS,n,2.0NRT,302.56,9.75,D
30.92627,75.74655,331.14,0.57,0.69,2025-05-15,0705,N21,VIIRS,l,2.0NRT,303.99,1.98,D
30.97367,75.82197,340.68,0.56,0.69,2025-05-15,0705,N21,VIIRS,n,2.0NRT,302.11,5.89,D
30.88736,75.50883,332.44,0.58,0.7,2025-05-15,0705,N21,VIIRS,l,2.0NRT,303.26,4.95,D
31.05317,76.01693,347.61,0.54,0.68,2025-05-15,0705,N21,VIIRS,n,2.0NRT,303.37,6.36,D
31.10539,76.18638,337.95,0.53,0.67,2025-05-15,0705,N21,VIIRS,n,2.0NRT,305.05,4.37,D
31.10112,76.17047,335.42,0.53,0.67,2025-05-15,0705,N21,VIIRS,n,2.0NRT,303.46,3.67,D
31.09684,76.15456,331.55,0.53,0.67,2025-05-15,0705,N21,VIIRS,l,2.0NRT,303.36,2.82,D
31.03859,75.91451,343.47,0.55,0.68,2025-05-15,0705,N21,VIIRS,n,2.0NRT,303.83,6.62,D
30.94341,75.56526,333.7,0.58,0.7,2025-05-15,0705,N21,VIIRS,n,2.0NRT,301.61,6.98,D
31.05533,75.85435,367,0.55,0.68,2025-05-15,0705,N21,VIIRS,h,2.0NRT,305.44,24.79,D
30.99752,75.64058,330.81,0.57,0.69,2025-05-15,0705,N21,VIIRS,l,2.0NRT,303.76,6.1,D
31.01895,75.6456,339.66,0.57,0.69,2025-05-15,0705,N21,VIIRS,n,2.0NRT,304.67,7.43,D
31.14773,76.10169,344.95,0.53,0.67,2025-05-15,0705,N21,VIIRS,n,2.0NRT,304.2,6.28,D
31.13081,76.01353,335.32,0.54,0.68,2025-05-15,0705,N21,VIIRS,n,2.0NRT,303.5,3.25,D
31.1178,75.96464,337.55,0.54,0.68,2025-05-15,0705,N21,VIIRS,n,2.0NRT,304.59,8.73,D
31.0357,75.63336,367,0.57,0.69,2025-05-15,0705,N21,VIIRS,h,2.0NRT,306.45,14.74,D
31.1454,76.04384,337.78,0.54,0.68,2025-05-15,0705,N21,VIIRS,n,2.0NRT,302.88,3.25,D
31.12234,75.95708,332.14,0.54,0.68,2025-05-15,0705,N21,VIIRS,l,2.0NRT,304.14,9.6,D
31.03724,75.63908,341.31,0.57,0.69,2025-05-15,0705,N21,VIIRS,n,2.0NRT,303.86,19.34,D
31.03416,75.62765,330.45,0.57,0.69,2025-05-15,0705,N21,VIIRS,n,2.0NRT,303.74,14.74,D
30.96492,75.37154,340.82,0.59,0.7,2025-05-15,0705,N21,VIIRS,n,2.0NRT,303.38,6.77,D
31.05466,75.85651,367,0.55,0.68,2025-05-15,0705,N21,VIIRS,h,2.0NRT,304.49,11.21,D
31.0607,75.8544,332.4,0.55,0.68,2025-05-15,0705,N21,VIIRS,n,2.0NRT,302.88,11.21,D
31.00013,75.63561,338.4,0.57,0.69,2025-05-15,0705,N21,VIIRS,n,2.0NRT,303.79,3.68,D
31.01711,75.64851,339.42,0.57,0.69,2025-05-15,0705,N21,VIIRS,n,2.0NRT,303.97,4.8,D
31.14853,76.10305,337.21,0.53,0.67,2025-05-15,0705,N21,VIIRS,n,2.0NRT,304.26,6.23,D
31.13113,76.01524,333.59,0.54,0.68,2025-05-15,0705,N21,VIIRS,n,2.0NRT,303.1,7.03,D
31.11635,75.96107,340.7,0.54,0.68,2025-05-15,0705,N21,VIIRS,n,2.0NRT,304.87,6.88,D
31.1459,76.04544,335.7,0.54,0.68,2025-05-15,0705,N21,VIIRS,n,2.0NRT,302.51,5.24,D
31.12235,75.95899,339.29,0.54,0.68,2025-05-15,0705,N21,VIIRS,n,2.0NRT,303.52,4.11,D
31.03385,75.63638,347.54,0.57,0.69,2025-05-15,0705,N21,VIIRS,n,2.0NRT,304.53,12.35,D
31.03996,75.63424,367,0.57,0.69,2025-05-15,0705,N21,VIIRS,h,2.0NRT,305.08,12.35,D
31.03839,75.62853,341.87,0.57,0.69,2025-05-15,0705,N21,VIIRS,n,2.0NRT,303.91,12.35,D
30.96775,75.37331,333,0.59,0.7,2025-05-15,0705,N21,VIIRS,n,2.0NRT,302.94,6.18,D
31.19102,76.16391,349.64,0.53,0.67,2025-05-15,0705,N21,VIIRS,n,2.0NRT,305.64,9.32,D
31.0492,75.6435,330.84,0.57,0.69,2025-05-15,0705,N21,VIIRS,l,2.0NRT,303.41,2.95,D
31.17846,76.06924,332.52,0.53,0.67,2025-05-15,0705,N21,VIIRS,l,2.0NRT,303.87,4.52,D
31.13301,75.90149,338.12,0.55,0.68,2025-05-15,0705,N21,VIIRS,n,2.0NRT,303.44,7.93,D
31.12858,75.86093,331.93,0.55,0.68,2025-05-15,0705,N21,VIIRS,l,2.0NRT,303.89,2.9,D
31.05937,75.55838,331.08,0.58,0.69,2025-05-15,0705,N21,VIIRS,l,2.0NRT,302.88,2.31,D
31.02699,75.39109,334.21,0.59,0.7,2025-05-15,0705,N21,VIIRS,n,2.0NRT,302.06,5.45,D
31.11493,75.68861,336.91,0.56,0.69,2025-05-15,0705,N21,VIIRS,n,2.0NRT,302.75,3.89,D
31.06655,75.48619,337.93,0.58,0.7,2025-05-15,0705,N21,VIIRS,n,2.0NRT,302.5,5.74,D
31.17518,75.86259,351.08,0.55,0.68,2025-05-15,0705,N21,VIIRS,n,2.0NRT,304.82,9.29,D
31.14377,75.72147,343.31,0.56,0.69,2025-05-15,0705,N21,VIIRS,n,2.0NRT,303.56,9.14,D
31.24514,76.07515,333.74,0.53,0.67,2025-05-15,0705,N21,VIIRS,l,2.0NRT,304.82,2.23,D
31.14984,75.71931,339.47,0.56,0.69,2025-05-15,0705,N21,VIIRS,n,2.0NRT,302.97,5.86,D
31.2411,76.03552,334.85,0.54,0.67,2025-05-15,0705,N21,VIIRS,l,2.0NRT,306.35,3.77,D
31.23967,76.03015,330.71,0.54,0.68,2025-05-15,0705,N21,VIIRS,l,2.0NRT,303.42,3.77,D
31.16343,75.74519,332.92,0.56,0.69,2025-05-15,0705,N21,VIIRS,l,2.0NRT,303.07,6.84,D
31.09268,75.48323,334.61,0.58,0.7,2025-05-15,0705,N21,VIIRS,n,2.0NRT,302.28,4.51,D
31.19037,75.82092,339.2,0.55,0.68,2025-05-15,0705,N21,VIIRS,n,2.0NRT,303.5,7.84,D
31.20964,75.86839,332.84,0.55,0.68,2025-05-15,0705,N21,VIIRS,l,2.0NRT,304.82,4.47,D
31.04132,75.40754,332.26,0.59,0.7,2025-05-15,0705,N21,VIIRS,n,2.0NRT,301.49,3.47,D
31.17498,75.86425,348.02,0.55,0.68,2025-05-15,0705,N21,VIIRS,n,2.0NRT,303.84,7.9,D
31.0703,75.48696,343.12,0.58,0.7,2025-05-15,0705,N21,VIIRS,n,2.0NRT,301.88,8.71,D
31.14279,75.72364,331.06,0.56,0.69,2025-05-15,0705,N21,VIIRS,l,2.0NRT,302.53,5.5,D
31.24328,76.06547,331.81,0.53,0.67,2025-05-15,0705,N21,VIIRS,l,2.0NRT,305.81,5.33,D
31.14885,75.72152,344.49,0.56,0.69,2025-05-15,0705,N21,VIIRS,n,2.0NRT,303.5,5.5,D
31.1473,75.71592,336.77,0.56,0.69,2025-05-15,0705,N21,VIIRS,n,2.0NRT,302.87,5.5,D
31.24048,76.03131,340.07,0.53,0.67,2025-05-15,0705,N21,VIIRS,n,2.0NRT,304.27,7.54,D
31.08875,75.48048,337.58,0.58,0.7,2025-05-15,0705,N21,VIIRS,n,2.0NRT,300.66,4.12,D
31.19,75.82281,341.36,0.55,0.68,2025-05-15,0705,N21,VIIRS,n,2.0NRT,303.65,5.6,D
31.16714,75.73962,334.67,0.56,0.69,2025-05-15,0705,N21,VIIRS,n,2.0NRT,303.35,5.84,D
31.22452,75.90078,367,0.54,0.68,2025-05-15,0705,N21,VIIRS,h,2.0NRT,304.3,9.19,D
31.12946,75.55453,367,0.57,0.69,2025-05-15,0705,N21,VIIRS,h,2.0NRT,304.58,20.26,D
31.22303,75.89532,336.84,0.55,0.68,2025-05-15,0705,N21,VIIRS,n,2.0NRT,302.81,9.19,D
31.21855,75.87891,339.75,0.55,0.68,2025-05-15,0705,N21,VIIRS,n,2.0NRT,303.17,8.89,D
31.21557,75.868,335.44,0.55,0.68,2025-05-15,0705,N21,VIIRS,n,2.0NRT,304.34,7.59,D
31.13103,75.56023,347.53,0.57,0.69,2025-05-15,0705,N21,VIIRS,n,2.0NRT,303.9,16.75,D
31.18676,75.7143,330.35,0.56,0.69,2025-05-15,0705,N21,VIIRS,l,2.0NRT,302.81,4.1,D
31.21857,75.70919,330.41,0.56,0.69,2025-05-15,0705,N21,VIIRS,l,2.0NRT,301.17,2.53,D
31.19402,75.61905,340.73,0.57,0.69,2025-05-15,0705,N21,VIIRS,n,2.0NRT,302.71,7.17,D
31.18759,75.54642,349.03,0.57,0.69,2025-05-15,0705,N21,VIIRS,n,2.0NRT,303.1,10.8,D
31.24275,75.67589,332.01,0.56,0.69,2025-05-15,0705,N21,VIIRS,l,2.0NRT,302.61,2.81,D
31.24681,75.67373,340,0.56,0.69,2025-05-15,0705,N21,VIIRS,n,2.0NRT,303.99,5.41,D
31.28789,75.70222,332.06,0.56,0.69,2025-05-15,0705,N21,VIIRS,l,2.0NRT,302.31,4.48,D
30.43152,76.30677,367,0.54,0.68,2025-05-15,0705,N21,VIIRS,h,2.0NRT,314.21,39.95,D
30.46562,76.41172,341.42,0.53,0.67,2025-05-15,0705,N21,VIIRS,n,2.0NRT,309.43,6.13,D
30.43106,76.30514,367,0.54,0.68,2025-05-15,0705,N21,VIIRS,h,2.0NRT,313.51,41.36,D
30.46722,76.41508,337.83,0.53,0.67,2025-05-15,0705,N21,VIIRS,l,2.0NRT,311.01,9.45,D
30.46824,76.32183,349.94,0.54,0.68,2025-05-15,0705,N21,VIIRS,n,2.0NRT,310.55,10.22,D
30.45027,76.13236,337.84,0.55,0.68,2025-05-15,0705,N21,VIIRS,l,2.0NRT,310.92,6.76,D
30.42016,76.11861,333.13,0.55,0.68,2025-05-15,0705,N21,VIIRS,l,2.0NRT,307.22,23.87,D
30.42973,75.98155,367,0.56,0.69,2025-05-15,0705,N21,VIIRS,h,2.0NRT,313.21,21.62,D
30.47032,76.05903,367,0.56,0.69,2025-05-15,0705,N21,VIIRS,h,2.0NRT,314.06,12.89,D
30.48065,76.09784,334.38,0.55,0.68,2025-05-15,0705,N21,VIIRS,l,2.0NRT,307.81,4.71,D
30.46898,76.02911,343.93,0.56,0.69,2025-05-15,0705,N21,VIIRS,n,2.0NRT,312.41,5.73,D
30.57817,76.41774,338.68,0.53,0.67,2025-05-15,0705,N21,VIIRS,n,2.0NRT,306.39,6.02,D
30.53461,76.25204,335.39,0.54,0.68,2025-05-15,0705,N21,VIIRS,l,2.0NRT,307.72,4.56,D
31.27982,75.93179,344.73,0.44,0.62,2025-05-15,0845,N21,VIIRS,n,2.0NRT,301.86,6.97,D
30.42564,76.11851,336.67,0.44,0.62,2025-05-15,0845,N21,VIIRS,l,2.0NRT,309.94,5.01,D
30.42004,75.94531,345.22,0.43,0.62,2025-05-15,0845,N21,VIIRS,n,2.0NRT,307.88,9.03,D
30.47277,76.30655,367,0.45,0.63,2025-05-15,0845,N21,VIIRS,h,2.0NRT,309.56,9.28,D
30.45004,75.96521,334.69,0.43,0.62,2025-05-15,0845,N21,VIIRS,l,2.0NRT,309.27,3.75,D
30.44973,75.96071,340.27,0.43,0.62,2025-05-15,0845,N21,VIIRS,n,2.0NRT,309.98,3.75,D
30.48129,76.2584,367,0.45,0.63,2025-05-15,0845,N21,VIIRS,h,2.0NRT,311.17,24.52,D
30.48097,76.2537,342.49,0.45,0.63,2025-05-15,0845,N21,VIIRS,n,2.0NRT,313.58,24.52,D
30.46855,76.0685,331.57,0.44,0.62,2025-05-15,0845,N21,VIIRS,l,2.0NRT,305.8,5.47,D
30.46824,76.06394,355.45,0.44,0.62,2025-05-15,0845,N21,VIIRS,n,2.0NRT,309.41,9.59,D
30.44431,75.63814,333.47,0.41,0.61,2025-05-15,0845,N21,VIIRS,n,2.0NRT,303.46,2.71,D
30.44032,75.5825,344.9,0.41,0.61,2025-05-15,0845,N21,VIIRS,n,2.0NRT,308.87,6.63,D
30.50407,76.33726,355.02,0.46,0.63,2025-05-15,0845,N21,VIIRS,n,2.0NRT,306.19,8.6,D
30.48356,76.03506,339.6,0.44,0.62,2025-05-15,0845,N21,VIIRS,n,2.0NRT,310.21,8.59,D
30.43946,75.41718,340.01,0.4,0.6,2025-05-15,0845,N21,VIIRS,n,2.0NRT,303.94,4.26,D
30.48929,76.03457,367,0.44,0.62,2025-05-15,0845,N21,VIIRS,h,2.0NRT,314.79,8.59,D
30.5064,76.28467,338.44,0.45,0.63,2025-05-15,0845,N21,VIIRS,n,2.0NRT,306.36,5.86,D
30.4896,76.03911,341.15,0.44,0.62,2025-05-15,0845,N21,VIIRS,n,2.0NRT,308.38,16.23,D
30.48897,76.03002,336.21,0.44,0.62,2025-05-15,0845,N21,VIIRS,n,2.0NRT,307.73,8.59,D
30.4833,75.94862,339.63,0.43,0.62,2025-05-15,0845,N21,VIIRS,l,2.0NRT,311.92,5.83,D
30.46482,75.68835,342.38,0.42,0.61,2025-05-15,0845,N21,VIIRS,n,2.0NRT,305.84,5.06,D
30.46421,76.06539,354.5,0.44,0.62,2025-05-15,0845,N21,VIIRS,n,2.0NRT,308.66,4.98,D
30.48149,76.25501,351.37,0.45,0.63,2025-05-15,0845,N21,VIIRS,n,2.0NRT,317.49,55.99,D
30.46995,76.06487,340.21,0.44,0.62,2025-05-15,0845,N21,VIIRS,n,2.0NRT,306.7,4.98,D
30.43943,75.58308,340.06,0.41,0.61,2025-05-15,0845,N21,VIIRS,n,2.0NRT,308.34,5.56,D
30.43964,75.41744,336.3,0.4,0.6,2025-05-15,0845,N21,VIIRS,n,2.0NRT,303.72,4.44,D
30.50406,76.33864,354.49,0.46,0.63,2025-05-15,0845,N21,VIIRS,n,2.0NRT,305.5,8.76,D
30.48573,76.04044,332.64,0.44,0.62,2025-05-15,0845,N21,VIIRS,n,2.0NRT,307.6,12.05,D
30.48545,76.03587,355.42,0.44,0.62,2025-05-15,0845,N21,VIIRS,n,2.0NRT,311.69,9.83,D
30.46324,75.68906,336.66,0.42,0.61,2025-05-15,0845,N21,VIIRS,n,2.0NRT,305.01,4.9,D
30.49117,76.03535,367,0.44,0.62,2025-05-15,0845,N21,VIIRS,h,2.0NRT,313.93,9.83,D
30.50643,76.2812,345.2,0.45,0.63,2025-05-15,0845,N21,VIIRS,n,2.0NRT,307.9,6.89,D
30.49089,76.0308,349.87,0.44,0.62,2025-05-15,0845,N21,VIIRS,n,2.0NRT,310.61,9.83,D
30.48572,75.94924,338.7,0.43,0.62,2025-05-15,0845,N21,VIIRS,l,2.0NRT,310.64,6.48,D
30.50031,75.99792,346.1,0.44,0.62,2025-05-15,0845,N21,VIIRS,n,2.0NRT,308.72,5.2,D
30.50002,75.99338,340.35,0.43,0.62,2025-05-15,0845,N21,VIIRS,n,2.0NRT,308.75,5.2,D
30.52328,76.27023,333.12,0.45,0.63,2025-05-15,0845,N21,VIIRS,l,2.0NRT,307.47,3.12,D
30.47242,75.49025,333.91,0.4,0.6,2025-05-15,0845,N21,VIIRS,l,2.0NRT,304.21,1.54,D
30.52909,76.26972,336.98,0.45,0.63,2025-05-15,0845,N21,VIIRS,l,2.0NRT,309.7,3.12,D
30.51245,75.91967,348.24,0.43,0.62,2025-05-15,0845,N21,VIIRS,n,2.0NRT,309.81,9.81,D
30.51216,75.91518,346.51,0.43,0.62,2025-05-15,0845,N21,VIIRS,n,2.0NRT,308.22,8.84,D
30.48207,75.46812,331.85,0.4,0.6,2025-05-15,0845,N21,VIIRS,l,2.0NRT,303.52,1.93,D
30.54089,76.09068,340.34,0.44,0.62,2025-05-15,0845,N21,VIIRS,n,2.0NRT,308.36,4.37,D
30.53221,75.9586,347.26,0.43,0.62,2025-05-15,0845,N21,VIIRS,n,2.0NRT,309.26,7.25,D
30.51227,75.66261,338.8,0.42,0.61,2025-05-15,0845,N21,VIIRS,n,2.0NRT,307.7,3.31,D
30.52026,75.69676,345.42,0.42,0.61,2025-05-15,0845,N21,VIIRS,n,2.0NRT,306.64,13.07,D
30.52588,75.69624,367,0.42,0.61,2025-05-15,0845,N21,VIIRS,h,2.0NRT,310.92,13.07,D
30.51113,75.4063,334.73,0.4,0.6,2025-05-15,0845,N21,VIIRS,l,2.0NRT,305.07,3.28,D
30.54044,75.74324,367,0.42,0.61,2025-05-15,0845,N21,VIIRS,h,2.0NRT,310.46,9.63,D
30.54014,75.73887,340.26,0.42,0.61,2025-05-15,0845,N21,VIIRS,n,2.0NRT,308.97,9.63,D
30.51665,75.40578,338.72,0.4,0.6,2025-05-15,0845,N21,VIIRS,n,2.0NRT,306.02,3.28,D
30.51635,75.4016,333.77,0.4,0.6,2025-05-15,0845,N21,VIIRS,l,2.0NRT,306.01,4.93,D
30.54577,75.73833,334.85,0.42,0.61,2025-05-15,0845,N21,VIIRS,n,2.0NRT,307.69,4.58,D
30.52488,75.44287,347.76,0.4,0.6,2025-05-15,0845,N21,VIIRS,n,2.0NRT,305.67,5.58,D
30.5563,75.80816,349.86,0.42,0.61,2025-05-15,0845,N21,VIIRS,n,2.0NRT,306.91,6.15,D
30.56226,75.81206,334.84,0.42,0.61,2025-05-15,0845,N21,VIIRS,l,2.0NRT,308.01,3.46,D
30.55765,75.74607,337.31,0.42,0.61,2025-05-15,0845,N21,VIIRS,l,2.0NRT,307.43,3.1,D
30.56791,75.81154,337.05,0.42,0.61,2025-05-15,0845,N21,VIIRS,l,2.0NRT,307.46,3.46,D
30.56761,75.80712,335.73,0.42,0.61,2025-05-15,0845,N21,VIIRS,l,2.0NRT,307.91,3.46,D
30.58417,75.963,333.17,0.43,0.62,2025-05-15,0845,N21,VIIRS,l,2.0NRT,308,1.74,D
30.54855,75.386,351.18,0.4,0.6,2025-05-15,0845,N21,VIIRS,n,2.0NRT,304.68,7.6,D
30.54909,75.73727,333.92,0.42,0.61,2025-05-15,0845,N21,VIIRS,l,2.0NRT,307.61,2.46,D
30.55946,75.81159,338.19,0.42,0.61,2025-05-15,0845,N21,VIIRS,n,2.0NRT,307.94,5.07,D
30.55918,75.80717,349.49,0.42,0.61,2025-05-15,0845,N21,VIIRS,n,2.0NRT,306.36,6.03,D
30.55528,75.74551,336.5,0.42,0.61,2025-05-15,0845,N21,VIIRS,l,2.0NRT,306.52,4.38,D
30.56512,75.81107,343.95,0.42,0.61,2025-05-15,0845,N21,VIIRS,n,2.0NRT,307.88,6.34,D
30.5485,75.3848,367,0.4,0.6,2025-05-15,0845,N21,VIIRS,h,2.0NRT,305.01,7.59,D
30.58809,75.6416,333.33,0.41,0.61,2025-05-15,0845,N21,VIIRS,l,2.0NRT,307.1,3.29,D
30.58665,75.62001,337.43,0.41,0.61,2025-05-15,0845,N21,VIIRS,n,2.0NRT,307.36,2.37,D
30.61516,75.79303,339.91,0.42,0.61,2025-05-15,0845,N21,VIIRS,l,2.0NRT,310.41,6.48,D
30.61486,75.7886,345.98,0.42,0.61,2025-05-15,0845,N21,VIIRS,n,2.0NRT,311.99,6.48,D
30.64364,76.1414,334.56,0.45,0.63,2025-05-15,0845,N21,VIIRS,l,2.0NRT,304.91,3.5,D
30.61286,75.67418,334.86,0.42,0.61,2025-05-15,0845,N21,VIIRS,l,2.0NRT,305.93,3.66,D
30.61906,75.68237,331.95,0.42,0.61,2025-05-15,0845,N21,VIIRS,l,2.0NRT,304.58,2.4,D
30.6354,75.84028,337.2,0.43,0.62,2025-05-15,0845,N21,VIIRS,l,2.0NRT,309.34,4.12,D
30.63182,75.78705,347.18,0.42,0.61,2025-05-15,0845,N21,VIIRS,n,2.0NRT,311.13,7.53,D
30.64738,75.93382,343.49,0.43,0.62,2025-05-15,0845,N21,VIIRS,n,2.0NRT,307.49,3.44,D
30.63688,75.77771,347.63,0.42,0.61,2025-05-15,0845,N21,VIIRS,n,2.0NRT,308.98,6.71,D
30.6159,75.39508,347.3,0.4,0.6,2025-05-15,0845,N21,VIIRS,n,2.0NRT,301.67,9.46,D
30.62172,75.39874,330.26,0.4,0.6,2025-05-15,0845,N21,VIIRS,l,2.0NRT,301.2,2.27,D
30.65444,75.78499,347.92,0.42,0.61,2025-05-15,0845,N21,VIIRS,n,2.0NRT,307.51,9.69,D
30.65413,75.78059,343.52,0.42,0.61,2025-05-15,0845,N21,VIIRS,n,2.0NRT,308.19,10.07,D
30.63519,75.43122,331.18,0.4,0.6,2025-05-15,0845,N21,VIIRS,n,2.0NRT,300.81,0.77,D
30.69958,76.02518,334.54,0.44,0.62,2025-05-15,0845,N21,VIIRS,l,2.0NRT,308.67,2.75,D
30.68768,75.85344,341.85,0.43,0.62,2025-05-15,0845,N21,VIIRS,n,2.0NRT,308.98,6.27,D
30.66084,75.74561,336.51,0.42,0.61,2025-05-15,0845,N21,VIIRS,n,2.0NRT,306.33,5.66,D
30.69051,75.85432,342.96,0.43,0.62,2025-05-15,0845,N21,VIIRS,n,2.0NRT,309.2,7.73,D
30.66981,75.5353,333.74,0.41,0.61,2025-05-15,0845,N21,VIIRS,l,2.0NRT,306.25,2.16,D
30.67028,75.4583,332.06,0.4,0.6,2025-05-15,0845,N21,VIIRS,l,2.0NRT,305.33,1.26,D
30.68553,75.60297,343.36,0.41,0.61,2025-05-15,0845,N21,VIIRS,n,2.0NRT,305.5,3.65,D
30.72,76.04777,336.73,0.44,0.62,2025-05-15,0845,N21,VIIRS,n,2.0NRT,305.15,8.26,D
30.72574,76.04726,367,0.44,0.62,2025-05-15,0845,N21,VIIRS,h,2.0NRT,307.46,8.26,D
30.72603,76.05184,333.05,0.44,0.62,2025-05-15,0845,N21,VIIRS,n,2.0NRT,306.93,8.39,D
30.72544,76.04266,346.67,0.44,0.62,2025-05-15,0845,N21,VIIRS,n,2.0NRT,307.65,8.26,D
30.71467,75.87464,333.74,0.43,0.62,2025-05-15,0845,N21,VIIRS,l,2.0NRT,306.17,2.87,D
30.70742,75.76341,338.23,0.42,0.61,2025-05-15,0845,N21,VIIRS,n,2.0NRT,304.17,2.78,D
30.71813,75.75352,367,0.42,0.61,2025-05-15,0845,N21,VIIRS,h,2.0NRT,308.08,14.72,D
30.70209,75.51508,341.53,0.41,0.6,2025-05-15,0845,N21,VIIRS,n,2.0NRT,306.65,3.92,D
30.71059,75.47578,341.09,0.41,0.6,2025-05-15,0845,N21,VIIRS,n,2.0NRT,306.15,5.92,D
30.72707,75.6339,349.81,0.42,0.61,2025-05-15,0845,N21,VIIRS,n,2.0NRT,304.3,4.12,D
30.76081,76.05337,348.83,0.44,0.62,2025-05-15,0845,N21,VIIRS,n,2.0NRT,310.22,6.9,D
30.76051,76.04877,337.89,0.44,0.62,2025-05-15,0845,N21,VIIRS,l,2.0NRT,309.44,6.9,D
30.75805,75.8392,344.78,0.43,0.62,2025-05-15,0845,N21,VIIRS,n,2.0NRT,304.87,4.37,D
30.77133,75.95123,341.28,0.43,0.62,2025-05-15,0845,N21,VIIRS,n,2.0NRT,308.2,4.71,D
30.79858,76.276,332.26,0.46,0.63,2025-05-15,0845,N21,VIIRS,n,2.0NRT,301.17,1.49,D
30.77705,75.95073,348.8,0.43,0.62,2025-05-15,0845,N21,VIIRS,n,2.0NRT,308.53,4.71,D
30.77674,75.94619,336.32,0.43,0.62,2025-05-15,0845,N21,VIIRS,l,2.0NRT,309.72,4.71,D
30.7406,75.42613,334.52,0.4,0.6,2025-05-15,0845,N21,VIIRS,n,2.0NRT,302.94,2.65,D
30.80229,76.06831,337.32,0.44,0.62,2025-05-15,0845,N21,VIIRS,n,2.0NRT,307.09,4.49,D
30.77039,75.60809,335.48,0.41,0.61,2025-05-15,0845,N21,VIIRS,n,2.0NRT,304.73,2.22,D
30.76364,75.51361,332.43,0.41,0.61,2025-05-15,0845,N21,VIIRS,n,2.0NRT,302.12,1.97,D
30.77326,75.95262,350,0.44,0.62,2025-05-15,0845,N21,VIIRS,n,2.0NRT,308.93,7.49,D
30.77298,75.94809,348.7,0.43,0.62,2025-05-15,0845,N21,VIIRS,n,2.0NRT,308.82,7.49,D
30.74022,75.42706,337.97,0.4,0.6,2025-05-15,0845,N21,VIIRS,n,2.0NRT,302.87,2.48,D
30.79773,76.07038,334.53,0.44,0.63,2025-05-15,0845,N21,VIIRS,l,2.0NRT,307.41,3.41,D
30.7862,75.8832,335.82,0.43,0.62,2025-05-15,0845,N21,VIIRS,l,2.0NRT,309.66,2.46,D
30.7746,75.44076,336.83,0.4,0.6,2025-05-15,0845,N21,VIIRS,n,2.0NRT,303.36,13.56,D
30.78043,75.44447,367,0.41,0.6,2025-05-15,0845,N21,VIIRS,h,2.0NRT,305.81,23.44,D
30.841,76.30302,334.89,0.46,0.63,2025-05-15,0845,N21,VIIRS,n,2.0NRT,300.81,6.11,D
30.82385,75.75845,367,0.42,0.61,2025-05-15,0845,N21,VIIRS,h,2.0NRT,306.17,12.01,D
30.82356,75.75403,355.32,0.42,0.61,2025-05-15,0845,N21,VIIRS,n,2.0NRT,306.68,12.01,D
30.8221,75.73192,355.14,0.42,0.61,2025-05-15,0845,N21,VIIRS,n,2.0NRT,309.81,6.27,D
30.82181,75.72751,343.24,0.42,0.61,2025-05-15,0845,N21,VIIRS,n,2.0NRT,307.72,6.27,D
30.80872,75.53185,338.4,0.41,0.61,2025-05-15,0845,N21,VIIRS,n,2.0NRT,306.36,3.28,D
30.84835,76.04728,337.68,0.44,0.62,2025-05-15,0845,N21,VIIRS,n,2.0NRT,306.52,4.25,D
30.87436,76.36781,334.67,0.46,0.64,2025-05-15,0845,N21,VIIRS,l,2.0NRT,305.29,5.73,D
30.82188,75.39804,337.29,0.4,0.6,2025-05-15,0845,N21,VIIRS,n,2.0NRT,303.89,3.71,D
30.84196,75.60682,336.49,0.41,0.61,2025-05-15,0845,N21,VIIRS,n,2.0NRT,305.55,4.23,D
30.83891,75.4817,337.62,0.41,0.6,2025-05-15,0845,N21,VIIRS,l,2.0NRT,308.43,4.88,D
30.90336,76.2691,345.45,0.46,0.63,2025-05-15,0845,N21,VIIRS,n,2.0NRT,299.68,6.86,D
30.86575,75.70577,343.79,0.42,0.61,2025-05-15,0845,N21,VIIRS,n,2.0NRT,309.01,4.08,D
30.85348,75.45037,334.07,0.41,0.6,2025-05-15,0845,N21,VIIRS,n,2.0NRT,303.64,4.16,D
30.84805,75.37441,331.11,0.4,0.6,2025-05-15,0845,N21,VIIRS,l,2.0NRT,301.41,2.2,D
30.86337,75.43239,346.28,0.4,0.6,2025-05-15,0845,N21,VIIRS,n,2.0NRT,304.99,5.98,D
30.91444,76.08363,332.07,0.44,0.63,2025-05-15,0845,N21,VIIRS,l,2.0NRT,303.84,5.13,D
30.91413,76.07899,339.81,0.44,0.63,2025-05-15,0845,N21,VIIRS,n,2.0NRT,303.26,4.27,D
30.91099,76.03265,336.56,0.44,0.62,2025-05-15,0845,N21,VIIRS,n,2.0NRT,304.67,2.67,D
30.90341,76.27314,330.05,0.46,0.63,2025-05-15,0845,N21,VIIRS,n,2.0NRT,298.08,5.55,D
30.90313,76.26833,340.64,0.46,0.63,2025-05-15,0845,N21,VIIRS,n,2.0NRT,299.15,5.55,D
30.86902,75.70416,342.37,0.42,0.61,2025-05-15,0845,N21,VIIRS,n,2.0NRT,308.51,4.79,D
30.85832,75.44838,334.35,0.41,0.6,2025-05-15,0845,N21,VIIRS,l,2.0NRT,304.68,2.75,D
30.86277,75.43089,338.49,0.41,0.6,2025-05-15,0845,N21,VIIRS,n,2.0NRT,303.13,6.17,D
30.91536,76.08251,342.32,0.44,0.63,2025-05-15,0845,N21,VIIRS,n,2.0NRT,303.8,7.51,D
30.91252,76.0361,334.66,0.44,0.62,2025-05-15,0845,N21,VIIRS,n,2.0NRT,303.76,4.86,D
30.87914,75.42506,367,0.4,0.6,2025-05-15,0845,N21,VIIRS,h,2.0NRT,309.29,21.42,D
30.90936,75.71371,331.08,0.42,0.61,2025-05-15,0845,N21,VIIRS,l,2.0NRT,305.52,1.81,D
30.90753,75.59933,333.61,0.42,0.61,2025-05-15,0845,N21,VIIRS,l,2.0NRT,307.88,3.18,D
30.94886,76.1548,332.43,0.45,0.63,2025-05-15,0845,N21,VIIRS,l,2.0NRT,302.94,1.91,D
30.96974,76.02643,336.62,0.44,0.62,2025-05-15,0845,N21,VIIRS,n,2.0NRT,306.53,3.25,D
30.93728,75.45807,335.8,0.41,0.6,2025-05-15,0845,N21,VIIRS,n,2.0NRT,302.97,4.78,D
30.99365,76.21741,334.78,0.45,0.63,2025-05-15,0845,N21,VIIRS,n,2.0NRT,301.92,3.15,D
30.94691,75.43581,330.22,0.41,0.6,2025-05-15,0845,N21,VIIRS,l,2.0NRT,302.88,3.75,D
30.96418,75.44274,333.1,0.41,0.6,2025-05-15,0845,N21,VIIRS,n,2.0NRT,306.77,4.43,D
30.96388,75.43848,353.29,0.41,0.6,2025-05-15,0845,N21,VIIRS,n,2.0NRT,306.16,4.43,D
30.96944,75.43799,367,0.41,0.6,2025-05-15,0845,N21,VIIRS,h,2.0NRT,309.15,9.05,D
30.96457,75.37028,334.4,0.4,0.6,2025-05-15,0845,N21,VIIRS,n,2.0NRT,302.6,4.14,D
30.96351,75.44379,334.84,0.41,0.6,2025-05-15,0845,N21,VIIRS,n,2.0NRT,307.45,9.19,D
30.96879,75.43903,367,0.41,0.6,2025-05-15,0845,N21,VIIRS,h,2.0NRT,309.06,9.19,D
30.96852,75.43478,334.67,0.41,0.6,2025-05-15,0845,N21,VIIRS,n,2.0NRT,305.69,11.67,D
31.01761,76.03323,330.08,0.44,0.63,2025-05-15,0845,N21,VIIRS,l,2.0NRT,302.72,2.2,D
31.02909,75.84811,333.57,0.43,0.62,2025-05-15,0845,N21,VIIRS,l,2.0NRT,304.77,9.34,D
31.0288,75.84361,351.59,0.43,0.62,2025-05-15,0845,N21,VIIRS,n,2.0NRT,306.63,11.81,D
31.04494,76.00756,338.86,0.44,0.62,2025-05-15,0845,N21,VIIRS,n,2.0NRT,306.29,3.38,D
31.02178,75.64709,334.54,0.42,0.61,2025-05-15,0845,N21,VIIRS,l,2.0NRT,306.67,3.89,D
31.06588,76.25127,332.75,0.46,0.63,2025-05-15,0845,N21,VIIRS,n,2.0NRT,302.2,4.77,D
31.06529,76.24173,343.61,0.46,0.63,2025-05-15,0845,N21,VIIRS,n,2.0NRT,301.91,4.75,D
31.07171,76.25076,338.95,0.46,0.63,2025-05-15,0845,N21,VIIRS,n,2.0NRT,301.68,7.71,D
31.07112,76.24123,333.73,0.46,0.63,2025-05-15,0845,N21,VIIRS,n,2.0NRT,301.48,4.17,D
31.07872,76.26935,334.35,0.46,0.63,2025-05-15,0845,N21,VIIRS,n,2.0NRT,302.5,3.26,D
31.05451,75.88671,338.65,0.43,0.62,2025-05-15,0845,N21,VIIRS,n,2.0NRT,305.28,4.07,D
31.08112,76.12131,335.1,0.45,0.63,2025-05-15,0845,N21,VIIRS,n,2.0NRT,303.61,4.41,D
31.05076,75.49154,343.3,0.41,0.61,2025-05-15,0845,N21,VIIRS,n,2.0NRT,307.99,6.15,D
31.05276,75.4397,353.93,0.41,0.6,2025-05-15,0845,N21,VIIRS,n,2.0NRT,308.49,9.13,D
31.09477,75.88769,334.57,0.43,0.62,2025-05-15,0845,N21,VIIRS,l,2.0NRT,306.19,4.12,D
31.08655,75.76597,343.28,0.43,0.62,2025-05-15,0845,N21,VIIRS,n,2.0NRT,304.3,4.86,D
31.08962,75.64534,367,0.42,0.61,2025-05-15,0845,N21,VIIRS,h,2.0NRT,306.26,6.64,D
31.08993,75.64973,332.48,0.42,0.61,2025-05-15,0845,N21,VIIRS,n,2.0NRT,304.93,6.64,D
31.10387,75.76894,367,0.43,0.62,2025-05-15,0845,N21,VIIRS,h,2.0NRT,308.37,21.23,D
31.10356,75.76447,344.36,0.43,0.62,2025-05-15,0845,N21,VIIRS,n,2.0NRT,305.88,8.86,D
31.10325,75.76,339.39,0.43,0.62,2025-05-15,0845,N21,VIIRS,n,2.0NRT,304.82,8.86,D
31.10171,75.7377,331.1,0.42,0.61,2025-05-15,0845,N21,VIIRS,l,2.0NRT,304.44,1.29,D
31.06018,75.47845,332.99,0.41,0.61,2025-05-15,0845,N21,VIIRS,l,2.0NRT,307.58,2.02,D
31.09101,75.88469,333.62,0.43,0.62,2025-05-15,0845,N21,VIIRS,l,2.0NRT,305.93,2.92,D
31.08953,75.76685,344.29,0.43,0.62,2025-05-15,0845,N21,VIIRS,n,2.0NRT,304.65,5.73,D
31.08771,75.64645,367,0.42,0.61,2025-05-15,0845,N21,VIIRS,h,2.0NRT,307.48,11.72,D
31.10116,75.77029,367,0.43,0.62,2025-05-15,0845,N21,VIIRS,h,2.0NRT,305.84,17.47,D
31.10088,75.7658,344.72,0.43,0.62,2025-05-15,0845,N21,VIIRS,n,2.0NRT,305.1,10.66,D
31.1006,75.76132,353.1,0.43,0.62,2025-05-15,0845,N21,VIIRS,n,2.0NRT,305.56,10.66,D
31.12778,76.01544,345.24,0.44,0.63,2025-05-15,0845,N21,VIIRS,n,2.0NRT,307.01,6.31,D
31.12664,75.9969,339.24,0.44,0.62,2025-05-15,0845,N21,VIIRS,n,2.0NRT,304.61,3.2,D
31.14465,76.19818,350.03,0.45,0.63,2025-05-15,0845,N21,VIIRS,n,2.0NRT,304.52,6.61,D
31.1267,75.90442,338.92,0.44,0.62,2025-05-15,0845,N21,VIIRS,n,2.0NRT,304.88,4.77,D
31.12101,75.81364,337.35,0.43,0.62,2025-05-15,0845,N21,VIIRS,n,2.0NRT,304.55,5.03,D
31.12984,75.86288,331.51,0.43,0.62,2025-05-15,0845,N21,VIIRS,l,2.0NRT,305,2.1,D
31.16325,76.21561,367,0.46,0.63,2025-05-15,0845,N21,VIIRS,h,2.0NRT,303.94,10.86,D
31.14754,75.87045,348.24,0.43,0.62,2025-05-15,0845,N21,VIIRS,n,2.0NRT,305.25,7.88,D
31.12497,75.52437,343.92,0.41,0.61,2025-05-15,0845,N21,VIIRS,n,2.0NRT,306.91,5.06,D
31.15646,75.92016,340.73,0.44,0.62,2025-05-15,0845,N21,VIIRS,n,2.0NRT,305.73,5.34,D
31.12536,75.4464,331.27,0.41,0.6,2025-05-15,0845,N21,VIIRS,l,2.0NRT,304.1,1.89,D
31.18821,76.14677,343.57,0.45,0.63,2025-05-15,0845,N21,VIIRS,n,2.0NRT,304.65,4.87,D
31.18791,76.14204,336.1,0.45,0.63,2025-05-15,0845,N21,VIIRS,n,2.0NRT,305.32,4.87,D
31.19229,76.02846,367,0.44,0.63,2025-05-15,0845,N21,VIIRS,h,2.0NRT,302.05,16.62,D
31.20408,75.94371,335.7,0.44,0.62,2025-05-15,0845,N21,VIIRS,n,2.0NRT,303.76,3.63,D
31.19193,75.76211,340.53,0.43,0.62,2025-05-15,0845,N21,VIIRS,n,2.0NRT,302.7,4.47,D
31.22301,76.14374,331.7,0.45,0.63,2025-05-15,0845,N21,VIIRS,l,2.0NRT,302.19,2.76,D
31.19456,75.71692,330.57,0.42,0.61,2025-05-15,0845,N21,VIIRS,l,2.0NRT,303.85,5.11,D
31.18727,75.6108,330.54,0.42,0.61,2025-05-15,0845,N21,VIIRS,l,2.0NRT,305.01,3.53,D
31.21524,75.93811,367,0.44,0.62,2025-05-15,0845,N21,VIIRS,h,2.0NRT,305.18,11.35,D
31.18883,75.7616,339.09,0.43,0.62,2025-05-15,0845,N21,VIIRS,n,2.0NRT,302.44,3.43,D
31.20554,75.94301,336.6,0.44,0.62,2025-05-15,0845,N21,VIIRS,n,2.0NRT,303.75,3.97,D
31.19175,75.71631,334.12,0.42,0.61,2025-05-15,0845,N21,VIIRS,l,2.0NRT,304.32,4.63,D
31.18543,75.61446,332.5,0.42,0.61,2025-05-15,0845,N21,VIIRS,l,2.0NRT,305.07,2.08,D
31.22322,76.1433,331.07,0.45,0.63,2025-05-15,0845,N21,VIIRS,l,2.0NRT,301.66,3.84,D
31.21673,75.93737,367,0.44,0.62,2025-05-15,0845,N21,VIIRS,h,2.0NRT,304.87,7.33,D
31.21701,75.94198,332.55,0.44,0.62,2025-05-15,0845,N21,VIIRS,n,2.0NRT,303.33,7.33,D
31.21994,75.89552,334.93,0.44,0.62,2025-05-15,0845,N21,VIIRS,n,2.0NRT,303.24,3.94,D
31.22538,75.89045,336.79,0.44,0.62,2025-05-15,0845,N21,VIIRS,n,2.0NRT,304.67,5.88,D
31.21919,75.61143,337.06,0.42,0.61,2025-05-15,0845,N21,VIIRS,n,2.0NRT,303.21,4.26,D
31.22482,75.6109,340.64,0.42,0.61,2025-05-15,0845,N21,VIIRS,n,2.0NRT,304.64,4.26,D
31.24826,75.8884,346.84,0.44,0.62,2025-05-15,0845,N21,VIIRS,n,2.0NRT,303.12,7.64,D
31.27164,76.07722,332.55,0.45,0.63,2025-05-15,0845,N21,VIIRS,l,2.0NRT,307.09,3.08,D
31.25082,75.66178,332.25,0.42,0.61,2025-05-15,0845,N21,VIIRS,l,2.0NRT,302.65,2.18,D
31.27026,75.87269,335.38,0.43,0.62,2025-05-15,0845,N21,VIIRS,n,2.0NRT,303.97,3.33,D
31.24273,75.45587,335.4,0.41,0.61,2025-05-15,0845,N21,VIIRS,n,2.0NRT,302.37,2.82,D
31.31608,76.22752,330.13,0.46,0.63,2025-05-15,0845,N21,VIIRS,l,2.0NRT,304.68,2.63,D
31.29491,75.89806,339.19,0.44,0.62,2025-05-15,0845,N21,VIIRS,n,2.0NRT,303.83,4.18,D
31.30627,76.06152,331.59,0.45,0.63,2025-05-15,0845,N21,VIIRS,l,2.0NRT,305.05,2.84,D
31.29677,75.89935,334.3,0.44,0.62,2025-05-15,0845,N21,VIIRS,l,2.0NRT,304.32,5.58,D
30.70906,76.00516,303.67,0.46,0.47,2025-05-15,2110,N21,VIIRS,n,2.0NRT,293.14,0.77,N
30.70582,75.99921,305.14,0.46,0.47,2025-05-15,2110,N21,VIIRS,n,2.0NRT,292.92,0.93,N
30.53052,75.98571,311.39,0.47,0.48,2025-05-15,2110,N21,VIIRS,n,2.0NRT,293.78,1.44,N
30.52904,75.98368,309.29,0.47,0.48,2025-05-15,2110,N21,VIIRS,n,2.0NRT,293.33,1.03,N
30.43454,76.30093,312.7,0.49,0.49,2025-05-15,2110,N21,VIIRS,n,2.0NRT,293.72,1.36,N
31.19883,75.81756,308.78,0.44,0.46,2025-05-15,2110,N21,VIIRS,n,2.0NRT,292.89,1.19,N
30.47878,75.94397,305.14,0.47,0.47,2025-05-15,2110,N21,VIIRS,n,2.0NRT,293.43,0.83,N
31.10291,76.22955,311.65,0.47,0.48,2025-05-15,2110,N21,VIIRS,n,2.0NRT,291.94,1.57,N
31.16463,75.87514,309.66,0.45,0.47,2025-05-15,2110,N21,VIIRS,n,2.0NRT,292.38,1.09,N
31.1947,75.71133,303.62,0.44,0.46,2025-05-15,2110,N21,VIIRS,n,2.0NRT,292.79,1.2,N
31.18173,75.73131,304.68,0.44,0.46,2025-05-15,2110,N21,VIIRS,n,2.0NRT,292.75,0.73,N
31.06945,76.02873,333.97,0.46,0.47,2025-05-15,2110,N21,VIIRS,n,2.0NRT,293.99,4.35,N
31.07046,76.02406,306.5,0.46,0.47,2025-05-15,2110,N21,VIIRS,n,2.0NRT,294.3,2.93,N
31.07109,76.02773,333.82,0.46,0.47,2025-05-15,2110,N21,VIIRS,n,2.0NRT,294.32,6.11,N
31.04551,76.00047,308.61,0.46,0.47,2025-05-15,2110,N21,VIIRS,n,2.0NRT,292.81,1.41,N
31.13055,75.57331,302.79,0.43,0.46,2025-05-15,2110,N21,VIIRS,n,2.0NRT,292.27,0.52,N
30.97501,75.85391,302.92,0.45,0.47,2025-05-15,2110,N21,VIIRS,n,2.0NRT,292.08,1.2,N
30.49478,76.04835,346.44,0.45,0.47,2025-05-16,0828,N21,VIIRS,n,2.0NRT,305.12,5.24,D
30.48889,75.94965,342.4,0.45,0.47,2025-05-16,0828,N21,VIIRS,n,2.0NRT,312.06,10.9,D
30.45161,75.59628,346.06,0.43,0.46,2025-05-16,0828,N21,VIIRS,n,2.0NRT,314.92,12.14,D
30.45113,75.59187,343.58,0.43,0.46,2025-05-16,0828,N21,VIIRS,l,2.0NRT,313.72,10.02,D
30.4403,75.49085,345.87,0.42,0.45,2025-05-16,0828,N21,VIIRS,l,2.0NRT,316.09,10.58,D
30.43608,75.45171,345.01,0.42,0.45,2025-05-16,0828,N21,VIIRS,l,2.0NRT,315.54,10.4,D
30.44484,75.45489,342.54,0.42,0.45,2025-05-16,0828,N21,VIIRS,l,2.0NRT,314.33,6.69,D
30.54317,76.34857,335.85,0.47,0.48,2025-05-16,0828,N21,VIIRS,l,2.0NRT,306.72,2.49,D
30.52897,76.24024,333.75,0.47,0.47,2025-05-16,0828,N21,VIIRS,l,2.0NRT,305.68,3.49,D
30.54359,76.34692,338.13,0.47,0.48,2025-05-16,0828,N21,VIIRS,n,2.0NRT,307.07,3.96,D
30.48105,75.70771,343.75,0.43,0.46,2025-05-16,0828,N21,VIIRS,n,2.0NRT,311.86,7.37,D
30.47204,75.61823,343.5,0.43,0.46,2025-05-16,0828,N21,VIIRS,n,2.0NRT,313.01,8.5,D
30.47114,75.60934,345.36,0.43,0.46,2025-05-16,0828,N21,VIIRS,n,2.0NRT,312.55,8.47,D
30.45726,75.47294,339.01,0.42,0.45,2025-05-16,0828,N21,VIIRS,l,2.0NRT,312.69,7.55,D
30.46199,75.43694,341.73,0.42,0.45,2025-05-16,0828,N21,VIIRS,n,2.0NRT,310.98,5.22,D
30.56289,76.40935,336.64,0.48,0.48,2025-05-16,0828,N21,VIIRS,l,2.0NRT,307.52,4.74,D
30.56087,76.25068,338.04,0.47,0.47,2025-05-16,0828,N21,VIIRS,n,2.0NRT,305.21,4.62,D
30.47639,75.37348,343.49,0.41,0.45,2025-05-16,0828,N21,VIIRS,n,2.0NRT,312.9,12.93,D
30.50694,75.62687,344.85,0.43,0.46,2025-05-16,0828,N21,VIIRS,n,2.0NRT,309.7,10.78,D
30.50648,75.62241,338.8,0.43,0.46,2025-05-16,0828,N21,VIIRS,n,2.0NRT,308.37,7.98,D
30.48051,75.37288,353.26,0.41,0.45,2025-05-16,0828,N21,VIIRS,n,2.0NRT,315.97,12.93,D
30.54412,75.94958,335.1,0.45,0.47,2025-05-16,0828,N21,VIIRS,l,2.0NRT,307.73,3.66,D
30.51906,75.62064,336.24,0.43,0.46,2025-05-16,0828,N21,VIIRS,l,2.0NRT,308.79,3.38,D
30.5149,75.58067,345.93,0.43,0.46,2025-05-16,0828,N21,VIIRS,n,2.0NRT,308.37,16,D
30.51908,75.58009,346.66,0.43,0.46,2025-05-16,0828,N21,VIIRS,n,2.0NRT,308.75,16,D
30.51862,75.57566,337.46,0.43,0.46,2025-05-16,0828,N21,VIIRS,n,2.0NRT,307.07,16.77,D
30.56503,75.98457,338.57,0.45,0.47,2025-05-16,0828,N21,VIIRS,n,2.0NRT,305.32,3.37,D
30.52791,75.62391,347.4,0.43,0.46,2025-05-16,0828,N21,VIIRS,n,2.0NRT,311.01,8.35,D
30.50896,75.40385,335.22,0.42,0.45,2025-05-16,0828,N21,VIIRS,l,2.0NRT,307.88,2.2,D
30.55839,75.83517,341.45,0.44,0.46,2025-05-16,0828,N21,VIIRS,l,2.0NRT,311.66,6.57,D
30.58942,76.09596,341.67,0.46,0.47,2025-05-16,0828,N21,VIIRS,n,2.0NRT,305.42,3.48,D
30.52465,75.47221,347.27,0.42,0.45,2025-05-16,0828,N21,VIIRS,n,2.0NRT,309.82,11.83,D
30.56214,75.78829,337.7,0.44,0.46,2025-05-16,0828,N21,VIIRS,l,2.0NRT,309.69,4.99,D
30.52973,75.48036,344.32,0.42,0.45,2025-05-16,0828,N21,VIIRS,n,2.0NRT,313.09,10.48,D
30.57974,75.91642,346.1,0.45,0.47,2025-05-16,0828,N21,VIIRS,n,2.0NRT,310.98,10.95,D
30.5659,75.78315,345.3,0.44,0.46,2025-05-16,0828,N21,VIIRS,n,2.0NRT,310.27,4.99,D
30.53529,75.49289,344.32,0.42,0.45,2025-05-16,0828,N21,VIIRS,n,2.0NRT,311.89,10.53,D
30.52966,75.4009,344.73,0.42,0.45,2025-05-16,0828,N21,VIIRS,n,2.0NRT,313.08,15.68,D
30.52919,75.39658,345.07,0.42,0.45,2025-05-16,0828,N21,VIIRS,n,2.0NRT,312.59,14,D
30.56859,75.68636,367,0.43,0.46,2025-05-16,0828,N21,VIIRS,h,2.0NRT,313.63,47.18,D
30.5459,75.47363,344.32,0.42,0.45,2025-05-16,0828,N21,VIIRS,n,2.0NRT,309.12,7.95,D
30.63009,76.23644,337.13,0.47,0.47,2025-05-16,0828,N21,VIIRS,n,2.0NRT,305.31,5.06,D
30.60022,75.9466,346.38,0.45,0.47,2025-05-16,0828,N21,VIIRS,n,2.0NRT,310.92,12.96,D
30.57327,75.69028,339.38,0.43,0.46,2025-05-16,0828,N21,VIIRS,n,2.0NRT,309.08,19.73,D
30.57232,75.68127,347.01,0.43,0.46,2025-05-16,0828,N21,VIIRS,n,2.0NRT,313.38,47.18,D
30.57279,75.68578,367,0.43,0.46,2025-05-16,0828,N21,VIIRS,l,2.0NRT,325.57,47.18,D
30.5708,75.62696,345.96,0.43,0.46,2025-05-16,0828,N21,VIIRS,n,2.0NRT,313.39,11.8,D
30.65529,76.39706,345.05,0.48,0.48,2025-05-16,0828,N21,VIIRS,n,2.0NRT,307.25,5.53,D
30.60342,75.89437,346.08,0.44,0.46,2025-05-16,0828,N21,VIIRS,n,2.0NRT,310.27,9.04,D
30.59904,75.94852,344.86,0.45,0.47,2025-05-16,0828,N21,VIIRS,n,2.0NRT,311.25,11.64,D
30.57286,75.68266,341.82,0.43,0.46,2025-05-16,0828,N21,VIIRS,l,2.0NRT,314.52,116.79,D
30.63087,76.23354,336.8,0.47,0.47,2025-05-16,0828,N21,VIIRS,n,2.0NRT,305.23,4.48,D
30.57169,75.62823,349.46,0.43,0.46,2025-05-16,0828,N21,VIIRS,n,2.0NRT,312.84,11.87,D
30.60212,75.89155,343.79,0.44,0.46,2025-05-16,0828,N21,VIIRS,n,2.0NRT,308.21,10,D
30.65501,76.39442,342.52,0.48,0.48,2025-05-16,0828,N21,VIIRS,n,2.0NRT,306.72,2.63,D
30.57014,75.40504,339.32,0.42,0.45,2025-05-16,0828,N21,VIIRS,l,2.0NRT,309.64,4.43,D
30.57428,75.40445,343.54,0.42,0.45,2025-05-16,0828,N21,VIIRS,n,2.0NRT,307.85,4.43,D
30.6794,76.41634,331.44,0.48,0.48,2025-05-16,0828,N21,VIIRS,l,2.0NRT,304.46,3.18,D
30.57707,75.39085,345.49,0.42,0.45,2025-05-16,0828,N21,VIIRS,n,2.0NRT,310.17,20.23,D
30.57662,75.38651,351.38,0.42,0.45,2025-05-16,0828,N21,VIIRS,n,2.0NRT,315.55,20.23,D
30.67522,76.32661,339.93,0.47,0.48,2025-05-16,0828,N21,VIIRS,n,2.0NRT,308.74,5.71,D
30.62504,75.81825,346.54,0.44,0.46,2025-05-16,0828,N21,VIIRS,n,2.0NRT,315.48,22.1,D
30.6172,75.74063,339.6,0.44,0.46,2025-05-16,0828,N21,VIIRS,l,2.0NRT,311.4,6.26,D
30.60482,75.61903,351.29,0.43,0.46,2025-05-16,0828,N21,VIIRS,n,2.0NRT,309.98,18.82,D
30.59252,75.49936,345.53,0.42,0.45,2025-05-16,0828,N21,VIIRS,n,2.0NRT,311.77,7.31,D
30.60765,75.60505,336.8,0.43,0.46,2025-05-16,0828,N21,VIIRS,l,2.0NRT,307.91,3.33,D
30.59669,75.49877,345.24,0.42,0.45,2025-05-16,0828,N21,VIIRS,n,2.0NRT,312.31,8.46,D
30.62433,75.68458,339.9,0.43,0.46,2025-05-16,0828,N21,VIIRS,n,2.0NRT,308.29,4.88,D
30.59181,75.37117,339.48,0.42,0.45,2025-05-16,0828,N21,VIIRS,l,2.0NRT,310.84,5.64,D
30.67647,76.15881,343.76,0.46,0.47,2025-05-16,0828,N21,VIIRS,n,2.0NRT,305.08,9.64,D
30.63504,75.74738,340.41,0.44,0.46,2025-05-16,0828,N21,VIIRS,l,2.0NRT,310.99,7.73,D
30.61562,75.5588,337.67,0.43,0.46,2025-05-16,0828,N21,VIIRS,l,2.0NRT,311.02,4.35,D
30.6124,75.52783,336.76,0.42,0.46,2025-05-16,0828,N21,VIIRS,l,2.0NRT,309.63,4.26,D
30.64678,75.7781,343.35,0.44,0.46,2025-05-16,0828,N21,VIIRS,n,2.0NRT,311.18,8.41,D
30.63977,75.70991,337.04,0.43,0.46,2025-05-16,0828,N21,VIIRS,l,2.0NRT,310.07,6.48,D
30.68997,76.07458,332.76,0.46,0.47,2025-05-16,0828,N21,VIIRS,l,2.0NRT,305.31,7.74,D
30.68949,76.06983,348.34,0.46,0.47,2025-05-16,0828,N21,VIIRS,n,2.0NRT,307.02,7.74,D
30.62677,75.42345,337.05,0.42,0.45,2025-05-16,0828,N21,VIIRS,l,2.0NRT,308.68,4.17,D
30.6524,75.62596,335.74,0.43,0.46,2025-05-16,0828,N21,VIIRS,l,2.0NRT,308.23,3.43,D
30.65099,75.61256,354.03,0.43,0.46,2025-05-16,0828,N21,VIIRS,n,2.0NRT,310.94,18.65,D
30.62582,75.37511,348.69,0.42,0.45,2025-05-16,0828,N21,VIIRS,n,2.0NRT,314.4,23.2,D
30.62536,75.37077,355.09,0.42,0.45,2025-05-16,0828,N21,VIIRS,n,2.0NRT,321.6,23.2,D
30.64767,75.54081,343.79,0.43,0.46,2025-05-16,0828,N21,VIIRS,n,2.0NRT,309.98,7.97,D
30.69563,75.95897,339.07,0.45,0.47,2025-05-16,0828,N21,VIIRS,l,2.0NRT,309.09,7.66,D
30.69847,75.94434,342.26,0.45,0.47,2025-05-16,0828,N21,VIIRS,n,2.0NRT,308.31,6.84,D
30.67919,75.71821,339.05,0.44,0.46,2025-05-16,0828,N21,VIIRS,l,2.0NRT,311.41,3.23,D
30.67538,75.68204,336,0.43,0.46,2025-05-16,0828,N21,VIIRS,l,2.0NRT,307.97,3.02,D
30.66541,75.58788,346.09,0.43,0.46,2025-05-16,0828,N21,VIIRS,n,2.0NRT,309.13,14.1,D
30.71093,75.98069,343.71,0.45,0.47,2025-05-16,0828,N21,VIIRS,n,2.0NRT,308.45,6.42,D
30.65911,75.44987,336.53,0.42,0.45,2025-05-16,0828,N21,VIIRS,l,2.0NRT,310.92,3.48,D
30.72049,75.98892,338.01,0.45,0.47,2025-05-16,0828,N21,VIIRS,n,2.0NRT,307.23,6.49,D
30.67132,75.52402,342.68,0.42,0.46,2025-05-16,0828,N21,VIIRS,n,2.0NRT,309.81,8.03,D
30.70898,75.97801,340.18,0.45,0.47,2025-05-16,0828,N21,VIIRS,n,2.0NRT,308.88,5.48,D
30.67278,75.52505,342.94,0.42,0.46,2025-05-16,0828,N21,VIIRS,n,2.0NRT,309.73,6.71,D
30.71087,75.86411,335.91,0.44,0.46,2025-05-16,0828,N21,VIIRS,l,2.0NRT,308.43,6.09,D
30.69678,75.72185,341.86,0.44,0.46,2025-05-16,0828,N21,VIIRS,n,2.0NRT,310.05,2.57,D
30.76338,76.36222,333.35,0.48,0.48,2025-05-16,0828,N21,VIIRS,l,2.0NRT,306.59,3.61,D
30.72413,75.86699,340.65,0.44,0.46,2025-05-16,0828,N21,VIIRS,n,2.0NRT,308.98,5.74,D
30.7395,75.97855,355.45,0.45,0.47,2025-05-16,0828,N21,VIIRS,n,2.0NRT,312.97,12.57,D
30.69694,75.51264,350.04,0.42,0.46,2025-05-16,0828,N21,VIIRS,n,2.0NRT,312.3,8.39,D
30.72077,75.70467,334.28,0.44,0.46,2025-05-16,0828,N21,VIIRS,l,2.0NRT,305.35,2.57,D
30.72031,75.70013,333.85,0.44,0.46,2025-05-16,0828,N21,VIIRS,l,2.0NRT,307.05,2.57,D
30.70112,75.51206,344.73,0.42,0.46,2025-05-16,0828,N21,VIIRS,n,2.0NRT,311.84,8.39,D
30.70066,75.50764,348.49,0.42,0.46,2025-05-16,0828,N21,VIIRS,n,2.0NRT,314.41,19.67,D
30.74679,75.92053,345.79,0.45,0.47,2025-05-16,0828,N21,VIIRS,n,2.0NRT,312.6,9.61,D
30.73053,75.75874,336.92,0.44,0.46,2025-05-16,0828,N21,VIIRS,l,2.0NRT,310.76,4.65,D
30.69666,75.42794,339.36,0.42,0.45,2025-05-16,0828,N21,VIIRS,l,2.0NRT,310.15,6.15,D
30.76421,76.05193,341.65,0.46,0.47,2025-05-16,0828,N21,VIIRS,n,2.0NRT,308.24,8.31,D
30.73755,75.78561,334.82,0.44,0.46,2025-05-16,0828,N21,VIIRS,l,2.0NRT,308.33,3.25,D
30.73709,75.78103,333.51,0.44,0.46,2025-05-16,0828,N21,VIIRS,l,2.0NRT,307.03,3.25,D
30.73477,75.75814,341.65,0.44,0.46,2025-05-16,0828,N21,VIIRS,n,2.0NRT,311.4,4.65,D
30.71587,75.57304,345.34,0.43,0.46,2025-05-16,0828,N21,VIIRS,n,2.0NRT,312.22,9.26,D
30.42312,76.30774,333.74,0.47,0.48,2025-05-16,0828,N21,VIIRS,l,2.0NRT,306.44,2.89,D
30.75301,75.89603,345.37,0.45,0.47,2025-05-16,0828,N21,VIIRS,n,2.0NRT,311.08,9.98,D
30.73854,75.75298,344.28,0.44,0.46,2025-05-16,0828,N21,VIIRS,n,2.0NRT,313.48,12.7,D
30.70815,75.45741,339.63,0.42,0.45,2025-05-16,0828,N21,VIIRS,l,2.0NRT,311.99,5.91,D
30.74515,75.73356,345.01,0.44,0.46,2025-05-16,0828,N21,VIIRS,n,2.0NRT,313.87,17.77,D
30.74469,75.729,339.86,0.44,0.46,2025-05-16,0828,N21,VIIRS,n,2.0NRT,309.41,10.3,D
30.73817,75.6655,338.22,0.43,0.46,2025-05-16,0828,N21,VIIRS,l,2.0NRT,309.9,3.95,D
30.76019,75.79646,336.74,0.44,0.46,2025-05-16,0828,N21,VIIRS,l,2.0NRT,310,3.9,D
30.76114,75.76376,338.16,0.44,0.46,2025-05-16,0828,N21,VIIRS,l,2.0NRT,308.72,6.86,D
30.76209,75.73122,345.85,0.44,0.46,2025-05-16,0828,N21,VIIRS,n,2.0NRT,305.82,5.88,D
30.81756,76.14672,330.78,0.46,0.47,2025-05-16,0828,N21,VIIRS,l,2.0NRT,304.15,4.12,D
30.74693,75.38536,350.15,0.42,0.45,2025-05-16,0828,N21,VIIRS,n,2.0NRT,308.04,10.13,D
30.82219,76.02,338.07,0.45,0.47,2025-05-16,0828,N21,VIIRS,l,2.0NRT,309.9,6.08,D
30.81003,75.90235,341.21,0.45,0.47,2025-05-16,0828,N21,VIIRS,n,2.0NRT,308.38,6.48,D
30.80955,75.89769,335.16,0.45,0.47,2025-05-16,0828,N21,VIIRS,l,2.0NRT,306.53,6.03,D
30.80037,75.80962,344.14,0.44,0.46,2025-05-16,0828,N21,VIIRS,n,2.0NRT,309.72,16.36,D
30.77598,75.57819,347.67,0.43,0.46,2025-05-16,0828,N21,VIIRS,n,2.0NRT,311.23,8.04,D
30.81431,75.90177,346.87,0.45,0.47,2025-05-16,0828,N21,VIIRS,n,2.0NRT,310.28,7.8,D
30.80028,75.76767,338.22,0.44,0.46,2025-05-16,0828,N21,VIIRS,l,2.0NRT,310.79,5.81,D
30.79988,75.81268,345.08,0.44,0.46,2025-05-16,0828,N21,VIIRS,n,2.0NRT,311.85,12.41,D
30.77653,75.57623,338.18,0.43,0.46,2025-05-16,0828,N21,VIIRS,l,2.0NRT,309.45,5.61,D
30.81276,75.90034,355.44,0.45,0.47,2025-05-16,0828,N21,VIIRS,n,2.0NRT,311.71,12.74,D
30.79961,75.76603,342.55,0.44,0.46,2025-05-16,0828,N21,VIIRS,n,2.0NRT,309.71,6.6,D
30.85952,76.34315,332.58,0.48,0.48,2025-05-16,0828,N21,VIIRS,l,2.0NRT,306.66,2.44,D
30.82175,75.77227,351.65,0.44,0.46,2025-05-16,0828,N21,VIIRS,n,2.0NRT,310.98,11.94,D
30.826,75.77167,347.87,0.44,0.46,2025-05-16,0828,N21,VIIRS,n,2.0NRT,311.49,11.94,D
30.81867,75.69848,343.72,0.44,0.46,2025-05-16,0828,N21,VIIRS,n,2.0NRT,307.84,7.69,D
30.87785,76.25566,352.54,0.47,0.48,2025-05-16,0828,N21,VIIRS,n,2.0NRT,308.49,32.96,D
30.85155,75.98562,341.94,0.45,0.47,2025-05-16,0828,N21,VIIRS,n,2.0NRT,309.42,7.57,D
30.83404,75.7659,339.64,0.44,0.46,2025-05-16,0828,N21,VIIRS,l,2.0NRT,311.21,7.53,D
30.83643,75.74697,337.56,0.44,0.46,2025-05-16,0828,N21,VIIRS,l,2.0NRT,309.2,5.91,D
30.81895,75.57479,343.9,0.43,0.46,2025-05-16,0828,N21,VIIRS,n,2.0NRT,308.99,9.98,D
30.81849,75.57032,340.44,0.43,0.46,2025-05-16,0828,N21,VIIRS,n,2.0NRT,308.33,9.98,D
30.79893,75.38035,345.43,0.42,0.45,2025-05-16,0828,N21,VIIRS,n,2.0NRT,312.01,8.78,D
30.82689,75.56913,347.18,0.43,0.46,2025-05-16,0828,N21,VIIRS,n,2.0NRT,313.02,27.48,D
30.8215,75.39486,367,0.42,0.45,2025-05-16,0828,N21,VIIRS,h,2.0NRT,312,16.79,D
30.84787,75.56621,344.11,0.43,0.46,2025-05-16,0828,N21,VIIRS,n,2.0NRT,310.88,4.11,D
30.86986,75.65452,346.84,0.43,0.46,2025-05-16,0828,N21,VIIRS,n,2.0NRT,311.42,5.89,D
30.91283,76.03038,342.77,0.46,0.47,2025-05-16,0828,N21,VIIRS,n,2.0NRT,309.91,4.87,D
30.94307,76.28703,333.52,0.47,0.48,2025-05-16,0828,N21,VIIRS,l,2.0NRT,304.1,2.62,D
30.91709,75.98638,351.62,0.45,0.47,2025-05-16,0828,N21,VIIRS,n,2.0NRT,311.73,12.09,D
30.86974,75.53143,333.2,0.43,0.46,2025-05-16,0828,N21,VIIRS,l,2.0NRT,307.67,4.45,D
30.85472,75.39014,345.06,0.42,0.45,2025-05-16,0828,N21,VIIRS,n,2.0NRT,311.49,13.23,D
30.93312,76.10055,339.97,0.46,0.47,2025-05-16,0828,N21,VIIRS,n,2.0NRT,305.48,6.06,D
30.93263,76.09573,334.73,0.46,0.47,2025-05-16,0828,N21,VIIRS,l,2.0NRT,305.88,5.34,D
30.9214,75.98581,343.28,0.45,0.47,2025-05-16,0828,N21,VIIRS,n,2.0NRT,309.71,6.93,D
30.85887,75.38956,344.54,0.42,0.45,2025-05-16,0828,N21,VIIRS,n,2.0NRT,309.97,14.3,D
30.85794,75.38081,346.86,0.42,0.45,2025-05-16,0828,N21,VIIRS,n,2.0NRT,315.04,16.57,D
30.86303,75.38897,354.76,0.42,0.45,2025-05-16,0828,N21,VIIRS,n,2.0NRT,312.5,14.3,D
30.95058,76.14223,333.91,0.46,0.47,2025-05-16,0828,N21,VIIRS,l,2.0NRT,305.9,1.32,D
30.93446,76.09738,347.91,0.46,0.47,2025-05-16,0828,N21,VIIRS,n,2.0NRT,307.21,8.16,D
30.86509,75.38973,338.55,0.42,0.45,2025-05-16,0828,N21,VIIRS,l,2.0NRT,309.36,8.14,D
30.9521,76.144,331.17,0.46,0.47,2025-05-16,0828,N21,VIIRS,l,2.0NRT,305.29,2,D
30.91036,75.71495,355.37,0.44,0.46,2025-05-16,0828,N21,VIIRS,n,2.0NRT,314.65,22.43,D
30.95057,76.03681,344.51,0.46,0.47,2025-05-16,0828,N21,VIIRS,n,2.0NRT,310.59,12.14,D
30.95011,76.03203,344.54,0.46,0.47,2025-05-16,0828,N21,VIIRS,n,2.0NRT,309.89,12.14,D
30.97266,76.22037,331.32,0.47,0.48,2025-05-16,0828,N21,VIIRS,l,2.0NRT,304.94,2.55,D
30.97219,76.21546,334.24,0.47,0.48,2025-05-16,0828,N21,VIIRS,l,2.0NRT,305.22,2.55,D
30.95443,76.03146,344.61,0.46,0.47,2025-05-16,0828,N21,VIIRS,n,2.0NRT,311.39,8.11,D
30.95223,75.96418,344.54,0.45,0.47,2025-05-16,0828,N21,VIIRS,n,2.0NRT,311.14,8.88,D
30.9768,76.12592,348.74,0.46,0.47,2025-05-16,0828,N21,VIIRS,n,2.0NRT,305.72,8.35,D
30.98114,76.12534,335.85,0.46,0.47,2025-05-16,0828,N21,VIIRS,n,2.0NRT,304.15,1.73,D
30.99261,76.19781,346.83,0.47,0.48,2025-05-16,0828,N21,VIIRS,n,2.0NRT,307.38,12.08,D
30.99214,76.19292,344.11,0.47,0.48,2025-05-16,0828,N21,VIIRS,n,2.0NRT,306.27,12.08,D
30.96249,75.8484,344.12,0.45,0.47,2025-05-16,0828,N21,VIIRS,n,2.0NRT,310.17,11.65,D
30.96202,75.84373,344.15,0.45,0.47,2025-05-16,0828,N21,VIIRS,n,2.0NRT,310.25,11.45,D
30.91586,75.3914,337.41,0.42,0.45,2025-05-16,0828,N21,VIIRS,l,2.0NRT,309.82,6.07,D
30.98236,75.96006,336.29,0.45,0.47,2025-05-16,0828,N21,VIIRS,l,2.0NRT,306.89,7,D
30.97481,75.88464,343.61,0.45,0.47,2025-05-16,0828,N21,VIIRS,n,2.0NRT,309.68,7.82,D
30.95,75.64015,352.55,0.43,0.46,2025-05-16,0828,N21,VIIRS,n,2.0NRT,310.69,12.85,D
31.01345,76.22984,341.25,0.47,0.48,2025-05-16,0828,N21,VIIRS,n,2.0NRT,305.23,6.65,D
30.95329,75.63049,336.86,0.43,0.46,2025-05-16,0828,N21,VIIRS,l,2.0NRT,310.53,7.66,D
30.98434,75.85013,338.57,0.45,0.47,2025-05-16,0828,N21,VIIRS,l,2.0NRT,311.59,6.96,D
30.93757,75.39725,344.73,0.42,0.45,2025-05-16,0828,N21,VIIRS,n,2.0NRT,311.52,14.11,D
30.93711,75.39285,340.76,0.42,0.45,2025-05-16,0828,N21,VIIRS,l,2.0NRT,312.98,14.11,D
31.0295,76.21276,339.1,0.47,0.48,2025-05-16,0828,N21,VIIRS,n,2.0NRT,306.95,7.72,D
31.03338,76.20727,341.16,0.47,0.48,2025-05-16,0828,N21,VIIRS,n,2.0NRT,307.8,6.49,D
30.96124,75.5017,342.99,0.43,0.46,2025-05-16,0828,N21,VIIRS,n,2.0NRT,310.34,5.71,D
30.96077,75.49725,336.03,0.43,0.46,2025-05-16,0828,N21,VIIRS,l,2.0NRT,309.51,5.71,D
30.94912,75.38671,340.6,0.42,0.45,2025-05-16,0828,N21,VIIRS,l,2.0NRT,311.92,8.51,D
31.03873,76.2165,336.36,0.47,0.48,2025-05-16,0828,N21,VIIRS,l,2.0NRT,306.94,4.88,D
31.03189,76.14804,351.71,0.47,0.47,2025-05-16,0828,N21,VIIRS,n,2.0NRT,308.15,10.07,D
31.0314,76.14319,337.61,0.47,0.47,2025-05-16,0828,N21,VIIRS,n,2.0NRT,307.48,2.7,D
31.03576,76.1426,343.34,0.47,0.47,2025-05-16,0828,N21,VIIRS,n,2.0NRT,307.56,5.28,D
31.00283,75.81922,346.71,0.45,0.47,2025-05-16,0828,N21,VIIRS,n,2.0NRT,307.85,8.84,D
31.03619,76.1032,336.65,0.46,0.47,2025-05-16,0828,N21,VIIRS,l,2.0NRT,308,7.06,D
31.00758,75.82329,338.42,0.45,0.47,2025-05-16,0828,N21,VIIRS,l,2.0NRT,309.06,12.4,D
31.0071,75.81863,353.17,0.45,0.47,2025-05-16,0828,N21,VIIRS,n,2.0NRT,316.72,8.84,D
31.00662,75.81399,341.5,0.44,0.46,2025-05-16,0828,N21,VIIRS,l,2.0NRT,312.88,8.84,D
31.04791,76.17557,333.05,0.47,0.48,2025-05-16,0828,N21,VIIRS,l,2.0NRT,306.4,2.41,D
31.01185,75.8227,352.39,0.45,0.47,2025-05-16,0828,N21,VIIRS,n,2.0NRT,319.31,50.89,D
31.01137,75.81805,351.06,0.45,0.47,2025-05-16,0828,N21,VIIRS,n,2.0NRT,314.92,10.73,D
31.01089,75.81341,350.08,0.44,0.46,2025-05-16,0828,N21,VIIRS,n,2.0NRT,315.18,10.73,D
31.01041,75.80875,344.66,0.44,0.46,2025-05-16,0828,N21,VIIRS,n,2.0NRT,313.49,9.92,D
31.00993,75.80411,348.44,0.44,0.46,2025-05-16,0828,N21,VIIRS,n,2.0NRT,312.4,9.92,D
30.98272,75.54405,340.98,0.43,0.46,2025-05-16,0828,N21,VIIRS,l,2.0NRT,311.16,6.06,D
31.02727,75.92997,343.61,0.45,0.47,2025-05-16,0828,N21,VIIRS,n,2.0NRT,308.57,11.16,D
31.01564,75.81747,346.07,0.45,0.47,2025-05-16,0828,N21,VIIRS,n,2.0NRT,311.91,10.73,D
31.01515,75.81282,355.08,0.44,0.46,2025-05-16,0828,N21,VIIRS,n,2.0NRT,314.45,10.73,D
31.03548,75.9673,347.03,0.45,0.47,2025-05-16,0828,N21,VIIRS,n,2.0NRT,310.4,7.02,D
31.03499,75.96254,336.83,0.45,0.47,2025-05-16,0828,N21,VIIRS,l,2.0NRT,308.99,7.02,D
31.03157,75.92937,336.37,0.45,0.47,2025-05-16,0828,N21,VIIRS,l,2.0NRT,307.4,3.56,D
31.00497,75.67406,355.19,0.44,0.46,2025-05-16,0828,N21,VIIRS,n,2.0NRT,311.81,35.12,D
31.00449,75.66949,338.42,0.44,0.46,2025-05-16,0828,N21,VIIRS,l,2.0NRT,311.28,23.45,D
31.04322,76.00003,344.67,0.46,0.47,2025-05-16,0828,N21,VIIRS,n,2.0NRT,306.93,4.42,D
31.03979,75.96671,345.79,0.45,0.47,2025-05-16,0828,N21,VIIRS,n,2.0NRT,311.38,7.02,D
31.02661,75.83958,341.37,0.45,0.47,2025-05-16,0828,N21,VIIRS,l,2.0NRT,313.71,8.56,D
31.01424,75.81492,367,0.45,0.47,2025-05-16,0828,N21,VIIRS,h,2.0NRT,314.98,15.52,D
31.01514,75.82423,344.58,0.45,0.47,2025-05-16,0828,N21,VIIRS,n,2.0NRT,311.33,8.83,D
31.01469,75.81957,342.93,0.45,0.47,2025-05-16,0828,N21,VIIRS,n,2.0NRT,312.26,15.52,D
31.01379,75.81026,346.68,0.45,0.47,2025-05-16,0828,N21,VIIRS,n,2.0NRT,314.25,17.47,D
31.02943,75.927,345.1,0.45,0.47,2025-05-16,0828,N21,VIIRS,n,2.0NRT,311.03,12.61,D
31.00495,75.67584,344.49,0.44,0.46,2025-05-16,0828,N21,VIIRS,n,2.0NRT,307.03,15.46,D
31.0045,75.67127,350.34,0.44,0.46,2025-05-16,0828,N21,VIIRS,n,2.0NRT,313.71,39.03,D
31.03786,75.96915,339.89,0.45,0.47,2025-05-16,0828,N21,VIIRS,n,2.0NRT,308.89,6.88,D
31.03739,75.96439,351.19,0.45,0.47,2025-05-16,0828,N21,VIIRS,n,2.0NRT,311.95,6.88,D
31.04492,75.99716,343.14,0.46,0.47,2025-05-16,0828,N21,VIIRS,n,2.0NRT,306.87,2.83,D
31.04216,75.96854,343.12,0.45,0.47,2025-05-16,0828,N21,VIIRS,n,2.0NRT,308.72,6.88,D
31.0417,75.96378,351.71,0.45,0.47,2025-05-16,0828,N21,VIIRS,n,2.0NRT,311.57,6.88,D
31.03939,75.80669,343.74,0.45,0.47,2025-05-16,0828,N21,VIIRS,n,2.0NRT,310.89,6.64,D
31.03893,75.80202,339.41,0.44,0.46,2025-05-16,0828,N21,VIIRS,l,2.0NRT,311.62,6.64,D
31.0316,75.72794,345.31,0.44,0.46,2025-05-16,0828,N21,VIIRS,n,2.0NRT,311.54,12.11,D
31.05986,75.97089,344.49,0.46,0.47,2025-05-16,0828,N21,VIIRS,n,2.0NRT,309.81,6.71,D
31.08528,76.18776,333.58,0.47,0.48,2025-05-16,0828,N21,VIIRS,l,2.0NRT,305.53,3.51,D
31.08481,76.18286,333.23,0.47,0.48,2025-05-16,0828,N21,VIIRS,l,2.0NRT,306.14,3.51,D
31.09639,76.21117,334.93,0.47,0.48,2025-05-16,0828,N21,VIIRS,l,2.0NRT,306.14,4.48,D
31.04028,75.64305,344.82,0.44,0.46,2025-05-16,0828,N21,VIIRS,n,2.0NRT,310.04,9.54,D
31.0594,75.74741,344.31,0.44,0.46,2025-05-16,0828,N21,VIIRS,n,2.0NRT,309.79,6.49,D
31.05894,75.7428,336.53,0.44,0.46,2025-05-16,0828,N21,VIIRS,l,2.0NRT,309.02,6.49,D
31.06366,75.74682,345.42,0.44,0.46,2025-05-16,0828,N21,VIIRS,n,2.0NRT,310.94,6.49,D
31.02951,75.37227,335.88,0.42,0.45,2025-05-16,0828,N21,VIIRS,l,2.0NRT,309.14,4.54,D
31.08393,75.86213,339.47,0.45,0.47,2025-05-16,0828,N21,VIIRS,l,2.0NRT,312.22,7.38,D
31.07498,75.77344,336.42,0.44,0.46,2025-05-16,0828,N21,VIIRS,l,2.0NRT,308.14,8.74,D
31.09345,75.82756,339.33,0.45,0.47,2025-05-16,0828,N21,VIIRS,l,2.0NRT,312.02,7.45,D
31.07174,75.61559,344.91,0.43,0.46,2025-05-16,0828,N21,VIIRS,n,2.0NRT,312.15,6.7,D
31.11592,76.00681,334.42,0.46,0.47,2025-05-16,0828,N21,VIIRS,l,2.0NRT,307.98,1.74,D
31.08208,75.67429,340.74,0.44,0.46,2025-05-16,0828,N21,VIIRS,l,2.0NRT,310.92,8.22,D
31.05076,75.37372,345.29,0.42,0.45,2025-05-16,0828,N21,VIIRS,n,2.0NRT,310.78,5.66,D
31.06235,75.40339,335.62,0.42,0.45,2025-05-16,0828,N21,VIIRS,l,2.0NRT,310.6,6,D
31.06188,75.39897,340.44,0.42,0.45,2025-05-16,0828,N21,VIIRS,n,2.0NRT,309.01,9.85,D
31.12532,75.84221,343.9,0.45,0.47,2025-05-16,0828,N21,VIIRS,n,2.0NRT,310.72,9.55,D
31.1664,76.20177,338.53,0.47,0.48,2025-05-16,0828,N21,VIIRS,n,2.0NRT,307.58,7.54,D
31.10599,75.61546,351.22,0.43,0.46,2025-05-16,0828,N21,VIIRS,n,2.0NRT,310.49,15.06,D
31.13777,75.87862,345.83,0.45,0.47,2025-05-16,0828,N21,VIIRS,n,2.0NRT,309.97,7.6,D
31.10174,75.61407,337.02,0.43,0.46,2025-05-16,0828,N21,VIIRS,l,2.0NRT,308.63,6.82,D
31.12992,75.8588,342.44,0.45,0.47,2025-05-16,0828,N21,VIIRS,n,2.0NRT,312.01,6.74,D
31.10596,75.61348,347.31,0.43,0.46,2025-05-16,0828,N21,VIIRS,n,2.0NRT,310.92,6.82,D
31.16735,76.20512,345.98,0.47,0.48,2025-05-16,0828,N21,VIIRS,n,2.0NRT,308.04,4.88,D
31.14079,75.8812,340.26,0.45,0.47,2025-05-16,0828,N21,VIIRS,n,2.0NRT,309.82,4.55,D
31.14033,75.87647,338.17,0.45,0.47,2025-05-16,0828,N21,VIIRS,l,2.0NRT,309.3,4.55,D
31.11757,75.64423,343.98,0.44,0.46,2025-05-16,0828,N21,VIIRS,n,2.0NRT,309.8,7.19,D
31.15768,75.96553,334.99,0.46,0.47,2025-05-16,0828,N21,VIIRS,l,2.0NRT,306.91,2.08,D
31.18345,76.18798,335.23,0.47,0.48,2025-05-16,0828,N21,VIIRS,l,2.0NRT,306.73,2.23,D
31.16571,76.00326,338.59,0.46,0.47,2025-05-16,0828,N21,VIIRS,l,2.0NRT,309.11,3.94,D
31.15795,75.87882,335.98,0.45,0.47,2025-05-16,0828,N21,VIIRS,l,2.0NRT,309.44,5.92,D
31.15749,75.87411,344.63,0.45,0.47,2025-05-16,0828,N21,VIIRS,n,2.0NRT,311.52,5.92,D
31.14976,75.75186,344.37,0.44,0.46,2025-05-16,0828,N21,VIIRS,n,2.0NRT,310.7,7.94,D
31.14286,75.68256,344.98,0.44,0.46,2025-05-16,0828,N21,VIIRS,n,2.0NRT,312.05,8.66,D
31.18291,76.04485,338.3,0.46,0.47,2025-05-16,0828,N21,VIIRS,n,2.0NRT,307.6,4.35,D
31.14756,75.68657,342.76,0.44,0.46,2025-05-16,0828,N21,VIIRS,n,2.0NRT,309.51,6.1,D
31.13525,75.52213,345.54,0.43,0.46,2025-05-16,0828,N21,VIIRS,n,2.0NRT,311.86,9.97,D
31.15294,75.57004,336.08,0.43,0.46,2025-05-16,0828,N21,VIIRS,l,2.0NRT,308.76,6.66,D
31.15715,75.56944,337.64,0.43,0.46,2025-05-16,0828,N21,VIIRS,l,2.0NRT,310.9,6.91,D
31.15669,75.56492,344.62,0.43,0.46,2025-05-16,0828,N21,VIIRS,n,2.0NRT,311.32,6.91,D
31.18522,75.80363,347.19,0.45,0.47,2025-05-16,0828,N21,VIIRS,n,2.0NRT,313.34,25.25,D
31.15997,75.55528,339.23,0.43,0.46,2025-05-16,0828,N21,VIIRS,l,2.0NRT,309.59,7.89,D
31.15951,75.55076,344.76,0.43,0.46,2025-05-16,0828,N21,VIIRS,n,2.0NRT,311.47,9.85,D
31.18666,75.77504,354.43,0.44,0.46,2025-05-16,0828,N21,VIIRS,n,2.0NRT,309.77,19.07,D
31.20851,75.94894,339.8,0.46,0.47,2025-05-16,0828,N21,VIIRS,n,2.0NRT,308.95,3.63,D
31.19851,75.8494,345.53,0.45,0.47,2025-05-16,0828,N21,VIIRS,n,2.0NRT,309.44,8.64,D
31.2028,75.84881,339.88,0.45,0.47,2025-05-16,0828,N21,VIIRS,n,2.0NRT,309.61,4.03,D
31.21091,75.88599,343.9,0.45,0.47,2025-05-16,0828,N21,VIIRS,n,2.0NRT,308.98,4.4,D
31.24031,76.13559,332.72,0.47,0.48,2025-05-16,0828,N21,VIIRS,l,2.0NRT,306.05,1.87,D
31.19993,75.73551,337.11,0.44,0.46,2025-05-16,0828,N21,VIIRS,l,2.0NRT,308.24,4.61,D
31.19945,75.73089,342.06,0.44,0.46,2025-05-16,0828,N21,VIIRS,n,2.0NRT,307.77,8.61,D
31.20749,75.72507,335.92,0.44,0.46,2025-05-16,0828,N21,VIIRS,l,2.0NRT,307.38,3.43,D
31.24754,76.07539,336.06,0.46,0.47,2025-05-16,0828,N21,VIIRS,l,2.0NRT,306.66,3.92,D
31.24705,76.07053,345.16,0.46,0.47,2025-05-16,0828,N21,VIIRS,n,2.0NRT,308.18,9.21,D
31.26015,76.11303,333.5,0.47,0.47,2025-05-16,0828,N21,VIIRS,l,2.0NRT,307.21,3.45,D
31.19923,75.52235,338.62,0.43,0.46,2025-05-16,0828,N21,VIIRS,n,2.0NRT,307.45,7.11,D
31.25606,75.98615,333.4,0.46,0.47,2025-05-16,0828,N21,VIIRS,l,2.0NRT,305.77,1.5,D
31.2282,75.81384,338.75,0.45,0.47,2025-05-16,0828,N21,VIIRS,l,2.0NRT,311.06,4.72,D
31.19988,75.5237,337.06,0.43,0.46,2025-05-16,0828,N21,VIIRS,l,2.0NRT,307.34,3.65,D
31.25802,75.9879,335.54,0.46,0.47,2025-05-16,0828,N21,VIIRS,l,2.0NRT,307.48,1.06,D
31.26002,75.82852,345.67,0.45,0.47,2025-05-16,0828,N21,VIIRS,n,2.0NRT,310.67,7.72,D
31.24026,75.62877,344.53,0.44,0.46,2025-05-16,0828,N21,VIIRS,n,2.0NRT,310.97,7.51,D
31.2398,75.62418,344.97,0.44,0.46,2025-05-16,0828,N21,VIIRS,n,2.0NRT,311.28,8.57,D
31.27231,75.86512,335.02,0.45,0.47,2025-05-16,0828,N21,VIIRS,l,2.0NRT,308.31,1.98,D
31.26692,75.72326,337.38,0.44,0.46,2025-05-16,0828,N21,VIIRS,l,2.0NRT,310.21,4.8,D
31.31428,75.93645,334.53,0.46,0.47,2025-05-16,0828,N21,VIIRS,l,2.0NRT,307.51,3.89,D
31.31663,75.74474,334.6,0.44,0.46,2025-05-16,0828,N21,VIIRS,l,2.0NRT,307.69,3.65,D
30.69899,75.40988,344.72,0.42,0.45,2025-05-16,0828,N21,VIIRS,n,2.0NRT,309.9,9.98,D
30.4237,76.30519,333.11,0.47,0.48,2025-05-16,0828,N21,VIIRS,l,2.0NRT,305.69,2.93,D
30.43309,76.08543,334.92,0.45,0.47,2025-05-16,0828,N21,VIIRS,n,2.0NRT,301.87,1.5,D
30.4668,76.33894,336.72,0.47,0.48,2025-05-16,0828,N21,VIIRS,n,2.0NRT,305.83,3.15,D
30.4325,75.86384,338.67,0.44,0.46,2025-05-16,0828,N21,VIIRS,l,2.0NRT,311.2,5.39,D
30.43203,75.85926,344.75,0.44,0.46,2025-05-16,0828,N21,VIIRS,n,2.0NRT,312.84,29.71,D
30.44145,75.90924,347.65,0.44,0.46,2025-05-16,0828,N21,VIIRS,n,2.0NRT,317.42,45.59,D
30.43628,75.85867,338.49,0.44,0.46,2025-05-16,0828,N21,VIIRS,l,2.0NRT,309.62,3.96,D
30.43581,75.8541,339.77,0.44,0.46,2025-05-16,0828,N21,VIIRS,l,2.0NRT,310.96,3.96,D
30.5018,76.33426,341.51,0.47,0.48,2025-05-16,0828,N21,VIIRS,n,2.0NRT,305.69,7.17,D
30.50131,76.32936,351.49,0.47,0.48,2025-05-16,0828,N21,VIIRS,n,2.0NRT,306.25,8.74,D
30.42418,75.57771,346.61,0.42,0.46,2025-05-16,0828,N21,VIIRS,n,2.0NRT,312.18,8.78,D
30.50618,76.33367,343.85,0.47,0.48,2025-05-16,0828,N21,VIIRS,n,2.0NRT,306.44,7.17,D
30.50568,76.32877,343.66,0.47,0.48,2025-05-16,0828,N21,VIIRS,n,2.0NRT,305.29,8.74,D
30.42417,75.53755,352.42,0.42,0.45,2025-05-16,0828,N21,VIIRS,n,2.0NRT,314.94,18.62,D
30.48136,76.00264,348.91,0.45,0.47,2025-05-16,0828,N21,VIIRS,n,2.0NRT,305.56,8.27,D
30.45551,75.71335,352.06,0.43,0.46,2025-05-16,0828,N21,VIIRS,n,2.0NRT,314.5,11.45,D
30.52318,76.32643,342.26,0.47,0.48,2025-05-16,0828,N21,VIIRS,n,2.0NRT,305.42,1.57,D
30.51834,75.53197,312.09,0.41,0.37,2025-05-16,2053,N21,VIIRS,n,2.0NRT,295.31,1.06,N
31.2144,76.00517,318.88,0.41,0.37,2025-05-16,2053,N21,VIIRS,n,2.0NRT,294.86,2.74,N
31.21365,76.00945,313.88,0.41,0.37,2025-05-16,2053,N21,VIIRS,n,2.0NRT,294.69,2.74,N
31.21101,76.00436,329.21,0.41,0.37,2025-05-16,2053,N21,VIIRS,n,2.0NRT,295.96,2.74,N
31.21027,76.00864,319.64,0.41,0.37,2025-05-16,2053,N21,VIIRS,n,2.0NRT,294.91,2.74,N
31.1659,75.98029,317.46,0.41,0.37,2025-05-16,2053,N21,VIIRS,n,2.0NRT,295.83,1.74,N
31.16516,75.98457,305.48,0.41,0.37,2025-05-16,2053,N21,VIIRS,n,2.0NRT,295.13,1.22,N
31.17665,75.89841,305.45,0.41,0.37,2025-05-16,2053,N21,VIIRS,n,2.0NRT,295.45,1.48,N
31.14367,75.8862,309.63,0.41,0.37,2025-05-16,2053,N21,VIIRS,n,2.0NRT,296.6,1.28,N
31.14292,75.89045,317.57,0.41,0.37,2025-05-16,2053,N21,VIIRS,n,2.0NRT,296.3,2.24,N
31.10514,75.90118,307.92,0.41,0.37,2025-05-16,2053,N21,VIIRS,n,2.0NRT,295.26,0.86,N
31.09765,75.90385,306.61,0.41,0.37,2025-05-16,2053,N21,VIIRS,n,2.0NRT,294.98,1.11,N
31.03315,75.91086,306.12,0.41,0.37,2025-05-16,2053,N21,VIIRS,n,2.0NRT,294.71,0.64,N
31.01248,75.66111,321.14,0.41,0.37,2025-05-16,2053,N21,VIIRS,n,2.0NRT,296.93,1.54,N
31.0084,75.66454,307.02,0.41,0.37,2025-05-16,2053,N21,VIIRS,n,2.0NRT,295.54,1.54,N
30.99497,75.66142,314.45,0.41,0.37,2025-05-16,2053,N21,VIIRS,n,2.0NRT,296.03,1.59,N
30.99424,75.66563,307.09,0.41,0.37,2025-05-16,2053,N21,VIIRS,n,2.0NRT,295.62,0.98,N
30.69469,75.49611,329.8,0.41,0.37,2025-05-16,2053,N21,VIIRS,n,2.0NRT,296.14,2.54,N
30.65277,75.51685,310.44,0.41,0.37,2025-05-16,2053,N21,VIIRS,n,2.0NRT,294.94,0.98,N
30.47457,76.08918,349.51,0.41,0.37,2025-05-17,0807,N21,VIIRS,n,2.0NRT,315.41,13.23,D
30.45878,75.97454,349.17,0.41,0.37,2025-05-17,0807,N21,VIIRS,n,2.0NRT,315.38,11.6,D
30.48582,76.06966,346.52,0.41,0.37,2025-05-17,0807,N21,VIIRS,n,2.0NRT,315.37,9.48,D
30.48641,76.07142,343.2,0.41,0.37,2025-05-17,0807,N21,VIIRS,l,2.0NRT,316.26,9.27,D
30.53288,76.39413,342.66,0.42,0.38,2025-05-17,0807,N21,VIIRS,l,2.0NRT,314.61,6.55,D
30.46968,75.89638,337.24,0.41,0.37,2025-05-17,0807,N21,VIIRS,l,2.0NRT,311.41,4.58,D
30.53282,76.31398,340.84,0.42,0.38,2025-05-17,0807,N21,VIIRS,l,2.0NRT,314.68,12.12,D
30.53621,76.28674,340.09,0.42,0.38,2025-05-17,0807,N21,VIIRS,l,2.0NRT,314.31,7.73,D
30.45366,75.62916,344.53,0.4,0.37,2025-05-17,0807,N21,VIIRS,n,2.0NRT,313.19,11.56,D
30.55749,76.36739,345.55,0.42,0.38,2025-05-17,0807,N21,VIIRS,l,2.0NRT,316.8,11.97,D
30.51991,76.08714,338.87,0.41,0.37,2025-05-17,0807,N21,VIIRS,l,2.0NRT,312.72,5.85,D
30.4951,75.90466,340.11,0.41,0.37,2025-05-17,0807,N21,VIIRS,l,2.0NRT,313.13,5.74,D
30.56436,76.36614,342.73,0.42,0.38,2025-05-17,0807,N21,VIIRS,l,2.0NRT,315.97,9.38,D
30.55914,76.327,342.08,0.42,0.38,2025-05-17,0807,N21,VIIRS,l,2.0NRT,313.57,7.27,D
30.43527,75.39971,345.51,0.4,0.37,2025-05-17,0807,N21,VIIRS,n,2.0NRT,313.65,9.16,D
30.56891,76.3475,343.76,0.42,0.38,2025-05-17,0807,N21,VIIRS,l,2.0NRT,317.24,16.68,D
30.43803,75.39498,345.92,0.4,0.37,2025-05-17,0807,N21,VIIRS,n,2.0NRT,315.6,9.15,D
30.43963,75.38205,367,0.4,0.37,2025-05-17,0807,N21,VIIRS,h,2.0NRT,317.71,21.73,D
30.44137,75.39435,341.8,0.4,0.37,2025-05-17,0807,N21,VIIRS,l,2.0NRT,315.53,9.78,D
30.44297,75.38142,352.12,0.4,0.37,2025-05-17,0807,N21,VIIRS,n,2.0NRT,320.21,21.73,D
30.48273,75.6152,349.28,0.4,0.37,2025-05-17,0807,N21,VIIRS,n,2.0NRT,311.43,12.51,D
30.46126,75.4623,352.06,0.4,0.37,2025-05-17,0807,N21,VIIRS,n,2.0NRT,321.75,41.91,D
30.46068,75.45818,341.81,0.4,0.37,2025-05-17,0807,N21,VIIRS,l,2.0NRT,312.8,16.45,D
30.48608,75.61457,347.92,0.4,0.37,2025-05-17,0807,N21,VIIRS,n,2.0NRT,311.41,11.02,D
30.46693,75.47813,348.51,0.4,0.37,2025-05-17,0807,N21,VIIRS,n,2.0NRT,312.71,7.98,D
30.46461,75.46166,348.82,0.4,0.37,2025-05-17,0807,N21,VIIRS,n,2.0NRT,314.43,8.27,D
30.46403,75.45754,337.74,0.4,0.37,2025-05-17,0807,N21,VIIRS,l,2.0NRT,311.99,9.58,D
30.47028,75.4775,344.06,0.4,0.37,2025-05-17,0807,N21,VIIRS,l,2.0NRT,314.7,7.98,D
30.46795,75.46104,343.08,0.4,0.37,2025-05-17,0807,N21,VIIRS,n,2.0NRT,312.93,8.27,D
30.60215,76.35934,341.07,0.42,0.38,2025-05-17,0807,N21,VIIRS,l,2.0NRT,315.55,7.95,D
30.55706,76.00175,340.96,0.41,0.37,2025-05-17,0807,N21,VIIRS,l,2.0NRT,314.67,8.04,D
30.48904,75.44015,339.29,0.4,0.37,2025-05-17,0807,N21,VIIRS,l,2.0NRT,311.5,8.83,D
30.48888,75.41485,344.65,0.4,0.37,2025-05-17,0807,N21,VIIRS,n,2.0NRT,313.97,10.23,D
30.61982,76.33387,345.63,0.42,0.38,2025-05-17,0807,N21,VIIRS,n,2.0NRT,314.11,16.37,D
30.56759,75.95198,350.4,0.41,0.37,2025-05-17,0807,N21,VIIRS,n,2.0NRT,319.1,12.63,D
30.53906,75.66068,343.94,0.4,0.37,2025-05-17,0807,N21,VIIRS,l,2.0NRT,314.85,9.23,D
30.543,75.66422,342.69,0.4,0.37,2025-05-17,0807,N21,VIIRS,l,2.0NRT,316.71,9.23,D
30.65157,76.41862,341.73,0.42,0.38,2025-05-17,0807,N21,VIIRS,l,2.0NRT,314.34,6.93,D
30.54973,75.66296,340.35,0.4,0.37,2025-05-17,0807,N21,VIIRS,l,2.0NRT,314.03,8.39,D
30.53592,75.56319,344.04,0.4,0.37,2025-05-17,0807,N21,VIIRS,n,2.0NRT,309.04,16.13,D
30.65501,76.41799,342.39,0.42,0.38,2025-05-17,0807,N21,VIIRS,l,2.0NRT,313.91,8.14,D
30.59165,75.94395,353.31,0.41,0.37,2025-05-17,0807,N21,VIIRS,n,2.0NRT,319.22,12.83,D
30.65322,76.35113,340.84,0.42,0.38,2025-05-17,0807,N21,VIIRS,l,2.0NRT,314,17.04,D
30.61744,76.08326,338.88,0.41,0.37,2025-05-17,0807,N21,VIIRS,l,2.0NRT,312.87,6.18,D
30.57768,75.79078,340.74,0.41,0.37,2025-05-17,0807,N21,VIIRS,l,2.0NRT,314.92,5.28,D
30.52405,75.40443,345.81,0.4,0.37,2025-05-17,0807,N21,VIIRS,n,2.0NRT,315.46,10.19,D
30.61797,76.06126,345.3,0.41,0.37,2025-05-17,0807,N21,VIIRS,n,2.0NRT,315.39,7.4,D
30.5602,75.61402,349.12,0.4,0.37,2025-05-17,0807,N21,VIIRS,n,2.0NRT,311.49,9.63,D
30.54816,75.42944,338.19,0.4,0.37,2025-05-17,0807,N21,VIIRS,l,2.0NRT,312.49,8.38,D
30.62506,75.95953,339.19,0.41,0.37,2025-05-17,0807,N21,VIIRS,l,2.0NRT,314.15,5.89,D
30.5799,75.63168,341.25,0.4,0.37,2025-05-17,0807,N21,VIIRS,l,2.0NRT,314.19,9.16,D
30.58847,75.66854,337.21,0.4,0.37,2025-05-17,0807,N21,VIIRS,l,2.0NRT,312.19,7,D
30.58326,75.63105,340.26,0.4,0.37,2025-05-17,0807,N21,VIIRS,l,2.0NRT,312.4,9.11,D
30.68416,76.34554,342.54,0.42,0.38,2025-05-17,0807,N21,VIIRS,l,2.0NRT,316.8,8.06,D
30.57676,75.55978,339.54,0.4,0.37,2025-05-17,0807,N21,VIIRS,l,2.0NRT,313.37,7.36,D
30.69512,76.37489,344.19,0.42,0.38,2025-05-17,0807,N21,VIIRS,l,2.0NRT,315.74,9.41,D
30.68636,76.30946,342.29,0.42,0.38,2025-05-17,0807,N21,VIIRS,l,2.0NRT,316.75,27.18,D
30.58799,75.56618,344.75,0.4,0.37,2025-05-17,0807,N21,VIIRS,l,2.0NRT,316.23,10.23,D
30.5816,75.5206,343.28,0.4,0.37,2025-05-17,0807,N21,VIIRS,n,2.0NRT,311,8.73,D
30.61669,75.69756,340.95,0.4,0.37,2025-05-17,0807,N21,VIIRS,l,2.0NRT,314.34,7.04,D
30.59981,75.57674,341.24,0.4,0.37,2025-05-17,0807,N21,VIIRS,l,2.0NRT,315.03,9.35,D
30.5771,75.41549,346.8,0.4,0.37,2025-05-17,0807,N21,VIIRS,n,2.0NRT,314.43,15.09,D
30.63799,75.80112,350.47,0.41,0.37,2025-05-17,0807,N21,VIIRS,n,2.0NRT,316.24,12.96,D
30.62575,75.71304,348.43,0.4,0.37,2025-05-17,0807,N21,VIIRS,n,2.0NRT,316.56,14.48,D
30.58088,75.39365,342.15,0.4,0.37,2025-05-17,0807,N21,VIIRS,l,2.0NRT,314.55,7.43,D
30.5803,75.38954,350.85,0.4,0.37,2025-05-17,0807,N21,VIIRS,n,2.0NRT,315.7,7.43,D
30.67514,76.02015,338.76,0.41,0.37,2025-05-17,0807,N21,VIIRS,l,2.0NRT,312.95,8.46,D
30.63191,75.7076,346.07,0.4,0.37,2025-05-17,0807,N21,VIIRS,n,2.0NRT,315.12,10.07,D
30.61674,75.59916,342.29,0.4,0.37,2025-05-17,0807,N21,VIIRS,l,2.0NRT,314.82,7.52,D
30.59324,75.40822,339.57,0.4,0.37,2025-05-17,0807,N21,VIIRS,l,2.0NRT,312.82,6.86,D
30.64858,75.7776,346.65,0.41,0.37,2025-05-17,0807,N21,VIIRS,n,2.0NRT,315.17,10.99,D
30.59935,75.40283,340.04,0.4,0.37,2025-05-17,0807,N21,VIIRS,l,2.0NRT,313.19,8.68,D
30.64363,75.69253,345.74,0.4,0.37,2025-05-17,0807,N21,VIIRS,n,2.0NRT,315.65,8.82,D
30.61614,75.49711,344.89,0.4,0.37,2025-05-17,0807,N21,VIIRS,n,2.0NRT,314.15,10.07,D
30.61949,75.49648,344.67,0.4,0.37,2025-05-17,0807,N21,VIIRS,l,2.0NRT,317.39,10.76,D
30.64158,75.62868,340.56,0.4,0.37,2025-05-17,0807,N21,VIIRS,l,2.0NRT,314.5,6.59,D
30.6432,75.62923,339.95,0.4,0.37,2025-05-17,0807,N21,VIIRS,l,2.0NRT,314.73,6.63,D
30.63573,75.5751,345.94,0.4,0.37,2025-05-17,0807,N21,VIIRS,l,2.0NRT,318.04,20.34,D
30.63678,75.55785,339.83,0.4,0.37,2025-05-17,0807,N21,VIIRS,l,2.0NRT,312.27,5.3,D
30.64014,75.55721,343.98,0.4,0.37,2025-05-17,0807,N21,VIIRS,l,2.0NRT,314.73,5.03,D
30.70335,75.99416,349.86,0.41,0.37,2025-05-17,0807,N21,VIIRS,n,2.0NRT,319.34,8.04,D
30.69414,75.92608,338.69,0.41,0.37,2025-05-17,0807,N21,VIIRS,l,2.0NRT,313.3,5.11,D
30.6435,75.55658,344.82,0.4,0.37,2025-05-17,0807,N21,VIIRS,n,2.0NRT,314.72,5.03,D
30.68544,75.83652,343.09,0.41,0.37,2025-05-17,0807,N21,VIIRS,l,2.0NRT,314.69,4.92,D
30.68883,75.83589,343.28,0.41,0.37,2025-05-17,0807,N21,VIIRS,l,2.0NRT,315.17,4.92,D
30.65876,75.59211,339.31,0.4,0.37,2025-05-17,0807,N21,VIIRS,l,2.0NRT,313.55,8.22,D
30.69617,75.83886,339.27,0.41,0.37,2025-05-17,0807,N21,VIIRS,l,2.0NRT,313.75,6.88,D
30.6702,75.64986,338.65,0.4,0.37,2025-05-17,0807,N21,VIIRS,l,2.0NRT,312.04,6.79,D
30.71457,75.94846,342.68,0.41,0.37,2025-05-17,0807,N21,VIIRS,l,2.0NRT,316.65,7.53,D
30.6984,75.82979,339.57,0.41,0.37,2025-05-17,0807,N21,VIIRS,l,2.0NRT,313.95,7.95,D
30.65566,75.52022,348.33,0.4,0.37,2025-05-17,0807,N21,VIIRS,n,2.0NRT,314.7,11.44,D
30.77353,76.36209,339.14,0.42,0.38,2025-05-17,0807,N21,VIIRS,l,2.0NRT,313.55,45.65,D
30.69195,75.75754,339.74,0.41,0.37,2025-05-17,0807,N21,VIIRS,l,2.0NRT,314.6,5.47,D
30.65555,75.49472,346.95,0.4,0.37,2025-05-17,0807,N21,VIIRS,l,2.0NRT,318.43,13.06,D
30.77755,76.36585,343.57,0.42,0.38,2025-05-17,0807,N21,VIIRS,l,2.0NRT,315.06,10.16,D
30.7474,76.13988,340.63,0.42,0.37,2025-05-17,0807,N21,VIIRS,l,2.0NRT,312.66,5.86,D
30.70053,75.79478,349.32,0.41,0.37,2025-05-17,0807,N21,VIIRS,n,2.0NRT,314.26,12.28,D
30.67209,75.564,347.04,0.4,0.37,2025-05-17,0807,N21,VIIRS,n,2.0NRT,313.95,11.86,D
30.67545,75.56336,344.96,0.4,0.37,2025-05-17,0807,N21,VIIRS,l,2.0NRT,316.07,22.58,D
30.68448,75.57874,344.53,0.4,0.37,2025-05-17,0807,N21,VIIRS,l,2.0NRT,315.29,7.44,D
30.76673,76.12752,347.84,0.41,0.37,2025-05-17,0807,N21,VIIRS,n,2.0NRT,315.53,7.97,D
30.70083,75.59703,367,0.4,0.37,2025-05-17,0807,N21,VIIRS,h,2.0NRT,317.3,14.77,D
30.73222,75.82352,342.03,0.41,0.37,2025-05-17,0807,N21,VIIRS,l,2.0NRT,316.54,14.37,D
30.67467,75.41048,349.48,0.4,0.37,2025-05-17,0807,N21,VIIRS,n,2.0NRT,316.59,8.98,D
30.67409,75.40636,349.48,0.4,0.37,2025-05-17,0807,N21,VIIRS,n,2.0NRT,315.92,8.98,D
30.67452,75.38511,351.81,0.4,0.37,2025-05-17,0807,N21,VIIRS,n,2.0NRT,318,14.97,D
30.71382,75.61599,337.95,0.4,0.37,2025-05-17,0807,N21,VIIRS,l,2.0NRT,311.25,5.95,D
30.77319,76.02075,348.74,0.41,0.37,2025-05-17,0807,N21,VIIRS,n,2.0NRT,318.1,13.97,D
30.81164,76.2524,339.94,0.42,0.38,2025-05-17,0807,N21,VIIRS,l,2.0NRT,312.54,4.25,D
30.76362,75.9002,345.39,0.41,0.37,2025-05-17,0807,N21,VIIRS,l,2.0NRT,316.5,4.44,D
30.69824,75.43146,348.64,0.4,0.37,2025-05-17,0807,N21,VIIRS,n,2.0NRT,317.17,16.32,D
30.79442,76.07398,344.97,0.41,0.37,2025-05-17,0807,N21,VIIRS,l,2.0NRT,315.36,10.84,D
30.72305,75.55868,349.61,0.4,0.37,2025-05-17,0807,N21,VIIRS,n,2.0NRT,319.04,12.72,D
30.87731,76.38049,338.44,0.42,0.38,2025-05-17,0807,N21,VIIRS,l,2.0NRT,313.38,4.52,D
30.78662,75.5816,349.2,0.4,0.37,2025-05-17,0807,N21,VIIRS,n,2.0NRT,316,9.95,D
30.86975,76.06115,342.29,0.41,0.37,2025-05-17,0807,N21,VIIRS,l,2.0NRT,313.92,6.93,D
30.82494,75.73354,344.24,0.41,0.37,2025-05-17,0807,N21,VIIRS,l,2.0NRT,317.85,12.07,D
30.81389,75.65371,347.96,0.4,0.37,2025-05-17,0807,N21,VIIRS,n,2.0NRT,314.91,15.14,D
30.84871,75.75506,337.89,0.41,0.37,2025-05-17,0807,N21,VIIRS,l,2.0NRT,312.61,7.02,D
30.82858,75.56087,342.76,0.4,0.37,2025-05-17,0807,N21,VIIRS,l,2.0NRT,315.44,6.16,D
30.91571,76.16782,341.61,0.42,0.37,2025-05-17,0807,N21,VIIRS,n,2.0NRT,309.98,5.44,D
30.80621,75.37762,340.33,0.4,0.37,2025-05-17,0807,N21,VIIRS,l,2.0NRT,314.99,8.14,D
30.91914,76.16721,343.16,0.42,0.37,2025-05-17,0807,N21,VIIRS,l,2.0NRT,314.36,5.44,D
30.84583,75.63483,347.33,0.4,0.37,2025-05-17,0807,N21,VIIRS,n,2.0NRT,315.65,15.95,D
30.81541,75.41834,349.4,0.4,0.37,2025-05-17,0807,N21,VIIRS,n,2.0NRT,315.41,10.82,D
30.89668,75.97707,343.1,0.41,0.37,2025-05-17,0807,N21,VIIRS,l,2.0NRT,314.89,9.16,D
30.85329,75.66354,340.68,0.4,0.37,2025-05-17,0807,N21,VIIRS,l,2.0NRT,315.23,15.03,D
30.87335,75.67426,342.63,0.4,0.37,2025-05-17,0807,N21,VIIRS,l,2.0NRT,312.67,9.82,D
30.84396,75.46116,341.62,0.4,0.37,2025-05-17,0807,N21,VIIRS,l,2.0NRT,316.05,7.44,D
30.84338,75.45701,339.67,0.4,0.37,2025-05-17,0807,N21,VIIRS,l,2.0NRT,313.22,6.14,D
30.95051,76.2213,339.82,0.42,0.38,2025-05-17,0807,N21,VIIRS,l,2.0NRT,311.6,5.28,D
30.84027,75.38526,347.25,0.4,0.37,2025-05-17,0807,N21,VIIRS,n,2.0NRT,317.7,8.27,D
30.96708,76.21383,341.65,0.42,0.38,2025-05-17,0807,N21,VIIRS,l,2.0NRT,312.43,4.69,D
30.97109,76.21756,338.25,0.42,0.38,2025-05-17,0807,N21,VIIRS,l,2.0NRT,312.53,4.69,D
30.94327,76.00981,349.04,0.41,0.37,2025-05-17,0807,N21,VIIRS,n,2.0NRT,317,14.08,D
30.93342,75.93694,342.96,0.41,0.37,2025-05-17,0807,N21,VIIRS,n,2.0NRT,310.41,6.74,D
30.86454,75.43596,343.28,0.4,0.37,2025-05-17,0807,N21,VIIRS,l,2.0NRT,314.66,6.85,D
30.8628,75.42351,338.96,0.4,0.37,2025-05-17,0807,N21,VIIRS,l,2.0NRT,313.74,5.21,D
30.95479,76.06947,346.97,0.41,0.37,2025-05-17,0807,N21,VIIRS,n,2.0NRT,314.71,10.89,D
30.89269,75.58887,344.51,0.4,0.37,2025-05-17,0807,N21,VIIRS,n,2.0NRT,316.38,7.65,D
30.97383,76.15913,337.77,0.42,0.37,2025-05-17,0807,N21,VIIRS,l,2.0NRT,312.75,11.33,D
30.95523,76.02083,343.81,0.41,0.37,2025-05-17,0807,N21,VIIRS,l,2.0NRT,314.94,9.47,D
30.90707,75.66795,340.43,0.4,0.37,2025-05-17,0807,N21,VIIRS,l,2.0NRT,311.29,7.04,D
30.89316,75.56734,341.78,0.4,0.37,2025-05-17,0807,N21,VIIRS,l,2.0NRT,313.64,7.19,D
30.89536,75.55834,340.21,0.4,0.37,2025-05-17,0807,N21,VIIRS,l,2.0NRT,315.2,4.98,D
30.95158,75.94236,339.19,0.41,0.37,2025-05-17,0807,N21,VIIRS,l,2.0NRT,314.14,5.37,D
30.96877,75.99192,338.95,0.41,0.37,2025-05-17,0807,N21,VIIRS,l,2.0NRT,312.02,7.72,D
31.0008,76.20323,338.9,0.42,0.38,2025-05-17,0807,N21,VIIRS,l,2.0NRT,313.53,5.61,D
30.88713,75.37637,348.26,0.4,0.37,2025-05-17,0807,N21,VIIRS,n,2.0NRT,316.4,18.08,D
30.94351,75.75633,344.93,0.41,0.37,2025-05-17,0807,N21,VIIRS,l,2.0NRT,317.95,16.14,D
31.00522,76.15785,340.15,0.42,0.37,2025-05-17,0807,N21,VIIRS,n,2.0NRT,309.19,6.28,D
31.00171,76.13181,338.99,0.42,0.37,2025-05-17,0807,N21,VIIRS,l,2.0NRT,312.13,6.53,D
30.94956,75.72486,339.88,0.41,0.37,2025-05-17,0807,N21,VIIRS,l,2.0NRT,314.75,7.32,D
31.01961,76.18643,339.31,0.42,0.38,2025-05-17,0807,N21,VIIRS,l,2.0NRT,313.36,6.15,D
30.98417,75.87505,344.83,0.41,0.37,2025-05-17,0807,N21,VIIRS,l,2.0NRT,315.68,10.39,D
30.95473,75.63747,345.08,0.4,0.37,2025-05-17,0807,N21,VIIRS,l,2.0NRT,315.47,10.51,D
30.9581,75.63685,349.3,0.4,0.37,2025-05-17,0807,N21,VIIRS,n,2.0NRT,315.79,12.25,D
30.9206,75.37,342.21,0.4,0.37,2025-05-17,0807,N21,VIIRS,l,2.0NRT,314.6,10.83,D
30.95018,75.5309,343.98,0.4,0.37,2025-05-17,0807,N21,VIIRS,l,2.0NRT,316.44,16.48,D
30.95301,75.51393,345.27,0.4,0.37,2025-05-17,0807,N21,VIIRS,l,2.0NRT,316.87,9.24,D
30.95637,75.51329,346.33,0.4,0.37,2025-05-17,0807,N21,VIIRS,l,2.0NRT,317.68,9.24,D
30.94761,75.42516,345.32,0.4,0.37,2025-05-17,0807,N21,VIIRS,l,2.0NRT,315.72,10.26,D
31.05886,76.2206,341.79,0.42,0.38,2025-05-17,0807,N21,VIIRS,l,2.0NRT,312.2,11.47,D
31.02879,75.96864,353.09,0.41,0.37,2025-05-17,0807,N21,VIIRS,n,2.0NRT,317.91,15.73,D
31.02821,75.96434,341.12,0.41,0.37,2025-05-17,0807,N21,VIIRS,l,2.0NRT,313.68,15.73,D
30.98772,75.64071,340.77,0.4,0.37,2025-05-17,0807,N21,VIIRS,l,2.0NRT,315.07,8.2,D
31.0356,75.96738,339.93,0.41,0.37,2025-05-17,0807,N21,VIIRS,l,2.0NRT,314.81,5.24,D
31.03502,75.96309,350.13,0.41,0.37,2025-05-17,0807,N21,VIIRS,n,2.0NRT,315.06,5.24,D
31.03444,75.95879,339.79,0.41,0.37,2025-05-17,0807,N21,VIIRS,l,2.0NRT,314.5,7.44,D
31.03842,75.96246,340.08,0.41,0.37,2025-05-17,0807,N21,VIIRS,l,2.0NRT,314.52,5.24,D
31.07776,76.23061,339.25,0.42,0.38,2025-05-17,0807,N21,VIIRS,l,2.0NRT,310.38,6.96,D
31.01693,75.77826,343.39,0.41,0.37,2025-05-17,0807,N21,VIIRS,n,2.0NRT,311.92,7.28,D
31.0071,75.70628,349.63,0.41,0.37,2025-05-17,0807,N21,VIIRS,n,2.0NRT,315.68,13.14,D
31.01743,75.75643,340.43,0.41,0.37,2025-05-17,0807,N21,VIIRS,l,2.0NRT,314.67,10.08,D
31.01048,75.70564,348.92,0.41,0.37,2025-05-17,0807,N21,VIIRS,n,2.0NRT,316.91,13.14,D
30.96921,75.38269,340.36,0.4,0.37,2025-05-17,0807,N21,VIIRS,l,2.0NRT,315.03,7.41,D
31.02202,75.63858,349.17,0.4,0.37,2025-05-17,0807,N21,VIIRS,n,2.0NRT,316.51,12.03,D
31.0446,75.77744,341.47,0.41,0.37,2025-05-17,0807,N21,VIIRS,l,2.0NRT,313.2,8.67,D
31.02539,75.63795,346.17,0.4,0.37,2025-05-17,0807,N21,VIIRS,n,2.0NRT,314.46,13.03,D
30.99746,75.43706,352.26,0.4,0.37,2025-05-17,0807,N21,VIIRS,n,2.0NRT,316.08,9.13,D
31.1116,76.24689,340.75,0.42,0.38,2025-05-17,0807,N21,VIIRS,n,2.0NRT,311.05,4.61,D
31.06897,75.9304,347.34,0.41,0.37,2025-05-17,0807,N21,VIIRS,n,2.0NRT,317.78,29.09,D
31.06605,75.90897,340.55,0.41,0.37,2025-05-17,0807,N21,VIIRS,l,2.0NRT,313.64,6.92,D
31.06547,75.90469,342.89,0.41,0.37,2025-05-17,0807,N21,VIIRS,l,2.0NRT,316.58,6.92,D
31.05381,75.81934,345.44,0.41,0.37,2025-05-17,0807,N21,VIIRS,l,2.0NRT,315.69,12.06,D
31.08619,75.98007,339.4,0.41,0.37,2025-05-17,0807,N21,VIIRS,l,2.0NRT,312.2,8.15,D
31.11596,76.17442,334.33,0.42,0.38,2025-05-17,0807,N21,VIIRS,l,2.0NRT,308.95,2.76,D
31.05043,75.69382,345.93,0.41,0.37,2025-05-17,0807,N21,VIIRS,l,2.0NRT,317.62,10.9,D
31.12115,76.18689,344.01,0.42,0.38,2025-05-17,0807,N21,VIIRS,n,2.0NRT,312.48,5.36,D
31.06023,75.73973,341.22,0.41,0.37,2025-05-17,0807,N21,VIIRS,l,2.0NRT,315.04,9.77,D
31.02693,75.49996,342.67,0.4,0.37,2025-05-17,0807,N21,VIIRS,l,2.0NRT,314.97,9.63,D
31.12753,76.20812,340.67,0.42,0.38,2025-05-17,0807,N21,VIIRS,l,2.0NRT,313.61,9.31,D
31.06569,75.70397,342.96,0.41,0.37,2025-05-17,0807,N21,VIIRS,l,2.0NRT,315.22,11.79,D
31.07494,75.74567,348.71,0.41,0.37,2025-05-17,0807,N21,VIIRS,n,2.0NRT,316,15.96,D
31.10592,75.94559,339.09,0.41,0.37,2025-05-17,0807,N21,VIIRS,l,2.0NRT,312.75,1.8,D
31.06835,75.67313,342.89,0.41,0.37,2025-05-17,0807,N21,VIIRS,l,2.0NRT,314.4,7.38,D
31.06776,75.66892,345.33,0.41,0.37,2025-05-17,0807,N21,VIIRS,l,2.0NRT,316,7.38,D
31.06249,75.63099,347.35,0.4,0.37,2025-05-17,0807,N21,VIIRS,n,2.0NRT,316.38,14.27,D
31.04959,75.53861,344.12,0.4,0.37,2025-05-17,0807,N21,VIIRS,n,2.0NRT,312.37,11.28,D
31.14469,76.20499,342.29,0.42,0.38,2025-05-17,0807,N21,VIIRS,l,2.0NRT,313.98,8.57,D
31.1441,76.20062,340.43,0.42,0.38,2025-05-17,0807,N21,VIIRS,l,2.0NRT,312.68,8.57,D
31.07173,75.67251,340.63,0.41,0.37,2025-05-17,0807,N21,VIIRS,l,2.0NRT,314.77,4.67,D
31.07114,75.66829,341.28,0.41,0.37,2025-05-17,0807,N21,VIIRS,l,2.0NRT,314.79,4.67,D
31.06586,75.63036,349.46,0.4,0.37,2025-05-17,0807,N21,VIIRS,n,2.0NRT,317.87,12.07,D
31.11083,75.9051,343.8,0.41,0.37,2025-05-17,0807,N21,VIIRS,l,2.0NRT,316.3,10.18,D
31.14003,76.06885,344.03,0.42,0.37,2025-05-17,0807,N21,VIIRS,n,2.0NRT,311.68,8.42,D
31.14229,76.05956,337.44,0.42,0.37,2025-05-17,0807,N21,VIIRS,l,2.0NRT,308.63,4.16,D
31.13306,75.99036,342.6,0.41,0.37,2025-05-17,0807,N21,VIIRS,l,2.0NRT,315.97,5.88,D
31.13249,75.98604,339.33,0.41,0.37,2025-05-17,0807,N21,VIIRS,l,2.0NRT,313.43,8.7,D
31.11403,75.84866,341.8,0.41,0.37,2025-05-17,0807,N21,VIIRS,l,2.0NRT,316.19,8.87,D
31.13647,75.98973,340.89,0.41,0.37,2025-05-17,0807,N21,VIIRS,l,2.0NRT,314.41,5.88,D
31.09714,75.67313,342.32,0.41,0.37,2025-05-17,0807,N21,VIIRS,l,2.0NRT,314.13,2.57,D
31.14902,76.00512,338.76,0.41,0.37,2025-05-17,0807,N21,VIIRS,l,2.0NRT,311.97,4.65,D
31.06512,75.39096,342.61,0.4,0.37,2025-05-17,0807,N21,VIIRS,l,2.0NRT,314.36,6.02,D
31.16692,76.1129,339.17,0.42,0.37,2025-05-17,0807,N21,VIIRS,l,2.0NRT,312.73,4.54,D
31.13671,75.86198,339.87,0.41,0.37,2025-05-17,0807,N21,VIIRS,l,2.0NRT,312.39,4.16,D
31.07183,75.38969,349.75,0.4,0.37,2025-05-17,0807,N21,VIIRS,n,2.0NRT,317.62,7.33,D
31.07125,75.38553,340.79,0.4,0.37,2025-05-17,0807,N21,VIIRS,l,2.0NRT,314.13,7.33,D
31.16215,76.02485,336.61,0.41,0.37,2025-05-17,0807,N21,VIIRS,l,2.0NRT,310.57,5.14,D
31.07518,75.38905,338.02,0.4,0.37,2025-05-17,0807,N21,VIIRS,l,2.0NRT,313.01,7.33,D
31.17893,76.12408,339.65,0.42,0.38,2025-05-17,0807,N21,VIIRS,l,2.0NRT,313.43,5.27,D
31.13133,75.77112,338.22,0.41,0.37,2025-05-17,0807,N21,VIIRS,l,2.0NRT,312.11,3.01,D
31.13074,75.76687,353.25,0.41,0.37,2025-05-17,0807,N21,VIIRS,n,2.0NRT,314.93,9.08,D
31.07911,75.39256,348.25,0.4,0.37,2025-05-17,0807,N21,VIIRS,n,2.0NRT,314.16,9.83,D
31.12231,75.62944,338.88,0.4,0.37,2025-05-17,0807,N21,VIIRS,l,2.0NRT,311.53,3.95,D
31.16466,75.91393,348.14,0.41,0.37,2025-05-17,0807,N21,VIIRS,n,2.0NRT,314.74,8.23,D
31.13441,75.69221,352.23,0.41,0.37,2025-05-17,0807,N21,VIIRS,n,2.0NRT,316.47,6.23,D
31.16865,75.91761,341.09,0.41,0.37,2025-05-17,0807,N21,VIIRS,l,2.0NRT,313.68,8.23,D
31.1407,75.71275,340.7,0.41,0.37,2025-05-17,0807,N21,VIIRS,l,2.0NRT,314.55,7.05,D
31.13779,75.69157,342.4,0.41,0.37,2025-05-17,0807,N21,VIIRS,l,2.0NRT,315.3,6.23,D
31.1372,75.68734,345.74,0.41,0.37,2025-05-17,0807,N21,VIIRS,n,2.0NRT,314.8,5.71,D
31.16331,75.85266,339.98,0.41,0.37,2025-05-17,0807,N21,VIIRS,l,2.0NRT,313.76,5.2,D
31.14058,75.68671,340.04,0.41,0.37,2025-05-17,0807,N21,VIIRS,l,2.0NRT,313.83,6.65,D
31.12777,75.59383,349.53,0.4,0.37,2025-05-17,0807,N21,VIIRS,n,2.0NRT,316.39,11.06,D
31.17593,75.89425,339.05,0.41,0.37,2025-05-17,0807,N21,VIIRS,l,2.0NRT,312.98,5.05,D
31.20859,76.10974,333.49,0.42,0.37,2025-05-17,0807,N21,VIIRS,l,2.0NRT,307.85,2.4,D
31.15772,75.73569,341.77,0.41,0.37,2025-05-17,0807,N21,VIIRS,l,2.0NRT,314.48,5.8,D
31.2126,76.11347,339.43,0.42,0.37,2025-05-17,0807,N21,VIIRS,l,2.0NRT,311.01,7.5,D
31.21202,76.10912,345.16,0.42,0.37,2025-05-17,0807,N21,VIIRS,n,2.0NRT,311.58,7.5,D
31.14961,75.57677,344.89,0.4,0.37,2025-05-17,0807,N21,VIIRS,l,2.0NRT,318.26,24.08,D
31.13791,75.49284,344.65,0.4,0.37,2025-05-17,0807,N21,VIIRS,n,2.0NRT,315.93,7.2,D
31.23042,76.14149,339.34,0.42,0.38,2025-05-17,0807,N21,VIIRS,n,2.0NRT,308.89,3.39,D
31.19634,75.89049,348.75,0.41,0.37,2025-05-17,0807,N21,VIIRS,n,2.0NRT,314.03,9.66,D
31.18637,75.81772,344.91,0.41,0.37,2025-05-17,0807,N21,VIIRS,n,2.0NRT,314.7,5.46,D
31.23221,76.0253,338.53,0.42,0.37,2025-05-17,0807,N21,VIIRS,l,2.0NRT,310.43,4.41,D
31.16748,75.55614,341.52,0.4,0.37,2025-05-17,0807,N21,VIIRS,l,2.0NRT,315.15,9.03,D
31.22959,75.9549,340.42,0.41,0.37,2025-05-17,0807,N21,VIIRS,l,2.0NRT,313.79,5.43,D
31.21852,75.87039,337.33,0.41,0.37,2025-05-17,0807,N21,VIIRS,l,2.0NRT,312.17,4.34,D
31.21161,75.81898,339.24,0.41,0.37,2025-05-17,0807,N21,VIIRS,l,2.0NRT,312.87,4.85,D
31.16202,75.45527,336.87,0.4,0.37,2025-05-17,0807,N21,VIIRS,l,2.0NRT,310.03,8.69,D
31.21327,75.80552,339.57,0.41,0.37,2025-05-17,0807,N21,VIIRS,l,2.0NRT,312.23,3.85,D
31.18386,75.58904,339,0.4,0.37,2025-05-17,0807,N21,VIIRS,l,2.0NRT,312.45,6.64,D
31.18328,75.58482,340.63,0.4,0.37,2025-05-17,0807,N21,VIIRS,l,2.0NRT,313.17,9.63,D
31.24148,75.98979,343.04,0.41,0.37,2025-05-17,0807,N21,VIIRS,l,2.0NRT,313.76,17.93,D
31.21782,75.81343,341.36,0.41,0.37,2025-05-17,0807,N21,VIIRS,l,2.0NRT,315.33,6.2,D
31.21139,75.74027,347.93,0.41,0.37,2025-05-17,0807,N21,VIIRS,n,2.0NRT,312.24,6.58,D
31.19118,75.59199,348.96,0.4,0.37,2025-05-17,0807,N21,VIIRS,n,2.0NRT,313.41,12.1,D
31.1906,75.58776,349.27,0.4,0.37,2025-05-17,0807,N21,VIIRS,n,2.0NRT,315.79,12.1,D
31.18944,75.57933,341.78,0.4,0.37,2025-05-17,0807,N21,VIIRS,l,2.0NRT,314.11,11.74,D
31.21189,75.71837,343.56,0.41,0.37,2025-05-17,0807,N21,VIIRS,n,2.0NRT,312.58,6.2,D
31.19455,75.59135,339.45,0.4,0.37,2025-05-17,0807,N21,VIIRS,l,2.0NRT,314.42,9.77,D
31.19339,75.58292,342.2,0.4,0.37,2025-05-17,0807,N21,VIIRS,l,2.0NRT,314.31,7.23,D
31.24131,75.91022,347.18,0.41,0.37,2025-05-17,0807,N21,VIIRS,n,2.0NRT,313.77,13.33,D
31.21643,75.72624,344.12,0.41,0.37,2025-05-17,0807,N21,VIIRS,n,2.0NRT,314.06,5.45,D
31.19908,75.59917,341.42,0.4,0.37,2025-05-17,0807,N21,VIIRS,l,2.0NRT,314.65,8.04,D
31.21393,75.65707,342.5,0.41,0.37,2025-05-17,0807,N21,VIIRS,l,2.0NRT,315.25,7.05,D
31.19749,75.48724,344.01,0.4,0.37,2025-05-17,0807,N21,VIIRS,n,2.0NRT,309.56,4.37,D
31.28201,76.03116,338.13,0.42,0.37,2025-05-17,0807,N21,VIIRS,l,2.0NRT,308.99,2.42,D
31.2535,75.81997,343.24,0.41,0.37,2025-05-17,0807,N21,VIIRS,l,2.0NRT,313.94,7,D
31.22095,75.58207,341.03,0.4,0.37,2025-05-17,0807,N21,VIIRS,l,2.0NRT,314.63,6.4,D
31.26262,75.83583,339.57,0.41,0.37,2025-05-17,0807,N21,VIIRS,l,2.0NRT,312.99,5.03,D
31.30046,75.93462,340.82,0.41,0.37,2025-05-17,0807,N21,VIIRS,l,2.0NRT,312.26,5.11,D
31.26943,75.70763,340.29,0.41,0.37,2025-05-17,0807,N21,VIIRS,l,2.0NRT,313.42,10.4,D
31.30387,75.93398,342.38,0.41,0.37,2025-05-17,0807,N21,VIIRS,l,2.0NRT,312.81,5.82,D
31.27222,75.70274,347.63,0.41,0.37,2025-05-17,0807,N21,VIIRS,n,2.0NRT,315.2,7.99,D
31.27164,75.69849,342.41,0.41,0.37,2025-05-17,0807,N21,VIIRS,l,2.0NRT,315.79,5.56,D
31.29248,75.79956,341.59,0.41,0.37,2025-05-17,0807,N21,VIIRS,l,2.0NRT,313.05,3.54,D
31.29588,75.79894,338.09,0.41,0.37,2025-05-17,0807,N21,VIIRS,l,2.0NRT,312.41,3.54,D
31.30515,75.84113,339.96,0.41,0.37,2025-05-17,0807,N21,VIIRS,l,2.0NRT,313.68,6.39,D
31.28388,75.52777,337.62,0.4,0.37,2025-05-17,0807,N21,VIIRS,l,2.0NRT,312.15,4.95,D
31.29004,75.52229,343.41,0.4,0.37,2025-05-17,0807,N21,VIIRS,n,2.0NRT,310.22,6.52,D
30.45539,75.97517,342.07,0.41,0.37,2025-05-17,0807,N21,VIIRS,l,2.0NRT,314.75,11.6,D
30.45677,76.03573,341.74,0.41,0.37,2025-05-17,0807,N21,VIIRS,l,2.0NRT,316.06,16.73,D
30.4733,76.2078,344.08,0.42,0.37,2025-05-17,0807,N21,VIIRS,n,2.0NRT,313.7,10.53,D
30.49267,76.37698,349.84,0.42,0.38,2025-05-17,0807,N21,VIIRS,n,2.0NRT,312.51,10.38,D
30.4242,75.95057,347.29,0.41,0.37,2025-05-17,0807,N21,VIIRS,n,2.0NRT,317.15,13.86,D
30.42925,76.11494,340.63,0.41,0.37,2025-05-17,0807,N21,VIIRS,l,2.0NRT,314.22,10.44,D
30.83315,75.76767,307.53,0.42,0.38,2025-05-17,2032,N21,VIIRS,n,2.0NRT,297.26,0.64,N
30.95588,75.50071,311.36,0.43,0.38,2025-05-17,2032,N21,VIIRS,n,2.0NRT,297.52,1.07,N
31.092,75.79721,309.62,0.42,0.38,2025-05-17,2032,N21,VIIRS,n,2.0NRT,296.85,0.92,N
31.1496,75.93732,320.6,0.42,0.38,2025-05-17,2032,N21,VIIRS,n,2.0NRT,296.66,2.02,N
31.11604,76.20686,315.89,0.41,0.37,2025-05-17,2032,N21,VIIRS,n,2.0NRT,294.99,1.63,N
30.46503,76.24266,336.26,0.42,0.38,2025-05-18,0750,N21,VIIRS,l,2.0NRT,309.79,5.52,D
30.64495,75.66935,347.82,0.44,0.38,2025-05-18,0750,N21,VIIRS,l,2.0NRT,315.33,10.12,D
30.45948,76.33304,343.55,0.42,0.37,2025-05-18,0750,N21,VIIRS,l,2.0NRT,312.72,5.2,D
30.46287,76.33227,348.31,0.42,0.37,2025-05-18,0750,N21,VIIRS,n,2.0NRT,311.73,5.2,D
30.74685,76.23798,343.14,0.42,0.37,2025-05-18,0750,N21,VIIRS,n,2.0NRT,310.31,4.14,D
30.703,75.98246,351.7,0.42,0.38,2025-05-18,0750,N21,VIIRS,l,2.0NRT,320.16,35.85,D
30.64919,75.67301,346.49,0.44,0.38,2025-05-18,0750,N21,VIIRS,l,2.0NRT,312.77,42.1,D
30.61347,75.46999,343.22,0.44,0.39,2025-05-18,0750,N21,VIIRS,l,2.0NRT,315.36,9.92,D
30.76022,76.27502,337.81,0.42,0.37,2025-05-18,0750,N21,VIIRS,l,2.0NRT,310.33,3.88,D
30.73718,76.11927,336.93,0.42,0.38,2025-05-18,0750,N21,VIIRS,l,2.0NRT,311.65,4.28,D
30.67899,75.78197,340.64,0.43,0.38,2025-05-18,0750,N21,VIIRS,l,2.0NRT,314.21,5.43,D
30.63194,75.51294,345.93,0.44,0.38,2025-05-18,0750,N21,VIIRS,l,2.0NRT,315.33,9.52,D
30.72346,76.01859,348.3,0.42,0.38,2025-05-18,0750,N21,VIIRS,l,2.0NRT,314.42,12.62,D
30.72271,76.01424,337.43,0.42,0.38,2025-05-18,0750,N21,VIIRS,l,2.0NRT,310.14,8.19,D
30.72497,76.0106,336.57,0.42,0.38,2025-05-18,0750,N21,VIIRS,l,2.0NRT,310.03,5.41,D
30.72751,75.92362,344.3,0.43,0.38,2025-05-18,0750,N21,VIIRS,l,2.0NRT,315.11,7.06,D
30.68528,75.68481,346.2,0.43,0.38,2025-05-18,0750,N21,VIIRS,n,2.0NRT,313.19,11.27,D
30.66788,75.50622,341.4,0.44,0.38,2025-05-18,0750,N21,VIIRS,l,2.0NRT,313.44,7.44,D
30.66707,75.50169,339.5,0.44,0.38,2025-05-18,0750,N21,VIIRS,l,2.0NRT,312.07,7.1,D
30.70445,75.67102,340.98,0.43,0.38,2025-05-18,0750,N21,VIIRS,l,2.0NRT,315.18,10.26,D
30.67484,75.50457,344.45,0.44,0.38,2025-05-18,0750,N21,VIIRS,n,2.0NRT,313.37,7.63,D
30.67241,75.49097,341.56,0.44,0.38,2025-05-18,0750,N21,VIIRS,l,2.0NRT,315.17,8.35,D
30.75414,75.87173,334.73,0.43,0.38,2025-05-18,0750,N21,VIIRS,l,2.0NRT,309.62,3.65,D
30.76408,75.88772,346.06,0.43,0.38,2025-05-18,0750,N21,VIIRS,n,2.0NRT,312.06,7.03,D
30.73777,75.73746,337.7,0.43,0.38,2025-05-18,0750,N21,VIIRS,l,2.0NRT,312.65,6.2,D
30.71175,75.5899,349.73,0.44,0.38,2025-05-18,0750,N21,VIIRS,n,2.0NRT,319.47,26.35,D
30.75443,75.812,342.16,0.43,0.38,2025-05-18,0750,N21,VIIRS,l,2.0NRT,312.69,4.75,D
30.70109,75.48891,339.24,0.44,0.38,2025-05-18,0750,N21,VIIRS,l,2.0NRT,310.93,9.14,D
30.85572,76.31664,337.84,0.41,0.37,2025-05-18,0750,N21,VIIRS,l,2.0NRT,308.19,6.78,D
30.8714,76.38824,339.7,0.41,0.37,2025-05-18,0750,N21,VIIRS,l,2.0NRT,308.98,4.98,D
30.77241,75.81241,341.13,0.43,0.38,2025-05-18,0750,N21,VIIRS,l,2.0NRT,312.57,8.25,D
30.76933,75.79472,337.72,0.43,0.38,2025-05-18,0750,N21,VIIRS,l,2.0NRT,310.17,6.75,D
30.76926,75.75321,340.85,0.43,0.38,2025-05-18,0750,N21,VIIRS,l,2.0NRT,312.96,8.94,D
30.78541,75.80476,342.54,0.43,0.38,2025-05-18,0750,N21,VIIRS,l,2.0NRT,313.93,6.06,D
30.77186,75.7063,342.28,0.43,0.38,2025-05-18,0750,N21,VIIRS,l,2.0NRT,311.35,19.37,D
30.742,75.53581,340.93,0.44,0.38,2025-05-18,0750,N21,VIIRS,l,2.0NRT,313.99,10.38,D
30.74548,75.535,340.53,0.44,0.38,2025-05-18,0750,N21,VIIRS,l,2.0NRT,312.95,10.38,D
30.8536,76.13873,341.25,0.42,0.38,2025-05-18,0750,N21,VIIRS,n,2.0NRT,308.68,7.19,D
30.82273,75.93797,345.3,0.42,0.38,2025-05-18,0750,N21,VIIRS,l,2.0NRT,311.42,7.92,D
30.73088,75.41073,342.52,0.44,0.39,2025-05-18,0750,N21,VIIRS,l,2.0NRT,316.1,7.09,D
30.90501,76.41673,339.93,0.41,0.37,2025-05-18,0750,N21,VIIRS,l,2.0NRT,307.79,3.89,D
30.82201,75.93932,338.11,0.42,0.38,2025-05-18,0750,N21,VIIRS,l,2.0NRT,311.38,6.57,D
30.73153,75.41212,343.3,0.44,0.39,2025-05-18,0750,N21,VIIRS,l,2.0NRT,316.52,8.52,D
30.80717,75.81473,339.51,0.43,0.38,2025-05-18,0750,N21,VIIRS,l,2.0NRT,313.43,4.49,D
30.9063,76.30157,339.64,0.41,0.37,2025-05-18,0750,N21,VIIRS,l,2.0NRT,309.5,5.1,D
30.86236,76.04781,349.12,0.42,0.38,2025-05-18,0750,N21,VIIRS,l,2.0NRT,314.09,8.36,D
30.86577,76.04701,343.84,0.42,0.38,2025-05-18,0750,N21,VIIRS,l,2.0NRT,314.09,8.36,D
30.86501,76.04267,341.19,0.42,0.38,2025-05-18,0750,N21,VIIRS,l,2.0NRT,313.63,8.36,D
30.79822,75.6224,340.42,0.44,0.38,2025-05-18,0750,N21,VIIRS,l,2.0NRT,312.3,19.57,D
30.81277,75.68413,338.29,0.43,0.38,2025-05-18,0750,N21,VIIRS,l,2.0NRT,310.04,14.79,D
30.9496,76.41099,336.95,0.41,0.37,2025-05-18,0750,N21,VIIRS,l,2.0NRT,307.55,3.79,D
30.92706,76.27907,338.37,0.41,0.37,2025-05-18,0750,N21,VIIRS,l,2.0NRT,308.58,4.37,D
30.88703,76.00591,344.07,0.42,0.38,2025-05-18,0750,N21,VIIRS,l,2.0NRT,314.87,9.64,D
30.89045,76.00512,342.6,0.42,0.38,2025-05-18,0750,N21,VIIRS,l,2.0NRT,314.07,9.54,D
30.8169,75.58528,337.62,0.44,0.38,2025-05-18,0750,N21,VIIRS,l,2.0NRT,312.17,6.93,D
30.79203,75.44521,349.18,0.44,0.38,2025-05-18,0750,N21,VIIRS,n,2.0NRT,316.7,13.03,D
30.92445,76.18166,345.04,0.42,0.37,2025-05-18,0750,N21,VIIRS,n,2.0NRT,311.54,7.2,D
30.84945,75.74958,346.58,0.43,0.38,2025-05-18,0750,N21,VIIRS,l,2.0NRT,314.57,10.09,D
30.79228,75.42619,338.48,0.44,0.39,2025-05-18,0750,N21,VIIRS,l,2.0NRT,312.79,4.93,D
30.93051,76.17579,345.2,0.42,0.37,2025-05-18,0750,N21,VIIRS,l,2.0NRT,313.34,9.84,D
30.80087,75.43364,340.14,0.44,0.39,2025-05-18,0750,N21,VIIRS,l,2.0NRT,312.83,10.7,D
30.93656,76.16992,336,0.42,0.37,2025-05-18,0750,N21,VIIRS,l,2.0NRT,310.76,7.09,D
30.91727,76.05762,339.23,0.42,0.38,2025-05-18,0750,N21,VIIRS,l,2.0NRT,313.1,11.52,D
30.79731,75.3727,344.19,0.44,0.39,2025-05-18,0750,N21,VIIRS,l,2.0NRT,315.09,22.09,D
30.90869,75.9873,342.86,0.42,0.38,2025-05-18,0750,N21,VIIRS,n,2.0NRT,312.9,6.14,D
30.8008,75.37186,347.25,0.44,0.39,2025-05-18,0750,N21,VIIRS,l,2.0NRT,316.74,18.72,D
30.9665,76.28335,340.11,0.41,0.37,2025-05-18,0750,N21,VIIRS,l,2.0NRT,308.74,11.69,D
30.95922,76.24057,334.9,0.41,0.37,2025-05-18,0750,N21,VIIRS,l,2.0NRT,308.43,3.04,D
30.837,75.51482,335.97,0.44,0.38,2025-05-18,0750,N21,VIIRS,l,2.0NRT,308.85,4.61,D
30.9407,76.07021,349.13,0.42,0.38,2025-05-18,0750,N21,VIIRS,l,2.0NRT,311.58,18.98,D
30.85267,75.56277,339.7,0.44,0.38,2025-05-18,0750,N21,VIIRS,l,2.0NRT,310.89,5.3,D
30.8242,75.38058,342.56,0.44,0.39,2025-05-18,0750,N21,VIIRS,l,2.0NRT,316.92,11.2,D
31.00144,76.38594,340.14,0.41,0.37,2025-05-18,0750,N21,VIIRS,l,2.0NRT,307.02,6.39,D
30.97326,76.21954,339.7,0.42,0.37,2025-05-18,0750,N21,VIIRS,l,2.0NRT,308.32,5.48,D
30.96521,76.17226,342.04,0.42,0.37,2025-05-18,0750,N21,VIIRS,l,2.0NRT,313.31,9.83,D
30.93709,76.00786,339.93,0.42,0.38,2025-05-18,0750,N21,VIIRS,l,2.0NRT,311.45,8.64,D
30.96714,76.16287,344.1,0.42,0.37,2025-05-18,0750,N21,VIIRS,l,2.0NRT,312.61,24.27,D
30.94274,76.02011,339.31,0.42,0.38,2025-05-18,0750,N21,VIIRS,l,2.0NRT,311.05,3.78,D
30.84483,75.45634,341.45,0.44,0.38,2025-05-18,0750,N21,VIIRS,l,2.0NRT,314.45,7.67,D
30.97053,76.16209,349.32,0.42,0.37,2025-05-18,0750,N21,VIIRS,l,2.0NRT,321.48,24.27,D
30.97075,76.16279,348.51,0.42,0.37,2025-05-18,0750,N21,VIIRS,n,2.0NRT,315.4,35.51,D
30.95949,76.09814,346.38,0.42,0.38,2025-05-18,0750,N21,VIIRS,n,2.0NRT,313.45,16.49,D
30.84501,75.45272,341.65,0.44,0.38,2025-05-18,0750,N21,VIIRS,l,2.0NRT,313.08,5.52,D
30.99122,76.2606,338.38,0.41,0.37,2025-05-18,0750,N21,VIIRS,l,2.0NRT,308.68,6.17,D
30.95533,75.97276,343.53,0.42,0.38,2025-05-18,0750,N21,VIIRS,l,2.0NRT,309.36,7.69,D
30.95417,75.9458,336.46,0.42,0.38,2025-05-18,0750,N21,VIIRS,l,2.0NRT,310.57,3.7,D
30.98416,76.01585,337.98,0.42,0.38,2025-05-18,0750,N21,VIIRS,l,2.0NRT,311.41,4.56,D
30.96743,75.87896,340.32,0.43,0.38,2025-05-18,0750,N21,VIIRS,l,2.0NRT,312.61,7.79,D
30.99554,75.99964,337.64,0.42,0.38,2025-05-18,0750,N21,VIIRS,l,2.0NRT,310.73,4.7,D
30.93079,75.62948,339.58,0.43,0.38,2025-05-18,0750,N21,VIIRS,l,2.0NRT,312.77,6.55,D
30.94758,75.7044,339.84,0.43,0.38,2025-05-18,0750,N21,VIIRS,l,2.0NRT,314.66,9.02,D
30.94679,75.69996,344.31,0.43,0.38,2025-05-18,0750,N21,VIIRS,l,2.0NRT,314,10.38,D
30.95803,75.74352,340.42,0.43,0.38,2025-05-18,0750,N21,VIIRS,l,2.0NRT,312.84,6.71,D
30.95414,75.72135,342.83,0.43,0.38,2025-05-18,0750,N21,VIIRS,l,2.0NRT,313.65,6.28,D
30.95759,75.72054,347.3,0.43,0.38,2025-05-18,0750,N21,VIIRS,n,2.0NRT,312.55,8.81,D
30.96103,75.71973,347.3,0.43,0.38,2025-05-18,0750,N21,VIIRS,n,2.0NRT,313.72,8.81,D
30.90738,75.39528,343.24,0.44,0.39,2025-05-18,0750,N21,VIIRS,l,2.0NRT,315.86,9.94,D
31.02575,76.05133,337.93,0.42,0.38,2025-05-18,0750,N21,VIIRS,l,2.0NRT,308.92,2.92,D
30.95184,75.60586,338.95,0.43,0.38,2025-05-18,0750,N21,VIIRS,l,2.0NRT,313.71,8.53,D
31.03074,76.01859,343.25,0.42,0.38,2025-05-18,0750,N21,VIIRS,l,2.0NRT,313.95,12.88,D
30.96971,75.66676,337.3,0.43,0.38,2025-05-18,0750,N21,VIIRS,l,2.0NRT,311.63,12.06,D
31.08411,76.31035,340.56,0.41,0.37,2025-05-18,0750,N21,VIIRS,n,2.0NRT,308.4,16.58,D
31.05271,76.12599,339.92,0.42,0.37,2025-05-18,0750,N21,VIIRS,l,2.0NRT,309.02,5.13,D
31.03341,76.01346,346.4,0.42,0.38,2025-05-18,0750,N21,VIIRS,l,2.0NRT,312.34,12.88,D
31.02633,75.95172,340.36,0.42,0.38,2025-05-18,0750,N21,VIIRS,l,2.0NRT,312.73,7.64,D
30.95732,75.53439,344.29,0.44,0.38,2025-05-18,0750,N21,VIIRS,l,2.0NRT,314.62,12,D
30.95653,75.52989,349.05,0.44,0.38,2025-05-18,0750,N21,VIIRS,n,2.0NRT,316.08,9.49,D
30.95574,75.52538,350.62,0.44,0.38,2025-05-18,0750,N21,VIIRS,n,2.0NRT,314.24,9.49,D
31.08604,76.23886,334.13,0.41,0.37,2025-05-18,0750,N21,VIIRS,l,2.0NRT,307.82,4.11,D
31.07043,76.12639,336.76,0.42,0.37,2025-05-18,0750,N21,VIIRS,l,2.0NRT,308.7,2.54,D
31.00969,75.77284,344.67,0.43,0.38,2025-05-18,0750,N21,VIIRS,n,2.0NRT,311.53,10.1,D
30.94386,75.39606,339.24,0.44,0.38,2025-05-18,0750,N21,VIIRS,l,2.0NRT,312.63,8.14,D
30.95772,75.45428,345.59,0.44,0.38,2025-05-18,0750,N21,VIIRS,l,2.0NRT,315.88,44.05,D
30.95456,75.45236,346.66,0.44,0.38,2025-05-18,0750,N21,VIIRS,l,2.0NRT,320.58,48.68,D
30.94392,75.39337,345.55,0.44,0.38,2025-05-18,0750,N21,VIIRS,n,2.0NRT,311.98,6.67,D
31.07216,76.0962,340.16,0.42,0.37,2025-05-18,0750,N21,VIIRS,l,2.0NRT,311.32,9.35,D
31.09315,76.17638,340.02,0.42,0.37,2025-05-18,0750,N21,VIIRS,l,2.0NRT,308.56,4.83,D
30.96255,75.4363,344.22,0.44,0.38,2025-05-18,0750,N21,VIIRS,l,2.0NRT,314.19,16.18,D
31.06691,75.98475,337.83,0.42,0.38,2025-05-18,0750,N21,VIIRS,l,2.0NRT,309.36,5.06,D
31.00089,75.61019,347.57,0.43,0.38,2025-05-18,0750,N21,VIIRS,n,2.0NRT,312.91,17.46,D
31.0484,75.79774,352.27,0.43,0.38,2025-05-18,0750,N21,VIIRS,n,2.0NRT,315.13,12.86,D
31.05338,75.80573,341.24,0.43,0.38,2025-05-18,0750,N21,VIIRS,l,2.0NRT,313.88,5.2,D
31.05261,75.80133,343.81,0.43,0.38,2025-05-18,0750,N21,VIIRS,l,2.0NRT,314.42,5.2,D
31.05184,75.79693,343.89,0.43,0.38,2025-05-18,0750,N21,VIIRS,l,2.0NRT,312.79,6.86,D
31.03393,75.69522,339.05,0.43,0.38,2025-05-18,0750,N21,VIIRS,l,2.0NRT,313.78,9.87,D
31.09797,76.00014,338.62,0.42,0.38,2025-05-18,0750,N21,VIIRS,l,2.0NRT,309.21,44.13,D
31.09575,75.90546,346.21,0.42,0.38,2025-05-18,0750,N21,VIIRS,n,2.0NRT,313.17,8.44,D
31.06815,75.74718,342.18,0.43,0.38,2025-05-18,0750,N21,VIIRS,l,2.0NRT,314.56,8.66,D
31.15914,76.23251,340.87,0.41,0.37,2025-05-18,0750,N21,VIIRS,n,2.0NRT,309.23,5,D
31.11055,75.92928,339.73,0.42,0.38,2025-05-18,0750,N21,VIIRS,l,2.0NRT,311.16,4.16,D
31.07924,75.74918,337.19,0.43,0.38,2025-05-18,0750,N21,VIIRS,l,2.0NRT,310.83,4.85,D
31.08267,75.74837,346.26,0.43,0.38,2025-05-18,0750,N21,VIIRS,n,2.0NRT,312.17,4.85,D
31.13612,76.03639,338.84,0.42,0.38,2025-05-18,0750,N21,VIIRS,l,2.0NRT,309.22,5.18,D
31.0667,75.63653,339.56,0.43,0.38,2025-05-18,0750,N21,VIIRS,l,2.0NRT,311.91,5.42,D
31.03346,75.44775,342.84,0.44,0.38,2025-05-18,0750,N21,VIIRS,l,2.0NRT,314.47,19.15,D
31.04492,75.49215,344.91,0.44,0.38,2025-05-18,0750,N21,VIIRS,l,2.0NRT,315.01,9.43,D
31.11363,75.86483,339.08,0.42,0.38,2025-05-18,0750,N21,VIIRS,l,2.0NRT,311.65,6.44,D
31.08216,75.68386,343.3,0.43,0.38,2025-05-18,0750,N21,VIIRS,l,2.0NRT,313.54,4.54,D
31.08139,75.67943,340.04,0.43,0.38,2025-05-18,0750,N21,VIIRS,l,2.0NRT,312.86,5.45,D
31.16481,76.14197,341.38,0.42,0.37,2025-05-18,0750,N21,VIIRS,l,2.0NRT,309.11,3.91,D
31.08716,75.69194,343.92,0.43,0.38,2025-05-18,0750,N21,VIIRS,l,2.0NRT,311.96,15.87,D
31.08638,75.6875,336.53,0.43,0.38,2025-05-18,0750,N21,VIIRS,l,2.0NRT,311.19,4.54,D
31.16011,76.09377,332.18,0.42,0.37,2025-05-18,0750,N21,VIIRS,l,2.0NRT,306.76,1.61,D
31.0906,75.69112,344.63,0.43,0.38,2025-05-18,0750,N21,VIIRS,l,2.0NRT,314.24,5.1,D
31.18184,76.20056,334.21,0.41,0.37,2025-05-18,0750,N21,VIIRS,l,2.0NRT,308.6,1.76,D
31.16174,76.06195,339.48,0.42,0.38,2025-05-18,0750,N21,VIIRS,l,2.0NRT,307.68,4.28,D
31.1132,75.71814,347.13,0.43,0.38,2025-05-18,0750,N21,VIIRS,l,2.0NRT,313.69,4.97,D
30.52398,75.48043,342.87,0.44,0.39,2025-05-18,0750,N21,VIIRS,l,2.0NRT,316.29,5.91,D
31.11135,75.7151,346.96,0.43,0.38,2025-05-18,0750,N21,VIIRS,n,2.0NRT,313.17,8.69,D
31.11558,75.71871,367,0.43,0.38,2025-05-18,0750,N21,VIIRS,h,2.0NRT,313.63,8.69,D
31.11479,75.71429,349.92,0.43,0.38,2025-05-18,0750,N21,VIIRS,n,2.0NRT,314.56,8.69,D
31.11902,75.7179,344.95,0.43,0.38,2025-05-18,0750,N21,VIIRS,l,2.0NRT,312.79,9.66,D
31.13433,75.72351,334.38,0.43,0.38,2025-05-18,0750,N21,VIIRS,l,2.0NRT,308.35,1.06,D
31.17356,75.86553,335.49,0.42,0.38,2025-05-18,0750,N21,VIIRS,l,2.0NRT,308.18,1.84,D
31.15663,75.76888,342.58,0.43,0.38,2025-05-18,0750,N21,VIIRS,n,2.0NRT,311.21,2.95,D
31.14215,75.66626,340.12,0.43,0.38,2025-05-18,0750,N21,VIIRS,l,2.0NRT,313.75,15.21,D
31.2319,76.14076,337.64,0.42,0.37,2025-05-18,0750,N21,VIIRS,l,2.0NRT,308.91,3.08,D
31.20279,75.97221,340.75,0.42,0.38,2025-05-18,0750,N21,VIIRS,l,2.0NRT,308.81,9.48,D
31.27446,76.34861,333,0.41,0.37,2025-05-18,0750,N21,VIIRS,l,2.0NRT,304.85,1.9,D
31.23942,76.1435,341.19,0.42,0.37,2025-05-18,0750,N21,VIIRS,l,2.0NRT,308.29,4.66,D
31.18225,75.81329,340.53,0.43,0.38,2025-05-18,0750,N21,VIIRS,l,2.0NRT,309.84,4.75,D
31.17687,75.78246,339.76,0.43,0.38,2025-05-18,0750,N21,VIIRS,l,2.0NRT,311.85,4.39,D
31.18408,75.76242,337.61,0.43,0.38,2025-05-18,0750,N21,VIIRS,l,2.0NRT,310.75,2.95,D
31.23538,75.95556,336.89,0.42,0.38,2025-05-18,0750,N21,VIIRS,l,2.0NRT,309.61,3.57,D
31.18348,75.65649,346.79,0.43,0.38,2025-05-18,0750,N21,VIIRS,l,2.0NRT,313.6,8.46,D
31.22448,75.87183,350.83,0.42,0.38,2025-05-18,0750,N21,VIIRS,l,2.0NRT,314.03,11.23,D
31.22789,75.87102,340.22,0.42,0.38,2025-05-18,0750,N21,VIIRS,l,2.0NRT,310.14,11.23,D
31.23055,75.86584,339.55,0.42,0.38,2025-05-18,0750,N21,VIIRS,l,2.0NRT,308.25,5.16,D
31.17806,75.52277,347.23,0.43,0.38,2025-05-18,0750,N21,VIIRS,n,2.0NRT,315.64,12.88,D
31.24765,75.86183,342.77,0.42,0.38,2025-05-18,0750,N21,VIIRS,l,2.0NRT,310.38,8.14,D
31.2505,75.86224,341.48,0.42,0.38,2025-05-18,0750,N21,VIIRS,l,2.0NRT,310.33,7.08,D
31.24973,75.85786,336.62,0.42,0.38,2025-05-18,0750,N21,VIIRS,l,2.0NRT,309.16,7.08,D
31.25392,75.86143,338.51,0.42,0.38,2025-05-18,0750,N21,VIIRS,l,2.0NRT,310.14,3.81,D
31.19829,75.54726,341.03,0.43,0.38,2025-05-18,0750,N21,VIIRS,l,2.0NRT,312.57,8.5,D
31.25075,75.80285,339.77,0.42,0.38,2025-05-18,0750,N21,VIIRS,l,2.0NRT,311.44,3.29,D
31.29077,76.0114,335.15,0.42,0.38,2025-05-18,0750,N21,VIIRS,l,2.0NRT,308.67,1.16,D
31.22953,75.64213,344.69,0.43,0.38,2025-05-18,0750,N21,VIIRS,l,2.0NRT,314.51,21.27,D
31.31083,75.9842,335.26,0.42,0.38,2025-05-18,0750,N21,VIIRS,l,2.0NRT,308.97,2.92,D
31.11244,75.7137,342.39,0.43,0.38,2025-05-18,0750,N21,VIIRS,l,2.0NRT,312.13,4.97,D
30.52317,75.47587,343.03,0.44,0.39,2025-05-18,0750,N21,VIIRS,l,2.0NRT,317.19,5.36,D
30.52374,75.47696,349.84,0.44,0.39,2025-05-18,0750,N21,VIIRS,l,2.0NRT,317.97,5.98,D
30.60072,75.88754,342.24,0.43,0.38,2025-05-18,0750,N21,VIIRS,l,2.0NRT,316.76,9.69,D
30.6935,76.37894,337.02,0.41,0.37,2025-05-18,0750,N21,VIIRS,l,2.0NRT,308.22,3.75,D
30.62186,75.94663,337.26,0.43,0.38,2025-05-18,0750,N21,VIIRS,l,2.0NRT,311.13,4.86,D
30.62109,75.94225,347.21,0.43,0.38,2025-05-18,0750,N21,VIIRS,n,2.0NRT,317.84,4.86,D
30.70246,76.39017,336.03,0.41,0.37,2025-05-18,0750,N21,VIIRS,l,2.0NRT,309.25,3.93,D
30.55099,75.52731,342.08,0.44,0.38,2025-05-18,0750,N21,VIIRS,l,2.0NRT,314.38,42.22,D
30.60546,75.81293,348.36,0.43,0.38,2025-05-18,0750,N21,VIIRS,l,2.0NRT,315.99,13.32,D
30.57329,75.61142,342.78,0.44,0.38,2025-05-18,0750,N21,VIIRS,l,2.0NRT,314.8,7.59,D
30.56766,75.5799,341.13,0.44,0.38,2025-05-18,0750,N21,VIIRS,l,2.0NRT,314.44,2.6,D
30.56792,75.56103,343.11,0.44,0.38,2025-05-18,0750,N21,VIIRS,l,2.0NRT,314.49,2.97,D
30.70283,76.31036,337.58,0.41,0.37,2025-05-18,0750,N21,VIIRS,l,2.0NRT,310.43,7.57,D
30.66418,76.00508,346.93,0.42,0.38,2025-05-18,0750,N21,VIIRS,n,2.0NRT,313.01,11.32,D
30.66267,75.99635,341.68,0.42,0.38,2025-05-18,0750,N21,VIIRS,l,2.0NRT,314.04,7.03,D
30.60764,75.68275,349.07,0.44,0.38,2025-05-18,0750,N21,VIIRS,n,2.0NRT,315.13,12.68,D
30.65388,75.92553,340.25,0.43,0.38,2025-05-18,0750,N21,VIIRS,l,2.0NRT,314.68,5.07,D
30.68462,76.08182,337.02,0.42,0.38,2025-05-18,0750,N21,VIIRS,l,2.0NRT,311.11,2.85,D
30.64114,75.83225,352.33,0.43,0.38,2025-05-18,0750,N21,VIIRS,n,2.0NRT,319.34,76.75,D
30.7404,76.38596,344.73,0.41,0.37,2025-05-18,0750,N21,VIIRS,n,2.0NRT,310.96,10.06,D
30.68126,76.04193,340.25,0.42,0.38,2025-05-18,0750,N21,VIIRS,l,2.0NRT,314.2,4.37,D
30.6805,76.03757,339.13,0.42,0.38,2025-05-18,0750,N21,VIIRS,l,2.0NRT,312.24,4.37,D
30.59816,75.56802,343.3,0.44,0.38,2025-05-18,0750,N21,VIIRS,l,2.0NRT,316.22,12.06,D
30.74378,76.38519,337.02,0.41,0.37,2025-05-18,0750,N21,VIIRS,l,2.0NRT,309.47,2.72,D
30.66494,75.92753,339.28,0.43,0.38,2025-05-18,0750,N21,VIIRS,l,2.0NRT,313.44,4.68,D
30.6112,75.62124,343.28,0.44,0.38,2025-05-18,0750,N21,VIIRS,l,2.0NRT,313.87,4.95,D
30.68282,76.00984,339.54,0.42,0.38,2025-05-18,0750,N21,VIIRS,l,2.0NRT,312.85,5.12,D
30.61467,75.62042,339.24,0.44,0.38,2025-05-18,0750,N21,VIIRS,l,2.0NRT,313.02,4.95,D
30.64173,75.75369,340.14,0.43,0.38,2025-05-18,0750,N21,VIIRS,l,2.0NRT,313.59,8.87,D
30.60968,75.5512,348.41,0.44,0.38,2025-05-18,0750,N21,VIIRS,l,2.0NRT,314.61,10.77,D
30.69534,76.02056,338.68,0.42,0.38,2025-05-18,0750,N21,VIIRS,l,2.0NRT,309.35,3.68,D
30.62112,75.59548,340.51,0.44,0.38,2025-05-18,0750,N21,VIIRS,l,2.0NRT,314.43,8.67,D
30.51437,75.65222,349.3,0.44,0.38,2025-05-18,0750,N21,VIIRS,l,2.0NRT,318.49,14.92,D
30.54272,75.71085,351.89,0.44,0.38,2025-05-18,0750,N21,VIIRS,l,2.0NRT,316.56,9.86,D
30.51185,75.53534,342.13,0.44,0.38,2025-05-18,0750,N21,VIIRS,l,2.0NRT,315.9,3.66,D
30.54539,75.70557,350.2,0.44,0.38,2025-05-18,0750,N21,VIIRS,l,2.0NRT,318.25,10.65,D
30.52819,75.54565,346.57,0.44,0.38,2025-05-18,0750,N21,VIIRS,l,2.0NRT,315.39,6.62,D
30.49812,76.37307,348.43,0.41,0.37,2025-05-18,0750,N21,VIIRS,n,2.0NRT,311.45,9.18,D
30.5039,76.34515,339.97,0.42,0.37,2025-05-18,0750,N21,VIIRS,l,2.0NRT,311.74,15.6,D
30.46495,76.09888,340.73,0.42,0.38,2025-05-18,0750,N21,VIIRS,l,2.0NRT,311.98,9.57,D
30.44131,75.88116,344.57,0.43,0.38,2025-05-18,0750,N21,VIIRS,l,2.0NRT,317.39,18.32,D
30.44706,75.8936,344.37,0.43,0.38,2025-05-18,0750,N21,VIIRS,l,2.0NRT,317.96,6.88,D
30.54655,76.38864,343,0.41,0.37,2025-05-18,0750,N21,VIIRS,n,2.0NRT,311.85,9.7,D
30.5468,76.34873,338.35,0.42,0.37,2025-05-18,0750,N21,VIIRS,l,2.0NRT,312.88,5.44,D
30.51717,76.1545,340.52,0.42,0.38,2025-05-18,0750,N21,VIIRS,l,2.0NRT,313.6,8.62,D
30.44242,75.68177,344.8,0.44,0.38,2025-05-18,0750,N21,VIIRS,l,2.0NRT,315.52,6.94,D
30.46227,75.7748,350.84,0.43,0.38,2025-05-18,0750,N21,VIIRS,l,2.0NRT,319.15,14.18,D
30.44071,75.63068,350.44,0.44,0.38,2025-05-18,0750,N21,VIIRS,l,2.0NRT,315.67,6.73,D
30.43769,75.62803,341.61,0.44,0.38,2025-05-18,0750,N21,VIIRS,l,2.0NRT,315.93,3.55,D
30.44197,75.63171,349.46,0.44,0.38,2025-05-18,0750,N21,VIIRS,n,2.0NRT,315.97,5.31,D
30.44116,75.62721,344.63,0.44,0.38,2025-05-18,0750,N21,VIIRS,l,2.0NRT,318.59,3.55,D
30.58309,76.33249,341.5,0.42,0.37,2025-05-18,0750,N21,VIIRS,l,2.0NRT,309.5,3.71,D
30.53443,76.05229,340.5,0.42,0.38,2025-05-18,0750,N21,VIIRS,l,2.0NRT,314.22,9.15,D
30.47243,75.6807,344.04,0.44,0.38,2025-05-18,0750,N21,VIIRS,l,2.0NRT,317.27,4.54,D
30.46283,75.62683,341.55,0.44,0.38,2025-05-18,0750,N21,VIIRS,l,2.0NRT,314.89,5.12,D
30.44585,75.532,347.05,0.44,0.39,2025-05-18,0750,N21,VIIRS,l,2.0NRT,314.43,1.51,D
30.54962,76.09851,337.2,0.42,0.38,2025-05-18,0750,N21,VIIRS,l,2.0NRT,311.44,6.6,D
30.49836,75.78613,345.63,0.43,0.38,2025-05-18,0750,N21,VIIRS,l,2.0NRT,316.62,9.17,D
30.44184,75.42849,342.12,0.45,0.39,2025-05-18,0750,N21,VIIRS,l,2.0NRT,315.28,4.3,D
30.46005,75.50974,347.52,0.44,0.39,2025-05-18,0750,N21,VIIRS,l,2.0NRT,319.03,15.8,D
30.46354,75.50891,345.28,0.44,0.39,2025-05-18,0750,N21,VIIRS,l,2.0NRT,316.25,15.8,D
30.46321,75.46629,341.44,0.44,0.39,2025-05-18,0750,N21,VIIRS,l,2.0NRT,315.31,2.05,D
30.4667,75.46546,341.02,0.44,0.39,2025-05-18,0750,N21,VIIRS,l,2.0NRT,314.57,3.35,D
30.45526,75.40145,342.37,0.45,0.39,2025-05-18,0750,N21,VIIRS,l,2.0NRT,316.74,9.58,D
30.45444,75.39686,343.33,0.45,0.39,2025-05-18,0750,N21,VIIRS,l,2.0NRT,317.87,6.99,D
30.45794,75.39603,344.43,0.45,0.39,2025-05-18,0750,N21,VIIRS,l,2.0NRT,315.03,6.99,D
30.59469,76.13321,340.55,0.42,0.38,2025-05-18,0750,N21,VIIRS,l,2.0NRT,311.54,6.18,D
31.10714,75.74898,308.61,0.48,0.48,2025-05-18,2014,N21,VIIRS,n,2.0NRT,297.86,1.16,N
31.01651,75.89933,329.3,0.47,0.48,2025-05-18,2014,N21,VIIRS,n,2.0NRT,297.84,2.92,N
31.01649,75.89592,312.45,0.47,0.48,2025-05-18,2014,N21,VIIRS,n,2.0NRT,297.37,1.44,N
31.01598,75.90086,312.45,0.47,0.48,2025-05-18,2014,N21,VIIRS,n,2.0NRT,297.15,1.52,N
30.47852,75.45087,343.37,0.52,0.5,2025-05-19,0731,N21,VIIRS,n,2.0NRT,303.9,5.44,D
30.4995,75.41712,334.33,0.52,0.5,2025-05-19,0731,N21,VIIRS,n,2.0NRT,303.38,2.97,D
30.61506,75.88528,341.02,0.48,0.48,2025-05-19,0731,N21,VIIRS,n,2.0NRT,301.93,3.96,D
30.57542,75.70114,333.8,0.5,0.49,2025-05-19,0731,N21,VIIRS,n,2.0NRT,303.52,3.53,D
30.55678,75.61501,344.55,0.5,0.49,2025-05-19,0731,N21,VIIRS,n,2.0NRT,303.76,10.07,D
30.52655,75.47597,347.84,0.51,0.5,2025-05-19,0731,N21,VIIRS,n,2.0NRT,304.66,8.72,D
30.58527,75.70372,338.58,0.5,0.49,2025-05-19,0731,N21,VIIRS,n,2.0NRT,302.84,6.1,D
30.58419,75.69868,352.79,0.5,0.49,2025-05-19,0731,N21,VIIRS,n,2.0NRT,304.33,18.45,D
30.55116,75.54587,345.83,0.51,0.49,2025-05-19,0731,N21,VIIRS,n,2.0NRT,304.64,8.83,D
30.58965,75.70249,336.4,0.5,0.49,2025-05-19,0731,N21,VIIRS,n,2.0NRT,301.52,2.57,D
30.5887,75.61134,346.55,0.5,0.49,2025-05-19,0731,N21,VIIRS,n,2.0NRT,303.07,4.79,D
30.56436,75.49825,334.06,0.51,0.49,2025-05-19,0731,N21,VIIRS,l,2.0NRT,304.13,2.24,D
30.76218,76.41156,336.43,0.45,0.47,2025-05-19,0731,N21,VIIRS,n,2.0NRT,301.96,2.55,D
30.59637,75.62537,345.35,0.5,0.49,2025-05-19,0731,N21,VIIRS,n,2.0NRT,304.67,6.17,D
30.63937,75.80517,335.35,0.49,0.48,2025-05-19,0731,N21,VIIRS,n,2.0NRT,302.92,2.19,D
30.59971,75.62608,343.28,0.5,0.49,2025-05-19,0731,N21,VIIRS,n,2.0NRT,304.59,5.22,D
30.72521,76.11681,336.41,0.47,0.47,2025-05-19,0731,N21,VIIRS,n,2.0NRT,297.63,4.49,D
30.78927,76.39514,331.11,0.45,0.47,2025-05-19,0731,N21,VIIRS,l,2.0NRT,301.52,2.29,D
30.78733,76.386,348.71,0.45,0.47,2025-05-19,0731,N21,VIIRS,n,2.0NRT,303.81,24.17,D
30.62057,75.61477,342.8,0.5,0.49,2025-05-19,0731,N21,VIIRS,n,2.0NRT,304.52,4.9,D
30.57607,75.39169,343.89,0.52,0.5,2025-05-19,0731,N21,VIIRS,n,2.0NRT,302.5,8.14,D
30.7431,76.13695,341.02,0.47,0.47,2025-05-19,0731,N21,VIIRS,n,2.0NRT,300.55,7.27,D
30.74736,76.13577,342.69,0.47,0.47,2025-05-19,0731,N21,VIIRS,n,2.0NRT,299.93,7.96,D
30.61358,75.51898,338.95,0.51,0.49,2025-05-19,0731,N21,VIIRS,n,2.0NRT,303.91,3.44,D
30.80894,76.40422,339.07,0.45,0.47,2025-05-19,0731,N21,VIIRS,n,2.0NRT,302.23,4.05,D
30.60094,75.44008,343.17,0.51,0.5,2025-05-19,0731,N21,VIIRS,n,2.0NRT,303.24,15.33,D
30.63352,75.52426,333.8,0.51,0.49,2025-05-19,0731,N21,VIIRS,n,2.0NRT,303.26,1.52,D
30.71627,75.86346,344.32,0.48,0.48,2025-05-19,0731,N21,VIIRS,n,2.0NRT,302.05,5.59,D
30.65459,75.55643,341.83,0.5,0.49,2025-05-19,0731,N21,VIIRS,n,2.0NRT,303.57,4,D
30.74991,75.97797,340.64,0.47,0.48,2025-05-19,0731,N21,VIIRS,n,2.0NRT,299.05,5.54,D
30.7712,75.99247,341.82,0.47,0.48,2025-05-19,0731,N21,VIIRS,n,2.0NRT,301.26,4.66,D
30.71155,75.69093,330.47,0.49,0.49,2025-05-19,0731,N21,VIIRS,n,2.0NRT,299.76,2.27,D
30.84979,76.2809,330.17,0.45,0.47,2025-05-19,0731,N21,VIIRS,l,2.0NRT,300.96,1.81,D
30.73108,75.71732,335.27,0.49,0.49,2025-05-19,0731,N21,VIIRS,n,2.0NRT,301.84,4.79,D
30.71182,75.58349,339.35,0.5,0.49,2025-05-19,0731,N21,VIIRS,n,2.0NRT,302.24,5.43,D
30.71073,75.57839,337.49,0.5,0.49,2025-05-19,0731,N21,VIIRS,n,2.0NRT,300.25,5.55,D
30.72993,75.71572,334.31,0.49,0.49,2025-05-19,0731,N21,VIIRS,n,2.0NRT,301.5,3.84,D
30.70981,75.58226,344.02,0.5,0.49,2025-05-19,0731,N21,VIIRS,n,2.0NRT,303.09,9.53,D
30.8165,76.02851,333.24,0.47,0.48,2025-05-19,0731,N21,VIIRS,n,2.0NRT,301.83,3.09,D
30.89159,76.31588,334.03,0.45,0.47,2025-05-19,0731,N21,VIIRS,n,2.0NRT,300.56,3.75,D
30.91324,76.39699,331.92,0.45,0.47,2025-05-19,0731,N21,VIIRS,l,2.0NRT,303.73,5.62,D
30.91742,76.39582,352.21,0.45,0.47,2025-05-19,0731,N21,VIIRS,n,2.0NRT,303.88,5.62,D
30.86757,76.14003,342.49,0.46,0.47,2025-05-19,0731,N21,VIIRS,n,2.0NRT,301.1,5.25,D
30.702,75.3763,340.94,0.51,0.5,2025-05-19,0731,N21,VIIRS,n,2.0NRT,300.37,7.5,D
30.9184,76.33749,353.79,0.45,0.47,2025-05-19,0731,N21,VIIRS,n,2.0NRT,303.08,7.7,D
30.9226,76.33633,335.62,0.45,0.47,2025-05-19,0731,N21,VIIRS,n,2.0NRT,302.17,7.7,D
30.79099,75.69846,331.68,0.49,0.49,2025-05-19,0731,N21,VIIRS,n,2.0NRT,300.07,2.58,D
30.94011,76.22876,330.98,0.46,0.47,2025-05-19,0731,N21,VIIRS,n,2.0NRT,300.72,2.51,D
30.92049,76.1351,334.95,0.46,0.47,2025-05-19,0731,N21,VIIRS,n,2.0NRT,301.04,4.19,D
30.93322,76.13154,350.45,0.46,0.47,2025-05-19,0731,N21,VIIRS,n,2.0NRT,302.23,10.38,D
30.95831,76.20889,332.55,0.46,0.47,2025-05-19,0731,N21,VIIRS,n,2.0NRT,300.97,1.66,D
30.93585,76.13194,343.06,0.46,0.47,2025-05-19,0731,N21,VIIRS,n,2.0NRT,302.62,11.41,D
30.77554,75.37956,338.33,0.51,0.5,2025-05-19,0731,N21,VIIRS,n,2.0NRT,302.65,5.32,D
30.96542,76.22767,334.03,0.45,0.47,2025-05-19,0731,N21,VIIRS,n,2.0NRT,300.7,3.72,D
30.96043,76.20444,332.31,0.46,0.47,2025-05-19,0731,N21,VIIRS,n,2.0NRT,301.65,1.88,D
30.85948,75.65418,337.99,0.49,0.49,2025-05-19,0731,N21,VIIRS,n,2.0NRT,301.21,3.48,D
30.98254,76.2032,331.82,0.46,0.47,2025-05-19,0731,N21,VIIRS,l,2.0NRT,301.98,1.66,D
31.00338,76.21709,340.74,0.45,0.47,2025-05-19,0731,N21,VIIRS,n,2.0NRT,301.88,2.25,D
30.9765,76.09063,342.61,0.46,0.47,2025-05-19,0731,N21,VIIRS,n,2.0NRT,301.6,8.24,D
30.83895,75.38905,343.37,0.51,0.49,2025-05-19,0731,N21,VIIRS,n,2.0NRT,302.28,6.22,D
30.9975,76.10473,341.95,0.46,0.47,2025-05-19,0731,N21,VIIRS,n,2.0NRT,300.75,4.66,D
30.9965,76.10001,335.07,0.46,0.47,2025-05-19,0731,N21,VIIRS,n,2.0NRT,299.72,4.66,D
30.99096,76.03132,331.71,0.47,0.47,2025-05-19,0731,N21,VIIRS,n,2.0NRT,301.25,3.09,D
30.86455,75.42021,332.63,0.51,0.49,2025-05-19,0731,N21,VIIRS,l,2.0NRT,302.96,2.33,D
31.01447,76.09998,343.31,0.46,0.47,2025-05-19,0731,N21,VIIRS,n,2.0NRT,302.15,6.64,D
30.94413,75.72528,346.2,0.49,0.48,2025-05-19,0731,N21,VIIRS,n,2.0NRT,301.08,6.85,D
30.98695,75.9053,339.72,0.47,0.48,2025-05-19,0731,N21,VIIRS,n,2.0NRT,301.5,6.4,D
31.05042,76.16445,350.79,0.46,0.47,2025-05-19,0731,N21,VIIRS,n,2.0NRT,305.37,42.51,D
31.04944,76.15977,333.61,0.46,0.47,2025-05-19,0731,N21,VIIRS,n,2.0NRT,300.98,13.07,D
31.03273,76.07985,334.38,0.46,0.47,2025-05-19,0731,N21,VIIRS,n,2.0NRT,301.93,4.13,D
30.99042,75.87862,338.84,0.48,0.48,2025-05-19,0731,N21,VIIRS,n,2.0NRT,299.78,4.67,D
30.9894,75.87376,333.25,0.48,0.48,2025-05-19,0731,N21,VIIRS,n,2.0NRT,299.45,5.76,D
31.05464,76.16326,332.49,0.46,0.47,2025-05-19,0731,N21,VIIRS,n,2.0NRT,300.22,4.36,D
30.99369,75.87254,352.07,0.48,0.48,2025-05-19,0731,N21,VIIRS,n,2.0NRT,299.3,17.28,D
30.91097,75.4834,339.18,0.5,0.49,2025-05-19,0731,N21,VIIRS,n,2.0NRT,300.54,5.1,D
31.04913,76.16591,344.51,0.46,0.47,2025-05-19,0731,N21,VIIRS,n,2.0NRT,301.42,17.88,D
31.05336,76.16471,344.54,0.46,0.47,2025-05-19,0731,N21,VIIRS,n,2.0NRT,301.37,17.88,D
31.03516,76.08039,337.65,0.46,0.47,2025-05-19,0731,N21,VIIRS,n,2.0NRT,302.61,4.14,D
30.99054,75.87492,350.26,0.48,0.48,2025-05-19,0731,N21,VIIRS,n,2.0NRT,298.76,12.61,D
30.99483,75.87371,352.81,0.48,0.48,2025-05-19,0731,N21,VIIRS,n,2.0NRT,300.22,21.31,D
30.90964,75.48576,339.98,0.5,0.49,2025-05-19,0731,N21,VIIRS,n,2.0NRT,299.06,5.63,D
31.00344,75.87128,338.06,0.48,0.48,2025-05-19,0731,N21,VIIRS,n,2.0NRT,288.22,1.97,D
31.07865,76.0733,342.89,0.46,0.47,2025-05-19,0731,N21,VIIRS,n,2.0NRT,302.61,4.58,D
31.06705,75.82758,345.55,0.48,0.48,2025-05-19,0731,N21,VIIRS,n,2.0NRT,302.74,14.82,D
31.06928,75.81661,336.82,0.48,0.48,2025-05-19,0731,N21,VIIRS,n,2.0NRT,301.13,8.9,D
31.07773,75.83488,340.96,0.48,0.48,2025-05-19,0731,N21,VIIRS,n,2.0NRT,300.56,12.9,D
31.07359,75.81538,350.73,0.48,0.48,2025-05-19,0731,N21,VIIRS,n,2.0NRT,301.4,17.81,D
31.03308,75.45881,331.14,0.5,0.49,2025-05-19,0731,N21,VIIRS,n,2.0NRT,300.07,2.53,D
31.11089,75.6665,332.32,0.49,0.48,2025-05-19,0731,N21,VIIRS,n,2.0NRT,296.58,6.11,D
31.20655,75.85732,338.73,0.47,0.48,2025-05-19,0731,N21,VIIRS,n,2.0NRT,297.08,6.42,D
31.24916,75.94341,344.35,0.47,0.47,2025-05-19,0731,N21,VIIRS,n,2.0NRT,304.59,7.66,D
31.25752,75.96124,336.07,0.46,0.47,2025-05-19,0731,N21,VIIRS,n,2.0NRT,303.51,7.25,D
31.2944,75.98609,332.81,0.46,0.47,2025-05-19,0731,N21,VIIRS,n,2.0NRT,302.62,3.7,D
31.28686,75.88712,335.3,0.47,0.48,2025-05-19,0731,N21,VIIRS,n,2.0NRT,304.5,3.02,D
31.27763,75.84382,332.15,0.47,0.48,2025-05-19,0731,N21,VIIRS,l,2.0NRT,304.34,1.63,D
31.26223,75.75043,342.48,0.48,0.48,2025-05-19,0731,N21,VIIRS,n,2.0NRT,303.31,7.98,D
31.26862,75.75895,342.41,0.48,0.48,2025-05-19,0731,N21,VIIRS,n,2.0NRT,302.04,4.64,D
31.27292,75.75771,334.17,0.48,0.48,2025-05-19,0731,N21,VIIRS,n,2.0NRT,301.99,2.05,D
31.2839,75.72345,343.42,0.48,0.48,2025-05-19,0731,N21,VIIRS,n,2.0NRT,304.32,5.63,D
31.30798,75.79413,332.7,0.47,0.48,2025-05-19,0731,N21,VIIRS,l,2.0NRT,303.47,3.95,D
31.30193,75.80247,341.62,0.47,0.48,2025-05-19,0731,N21,VIIRS,n,2.0NRT,304.26,5.17,D
31.28384,75.71988,338.2,0.48,0.48,2025-05-19,0731,N21,VIIRS,n,2.0NRT,302.53,5.94,D
31.30945,75.79521,336.04,0.47,0.48,2025-05-19,0731,N21,VIIRS,n,2.0NRT,303.03,3.57,D
30.62902,75.50367,342.15,0.51,0.49,2025-05-19,0731,N21,VIIRS,n,2.0NRT,304.32,5.42,D
31.01591,76.14935,345.4,0.46,0.47,2025-05-19,0731,N21,VIIRS,n,2.0NRT,303.24,15.58,D
31.30043,75.80142,333.55,0.47,0.48,2025-05-19,0731,N21,VIIRS,n,2.0NRT,302.62,3.97,D
30.4564,76.34596,347.51,0.46,0.47,2025-05-19,0731,N21,VIIRS,n,2.0NRT,303.86,7.95,D
30.48899,76.35177,334.31,0.46,0.47,2025-05-19,0731,N21,VIIRS,n,2.0NRT,302.35,1.82,D
30.47906,76.15507,343.61,0.47,0.48,2025-05-19,0731,N21,VIIRS,n,2.0NRT,303.22,17.68,D
30.47806,76.15029,338.5,0.47,0.48,2025-05-19,0731,N21,VIIRS,n,2.0NRT,303.02,16.12,D
30.45877,75.95058,337.59,0.48,0.48,2025-05-19,0731,N21,VIIRS,n,2.0NRT,303.75,1.81,D
30.4846,76.05173,333.36,0.48,0.48,2025-05-19,0731,N21,VIIRS,n,2.0NRT,301.76,2.63,D
30.45965,75.95307,334.61,0.48,0.48,2025-05-19,0731,N21,VIIRS,n,2.0NRT,303.57,2.8,D
30.55719,76.38425,335.31,0.45,0.47,2025-05-19,0731,N21,VIIRS,n,2.0NRT,302.71,2.5,D
30.48614,76.05394,330.18,0.48,0.48,2025-05-19,0731,N21,VIIRS,l,2.0NRT,300.78,1.82,D
30.49604,76.01527,331.78,0.48,0.48,2025-05-19,0731,N21,VIIRS,n,2.0NRT,301.15,5.42,D
30.50584,75.99711,338.53,0.48,0.48,2025-05-19,0731,N21,VIIRS,n,2.0NRT,301.89,3.12,D
30.50492,75.97155,335.1,0.48,0.48,2025-05-19,0731,N21,VIIRS,n,2.0NRT,302.27,4.74,D
30.45572,75.70082,343.51,0.5,0.49,2025-05-19,0731,N21,VIIRS,n,2.0NRT,304.74,8.82,D
30.48421,75.72497,344.32,0.5,0.49,2025-05-19,0731,N21,VIIRS,n,2.0NRT,304.25,7.3,D
30.66508,76.38871,334.58,0.45,0.47,2025-05-19,0731,N21,VIIRS,n,2.0NRT,300.83,3.91,D
30.55998,75.82219,340.24,0.49,0.48,2025-05-19,0731,N21,VIIRS,n,2.0NRT,301.58,5.29,D
30.71614,75.58125,335.42,0.47,0.64,2025-05-20,0712,N21,VIIRS,n,2.0NRT,301.44,5.11,D
30.47055,76.32829,345.69,0.43,0.62,2025-05-20,0712,N21,VIIRS,n,2.0NRT,301.76,5.54,D
30.49146,76.34027,336.1,0.43,0.62,2025-05-20,0712,N21,VIIRS,n,2.0NRT,300.84,2.49,D
30.43111,75.81499,337.26,0.47,0.64,2025-05-20,0712,N21,VIIRS,n,2.0NRT,300.64,3.53,D
30.43156,75.81482,337.54,0.47,0.64,2025-05-20,0712,N21,VIIRS,n,2.0NRT,300.29,3.49,D
30.51232,76.08024,340.49,0.45,0.63,2025-05-20,0712,N21,VIIRS,n,2.0NRT,299.98,2.84,D
30.47294,75.76067,339.44,0.47,0.64,2025-05-20,0712,N21,VIIRS,n,2.0NRT,301.08,4.63,D
30.58608,76.10938,332.51,0.44,0.63,2025-05-20,0712,N21,VIIRS,n,2.0NRT,300.07,5.09,D
30.58496,76.10493,335.13,0.44,0.63,2025-05-20,0712,N21,VIIRS,n,2.0NRT,301.3,4.69,D
30.67703,76.37733,332.02,0.43,0.62,2025-05-20,0712,N21,VIIRS,l,2.0NRT,302.52,1.37,D
30.61191,76.05976,331.86,0.45,0.63,2025-05-20,0712,N21,VIIRS,n,2.0NRT,300.83,2.6,D
30.5348,75.73795,338,0.47,0.64,2025-05-20,0712,N21,VIIRS,n,2.0NRT,301.8,3.79,D
30.71309,76.38605,338.1,0.42,0.61,2025-05-20,0712,N21,VIIRS,n,2.0NRT,302.07,3.11,D
30.49561,75.53983,350.8,0.48,0.65,2025-05-20,0712,N21,VIIRS,n,2.0NRT,302.49,7.79,D
30.72294,76.37824,332.85,0.43,0.62,2025-05-20,0712,N21,VIIRS,l,2.0NRT,303.14,2.21,D
30.6039,75.91064,333.96,0.46,0.63,2025-05-20,0712,N21,VIIRS,n,2.0NRT,300.37,2.84,D
30.69905,76.26025,344.6,0.43,0.62,2025-05-20,0712,N21,VIIRS,n,2.0NRT,302.78,3.75,D
30.5559,75.70042,339.53,0.47,0.64,2025-05-20,0712,N21,VIIRS,n,2.0NRT,302.78,27.72,D
30.5628,75.70324,337.53,0.47,0.64,2025-05-20,0712,N21,VIIRS,n,2.0NRT,302.8,35.24,D
30.56158,75.69854,355.03,0.47,0.64,2025-05-20,0712,N21,VIIRS,n,2.0NRT,307.24,27.72,D
30.56037,75.69384,343.19,0.47,0.64,2025-05-20,0712,N21,VIIRS,n,2.0NRT,302.52,27.72,D
30.57778,75.71359,367,0.47,0.64,2025-05-20,0712,N21,VIIRS,h,2.0NRT,303.06,17.85,D
30.57657,75.70889,350.29,0.47,0.64,2025-05-20,0712,N21,VIIRS,n,2.0NRT,302.02,17.85,D
30.69902,76.16566,346.99,0.44,0.62,2025-05-20,0712,N21,VIIRS,n,2.0NRT,301.01,6.04,D
30.7627,76.27693,331.7,0.43,0.62,2025-05-20,0712,N21,VIIRS,l,2.0NRT,301.74,1.76,D
30.70881,76.03761,331.56,0.45,0.63,2025-05-20,0712,N21,VIIRS,l,2.0NRT,301.75,4.71,D
30.57466,75.50822,337.92,0.48,0.65,2025-05-20,0712,N21,VIIRS,n,2.0NRT,302.29,4.25,D
30.70551,76.03818,333.79,0.45,0.63,2025-05-20,0712,N21,VIIRS,n,2.0NRT,301.98,4.02,D
30.62541,75.68235,343.64,0.47,0.64,2025-05-20,0712,N21,VIIRS,n,2.0NRT,302.13,5.51,D
30.62418,75.67765,332.04,0.47,0.64,2025-05-20,0712,N21,VIIRS,l,2.0NRT,302.54,7.25,D
30.62173,75.66824,335.33,0.47,0.64,2025-05-20,0712,N21,VIIRS,n,2.0NRT,302.74,3.61,D
30.57948,75.50671,338.36,0.48,0.65,2025-05-20,0712,N21,VIIRS,n,2.0NRT,301.48,1.6,D
30.7153,76.00587,339.49,0.45,0.63,2025-05-20,0712,N21,VIIRS,n,2.0NRT,301.65,3.5,D
30.60918,75.54887,343.29,0.48,0.65,2025-05-20,0712,N21,VIIRS,n,2.0NRT,302.26,3.38,D
30.60044,75.51534,335.93,0.48,0.65,2025-05-20,0712,N21,VIIRS,n,2.0NRT,302.16,4.68,D
30.65865,75.69169,367,0.47,0.64,2025-05-20,0712,N21,VIIRS,h,2.0NRT,303.48,35.21,D
30.65744,75.687,347.09,0.47,0.64,2025-05-20,0712,N21,VIIRS,n,2.0NRT,303.57,33.45,D
30.61388,75.49522,333.69,0.48,0.65,2025-05-20,0712,N21,VIIRS,n,2.0NRT,302.88,5.59,D
30.70107,75.80866,367,0.46,0.63,2025-05-20,0712,N21,VIIRS,h,2.0NRT,304.84,35.51,D
30.71751,75.87277,334.77,0.46,0.63,2025-05-20,0712,N21,VIIRS,n,2.0NRT,303.22,3.17,D
30.69988,75.80405,343.83,0.46,0.64,2025-05-20,0712,N21,VIIRS,n,2.0NRT,301.96,22.21,D
30.62211,75.50291,336.05,0.48,0.65,2025-05-20,0712,N21,VIIRS,n,2.0NRT,301.28,4.57,D
30.69627,75.69443,331.38,0.47,0.64,2025-05-20,0712,N21,VIIRS,l,2.0NRT,302.56,2.01,D
30.65122,75.51923,335.64,0.48,0.65,2025-05-20,0712,N21,VIIRS,n,2.0NRT,303.69,8.55,D
30.64998,75.51443,346.61,0.48,0.65,2025-05-20,0712,N21,VIIRS,n,2.0NRT,302.95,9.2,D
30.85738,76.25916,335.47,0.43,0.62,2025-05-20,0712,N21,VIIRS,n,2.0NRT,302.19,2.7,D
30.69643,75.6229,332.95,0.47,0.64,2025-05-20,0712,N21,VIIRS,l,2.0NRT,303.66,3.81,D
30.66221,75.48948,340.49,0.48,0.65,2025-05-20,0712,N21,VIIRS,n,2.0NRT,303.07,3.71,D
30.66097,75.48467,333.77,0.48,0.65,2025-05-20,0712,N21,VIIRS,n,2.0NRT,302.51,3.71,D
30.81679,76.02565,351.31,0.44,0.63,2025-05-20,0712,N21,VIIRS,n,2.0NRT,303.03,11.81,D
30.81567,76.02119,331.99,0.44,0.63,2025-05-20,0712,N21,VIIRS,l,2.0NRT,302.08,8.75,D
30.70745,75.59355,334.5,0.47,0.64,2025-05-20,0712,N21,VIIRS,n,2.0NRT,302.62,3.5,D
30.70504,75.58407,334.26,0.47,0.64,2025-05-20,0712,N21,VIIRS,n,2.0NRT,302.66,5.3,D
30.85558,76.25974,330.27,0.43,0.62,2025-05-20,0712,N21,VIIRS,l,2.0NRT,301.77,3.02,D
30.66004,75.48591,339.37,0.48,0.65,2025-05-20,0712,N21,VIIRS,n,2.0NRT,302.48,7.62,D
30.81912,76.02518,367,0.44,0.63,2025-05-20,0712,N21,VIIRS,h,2.0NRT,303.22,15.38,D
30.81797,76.02074,346.74,0.44,0.63,2025-05-20,0712,N21,VIIRS,n,2.0NRT,302.91,12.24,D
30.92303,76.40808,342.22,0.42,0.61,2025-05-20,0712,N21,VIIRS,n,2.0NRT,301.86,6.15,D
30.92953,76.41052,338.01,0.42,0.61,2025-05-20,0712,N21,VIIRS,n,2.0NRT,301.93,4.86,D
30.83479,76.03928,342.54,0.44,0.62,2025-05-20,0712,N21,VIIRS,n,2.0NRT,302.46,4.45,D
30.9157,76.3095,352.49,0.42,0.61,2025-05-20,0712,N21,VIIRS,n,2.0NRT,302.11,7.58,D
30.85042,76.05337,332.99,0.44,0.62,2025-05-20,0712,N21,VIIRS,n,2.0NRT,302.56,1.84,D
30.72506,75.56797,331.4,0.47,0.64,2025-05-20,0712,N21,VIIRS,l,2.0NRT,303,3.47,D
30.71141,75.51561,339.28,0.48,0.64,2025-05-20,0712,N21,VIIRS,n,2.0NRT,303.95,5.14,D
30.80802,75.79359,337.75,0.46,0.63,2025-05-20,0712,N21,VIIRS,n,2.0NRT,302.33,3.85,D
30.9539,76.29697,332.13,0.42,0.61,2025-05-20,0712,N21,VIIRS,n,2.0NRT,301.81,2.81,D
30.77957,75.53939,334.43,0.47,0.64,2025-05-20,0712,N21,VIIRS,n,2.0NRT,302.13,6.1,D
30.77835,75.53465,334.71,0.47,0.64,2025-05-20,0712,N21,VIIRS,n,2.0NRT,301.96,5.58,D
30.90011,75.98862,343.67,0.44,0.63,2025-05-20,0712,N21,VIIRS,n,2.0NRT,302.93,4.35,D
30.78974,75.53078,337.46,0.47,0.64,2025-05-20,0712,N21,VIIRS,n,2.0NRT,302.59,6.52,D
30.79301,75.51936,335.45,0.48,0.64,2025-05-20,0712,N21,VIIRS,n,2.0NRT,300.89,4.13,D
30.77862,75.53703,344.4,0.47,0.64,2025-05-20,0712,N21,VIIRS,n,2.0NRT,301.86,6.44,D
30.90306,75.9895,337.09,0.44,0.63,2025-05-20,0712,N21,VIIRS,n,2.0NRT,303.02,3.21,D
30.78432,75.53514,343.29,0.47,0.64,2025-05-20,0712,N21,VIIRS,n,2.0NRT,302.26,4.42,D
30.79002,75.53323,330.45,0.47,0.64,2025-05-20,0712,N21,VIIRS,l,2.0NRT,301.46,4.42,D
30.97156,76.18561,333.96,0.43,0.62,2025-05-20,0712,N21,VIIRS,n,2.0NRT,301.5,3.1,D
30.95598,76.12487,332.17,0.43,0.62,2025-05-20,0712,N21,VIIRS,n,2.0NRT,302.15,2.47,D
31.00554,76.27222,339.98,0.42,0.61,2025-05-20,0712,N21,VIIRS,n,2.0NRT,300.44,6.65,D
30.85242,75.63014,335.45,0.47,0.64,2025-05-20,0712,N21,VIIRS,n,2.0NRT,303.35,5.44,D
30.99897,76.15311,330.65,0.43,0.62,2025-05-20,0712,N21,VIIRS,n,2.0NRT,300.21,1.17,D
30.8755,75.57656,335.28,0.47,0.64,2025-05-20,0712,N21,VIIRS,n,2.0NRT,299.91,3.37,D
30.98278,75.92426,331.24,0.45,0.63,2025-05-20,0712,N21,VIIRS,l,2.0NRT,302.3,3.44,D
30.91769,75.66896,341.91,0.46,0.64,2025-05-20,0712,N21,VIIRS,n,2.0NRT,301.95,4.38,D
30.98379,75.90449,338.09,0.45,0.63,2025-05-20,0712,N21,VIIRS,n,2.0NRT,302.94,6.14,D
30.94404,75.70026,333.4,0.46,0.64,2025-05-20,0712,N21,VIIRS,n,2.0NRT,302.95,4.65,D
30.9948,75.8764,330.58,0.45,0.63,2025-05-20,0712,N21,VIIRS,l,2.0NRT,301.58,1.92,D
30.98664,75.8202,330.31,0.45,0.63,2025-05-20,0712,N21,VIIRS,l,2.0NRT,302.27,4.61,D
30.98498,75.92384,331.94,0.44,0.63,2025-05-20,0712,N21,VIIRS,l,2.0NRT,301.96,4.7,D
30.98032,75.90596,331.7,0.45,0.63,2025-05-20,0712,N21,VIIRS,l,2.0NRT,302.57,6.19,D
30.91838,75.66937,333,0.46,0.64,2025-05-20,0712,N21,VIIRS,n,2.0NRT,301.26,3.76,D
30.91717,75.66473,333.42,0.46,0.64,2025-05-20,0712,N21,VIIRS,n,2.0NRT,300.93,4.17,D
30.9912,75.87801,330.61,0.45,0.63,2025-05-20,0712,N21,VIIRS,l,2.0NRT,300.78,3.21,D
30.94496,75.70061,334.11,0.46,0.63,2025-05-20,0712,N21,VIIRS,n,2.0NRT,302.74,4,D
30.98831,75.82019,333.29,0.45,0.63,2025-05-20,0712,N21,VIIRS,n,2.0NRT,302.15,5.36,D
30.95786,75.65614,335.28,0.46,0.64,2025-05-20,0712,N21,VIIRS,n,2.0NRT,301.74,5.18,D
30.94087,75.59093,333.26,0.47,0.64,2025-05-20,0712,N21,VIIRS,n,2.0NRT,302.56,2.91,D
30.96554,75.63846,345.21,0.46,0.64,2025-05-20,0712,N21,VIIRS,n,2.0NRT,303.07,6.29,D
30.93952,75.51477,332.22,0.47,0.64,2025-05-20,0712,N21,VIIRS,l,2.0NRT,303.1,6.57,D
31.05076,75.92161,331.95,0.44,0.63,2025-05-20,0712,N21,VIIRS,n,2.0NRT,300.76,3.61,D
31.04962,75.91714,336.97,0.44,0.63,2025-05-20,0712,N21,VIIRS,n,2.0NRT,301.39,4.88,D
31.03325,75.82983,330.97,0.45,0.63,2025-05-20,0712,N21,VIIRS,l,2.0NRT,301.01,1.63,D
30.95317,75.4482,334.2,0.48,0.64,2025-05-20,0712,N21,VIIRS,n,2.0NRT,303.61,7.79,D
30.95344,75.40131,330.92,0.48,0.65,2025-05-20,0712,N21,VIIRS,l,2.0NRT,303.06,2.9,D
31.09752,75.93982,334.38,0.44,0.62,2025-05-20,0712,N21,VIIRS,n,2.0NRT,300.35,2.95,D
30.97551,75.41465,336.19,0.48,0.64,2025-05-20,0712,N21,VIIRS,n,2.0NRT,301.06,3.12,D
31.08316,75.76398,367,0.45,0.63,2025-05-20,0712,N21,VIIRS,h,2.0NRT,304.24,13.91,D
31.02303,75.52758,331.57,0.47,0.64,2025-05-20,0712,N21,VIIRS,l,2.0NRT,302.82,3.79,D
31.10012,75.93819,332.65,0.44,0.62,2025-05-20,0712,N21,VIIRS,n,2.0NRT,300.71,2.71,D
31.08477,75.76292,367,0.45,0.63,2025-05-20,0712,N21,VIIRS,h,2.0NRT,304.31,11.54,D
31.08595,75.76746,334.49,0.45,0.63,2025-05-20,0712,N21,VIIRS,n,2.0NRT,301.86,11.54,D
31.11098,75.69962,367,0.46,0.63,2025-05-20,0712,N21,VIIRS,h,2.0NRT,304.5,9.91,D
31.1098,75.69505,335.76,0.46,0.63,2025-05-20,0712,N21,VIIRS,n,2.0NRT,304.1,9.91,D
31.05662,75.41825,332.55,0.47,0.64,2025-05-20,0712,N21,VIIRS,n,2.0NRT,302.48,7.11,D
31.05538,75.41348,354.85,0.47,0.64,2025-05-20,0712,N21,VIIRS,n,2.0NRT,302.98,12.82,D
31.1828,75.83799,337.02,0.45,0.63,2025-05-20,0712,N21,VIIRS,n,2.0NRT,302.33,5.17,D
31.13137,75.61272,352.33,0.46,0.64,2025-05-20,0712,N21,VIIRS,n,2.0NRT,302.35,9.11,D
31.16979,75.73931,339.45,0.45,0.63,2025-05-20,0712,N21,VIIRS,n,2.0NRT,300.93,4.56,D
31.13818,75.61544,333.01,0.46,0.64,2025-05-20,0712,N21,VIIRS,n,2.0NRT,302.27,3.11,D
31.22756,75.91972,337.99,0.44,0.62,2025-05-20,0712,N21,VIIRS,n,2.0NRT,300.84,4.35,D
31.18307,75.71996,344.51,0.45,0.63,2025-05-20,0712,N21,VIIRS,n,2.0NRT,301.12,8.56,D
31.18192,75.7154,343.57,0.45,0.63,2025-05-20,0712,N21,VIIRS,n,2.0NRT,301.78,6.93,D
31.1527,75.60046,338.44,0.46,0.64,2025-05-20,0712,N21,VIIRS,n,2.0NRT,302.68,5.64,D
31.15837,75.7357,330.08,0.45,0.63,2025-05-20,0712,N21,VIIRS,l,2.0NRT,300.36,2.14,D
31.13275,75.61487,345.31,0.46,0.64,2025-05-20,0712,N21,VIIRS,n,2.0NRT,301.55,6.06,D
31.13154,75.61025,338.22,0.46,0.64,2025-05-20,0712,N21,VIIRS,n,2.0NRT,302.5,6.06,D
31.17074,75.73652,340.52,0.45,0.63,2025-05-20,0712,N21,VIIRS,n,2.0NRT,301.6,4.97,D
31.23077,75.92088,334.79,0.44,0.62,2025-05-20,0712,N21,VIIRS,n,2.0NRT,300.51,2.29,D
31.18514,75.72181,344.82,0.45,0.63,2025-05-20,0712,N21,VIIRS,n,2.0NRT,301.36,10.77,D
31.18396,75.71726,352.14,0.45,0.63,2025-05-20,0712,N21,VIIRS,n,2.0NRT,300.84,14.33,D
31.15407,75.60272,333.98,0.46,0.64,2025-05-20,0712,N21,VIIRS,n,2.0NRT,302.87,5.17,D
31.18209,75.66328,330.87,0.46,0.63,2025-05-20,0712,N21,VIIRS,n,2.0NRT,300.5,1.6,D
31.26264,75.88134,337.4,0.44,0.62,2025-05-20,0712,N21,VIIRS,n,2.0NRT,300.64,2.63,D
31.26818,75.87948,333.93,0.44,0.62,2025-05-20,0712,N21,VIIRS,n,2.0NRT,300.97,1.95,D
31.26001,75.82412,367,0.44,0.63,2025-05-20,0712,N21,VIIRS,h,2.0NRT,302.29,13.08,D
31.29057,75.92011,332.82,0.44,0.62,2025-05-20,0712,N21,VIIRS,n,2.0NRT,299.85,1.55,D
31.22221,75.62975,332.84,0.46,0.63,2025-05-20,0712,N21,VIIRS,n,2.0NRT,301.94,3.8,D
31.28122,75.8364,337.07,0.44,0.63,2025-05-20,0712,N21,VIIRS,n,2.0NRT,300.98,3.04,D
31.20758,75.54924,331.34,0.46,0.64,2025-05-20,0712,N21,VIIRS,l,2.0NRT,302.44,4.03,D
31.29743,75.75783,367,0.45,0.63,2025-05-20,0712,N21,VIIRS,h,2.0NRT,300.7,13.38,D
31.29857,75.76233,338.25,0.45,0.63,2025-05-20,0712,N21,VIIRS,n,2.0NRT,300.37,11.4,D
31.28939,75.72613,350.54,0.45,0.63,2025-05-20,0712,N21,VIIRS,n,2.0NRT,299.8,9.62,D
31.28824,75.72162,344.09,0.45,0.63,2025-05-20,0712,N21,VIIRS,n,2.0NRT,300.86,7.4,D
31.28709,75.71708,348.26,0.45,0.63,2025-05-20,0712,N21,VIIRS,n,2.0NRT,301.25,7.4,D
31.29517,75.76334,334.16,0.45,0.63,2025-05-20,0712,N21,VIIRS,n,2.0NRT,300.37,6.03,D
31.294,75.75885,344.8,0.45,0.63,2025-05-20,0712,N21,VIIRS,n,2.0NRT,300.09,7.26,D
31.29957,75.757,336.35,0.45,0.63,2025-05-20,0712,N21,VIIRS,n,2.0NRT,300.68,4.45,D
31.29134,75.7254,352.97,0.45,0.63,2025-05-20,0712,N21,VIIRS,n,2.0NRT,300.5,9.56,D
31.29016,75.72089,343.43,0.45,0.63,2025-05-20,0712,N21,VIIRS,n,2.0NRT,300.88,7.11,D
31.28899,75.71636,347.86,0.45,0.63,2025-05-20,0712,N21,VIIRS,n,2.0NRT,301.06,7.11,D
30.43745,76.40284,344.31,0.58,0.69,2025-05-20,0852,N21,VIIRS,n,2.0NRT,301.63,5.79,D
30.58787,76.02285,332.22,0.55,0.68,2025-05-20,0852,N21,VIIRS,n,2.0NRT,301.91,2.62,D
30.60328,76.07353,333.67,0.55,0.68,2025-05-20,0852,N21,VIIRS,n,2.0NRT,302.98,5.73,D
30.62239,76.30728,367,0.57,0.69,2025-05-20,0852,N21,VIIRS,h,2.0NRT,302.65,28.55,D
30.58548,76.0247,335.24,0.55,0.68,2025-05-20,0852,N21,VIIRS,n,2.0NRT,302.44,4,D
30.60058,76.07544,336,0.55,0.68,2025-05-20,0852,N21,VIIRS,n,2.0NRT,302.64,5.42,D
30.62432,76.30309,367,0.57,0.69,2025-05-20,0852,N21,VIIRS,h,2.0NRT,300.82,16.38,D
30.62461,76.30905,346.73,0.57,0.69,2025-05-20,0852,N21,VIIRS,n,2.0NRT,300.88,16.38,D
30.5781,75.40385,332.36,0.5,0.66,2025-05-20,0852,N21,VIIRS,l,2.0NRT,303.86,2.83,D
30.64638,75.53136,341.59,0.51,0.66,2025-05-20,0852,N21,VIIRS,n,2.0NRT,302.96,4.6,D
30.65023,75.3875,334.56,0.5,0.66,2025-05-20,0852,N21,VIIRS,l,2.0NRT,304.73,5.61,D
30.74543,76.2944,332.08,0.57,0.69,2025-05-20,0852,N21,VIIRS,l,2.0NRT,304.09,3.23,D
30.74126,76.29222,335.54,0.57,0.69,2025-05-20,0852,N21,VIIRS,n,2.0NRT,303.93,2.7,D
30.73146,75.84611,335.65,0.54,0.68,2025-05-20,0852,N21,VIIRS,n,2.0NRT,303.31,3.31,D
30.70737,75.40102,335.96,0.5,0.66,2025-05-20,0852,N21,VIIRS,n,2.0NRT,305.32,5.65,D
30.74978,76.07918,347.52,0.55,0.68,2025-05-20,0852,N21,VIIRS,n,2.0NRT,301.23,7.29,D
30.74682,75.45092,367,0.51,0.66,2025-05-20,0852,N21,VIIRS,h,2.0NRT,304.61,29.85,D
30.81658,76.02797,338.88,0.55,0.68,2025-05-20,0852,N21,VIIRS,n,2.0NRT,302.18,8.97,D
30.79896,75.60851,353.72,0.52,0.67,2025-05-20,0852,N21,VIIRS,n,2.0NRT,305.64,9.65,D
30.8202,76.02538,336.54,0.55,0.68,2025-05-20,0852,N21,VIIRS,n,2.0NRT,302.24,5.99,D
30.79887,75.60583,344.04,0.52,0.67,2025-05-20,0852,N21,VIIRS,n,2.0NRT,304.95,6.14,D
30.89055,75.48512,333.27,0.51,0.66,2025-05-20,0852,N21,VIIRS,n,2.0NRT,301.49,4.6,D
30.92752,76.35069,332.88,0.58,0.7,2025-05-20,0852,N21,VIIRS,n,2.0NRT,302.67,5.35,D
30.89129,75.48513,333.01,0.51,0.66,2025-05-20,0852,N21,VIIRS,n,2.0NRT,301.48,3.99,D
30.94222,75.51897,332.86,0.51,0.66,2025-05-20,0852,N21,VIIRS,n,2.0NRT,301.33,5.44,D
30.94193,75.5136,334.78,0.51,0.66,2025-05-20,0852,N21,VIIRS,n,2.0NRT,302.23,8.4,D
30.95552,75.649,334.23,0.52,0.67,2025-05-20,0852,N21,VIIRS,n,2.0NRT,302.34,9.11,D
30.95522,75.64351,343.04,0.52,0.67,2025-05-20,0852,N21,VIIRS,n,2.0NRT,304.58,11.6,D
30.99898,76.23712,347.01,0.57,0.69,2025-05-20,0852,N21,VIIRS,n,2.0NRT,298.98,7.34,D
30.98176,75.90505,331.05,0.54,0.68,2025-05-20,0852,N21,VIIRS,n,2.0NRT,296.53,3.53,D
31.00689,75.57381,341.98,0.52,0.67,2025-05-20,0852,N21,VIIRS,n,2.0NRT,305.54,4.62,D
31.00678,75.57212,333.85,0.52,0.67,2025-05-20,0852,N21,VIIRS,l,2.0NRT,304.88,6.58,D
31.03893,75.48268,333.84,0.51,0.66,2025-05-20,0852,N21,VIIRS,n,2.0NRT,303.15,3.56,D
31.03688,75.44522,342.96,0.51,0.66,2025-05-20,0852,N21,VIIRS,n,2.0NRT,306.94,7.14,D
31.08585,75.7767,333.72,0.53,0.67,2025-05-20,0852,N21,VIIRS,n,2.0NRT,295.6,5.34,D
31.11161,75.67968,338.59,0.53,0.67,2025-05-20,0852,N21,VIIRS,n,2.0NRT,300.99,9.01,D
31.12399,76.07602,330.12,0.56,0.69,2025-05-20,0852,N21,VIIRS,n,2.0NRT,295.48,1.03,D
31.11087,75.67682,334.86,0.53,0.67,2025-05-20,0852,N21,VIIRS,n,2.0NRT,300.9,5.8,D
31.15416,75.55762,343.17,0.52,0.67,2025-05-20,0852,N21,VIIRS,n,2.0NRT,304.65,5.71,D
31.22742,75.65158,336.27,0.53,0.67,2025-05-20,0852,N21,VIIRS,n,2.0NRT,303.46,3.13,D
31.18935,75.52276,334.97,0.52,0.67,2025-05-20,0852,N21,VIIRS,n,2.0NRT,302.26,5.71,D
31.23296,75.65166,333.24,0.53,0.67,2025-05-20,0852,N21,VIIRS,n,2.0NRT,302.73,1.96,D
30.54363,76.39702,335.48,0.58,0.69,2025-05-20,0852,N21,VIIRS,n,2.0NRT,304,3.23,D
30.51813,75.55124,336.67,0.51,0.66,2025-05-20,0852,N21,VIIRS,n,2.0NRT,302.28,6.93,D
30.49454,76.17474,336.69,0.56,0.69,2025-05-20,0852,N21,VIIRS,n,2.0NRT,302.33,7.28,D
30.49776,76.17702,345.41,0.56,0.69,2025-05-20,0852,N21,VIIRS,n,2.0NRT,303.9,9.09,D
30.4256,76.00916,341.36,0.55,0.68,2025-05-20,0852,N21,VIIRS,n,2.0NRT,303.31,9.96,D
30.4259,76.01485,331.81,0.55,0.68,2025-05-20,0852,N21,VIIRS,n,2.0NRT,301.8,6.34,D
30.43273,76.40147,341.13,0.58,0.69,2025-05-20,0852,N21,VIIRS,n,2.0NRT,301.52,6.77,D
30.93291,76.35995,331.82,0.79,0.78,2025-05-21,0654,N21,VIIRS,n,2.0NRT,291.69,7.4,D
31.25147,75.84087,337.44,0.56,0.51,2025-05-21,0835,N21,VIIRS,n,2.0NRT,304.64,4,D
30.59428,76.41413,349.76,0.59,0.53,2025-05-21,0835,N21,VIIRS,n,2.0NRT,302.68,14.9,D
30.60237,76.39445,342.83,0.59,0.53,2025-05-21,0835,N21,VIIRS,n,2.0NRT,302.53,6.9,D
30.53964,75.60003,339.1,0.53,0.5,2025-05-21,0835,N21,VIIRS,l,2.0NRT,310.98,10.62,D
30.56423,75.51675,339.19,0.52,0.5,2025-05-21,0835,N21,VIIRS,l,2.0NRT,311.21,7.72,D
30.62441,75.76816,342.61,0.54,0.51,2025-05-21,0835,N21,VIIRS,n,2.0NRT,305.84,6.36,D
30.64626,75.40212,343.86,0.52,0.5,2025-05-21,0835,N21,VIIRS,n,2.0NRT,308.66,18.6,D
30.64236,75.40601,343.87,0.52,0.5,2025-05-21,0835,N21,VIIRS,n,2.0NRT,308.91,6.4,D
30.64692,75.40543,344.37,0.52,0.5,2025-05-21,0835,N21,VIIRS,n,2.0NRT,309.2,6.4,D
30.75224,76.28671,333.6,0.59,0.53,2025-05-21,0835,N21,VIIRS,n,2.0NRT,302.45,2.51,D
30.7767,76.40232,347.23,0.6,0.53,2025-05-21,0835,N21,VIIRS,n,2.0NRT,301.55,6.51,D
30.78156,76.40175,332.73,0.6,0.53,2025-05-21,0835,N21,VIIRS,n,2.0NRT,301.74,6.51,D
30.70837,75.41951,344.47,0.52,0.5,2025-05-21,0835,N21,VIIRS,n,2.0NRT,309.42,8.94,D
30.81785,76.04163,334.69,0.57,0.52,2025-05-21,0835,N21,VIIRS,n,2.0NRT,303.72,5.35,D
30.81373,76.04057,335.94,0.57,0.52,2025-05-21,0835,N21,VIIRS,n,2.0NRT,303.31,3.45,D
30.76605,75.38827,344.6,0.52,0.5,2025-05-21,0835,N21,VIIRS,n,2.0NRT,308.55,12.51,D
30.76556,75.38286,344.38,0.52,0.5,2025-05-21,0835,N21,VIIRS,n,2.0NRT,311.56,12.51,D
30.81635,75.74096,335.68,0.54,0.51,2025-05-21,0835,N21,VIIRS,l,2.0NRT,306.58,4.54,D
30.91072,76.37938,343.78,0.6,0.53,2025-05-21,0835,N21,VIIRS,n,2.0NRT,301.5,10.56,D
30.92207,76.34037,331.72,0.59,0.53,2025-05-21,0835,N21,VIIRS,n,2.0NRT,301.04,3.69,D
30.9356,76.38277,333.64,0.6,0.53,2025-05-21,0835,N21,VIIRS,n,2.0NRT,300.82,5.91,D
30.84637,75.40555,344.57,0.52,0.5,2025-05-21,0835,N21,VIIRS,n,2.0NRT,308.21,15.95,D
30.92294,76.13039,335.46,0.58,0.52,2025-05-21,0835,N21,VIIRS,n,2.0NRT,300.41,5.51,D
30.88807,75.74945,342.42,0.55,0.51,2025-05-21,0835,N21,VIIRS,n,2.0NRT,307.46,7.03,D
30.92218,76.01577,348.58,0.57,0.52,2025-05-21,0835,N21,VIIRS,n,2.0NRT,303.7,12.94,D
30.92545,76.34013,330.5,0.59,0.53,2025-05-21,0835,N21,VIIRS,l,2.0NRT,300.7,3.13,D
30.84641,75.40476,344.83,0.52,0.5,2025-05-21,0835,N21,VIIRS,n,2.0NRT,309.23,24.01,D
30.93383,76.38318,330.74,0.6,0.53,2025-05-21,0835,N21,VIIRS,n,2.0NRT,300.69,6.44,D
30.88579,75.74924,340.36,0.55,0.51,2025-05-21,0835,N21,VIIRS,n,2.0NRT,307.47,6.98,D
30.92286,76.13032,335.46,0.58,0.52,2025-05-21,0835,N21,VIIRS,n,2.0NRT,300.26,5.91,D
30.92285,76.01546,348.13,0.57,0.52,2025-05-21,0835,N21,VIIRS,n,2.0NRT,303.36,10,D
30.93014,76.04462,335.07,0.57,0.52,2025-05-21,0835,N21,VIIRS,n,2.0NRT,302.4,4.26,D
30.96191,76.24855,335.45,0.59,0.53,2025-05-21,0835,N21,VIIRS,n,2.0NRT,301.52,4.16,D
30.95979,76.05314,342.24,0.57,0.52,2025-05-21,0835,N21,VIIRS,n,2.0NRT,299.72,8.77,D
30.95927,76.04716,332.92,0.57,0.52,2025-05-21,0835,N21,VIIRS,n,2.0NRT,300.63,6.01,D
30.9734,76.15483,342.77,0.58,0.52,2025-05-21,0835,N21,VIIRS,n,2.0NRT,300.67,9.55,D
30.96198,76.0228,344.04,0.57,0.52,2025-05-21,0835,N21,VIIRS,n,2.0NRT,305.19,13.03,D
30.95474,75.94002,344.66,0.56,0.52,2025-05-21,0835,N21,VIIRS,n,2.0NRT,304.02,18.72,D
30.9782,76.15425,331.08,0.58,0.52,2025-05-21,0835,N21,VIIRS,n,2.0NRT,300.33,3.92,D
30.95947,75.93945,345.08,0.56,0.52,2025-05-21,0835,N21,VIIRS,n,2.0NRT,304.47,14.64,D
30.92474,75.50027,341.87,0.53,0.5,2025-05-21,0835,N21,VIIRS,n,2.0NRT,306.9,7.55,D
30.93858,75.49858,336.44,0.53,0.5,2025-05-21,0835,N21,VIIRS,l,2.0NRT,307.73,10.6,D
30.95392,75.46322,339.43,0.53,0.5,2025-05-21,0835,N21,VIIRS,n,2.0NRT,307.35,12.98,D
30.95341,75.45773,345.63,0.53,0.5,2025-05-21,0835,N21,VIIRS,n,2.0NRT,309.02,17.15,D
30.98652,75.61091,342.94,0.54,0.51,2025-05-21,0835,N21,VIIRS,n,2.0NRT,311.26,13.76,D
30.98552,75.61456,336.1,0.54,0.51,2025-05-21,0835,N21,VIIRS,l,2.0NRT,307.54,9.59,D
31.04736,75.72739,337.3,0.55,0.51,2025-05-21,0835,N21,VIIRS,n,2.0NRT,304.36,3.31,D
31.04327,75.68174,342.6,0.54,0.51,2025-05-21,0835,N21,VIIRS,n,2.0NRT,307.87,8.37,D
31.08114,75.9466,334.26,0.56,0.52,2025-05-21,0835,N21,VIIRS,n,2.0NRT,302.1,1.87,D
31.06813,75.80048,335.88,0.55,0.51,2025-05-21,0835,N21,VIIRS,n,2.0NRT,303.63,3.14,D
31.04961,75.44341,337.14,0.53,0.5,2025-05-21,0835,N21,VIIRS,l,2.0NRT,308.13,6.99,D
31.0491,75.43792,344.15,0.53,0.5,2025-05-21,0835,N21,VIIRS,n,2.0NRT,309.4,8.25,D
31.0775,75.64311,335.18,0.54,0.51,2025-05-21,0835,N21,VIIRS,l,2.0NRT,306.56,6.37,D
31.08688,75.69368,333.32,0.54,0.51,2025-05-21,0835,N21,VIIRS,n,2.0NRT,304.26,1.65,D
31.08164,75.63689,337.27,0.54,0.51,2025-05-21,0835,N21,VIIRS,n,2.0NRT,305.13,6.66,D
31.09156,75.6931,367,0.54,0.51,2025-05-21,0835,N21,VIIRS,h,2.0NRT,307.33,16.08,D
31.09208,75.69881,335.5,0.55,0.51,2025-05-21,0835,N21,VIIRS,n,2.0NRT,305.11,6.99,D
31.08629,75.63632,339.04,0.54,0.51,2025-05-21,0835,N21,VIIRS,n,2.0NRT,305.54,5.65,D
31.10452,75.68,341.09,0.54,0.51,2025-05-21,0835,N21,VIIRS,n,2.0NRT,305.15,4.13,D
31.08969,75.69734,343.93,0.55,0.51,2025-05-21,0835,N21,VIIRS,n,2.0NRT,305.53,8.3,D
31.0892,75.69163,345.3,0.55,0.51,2025-05-21,0835,N21,VIIRS,n,2.0NRT,305.82,8.3,D
31.08481,75.64044,343.6,0.54,0.51,2025-05-21,0835,N21,VIIRS,n,2.0NRT,305.36,14.61,D
31.09388,75.69105,333.89,0.55,0.51,2025-05-21,0835,N21,VIIRS,l,2.0NRT,304.89,5.53,D
31.10225,75.67849,333.03,0.54,0.51,2025-05-21,0835,N21,VIIRS,l,2.0NRT,304.86,4.95,D
31.12432,75.88038,333.67,0.56,0.51,2025-05-21,0835,N21,VIIRS,n,2.0NRT,301.72,1.38,D
31.15126,76.14286,335.85,0.58,0.52,2025-05-21,0835,N21,VIIRS,n,2.0NRT,301.04,3.33,D
31.14509,75.78947,333.96,0.55,0.51,2025-05-21,0835,N21,VIIRS,n,2.0NRT,302.55,7.48,D
31.14458,75.78367,338.15,0.55,0.51,2025-05-21,0835,N21,VIIRS,n,2.0NRT,303.57,5.34,D
31.18809,75.65578,333.76,0.54,0.51,2025-05-21,0835,N21,VIIRS,l,2.0NRT,303.79,2.81,D
31.30131,75.97227,337.15,0.57,0.52,2025-05-21,0835,N21,VIIRS,n,2.0NRT,303.13,4.14,D
31.03828,75.67785,306.48,0.46,0.39,2025-05-21,2057,N21,VIIRS,n,2.0NRT,295.19,1.36,N
30.9123,76.08929,341.13,0.47,0.4,2025-05-22,0813,N21,VIIRS,n,2.0NRT,305.88,9.82,D
30.93359,76.38788,336.05,0.49,0.4,2025-05-22,0813,N21,VIIRS,n,2.0NRT,303.32,5.02,D
30.9342,76.39298,332.48,0.49,0.4,2025-05-22,0813,N21,VIIRS,l,2.0NRT,302.52,4.13,D
30.93051,76.39359,336.46,0.49,0.4,2025-05-22,0813,N21,VIIRS,n,2.0NRT,303.67,4.13,D
30.90778,76.36097,337.43,0.49,0.4,2025-05-22,0813,N21,VIIRS,l,2.0NRT,308.76,28.33,D
30.9041,76.36158,346.01,0.49,0.4,2025-05-22,0813,N21,VIIRS,n,2.0NRT,305.26,28.33,D
30.89122,76.34811,345.69,0.49,0.4,2025-05-22,0813,N21,VIIRS,n,2.0NRT,304,5.56,D
30.88896,76.35078,332.23,0.49,0.4,2025-05-22,0813,N21,VIIRS,n,2.0NRT,300.52,2.28,D
30.76414,75.45334,344.83,0.45,0.39,2025-05-22,0813,N21,VIIRS,n,2.0NRT,306.5,10.21,D
30.94651,76.27715,337.01,0.48,0.4,2025-05-22,0813,N21,VIIRS,n,2.0NRT,303.88,4.1,D
30.69112,75.39055,333.67,0.44,0.39,2025-05-22,0813,N21,VIIRS,l,2.0NRT,307.49,3.05,D
30.73059,75.76114,337.76,0.46,0.39,2025-05-22,0813,N21,VIIRS,n,2.0NRT,305.58,3.49,D
30.75752,76.34419,335.7,0.48,0.4,2025-05-22,0813,N21,VIIRS,n,2.0NRT,302.45,2.26,D
30.69799,76.37971,339.67,0.49,0.4,2025-05-22,0813,N21,VIIRS,n,2.0NRT,303.11,4.16,D
30.63547,76.01591,331.29,0.47,0.4,2025-05-22,0813,N21,VIIRS,l,2.0NRT,304.74,2.74,D
30.53967,75.55899,335.62,0.45,0.39,2025-05-22,0813,N21,VIIRS,l,2.0NRT,308.7,3.61,D
30.5195,75.9905,332.6,0.47,0.39,2025-05-22,0813,N21,VIIRS,l,2.0NRT,303.97,3.14,D
30.44937,76.38113,332.89,0.48,0.4,2025-05-22,0813,N21,VIIRS,n,2.0NRT,301.95,2.26,D
30.70404,75.37891,335.73,0.44,0.39,2025-05-22,0813,N21,VIIRS,l,2.0NRT,309.53,3.75,D
31.12036,75.93438,335.35,0.47,0.4,2025-05-22,0816,N21,VIIRS,l,2.0NRT,305.63,1.94,D
31.15876,76.09441,345.64,0.48,0.4,2025-05-22,0816,N21,VIIRS,n,2.0NRT,304.86,8.99,D
31.17052,75.79372,334.39,0.46,0.39,2025-05-22,0816,N21,VIIRS,l,2.0NRT,306.85,2.41,D
31.16041,75.68228,351.34,0.46,0.39,2025-05-22,0816,N21,VIIRS,n,2.0NRT,310.1,24.16,D
31.20897,75.80698,337.03,0.46,0.39,2025-05-22,0816,N21,VIIRS,n,2.0NRT,305.63,2.93,D
31.23313,75.63379,344.83,0.46,0.39,2025-05-22,0816,N21,VIIRS,n,2.0NRT,307.91,8.21,D
31.27536,75.85868,336.73,0.47,0.4,2025-05-22,0816,N21,VIIRS,n,2.0NRT,305.29,4.31,D
31.27476,75.85379,342.01,0.47,0.4,2025-05-22,0816,N21,VIIRS,n,2.0NRT,307.01,8.01,D
30.85128,75.43066,338.99,0.45,0.39,2025-05-22,0816,N21,VIIRS,n,2.0NRT,307.64,3.24,D
30.88046,75.54469,339.79,0.45,0.39,2025-05-22,0816,N21,VIIRS,n,2.0NRT,306.31,5,D
30.96591,76.00813,332.93,0.47,0.4,2025-05-22,0816,N21,VIIRS,l,2.0NRT,304.37,3.96,D
31.00254,76.28168,342.4,0.48,0.4,2025-05-22,0816,N21,VIIRS,n,2.0NRT,303.03,5.17,D
30.93217,75.67353,334.52,0.46,0.39,2025-05-22,0816,N21,VIIRS,l,2.0NRT,307.25,3.28,D
31.00216,76.12313,334.92,0.48,0.4,2025-05-22,0816,N21,VIIRS,l,2.0NRT,305.24,5.7,D
30.94825,75.59822,337.91,0.45,0.39,2025-05-22,0816,N21,VIIRS,l,2.0NRT,308.27,4.95,D
30.93637,75.50423,338.87,0.45,0.39,2025-05-22,0816,N21,VIIRS,n,2.0NRT,308.84,4.46,D
30.95181,75.59761,350.14,0.45,0.39,2025-05-22,0816,N21,VIIRS,n,2.0NRT,308.95,4.95,D
31.0589,76.22086,330.19,0.48,0.4,2025-05-22,0816,N21,VIIRS,l,2.0NRT,304.13,2.06,D
31.021,75.68267,336.68,0.46,0.39,2025-05-22,0816,N21,VIIRS,n,2.0NRT,305.77,1.34,D
31.01968,75.68491,338.67,0.46,0.39,2025-05-22,0816,N21,VIIRS,n,2.0NRT,307.35,3.49,D
31.0919,76.03461,338.18,0.47,0.4,2025-05-22,0816,N21,VIIRS,n,2.0NRT,306.8,5.03,D
31.03943,75.49308,337.82,0.45,0.39,2025-05-22,0816,N21,VIIRS,n,2.0NRT,306.97,1.98,D
31.03825,75.4837,338.4,0.45,0.39,2025-05-22,0816,N21,VIIRS,n,2.0NRT,307.05,5.09,D
31.0264,75.3904,338.23,0.45,0.39,2025-05-22,0816,N21,VIIRS,n,2.0NRT,307.24,8.3,D
31.10707,76.00687,335.61,0.47,0.4,2025-05-22,0816,N21,VIIRS,l,2.0NRT,306.06,5.7,D
31.07996,75.72834,343.77,0.46,0.39,2025-05-22,0816,N21,VIIRS,n,2.0NRT,307.53,7.81,D
31.13195,76.05826,332.99,0.48,0.4,2025-05-22,0816,N21,VIIRS,l,2.0NRT,305.71,2.01,D
31.11914,75.75605,337.77,0.39,0.36,2025-05-23,0756,N21,VIIRS,l,2.0NRT,307.54,0.9,D
31.23733,75.62183,348.2,0.39,0.36,2025-05-23,0756,N21,VIIRS,n,2.0NRT,310.15,9.22,D
31.19727,75.60407,338.43,0.39,0.36,2025-05-23,0756,N21,VIIRS,l,2.0NRT,308.84,5.35,D
31.19924,75.63743,338.03,0.39,0.36,2025-05-23,0756,N21,VIIRS,l,2.0NRT,307.98,6.97,D
31.25053,75.99956,340.95,0.39,0.36,2025-05-23,0756,N21,VIIRS,l,2.0NRT,311.66,9.26,D
31.15481,75.53304,346.6,0.39,0.37,2025-05-23,0756,N21,VIIRS,n,2.0NRT,310.9,9.84,D
31.21133,75.90363,346.08,0.39,0.36,2025-05-23,0756,N21,VIIRS,l,2.0NRT,310.78,6.29,D
31.1409,75.55306,337.61,0.39,0.36,2025-05-23,0756,N21,VIIRS,l,2.0NRT,308.66,7.35,D
31.14163,75.64166,343.14,0.39,0.36,2025-05-23,0756,N21,VIIRS,n,2.0NRT,308,4.33,D
31.15354,75.71488,337.7,0.39,0.36,2025-05-23,0756,N21,VIIRS,l,2.0NRT,309.35,4.6,D
31.13302,75.65198,338.29,0.39,0.36,2025-05-23,0756,N21,VIIRS,l,2.0NRT,309.02,4.79,D
31.13964,75.71371,336.42,0.39,0.36,2025-05-23,0756,N21,VIIRS,l,2.0NRT,309.4,6.84,D
31.06912,75.61503,341.78,0.39,0.36,2025-05-23,0756,N21,VIIRS,l,2.0NRT,311.8,15.71,D
31.08363,75.72566,338.37,0.39,0.36,2025-05-23,0756,N21,VIIRS,l,2.0NRT,307.57,2.92,D
31.08224,75.78059,341.42,0.39,0.36,2025-05-23,0756,N21,VIIRS,l,2.0NRT,309.13,4.13,D
31.12777,76.27917,337.91,0.39,0.36,2025-05-23,0756,N21,VIIRS,l,2.0NRT,310.05,4.26,D
30.95027,75.37379,336.62,0.4,0.37,2025-05-23,0756,N21,VIIRS,l,2.0NRT,310.13,5.79,D
30.95823,75.49919,340.56,0.4,0.37,2025-05-23,0756,N21,VIIRS,l,2.0NRT,311.53,9.76,D
30.96359,75.55313,340.07,0.4,0.37,2025-05-23,0756,N21,VIIRS,l,2.0NRT,310.75,6.77,D
30.96493,75.56131,336.76,0.39,0.37,2025-05-23,0756,N21,VIIRS,l,2.0NRT,309.58,6.8,D
30.9899,75.82122,367,0.39,0.36,2025-05-23,0756,N21,VIIRS,h,2.0NRT,313.11,14.73,D
30.99501,75.89547,346.31,0.39,0.36,2025-05-23,0756,N21,VIIRS,l,2.0NRT,309.39,6.82,D
31.00516,76.02264,339.86,0.39,0.36,2025-05-23,0756,N21,VIIRS,l,2.0NRT,309.54,19.1,D
31.02256,76.23907,335.82,0.39,0.36,2025-05-23,0756,N21,VIIRS,l,2.0NRT,308.74,6.93,D
31.02319,76.24307,348.16,0.39,0.36,2025-05-23,0756,N21,VIIRS,l,2.0NRT,310.63,6.93,D
31.00246,76.30544,344.95,0.39,0.36,2025-05-23,0756,N21,VIIRS,l,2.0NRT,308.83,24.05,D
30.91713,76.04893,340.91,0.39,0.36,2025-05-23,0756,N21,VIIRS,l,2.0NRT,310.6,8.9,D
30.89076,76.0546,338.14,0.39,0.36,2025-05-23,0756,N21,VIIRS,l,2.0NRT,308.61,5.39,D
30.80872,75.59033,333.85,0.4,0.37,2025-05-23,0756,N21,VIIRS,l,2.0NRT,307.72,2.87,D
30.9263,76.40739,337.08,0.39,0.36,2025-05-23,0756,N21,VIIRS,l,2.0NRT,309.02,4.87,D
30.86431,76.08108,342.35,0.39,0.36,2025-05-23,0756,N21,VIIRS,l,2.0NRT,310.23,6.74,D
30.89574,76.36432,337.76,0.39,0.36,2025-05-23,0756,N21,VIIRS,l,2.0NRT,306.71,9.33,D
30.73905,75.76944,338.5,0.39,0.36,2025-05-23,0756,N21,VIIRS,l,2.0NRT,308,4.62,D
30.73971,75.7735,338.28,0.39,0.36,2025-05-23,0756,N21,VIIRS,l,2.0NRT,308.45,4.99,D
30.63198,75.39082,339.22,0.4,0.37,2025-05-23,0756,N21,VIIRS,l,2.0NRT,308.63,6.13,D
30.73524,76.04189,337.66,0.39,0.36,2025-05-23,0756,N21,VIIRS,l,2.0NRT,309.3,3.45,D
30.73589,76.04591,342.57,0.39,0.36,2025-05-23,0756,N21,VIIRS,n,2.0NRT,309.01,3.45,D
30.64728,75.56601,343.26,0.4,0.37,2025-05-23,0756,N21,VIIRS,l,2.0NRT,310.04,5.61,D
30.7169,75.9917,337.02,0.39,0.36,2025-05-23,0756,N21,VIIRS,l,2.0NRT,308.38,3.08,D
30.71358,75.99218,354.88,0.39,0.36,2025-05-23,0756,N21,VIIRS,n,2.0NRT,314.03,16.24,D
30.71221,76.00497,337.72,0.39,0.36,2025-05-23,0756,N21,VIIRS,l,2.0NRT,308.53,3.52,D
30.63007,75.56099,349.52,0.4,0.37,2025-05-23,0756,N21,VIIRS,l,2.0NRT,310.55,8.04,D
30.59476,75.53483,337.9,0.4,0.37,2025-05-23,0756,N21,VIIRS,l,2.0NRT,310.28,5.08,D
30.66936,75.99337,341.63,0.39,0.36,2025-05-23,0756,N21,VIIRS,l,2.0NRT,307.34,3.22,D
30.71242,76.34893,339.3,0.39,0.36,2025-05-23,0756,N21,VIIRS,l,2.0NRT,307.43,3.53,D
30.70002,76.33504,341.53,0.39,0.36,2025-05-23,0756,N21,VIIRS,n,2.0NRT,309.26,3.66,D
30.69619,76.41833,338.47,0.39,0.36,2025-05-23,0756,N21,VIIRS,l,2.0NRT,309.04,5.94,D
30.61453,76.01347,339.67,0.39,0.36,2025-05-23,0756,N21,VIIRS,l,2.0NRT,310.56,4.67,D
30.60215,76.12718,339.15,0.39,0.36,2025-05-23,0756,N21,VIIRS,l,2.0NRT,309.12,3.61,D
30.6028,76.1312,336.81,0.39,0.36,2025-05-23,0756,N21,VIIRS,l,2.0NRT,309.11,3.61,D
30.55506,76.36846,338.55,0.39,0.36,2025-05-23,0756,N21,VIIRS,l,2.0NRT,310.47,11.14,D
30.47543,76.2739,343.85,0.39,0.36,2025-05-23,0756,N21,VIIRS,n,2.0NRT,309.53,4.52,D
30.43807,76.0831,340.78,0.39,0.36,2025-05-23,0756,N21,VIIRS,l,2.0NRT,309.01,6.91,D
31.082,75.70358,305.63,0.4,0.44,2025-05-23,2019,N21,VIIRS,n,2.0NRT,295.51,0.77,N
30.42502,75.98172,319.7,0.56,0.43,2025-05-23,2019,N21,VIIRS,n,2.0NRT,295.93,2.91,N
30.4257,75.97588,320.36,0.56,0.43,2025-05-23,2019,N21,VIIRS,n,2.0NRT,296.09,2.82,N
30.91173,75.79106,324.67,0.39,0.44,2025-05-23,2019,N21,VIIRS,n,2.0NRT,297.18,2.31,N
30.96818,75.41933,336.69,0.41,0.45,2025-05-23,2019,N21,VIIRS,n,2.0NRT,297.34,5.91,N
30.97228,75.41991,311.32,0.41,0.45,2025-05-23,2019,N21,VIIRS,n,2.0NRT,296.15,1.7,N
30.97274,75.41566,312.53,0.41,0.45,2025-05-23,2019,N21,VIIRS,n,2.0NRT,296.15,1.7,N
30.63568,76.00159,333.5,0.39,0.44,2025-05-24,0737,N21,VIIRS,l,2.0NRT,304.35,2.85,D
30.42588,76.41833,342,0.56,0.43,2025-05-24,0737,N21,VIIRS,n,2.0NRT,305.09,6.37,D
30.44091,76.28773,338.52,0.57,0.43,2025-05-24,0737,N21,VIIRS,n,2.0NRT,305.81,23.58,D
30.43614,76.22176,339.54,0.57,0.43,2025-05-24,0737,N21,VIIRS,n,2.0NRT,305.88,4.21,D
30.48557,76.39096,338.9,0.56,0.43,2025-05-24,0737,N21,VIIRS,n,2.0NRT,306.74,7.45,D
30.49774,76.4118,334.01,0.56,0.43,2025-05-24,0737,N21,VIIRS,n,2.0NRT,303.47,2.99,D
30.48526,76.38864,337.87,0.56,0.43,2025-05-24,0737,N21,VIIRS,n,2.0NRT,306.98,5.87,D
30.49756,76.40944,334.85,0.56,0.43,2025-05-24,0737,N21,VIIRS,l,2.0NRT,304.92,3.37,D
30.52444,76.36053,338.03,0.56,0.43,2025-05-24,0737,N21,VIIRS,n,2.0NRT,306.15,7.42,D
30.52945,76.36523,336.27,0.56,0.43,2025-05-24,0737,N21,VIIRS,n,2.0NRT,305.6,4.36,D
30.4751,76.00967,335.34,0.39,0.44,2025-05-24,0737,N21,VIIRS,n,2.0NRT,303,5.66,D
30.44346,75.57868,335.07,0.41,0.45,2025-05-24,0737,N21,VIIRS,n,2.0NRT,303.14,5.71,D
30.44288,75.57887,334.88,0.41,0.45,2025-05-24,0737,N21,VIIRS,n,2.0NRT,302.68,3.85,D
30.62145,76.31467,331.36,0.56,0.43,2025-05-24,0737,N21,VIIRS,l,2.0NRT,304.6,3.41,D
30.59871,76.07687,333.4,0.39,0.44,2025-05-24,0737,N21,VIIRS,l,2.0NRT,306.08,2.24,D
30.58053,75.98585,342.63,0.39,0.44,2025-05-24,0737,N21,VIIRS,n,2.0NRT,304.72,7.4,D
30.59712,76.00658,332.9,0.39,0.44,2025-05-24,0737,N21,VIIRS,n,2.0NRT,302.83,2.22,D
30.67246,76.32554,341.95,0.56,0.43,2025-05-24,0737,N21,VIIRS,n,2.0NRT,306.05,23.4,D
30.63732,76.00019,333.13,0.39,0.44,2025-05-24,0737,N21,VIIRS,l,2.0NRT,304.06,2.82,D
30.65209,75.95967,335.6,0.39,0.44,2025-05-24,0737,N21,VIIRS,n,2.0NRT,304.11,2.75,D
30.58048,75.58779,342.26,0.41,0.45,2025-05-24,0737,N21,VIIRS,n,2.0NRT,302.8,7.46,D
30.77265,76.39983,335.41,0.55,0.43,2025-05-24,0737,N21,VIIRS,l,2.0NRT,305.5,5.14,D
30.7507,76.26772,330.29,0.56,0.43,2025-05-24,0737,N21,VIIRS,l,2.0NRT,302.69,3.23,D
30.70973,75.9988,343.44,0.39,0.44,2025-05-24,0737,N21,VIIRS,n,2.0NRT,305.75,4.89,D
30.91593,76.38354,337.64,0.55,0.43,2025-05-24,0737,N21,VIIRS,n,2.0NRT,303.28,4.31,D
30.90711,76.33823,337.58,0.55,0.43,2025-05-24,0737,N21,VIIRS,n,2.0NRT,305.04,4.8,D
30.78354,75.71204,331.74,0.4,0.44,2025-05-24,0737,N21,VIIRS,l,2.0NRT,303.36,3.89,D
30.92361,76.38154,333.68,0.55,0.43,2025-05-24,0737,N21,VIIRS,l,2.0NRT,304.94,4.34,D
30.85205,75.97337,367,0.39,0.44,2025-05-24,0737,N21,VIIRS,h,2.0NRT,306.12,10.45,D
30.93295,76.36723,334.29,0.55,0.43,2025-05-24,0737,N21,VIIRS,l,2.0NRT,304.62,2.25,D
30.93461,76.35489,333.24,0.55,0.43,2025-05-24,0737,N21,VIIRS,l,2.0NRT,303.72,4.1,D
30.91883,76.33275,337.4,0.55,0.43,2025-05-24,0737,N21,VIIRS,n,2.0NRT,302.97,5.12,D
30.85046,75.97369,355.57,0.39,0.44,2025-05-24,0737,N21,VIIRS,n,2.0NRT,306.11,9.69,D
30.92086,76.30234,332.2,0.56,0.43,2025-05-24,0737,N21,VIIRS,l,2.0NRT,303.64,4.02,D
30.93603,76.35804,334.72,0.55,0.43,2025-05-24,0737,N21,VIIRS,n,2.0NRT,302.99,4.18,D
30.88073,76.08237,337.95,0.57,0.43,2025-05-24,0737,N21,VIIRS,n,2.0NRT,304.85,6.12,D
30.78651,75.62048,343.58,0.4,0.45,2025-05-24,0737,N21,VIIRS,n,2.0NRT,302.58,7.12,D
30.77685,75.55313,334.37,0.41,0.45,2025-05-24,0737,N21,VIIRS,n,2.0NRT,301.84,2.97,D
30.79537,75.62246,331.63,0.4,0.45,2025-05-24,0737,N21,VIIRS,l,2.0NRT,302.29,2.24,D
30.7849,75.55098,343.12,0.41,0.45,2025-05-24,0737,N21,VIIRS,n,2.0NRT,303.19,10.81,D
30.78233,75.53847,342.48,0.41,0.45,2025-05-24,0737,N21,VIIRS,n,2.0NRT,305.81,8.78,D
30.82933,75.74719,339.96,0.4,0.44,2025-05-24,0737,N21,VIIRS,n,2.0NRT,305.85,5.82,D
30.91272,76.09847,334.01,0.57,0.43,2025-05-24,0737,N21,VIIRS,l,2.0NRT,305.99,5.1,D
30.77855,75.375,339.64,0.42,0.45,2025-05-24,0737,N21,VIIRS,n,2.0NRT,303.03,2.92,D
30.98379,76.3337,334.18,0.55,0.43,2025-05-24,0737,N21,VIIRS,n,2.0NRT,302.44,4.14,D
30.97535,76.27014,343.1,0.56,0.43,2025-05-24,0737,N21,VIIRS,n,2.0NRT,305.16,6.64,D
30.93579,76.04931,337.56,0.57,0.43,2025-05-24,0737,N21,VIIRS,n,2.0NRT,306.67,5.69,D
30.86817,75.71111,334.38,0.4,0.44,2025-05-24,0737,N21,VIIRS,l,2.0NRT,304.58,4.68,D
30.84226,75.56189,344.94,0.41,0.45,2025-05-24,0737,N21,VIIRS,n,2.0NRT,304.88,10.92,D
30.83424,75.48038,333.44,0.41,0.45,2025-05-24,0737,N21,VIIRS,l,2.0NRT,303.57,3.72,D
30.86147,75.40774,334.72,0.41,0.45,2025-05-24,0737,N21,VIIRS,n,2.0NRT,303.95,1.17,D
30.98202,75.93541,340.62,0.39,0.44,2025-05-24,0737,N21,VIIRS,n,2.0NRT,304.64,4.1,D
30.99454,75.91541,341.84,0.39,0.44,2025-05-24,0737,N21,VIIRS,n,2.0NRT,303.58,4.74,D
30.93582,75.62505,334.27,0.4,0.44,2025-05-24,0737,N21,VIIRS,l,2.0NRT,304.57,6.5,D
30.93498,75.62093,341.84,0.4,0.44,2025-05-24,0737,N21,VIIRS,n,2.0NRT,304.33,8.67,D
30.91682,75.49036,349.51,0.41,0.45,2025-05-24,0737,N21,VIIRS,n,2.0NRT,301.69,5.25,D
30.96394,75.63914,335.83,0.4,0.44,2025-05-24,0737,N21,VIIRS,n,2.0NRT,304.2,6.67,D
31.07905,76.17523,338.19,0.56,0.43,2025-05-24,0737,N21,VIIRS,n,2.0NRT,302.6,2.66,D
31.05504,76.0535,334.8,0.57,0.43,2025-05-24,0737,N21,VIIRS,n,2.0NRT,304.66,5.64,D
31.10475,76.26486,335.04,0.55,0.43,2025-05-24,0737,N21,VIIRS,n,2.0NRT,302.04,1.95,D
31.10525,76.2467,337.14,0.56,0.43,2025-05-24,0737,N21,VIIRS,n,2.0NRT,303.85,12.86,D
30.96128,75.50034,344,0.41,0.45,2025-05-24,0737,N21,VIIRS,n,2.0NRT,304.61,8.55,D
30.96531,75.49924,340.2,0.41,0.45,2025-05-24,0737,N21,VIIRS,n,2.0NRT,303.39,2.22,D
31.0582,75.92358,350.36,0.39,0.44,2025-05-24,0737,N21,VIIRS,n,2.0NRT,307,8.46,D
31.06212,75.92253,336,0.39,0.44,2025-05-24,0737,N21,VIIRS,n,2.0NRT,301.53,8.46,D
30.96391,75.42895,336.32,0.41,0.45,2025-05-24,0737,N21,VIIRS,l,2.0NRT,306.82,6.56,D
31.06067,75.92277,342.85,0.39,0.44,2025-05-24,0737,N21,VIIRS,n,2.0NRT,304.88,13.25,D
30.96341,75.42938,336.7,0.41,0.45,2025-05-24,0737,N21,VIIRS,l,2.0NRT,306.76,6.68,D
30.96658,75.42409,337.24,0.41,0.45,2025-05-24,0737,N21,VIIRS,l,2.0NRT,307.58,8.04,D
30.9657,75.41988,337.24,0.41,0.45,2025-05-24,0737,N21,VIIRS,n,2.0NRT,306.91,6.82,D
31.06361,75.87611,336.78,0.39,0.44,2025-05-24,0737,N21,VIIRS,n,2.0NRT,304.02,5.65,D
31.062,75.86817,349.32,0.39,0.44,2025-05-24,0737,N21,VIIRS,n,2.0NRT,306.42,9.47,D
31.06754,75.87506,341.98,0.39,0.44,2025-05-24,0737,N21,VIIRS,n,2.0NRT,302.12,11.7,D
31.06673,75.8711,344.85,0.39,0.44,2025-05-24,0737,N21,VIIRS,n,2.0NRT,306.98,11.7,D
31.06593,75.86713,351.31,0.39,0.44,2025-05-24,0737,N21,VIIRS,n,2.0NRT,307.26,6.5,D
31.01065,75.59645,335.32,0.4,0.44,2025-05-24,0737,N21,VIIRS,n,2.0NRT,303.98,8.28,D
31.0098,75.59233,340.46,0.4,0.44,2025-05-24,0737,N21,VIIRS,n,2.0NRT,305.03,7.47,D
31.06986,75.86608,345.55,0.39,0.44,2025-05-24,0737,N21,VIIRS,n,2.0NRT,304.87,6.5,D
31.0138,75.59126,343.48,0.4,0.44,2025-05-24,0737,N21,VIIRS,n,2.0NRT,304.08,7.47,D
31.05433,75.76912,338.54,0.39,0.44,2025-05-24,0737,N21,VIIRS,n,2.0NRT,304.5,4.92,D
31.10154,75.941,353.93,0.38,0.43,2025-05-24,0737,N21,VIIRS,n,2.0NRT,303.5,8.03,D
31.10545,75.93996,338.92,0.38,0.43,2025-05-24,0737,N21,VIIRS,n,2.0NRT,304.14,4.19,D
31.10466,75.93601,345.09,0.38,0.43,2025-05-24,0737,N21,VIIRS,n,2.0NRT,304.97,4.19,D
31.14893,76.07534,340.17,0.57,0.43,2025-05-24,0737,N21,VIIRS,n,2.0NRT,304.62,5.7,D
31.09968,75.82878,339.23,0.39,0.44,2025-05-24,0737,N21,VIIRS,n,2.0NRT,304.85,4.21,D
31.09888,75.82479,335.93,0.39,0.44,2025-05-24,0737,N21,VIIRS,n,2.0NRT,304.97,5.51,D
31.06343,75.5866,342.94,0.4,0.44,2025-05-24,0737,N21,VIIRS,n,2.0NRT,305.09,7.78,D
31.18498,76.17517,336.55,0.56,0.43,2025-05-24,0737,N21,VIIRS,n,2.0NRT,303.59,8.72,D
31.1226,75.86041,342.97,0.39,0.44,2025-05-24,0737,N21,VIIRS,n,2.0NRT,304.85,5.05,D
31.04053,75.45275,346.43,0.41,0.45,2025-05-24,0737,N21,VIIRS,n,2.0NRT,301.84,7.01,D
31.15012,75.8321,345.15,0.39,0.44,2025-05-24,0737,N21,VIIRS,n,2.0NRT,303.01,8.04,D
31.06513,75.40627,343.14,0.41,0.45,2025-05-24,0737,N21,VIIRS,n,2.0NRT,304.76,4.54,D
31.06429,75.40206,354.89,0.41,0.45,2025-05-24,0737,N21,VIIRS,n,2.0NRT,306.61,9.95,D
31.06478,75.40636,343.41,0.41,0.45,2025-05-24,0737,N21,VIIRS,n,2.0NRT,304.8,5.38,D
31.06391,75.40217,353.71,0.41,0.45,2025-05-24,0737,N21,VIIRS,n,2.0NRT,306.62,9.78,D
31.15165,75.72577,339.71,0.39,0.44,2025-05-24,0737,N21,VIIRS,n,2.0NRT,303.28,4.22,D
31.11665,75.55476,333.81,0.4,0.44,2025-05-24,0737,N21,VIIRS,n,2.0NRT,303.8,3.72,D
31.29384,76.39393,333.47,0.54,0.42,2025-05-24,0737,N21,VIIRS,n,2.0NRT,301.61,1.69,D
31.23019,76.03284,340.41,0.57,0.43,2025-05-24,0737,N21,VIIRS,n,2.0NRT,303.18,9.27,D
31.12286,75.4613,331.04,0.41,0.45,2025-05-24,0737,N21,VIIRS,l,2.0NRT,303.99,4.97,D
31.2056,75.74525,345.85,0.39,0.44,2025-05-24,0737,N21,VIIRS,n,2.0NRT,305.37,6.11,D
31.22475,75.82015,344.44,0.39,0.44,2025-05-24,0737,N21,VIIRS,n,2.0NRT,305.97,6.63,D
31.23896,75.87067,337.54,0.38,0.44,2025-05-24,0737,N21,VIIRS,n,2.0NRT,304.98,3.93,D
31.209,75.61625,337.83,0.4,0.44,2025-05-24,0737,N21,VIIRS,n,2.0NRT,305.64,3.79,D
31.22954,75.62921,340.72,0.4,0.44,2025-05-24,0737,N21,VIIRS,n,2.0NRT,306.21,6.05,D
31.23914,75.63517,334.55,0.4,0.44,2025-05-24,0737,N21,VIIRS,l,2.0NRT,305.96,3.11,D
31.26589,75.7048,343.34,0.39,0.44,2025-05-24,0737,N21,VIIRS,n,2.0NRT,305.71,3.86,D
31.28992,75.76177,341.04,0.39,0.44,2025-05-24,0737,N21,VIIRS,n,2.0NRT,303.28,2.38,D
31.30318,75.72443,343.87,0.39,0.44,2025-05-24,0737,N21,VIIRS,n,2.0NRT,306.2,8.29,D
30.72899,76.21822,367,0.35,0.57,2025-05-25,0718,N21,VIIRS,h,2.0NRT,301.82,32.12,D
31.01631,76.2341,367,0.34,0.56,2025-05-25,0718,N21,VIIRS,h,2.0NRT,302.73,38.82,D
31.05041,76.30917,336.3,0.34,0.56,2025-05-25,0718,N21,VIIRS,n,2.0NRT,294.25,5.65,D
31.03895,76.17072,351.39,0.35,0.56,2025-05-25,0718,N21,VIIRS,n,2.0NRT,298.21,8.14,D
30.76469,76.08699,333.68,0.36,0.57,2025-05-25,0718,N21,VIIRS,n,2.0NRT,297.2,2.27,D
30.72816,76.21469,333.95,0.35,0.57,2025-05-25,0718,N21,VIIRS,n,2.0NRT,296.32,17.07,D
30.55983,75.7687,333.19,0.38,0.58,2025-05-25,0718,N21,VIIRS,n,2.0NRT,295.3,2.19,D
31.02627,76.02625,339.63,0.35,0.57,2025-05-25,0718,N21,VIIRS,n,2.0NRT,297.33,3.09,D
30.4403,76.3787,331.19,0.35,0.57,2025-05-25,0718,N21,VIIRS,n,2.0NRT,294.39,2.67,D
30.68021,76.33119,335.87,0.35,0.56,2025-05-25,0718,N21,VIIRS,n,2.0NRT,297.35,3.09,D
30.81761,75.57894,335.19,0.38,0.59,2025-05-25,0718,N21,VIIRS,n,2.0NRT,294.39,3.79,D
30.81915,75.57757,351.64,0.38,0.59,2025-05-25,0718,N21,VIIRS,n,2.0NRT,296.04,5.08,D
30.99878,76.35455,347.94,0.34,0.56,2025-05-25,0718,N21,VIIRS,n,2.0NRT,294.75,5.48,D
30.94374,76.41567,330.85,0.34,0.56,2025-05-25,0718,N21,VIIRS,n,2.0NRT,297.44,5.93,D
30.7762,75.99812,335.42,0.36,0.57,2025-05-25,0718,N21,VIIRS,n,2.0NRT,297.8,6.71,D
30.77533,75.99449,367,0.36,0.57,2025-05-25,0718,N21,VIIRS,h,2.0NRT,296.72,6.71,D
30.85371,76.391,336.13,0.34,0.56,2025-05-25,0718,N21,VIIRS,n,2.0NRT,297.53,5.1,D
30.85453,76.39444,340.31,0.34,0.56,2025-05-25,0718,N21,VIIRS,n,2.0NRT,298.19,4.97,D
30.43931,76.35307,333.49,0.72,0.75,2025-05-25,0858,N21,VIIRS,n,2.0NRT,291.79,11.5,D
30.43994,76.35343,334.07,0.72,0.75,2025-05-25,0858,N21,VIIRS,n,2.0NRT,291.77,7.37,D
30.89646,76.35283,350.84,0.72,0.76,2025-05-25,0900,N21,VIIRS,n,2.0NRT,293.82,19.43,D
31.23245,75.61556,304.89,0.33,0.55,2025-05-25,2123,N21,VIIRS,n,2.0NRT,292.12,0.78,N
31.09719,75.70982,367,0.69,0.74,2025-05-26,0659,N21,VIIRS,h,2.0NRT,300.41,19.8,D
31.16769,75.85571,330.27,0.67,0.74,2025-05-26,0659,N21,VIIRS,n,2.0NRT,297.14,2.73,D
31.24995,75.6657,330.92,0.68,0.74,2025-05-26,0659,N21,VIIRS,n,2.0NRT,297.48,4.24,D
30.92576,76.08741,331.38,0.66,0.73,2025-05-26,0659,N21,VIIRS,n,2.0NRT,294.6,5.56,D
30.92387,76.08083,334.1,0.66,0.73,2025-05-26,0659,N21,VIIRS,n,2.0NRT,294.35,5.56,D
30.8772,75.71874,336.33,0.7,0.75,2025-05-26,0659,N21,VIIRS,n,2.0NRT,297.52,6.12,D
31.00345,75.84656,338.94,0.68,0.74,2025-05-26,0659,N21,VIIRS,n,2.0NRT,296.27,8.92,D
31.0015,75.83981,332.15,0.68,0.74,2025-05-26,0659,N21,VIIRS,n,2.0NRT,296.79,8.92,D
31.04796,75.92683,330.77,0.67,0.74,2025-05-26,0659,N21,VIIRS,n,2.0NRT,297.07,1.75,D
30.93149,75.39147,340.84,0.72,0.76,2025-05-26,0659,N21,VIIRS,n,2.0NRT,296.74,6.72,D
31.09067,75.71223,332.32,0.69,0.74,2025-05-26,0659,N21,VIIRS,n,2.0NRT,297.48,19.8,D
30.50073,76.17484,332.26,0.67,0.74,2025-05-26,0659,N21,VIIRS,n,2.0NRT,296,7.09,D
30.49898,76.17891,335.63,0.67,0.74,2025-05-26,0659,N21,VIIRS,n,2.0NRT,296.21,9.47,D
30.74081,76.11148,330.33,0.67,0.73,2025-05-26,0659,N21,VIIRS,n,2.0NRT,296.59,9.56,D
30.73402,76.04695,332.75,0.67,0.74,2025-05-26,0659,N21,VIIRS,n,2.0NRT,297.57,3.84,D
30.7424,76.05127,334.96,0.67,0.74,2025-05-26,0659,N21,VIIRS,n,2.0NRT,297.91,6.77,D
30.94244,76.38947,336.95,0.63,0.72,2025-05-26,0659,N21,VIIRS,n,2.0NRT,299.15,8.55,D
30.89806,76.10757,349.91,0.66,0.73,2025-05-26,0659,N21,VIIRS,n,2.0NRT,299,11.44,D
30.89621,76.10102,336.43,0.66,0.73,2025-05-26,0659,N21,VIIRS,n,2.0NRT,299.07,11.44,D
30.92649,76.08247,353.1,0.66,0.73,2025-05-26,0659,N21,VIIRS,n,2.0NRT,294.58,10.37,D
31.21263,75.73905,338.34,0.34,0.56,2025-05-26,0839,N21,VIIRS,n,2.0NRT,303.53,1.5,D
31.19975,75.56796,354.44,0.34,0.56,2025-05-26,0839,N21,VIIRS,n,2.0NRT,307,5.02,D
31.21564,75.70971,332.1,0.34,0.56,2025-05-26,0839,N21,VIIRS,n,2.0NRT,300.55,1.16,D
31.24656,75.63795,342,0.34,0.56,2025-05-26,0839,N21,VIIRS,n,2.0NRT,305.76,4.3,D
30.91373,76.26998,342.11,0.37,0.58,2025-05-26,0839,N21,VIIRS,n,2.0NRT,302.22,5.88,D
30.9124,76.27206,336.06,0.37,0.58,2025-05-26,0839,N21,VIIRS,n,2.0NRT,301.64,5.13,D
30.93882,76.04782,367,0.36,0.57,2025-05-26,0839,N21,VIIRS,h,2.0NRT,302.78,18.35,D
30.81155,75.44153,334.98,0.33,0.55,2025-05-26,0839,N21,VIIRS,n,2.0NRT,303.01,1.47,D
30.78868,76.09542,339.12,0.36,0.57,2025-05-26,0839,N21,VIIRS,n,2.0NRT,301.18,3.86,D
30.78897,76.09527,339.2,0.36,0.57,2025-05-26,0839,N21,VIIRS,n,2.0NRT,301.52,5.16,D
30.79236,76.34773,367,0.37,0.58,2025-05-26,0839,N21,VIIRS,h,2.0NRT,299.22,8,D
30.63549,75.69957,367,0.34,0.56,2025-05-26,0839,N21,VIIRS,h,2.0NRT,302.99,9.04,D
30.4875,76.03223,331.39,0.35,0.57,2025-05-26,0839,N21,VIIRS,n,2.0NRT,299.64,1.46,D
30.49367,76.26066,333.41,0.36,0.58,2025-05-26,0839,N21,VIIRS,n,2.0NRT,299.93,4.67,D
30.84933,75.59045,333.52,0.33,0.56,2025-05-26,0839,N21,VIIRS,n,2.0NRT,301.4,1.47,D
30.93078,75.60402,336.92,0.33,0.56,2025-05-26,0839,N21,VIIRS,n,2.0NRT,305.1,5.17,D
30.98067,75.97238,334.85,0.35,0.57,2025-05-26,0839,N21,VIIRS,n,2.0NRT,301.71,2.07,D
31.02072,75.7981,367,0.34,0.56,2025-05-26,0839,N21,VIIRS,h,2.0NRT,306.47,10.98,D
31.02014,75.72218,352.96,0.34,0.56,2025-05-26,0839,N21,VIIRS,n,2.0NRT,303.27,9.97,D
31.01767,75.68999,338.23,0.34,0.56,2025-05-26,0839,N21,VIIRS,n,2.0NRT,302.59,4.42,D
31.04294,75.88371,342.36,0.35,0.57,2025-05-26,0839,N21,VIIRS,n,2.0NRT,304.3,3.01,D
31.13449,75.62661,338.86,0.34,0.56,2025-05-26,0839,N21,VIIRS,n,2.0NRT,304.88,2.74,D
31.20856,75.89766,334.15,0.35,0.57,2025-05-26,0839,N21,VIIRS,n,2.0NRT,303.81,1.68,D
31.08332,75.95476,337.85,0.56,0.43,2025-05-27,0822,N21,VIIRS,n,2.0NRT,303.98,12.03,D
30.96718,75.91481,339.27,0.56,0.43,2025-05-27,0822,N21,VIIRS,n,2.0NRT,301.4,6.85,D
31.016,76.31189,335.58,0.39,0.44,2025-05-27,0822,N21,VIIRS,n,2.0NRT,300.73,2.88,D
31.02001,76.31129,343.27,0.39,0.44,2025-05-27,0822,N21,VIIRS,n,2.0NRT,303.04,6.19,D
30.97962,75.91882,339.09,0.56,0.43,2025-05-27,0822,N21,VIIRS,n,2.0NRT,306.49,10.05,D
30.97828,75.9072,343.24,0.56,0.43,2025-05-27,0822,N21,VIIRS,n,2.0NRT,309.03,21.84,D
31.02137,76.31179,336.01,0.39,0.44,2025-05-27,0822,N21,VIIRS,n,2.0NRT,302.58,2.98,D
30.97981,75.92307,337.67,0.56,0.43,2025-05-27,0822,N21,VIIRS,n,2.0NRT,304.71,9.6,D
30.97854,75.91142,338.26,0.56,0.43,2025-05-27,0822,N21,VIIRS,n,2.0NRT,306.56,15.4,D
30.97791,75.9056,340.88,0.56,0.43,2025-05-27,0822,N21,VIIRS,n,2.0NRT,308.23,16.91,D
30.98264,75.5918,340.37,0.54,0.42,2025-05-27,0822,N21,VIIRS,n,2.0NRT,306.64,7.18,D
30.982,75.58621,337.84,0.54,0.42,2025-05-27,0822,N21,VIIRS,n,2.0NRT,305.15,7.18,D
31.04184,75.62828,340.75,0.54,0.42,2025-05-27,0822,N21,VIIRS,n,2.0NRT,300.72,9.58,D
31.10435,75.64614,337.75,0.54,0.42,2025-05-27,0822,N21,VIIRS,n,2.0NRT,304.05,6.54,D
31.10445,75.99939,336.37,0.56,0.43,2025-05-27,0822,N21,VIIRS,n,2.0NRT,302.27,4.88,D
31.05986,75.61404,336.86,0.54,0.42,2025-05-27,0822,N21,VIIRS,n,2.0NRT,304.47,6.47,D
31.08269,75.95399,338.62,0.56,0.43,2025-05-27,0822,N21,VIIRS,n,2.0NRT,304.16,9.53,D
31.08852,75.7878,338.53,0.55,0.43,2025-05-27,0822,N21,VIIRS,n,2.0NRT,305.58,9.09,D
31.13112,76.03059,339.04,0.57,0.43,2025-05-27,0822,N21,VIIRS,n,2.0NRT,305.22,11.36,D
31.09585,75.71099,340.34,0.55,0.42,2025-05-27,0822,N21,VIIRS,n,2.0NRT,305.17,13.18,D
31.28581,75.80677,340.96,0.55,0.43,2025-05-27,0822,N21,VIIRS,n,2.0NRT,301.9,10.57,D
31.28591,75.80868,338,0.55,0.43,2025-05-27,0822,N21,VIIRS,n,2.0NRT,301.24,10.57,D
31.24481,75.76204,336.04,0.55,0.43,2025-05-27,0822,N21,VIIRS,n,2.0NRT,301.93,2.98,D
31.26164,76.09417,338.9,0.57,0.43,2025-05-27,0822,N21,VIIRS,n,2.0NRT,305.31,5.9,D
31.25133,76.11098,338.39,0.38,0.43,2025-05-27,0822,N21,VIIRS,n,2.0NRT,303.6,3.84,D
31.13208,75.57878,337.2,0.54,0.42,2025-05-27,0822,N21,VIIRS,n,2.0NRT,304.92,8.37,D
30.4298,76.27713,337.81,0.57,0.43,2025-05-27,0822,N21,VIIRS,n,2.0NRT,304.74,7.34,D
30.53877,76.28957,340.96,0.38,0.43,2025-05-27,0822,N21,VIIRS,n,2.0NRT,305.4,5.37,D
30.54276,76.28897,344.91,0.38,0.43,2025-05-27,0822,N21,VIIRS,n,2.0NRT,303.24,5.37,D
30.53002,75.43488,340.73,0.52,0.42,2025-05-27,0822,N21,VIIRS,n,2.0NRT,308.38,24.94,D
30.67149,76.11823,331,0.57,0.43,2025-05-27,0822,N21,VIIRS,n,2.0NRT,300.67,4.63,D
30.7065,76.26529,337.93,0.38,0.44,2025-05-27,0822,N21,VIIRS,n,2.0NRT,303.76,5.31,D
30.63875,75.44305,339.01,0.52,0.42,2025-05-27,0822,N21,VIIRS,n,2.0NRT,306.94,12.74,D
30.9473,76.31794,352.52,0.39,0.44,2025-05-27,0822,N21,VIIRS,n,2.0NRT,302.78,22.38,D
30.93728,76.22497,332.11,0.38,0.44,2025-05-27,0822,N21,VIIRS,n,2.0NRT,301.66,4.51,D
30.92369,76.07902,337.26,0.39,0.36,2025-05-28,0803,N21,VIIRS,l,2.0NRT,307.32,4.69,D
30.98565,75.55701,348.07,0.38,0.36,2025-05-28,0803,N21,VIIRS,n,2.0NRT,312.56,6.22,D
31.02637,75.64749,348.27,0.38,0.36,2025-05-28,0803,N21,VIIRS,n,2.0NRT,314.43,12.75,D
30.91905,76.34967,337.78,0.39,0.36,2025-05-28,0803,N21,VIIRS,n,2.0NRT,306.73,6.38,D
31.06703,75.64748,340.88,0.38,0.36,2025-05-28,0803,N21,VIIRS,l,2.0NRT,315.19,8.02,D
31.12556,75.99485,347.02,0.39,0.36,2025-05-28,0803,N21,VIIRS,n,2.0NRT,309.69,8.59,D
31.30382,76.37679,338.78,0.39,0.36,2025-05-28,0803,N21,VIIRS,n,2.0NRT,303.49,3.75,D
31.15904,75.80644,341.87,0.39,0.36,2025-05-28,0803,N21,VIIRS,n,2.0NRT,311.65,4.71,D
31.09268,75.63432,339.4,0.38,0.36,2025-05-28,0803,N21,VIIRS,l,2.0NRT,310.43,7.33,D
30.93458,76.29253,340.99,0.39,0.36,2025-05-28,0803,N21,VIIRS,n,2.0NRT,308.15,10.19,D
30.90355,76.10369,337.36,0.39,0.36,2025-05-28,0803,N21,VIIRS,l,2.0NRT,307.62,8.23,D
30.90542,76.37318,339.4,0.39,0.36,2025-05-28,0803,N21,VIIRS,n,2.0NRT,307.82,5.53,D
30.90346,76.33607,341.46,0.39,0.36,2025-05-28,0803,N21,VIIRS,n,2.0NRT,307.12,10.15,D
30.90677,76.33542,338.72,0.39,0.36,2025-05-28,0803,N21,VIIRS,n,2.0NRT,307.73,6.65,D
30.8042,75.39568,347.65,0.38,0.36,2025-05-28,0803,N21,VIIRS,n,2.0NRT,310.14,6.6,D
30.92428,76.08303,345.65,0.39,0.36,2025-05-28,0803,N21,VIIRS,n,2.0NRT,308.62,4.69,D
31.00426,75.9104,340.9,0.39,0.36,2025-05-28,0803,N21,VIIRS,n,2.0NRT,310.1,5.07,D
31.07986,75.62015,339.03,0.38,0.36,2025-05-28,0803,N21,VIIRS,l,2.0NRT,311.68,6.26,D
30.62384,76.30578,339.43,0.39,0.36,2025-05-28,0803,N21,VIIRS,l,2.0NRT,309.93,3.22,D
30.60037,76.21536,343.1,0.39,0.36,2025-05-28,0803,N21,VIIRS,n,2.0NRT,309.29,7.55,D
30.43571,76.32161,341.86,0.39,0.36,2025-05-28,0803,N21,VIIRS,n,2.0NRT,311.16,9.57,D
30.68569,76.38122,342.67,0.39,0.36,2025-05-28,0803,N21,VIIRS,n,2.0NRT,310.5,6.55,D
30.67689,76.13471,347.79,0.39,0.36,2025-05-28,0803,N21,VIIRS,n,2.0NRT,308.52,10.32,D
30.76855,75.76763,338.43,0.38,0.36,2025-05-28,0803,N21,VIIRS,l,2.0NRT,311.51,3.78,D
30.78782,75.60003,337.23,0.38,0.36,2025-05-28,0803,N21,VIIRS,l,2.0NRT,310.59,4.1,D
30.71985,76.1048,347.92,0.48,0.4,2025-05-29,0744,N21,VIIRS,n,2.0NRT,310.53,7.06,D
30.51597,75.76131,341.75,0.5,0.41,2025-05-29,0744,N21,VIIRS,l,2.0NRT,315.18,11.68,D
30.52061,75.76551,341.19,0.5,0.41,2025-05-29,0744,N21,VIIRS,l,2.0NRT,313.47,8.76,D
30.56392,75.45266,340.44,0.52,0.41,2025-05-29,0744,N21,VIIRS,l,2.0NRT,313.13,6.66,D
30.76435,76.30277,344.42,0.47,0.4,2025-05-29,0744,N21,VIIRS,l,2.0NRT,316.04,13.88,D
30.76609,75.80808,339.23,0.49,0.41,2025-05-29,0744,N21,VIIRS,l,2.0NRT,313.23,9.54,D
30.78635,75.71244,339.11,0.5,0.41,2025-05-29,0744,N21,VIIRS,l,2.0NRT,309.26,5.54,D
30.97342,76.34639,338.31,0.46,0.39,2025-05-29,0744,N21,VIIRS,l,2.0NRT,310.83,3.91,D
30.85278,75.44398,342.85,0.51,0.41,2025-05-29,0744,N21,VIIRS,n,2.0NRT,311.86,11.98,D
30.95575,75.96865,338.77,0.48,0.4,2025-05-29,0744,N21,VIIRS,l,2.0NRT,311.56,17.95,D
30.95298,75.76987,343.89,0.49,0.4,2025-05-29,0744,N21,VIIRS,l,2.0NRT,315.42,14.92,D
31.02041,75.58405,343.77,0.5,0.41,2025-05-29,0744,N21,VIIRS,l,2.0NRT,313.99,12.99,D
31.05719,75.69824,339.9,0.49,0.41,2025-05-29,0744,N21,VIIRS,l,2.0NRT,312.02,11.78,D
31.12992,76.02777,340.18,0.48,0.4,2025-05-29,0744,N21,VIIRS,l,2.0NRT,312.19,7.27,D
31.14881,75.55956,341.64,0.5,0.41,2025-05-29,0744,N21,VIIRS,l,2.0NRT,312.48,10.22,D
31.15022,75.55681,337.57,0.5,0.41,2025-05-29,0744,N21,VIIRS,l,2.0NRT,311.65,8.71,D
31.18067,75.55451,344.05,0.5,0.41,2025-05-29,0744,N21,VIIRS,n,2.0NRT,313.49,7.43,D
31.18435,75.55359,344.66,0.5,0.41,2025-05-29,0744,N21,VIIRS,n,2.0NRT,313.07,7.43,D
31.09087,75.75258,335.77,0.59,0.53,2025-05-30,0726,N21,VIIRS,n,2.0NRT,303.2,5.34,D
31.09012,75.74949,342.75,0.59,0.53,2025-05-30,0726,N21,VIIRS,n,2.0NRT,303.61,8.99,D
30.96589,76.29179,341.53,0.55,0.51,2025-05-30,0726,N21,VIIRS,n,2.0NRT,303.28,8.16,D
30.49424,75.46108,334.5,0.63,0.54,2025-05-30,0726,N21,VIIRS,n,2.0NRT,302.5,3.69,D
31.22984,75.87434,331.34,0.58,0.52,2025-05-30,0726,N21,VIIRS,l,2.0NRT,303.86,1.46,D
31.30862,76.38455,334.26,0.54,0.51,2025-05-30,0726,N21,VIIRS,l,2.0NRT,307.48,4.11,D
31.08948,75.7466,330.2,0.59,0.53,2025-05-30,0726,N21,VIIRS,l,2.0NRT,302.71,4.71,D
30.8082,76.01604,309.67,0.56,0.69,2025-05-30,1947,N21,VIIRS,n,2.0NRT,291.72,1.58,N
30.81192,76.01487,304.4,0.56,0.69,2025-05-30,1947,N21,VIIRS,n,2.0NRT,291.09,1.29,N
31.17799,75.87703,330.87,0.54,0.68,2025-05-31,0705,N21,VIIRS,n,2.0NRT,296.26,2.78,D
31.14773,75.64806,340.71,0.56,0.69,2025-05-31,0705,N21,VIIRS,n,2.0NRT,295.46,5.46,D
31.00771,76.07183,330.77,0.53,0.67,2025-05-31,0705,N21,VIIRS,n,2.0NRT,295.67,3.69,D
30.47653,76.30944,342.83,0.53,0.67,2025-05-31,0705,N21,VIIRS,n,2.0NRT,300.32,5.11,D
31.0077,76.07071,334.1,0.53,0.67,2025-05-31,0705,N21,VIIRS,n,2.0NRT,295.79,4.12,D
30.9662,76.06284,331.96,0.54,0.68,2025-05-31,0705,N21,VIIRS,n,2.0NRT,295.61,3.75,D
30.98302,76.08225,343.01,0.45,0.63,2025-05-31,0845,N21,VIIRS,n,2.0NRT,299.38,6.54,D
30.76112,76.36201,334.43,0.46,0.64,2025-05-31,0845,N21,VIIRS,n,2.0NRT,300.97,5.42,D
30.77813,75.53239,344.24,0.41,0.61,2025-05-31,0845,N21,VIIRS,n,2.0NRT,299.04,4.36,D
30.91932,76.2793,351.69,0.46,0.64,2025-05-31,0845,N21,VIIRS,n,2.0NRT,299.23,12.23,D
30.98351,76.0813,339.66,0.45,0.63,2025-05-31,0845,N21,VIIRS,n,2.0NRT,299.15,4.15,D
31.06152,76.1171,330.9,0.45,0.63,2025-05-31,0845,N21,VIIRS,n,2.0NRT,296.78,2.04,D
31.14661,76.03918,336.47,0.46,0.47,2025-06-01,0828,N21,VIIRS,l,2.0NRT,309.46,6.07,D
31.13849,75.51657,344.53,0.43,0.46,2025-06-01,0828,N21,VIIRS,n,2.0NRT,311.94,8.15,D
31.2812,75.87158,337.66,0.46,0.47,2025-06-01,0828,N21,VIIRS,l,2.0NRT,310.32,5.16,D
30.7486,75.563,340.24,0.43,0.46,2025-06-01,0828,N21,VIIRS,l,2.0NRT,313.13,5.12,D
31.28224,75.49798,338.89,0.43,0.46,2025-06-01,0828,N21,VIIRS,n,2.0NRT,305.55,2.94,D
30.92739,76.12241,345.88,0.47,0.48,2025-06-01,0828,N21,VIIRS,n,2.0NRT,315.06,18.84,D
30.90912,75.45351,339.82,0.43,0.46,2025-06-01,0828,N21,VIIRS,n,2.0NRT,309.17,1.89,D
31.05165,75.63261,340.55,0.44,0.46,2025-06-01,0828,N21,VIIRS,l,2.0NRT,312.12,8.62,D
31.06857,75.5469,341.04,0.43,0.46,2025-06-01,0828,N21,VIIRS,l,2.0NRT,313.54,8.69,D
31.15661,76.23906,337.22,0.48,0.48,2025-06-01,0828,N21,VIIRS,l,2.0NRT,311.26,8.19,D
31.15611,76.2341,344.87,0.48,0.48,2025-06-01,0828,N21,VIIRS,n,2.0NRT,312.97,11.02,D
31.15642,76.2375,345.28,0.48,0.48,2025-06-01,0828,N21,VIIRS,n,2.0NRT,314.8,14.33,D
30.93052,76.1199,348.61,0.47,0.47,2025-06-01,0828,N21,VIIRS,n,2.0NRT,315.39,7.91,D
30.92615,76.12047,343.12,0.47,0.47,2025-06-01,0828,N21,VIIRS,l,2.0NRT,314.11,7.91,D
30.92381,76.18523,338.96,0.47,0.48,2025-06-01,0828,N21,VIIRS,l,2.0NRT,310.82,4.93,D
30.79864,75.63211,345.96,0.44,0.46,2025-06-01,0828,N21,VIIRS,n,2.0NRT,311.85,9.71,D
30.8541,76.24435,334.16,0.47,0.48,2025-06-01,0828,N21,VIIRS,l,2.0NRT,307.64,3.03,D
30.94112,75.68343,338.61,0.44,0.46,2025-06-01,0828,N21,VIIRS,l,2.0NRT,312.49,7.56,D
30.77573,75.84987,341.67,0.41,0.37,2025-06-02,0807,N21,VIIRS,l,2.0NRT,315.16,9.89,D
30.77608,75.39426,341.62,0.4,0.37,2025-06-02,0807,N21,VIIRS,n,2.0NRT,306.51,11.12,D
30.84093,75.68665,343.38,0.41,0.37,2025-06-02,0807,N21,VIIRS,l,2.0NRT,316.69,8.11,D
30.94329,75.51823,345.88,0.4,0.37,2025-06-02,0807,N21,VIIRS,l,2.0NRT,319.82,10.74,D
30.95662,75.58893,347.59,0.4,0.37,2025-06-02,0807,N21,VIIRS,l,2.0NRT,321.24,11.29,D
31.00362,75.8279,345.51,0.41,0.37,2025-06-02,0807,N21,VIIRS,n,2.0NRT,314.94,4.67,D
31.04053,76.04702,354.13,0.42,0.37,2025-06-02,0807,N21,VIIRS,n,2.0NRT,318.37,21.39,D
31.07125,76.01472,346.14,0.42,0.37,2025-06-02,0807,N21,VIIRS,n,2.0NRT,316.05,11.54,D
31.00969,75.56246,345.33,0.4,0.37,2025-06-02,0807,N21,VIIRS,l,2.0NRT,315.61,10.64,D
31.07917,75.99554,339.67,0.42,0.37,2025-06-02,0807,N21,VIIRS,l,2.0NRT,313.26,8.36,D
31.20587,76.0537,339.63,0.42,0.38,2025-06-02,0807,N21,VIIRS,l,2.0NRT,311.36,3.27,D
30.7031,75.77637,342.51,0.41,0.37,2025-06-02,0807,N21,VIIRS,l,2.0NRT,315.59,7.49,D
30.80183,76.3005,348.23,0.42,0.38,2025-06-02,0807,N21,VIIRS,n,2.0NRT,314.06,9.77,D
31.2223,75.70775,337.49,0.41,0.37,2025-06-02,0807,N21,VIIRS,l,2.0NRT,311.35,2.12,D
30.45684,76.33582,342.87,0.42,0.38,2025-06-02,0807,N21,VIIRS,l,2.0NRT,316.52,8.73,D
30.54502,76.34358,340.02,0.42,0.38,2025-06-02,0807,N21,VIIRS,l,2.0NRT,313.94,6.71,D
30.58239,76.38617,340.95,0.42,0.38,2025-06-02,0807,N21,VIIRS,l,2.0NRT,313.91,4.75,D
31.21608,76.39226,335.34,0.41,0.37,2025-06-03,0750,N21,VIIRS,n,2.0NRT,305.42,2.65,D
30.67486,76.01865,340.16,0.47,0.48,2025-06-04,0731,N21,VIIRS,n,2.0NRT,300.3,5.75,D
30.75399,76.32877,344.76,0.45,0.47,2025-06-04,0731,N21,VIIRS,n,2.0NRT,305.34,3.89,D
30.96102,75.72284,334.48,0.48,0.48,2025-06-04,0731,N21,VIIRS,n,2.0NRT,299.99,2.57,D
31.01688,75.96333,334.23,0.47,0.47,2025-06-04,0731,N21,VIIRS,l,2.0NRT,306.02,3.18,D
31.12491,76.22602,343.46,0.45,0.47,2025-06-04,0731,N21,VIIRS,n,2.0NRT,307.78,6.35,D
31.18879,75.77644,342.22,0.47,0.48,2025-06-04,0731,N21,VIIRS,n,2.0NRT,305.85,4.86,D
30.62699,76.33363,342.52,0.45,0.47,2025-06-04,0731,N21,VIIRS,n,2.0NRT,301.81,2.93,D
31.30292,76.06247,332.11,0.43,0.62,2025-06-05,0712,N21,VIIRS,n,2.0NRT,299.19,1.93,D
30.9354,75.37031,335.81,0.48,0.64,2025-06-05,0712,N21,VIIRS,n,2.0NRT,296.89,2.24,D
31.06958,75.6291,338.57,0.46,0.63,2025-06-05,0712,N21,VIIRS,n,2.0NRT,300.03,3.82,D
30.89013,75.60279,341.45,0.54,0.51,2025-06-06,0835,N21,VIIRS,n,2.0NRT,300.62,6.21,D
30.95362,75.78008,342.43,0.55,0.51,2025-06-06,0835,N21,VIIRS,n,2.0NRT,303.1,7.68,D
30.95507,75.6116,344.78,0.54,0.51,2025-06-06,0835,N21,VIIRS,n,2.0NRT,304.82,18.5,D
30.95556,75.61726,337.18,0.54,0.51,2025-06-06,0835,N21,VIIRS,n,2.0NRT,303.23,18.5,D
30.95064,75.78022,341.48,0.55,0.51,2025-06-06,0835,N21,VIIRS,n,2.0NRT,302.05,7.23,D
30.93837,76.32259,345.91,0.6,0.53,2025-06-06,0835,N21,VIIRS,n,2.0NRT,303.04,12.23,D
30.73312,76.09397,335.4,0.48,0.4,2025-06-07,0816,N21,VIIRS,l,2.0NRT,306.81,4.53,D
30.74634,76.17285,331.06,0.48,0.4,2025-06-07,0816,N21,VIIRS,l,2.0NRT,304.79,2.75,D
30.76596,75.51115,338.19,0.45,0.39,2025-06-07,0816,N21,VIIRS,n,2.0NRT,307.54,5.76,D
30.97837,76.34079,334.8,0.49,0.4,2025-06-07,0816,N21,VIIRS,n,2.0NRT,303.41,2.46,D
31.00179,76.34739,335.54,0.49,0.4,2025-06-07,0816,N21,VIIRS,n,2.0NRT,302.37,5.75,D
30.95264,76.06229,340.56,0.48,0.4,2025-06-07,0816,N21,VIIRS,n,2.0NRT,307.13,8.35,D
31.29695,75.43557,330.43,0.45,0.39,2025-06-07,0816,N21,VIIRS,l,2.0NRT,302.4,1.23,D
31.14538,75.75004,345.96,0.46,0.39,2025-06-07,0816,N21,VIIRS,n,2.0NRT,305.2,12.65,D
31.01515,75.96608,337.17,0.47,0.4,2025-06-07,0816,N21,VIIRS,n,2.0NRT,305.63,8.57,D
30.48888,76.31908,339.04,0.48,0.4,2025-06-07,0816,N21,VIIRS,n,2.0NRT,308.49,8.78,D
30.64459,76.10035,343.03,0.47,0.4,2025-06-07,0816,N21,VIIRS,n,2.0NRT,309.25,10.48,D
30.68039,76.24146,337.48,0.48,0.4,2025-06-07,0816,N21,VIIRS,n,2.0NRT,306.59,3.34,D
30.70349,76.10154,340.75,0.57,0.43,2025-06-09,0737,N21,VIIRS,l,2.0NRT,314.49,6.88,D
30.62429,76.31857,337.53,0.56,0.43,2025-06-09,0737,N21,VIIRS,l,2.0NRT,312.26,6.01,D
31.0905,75.89554,346.66,0.38,0.43,2025-06-09,0737,N21,VIIRS,n,2.0NRT,316.53,3.91,D
30.97585,75.39603,340.48,0.41,0.45,2025-06-09,0737,N21,VIIRS,l,2.0NRT,312.69,7.9,D
31.03519,75.90224,344.99,0.38,0.43,2025-06-09,0737,N21,VIIRS,l,2.0NRT,317.78,8.5,D
31.01714,75.8738,341.45,0.39,0.44,2025-06-09,0737,N21,VIIRS,l,2.0NRT,314.91,6.84,D
30.77692,76.20406,341.24,0.56,0.43,2025-06-09,0737,N21,VIIRS,n,2.0NRT,313.96,6.54,D
30.7393,76.2199,345.74,0.56,0.43,2025-06-09,0737,N21,VIIRS,n,2.0NRT,311,10,D
30.85501,75.46649,314.45,0.38,0.59,2025-06-09,2002,N21,VIIRS,n,2.0NRT,297.58,5.52,N
30.86013,75.47102,326.59,0.38,0.59,2025-06-09,2002,N21,VIIRS,n,2.0NRT,298.53,5.52,N
30.85472,75.47051,348.22,0.38,0.59,2025-06-09,2002,N21,VIIRS,n,2.0NRT,299.04,5.52,N
30.85585,75.47112,319.46,0.63,0.72,2025-06-09,2142,N21,VIIRS,n,2.0NRT,296,4.37,N
30.8576,75.46495,313.49,0.63,0.72,2025-06-09,2142,N21,VIIRS,n,2.0NRT,295.54,4.37,N
30.85543,75.4717,316.44,0.63,0.72,2025-06-09,2142,N21,VIIRS,n,2.0NRT,295.56,5.26,N
30.85714,75.4655,316.83,0.63,0.72,2025-06-09,2142,N21,VIIRS,n,2.0NRT,295.84,5.26,N
30.60785,76.26273,344.04,0.35,0.57,2025-06-10,0718,N21,VIIRS,n,2.0NRT,308.25,3.6,D
30.60282,76.26428,336.48,0.35,0.57,2025-06-10,0718,N21,VIIRS,l,2.0NRT,308.69,1.42,D
30.90887,76.28876,334.06,0.34,0.56,2025-06-10,0718,N21,VIIRS,l,2.0NRT,308.87,2.56,D
30.90612,76.29139,342.21,0.34,0.56,2025-06-10,0718,N21,VIIRS,n,2.0NRT,308.42,4.17,D
30.63317,76.14121,339.86,0.35,0.57,2025-06-10,0718,N21,VIIRS,l,2.0NRT,309.93,4.96,D
30.63643,76.24637,336.46,0.35,0.57,2025-06-10,0718,N21,VIIRS,l,2.0NRT,308.82,1.86,D
31.0467,75.90305,344.8,0.36,0.57,2025-06-10,0720,N21,VIIRS,n,2.0NRT,313.28,5.43,D
30.85851,75.46971,352.41,0.38,0.59,2025-06-10,0720,N21,VIIRS,n,2.0NRT,309.6,5.77,D
31.22869,75.37041,352.43,0.38,0.59,2025-06-10,0720,N21,VIIRS,n,2.0NRT,307.41,4.4,D
31.04798,75.90327,349.46,0.36,0.57,2025-06-10,0720,N21,VIIRS,n,2.0NRT,314.07,5,D
30.60499,76.25974,351.18,0.71,0.75,2025-06-10,0900,N21,VIIRS,n,2.0NRT,306.56,31.9,D
30.85841,75.47093,332.04,0.64,0.72,2025-06-10,0900,N21,VIIRS,l,2.0NRT,305.79,2.38,D
30.60528,76.26722,352.39,0.72,0.75,2025-06-10,0900,N21,VIIRS,n,2.0NRT,304.59,31.9,D
30.83852,76.16258,340.87,0.36,0.58,2025-06-11,0839,N21,VIIRS,n,2.0NRT,303.07,4.7,D
30.70311,76.2669,331.2,0.37,0.58,2025-06-11,0839,N21,VIIRS,l,2.0NRT,301.32,1.58,D
31.2007,75.40657,367,0.33,0.55,2025-06-11,0839,N21,VIIRS,h,2.0NRT,307.6,9.37,D
31.20044,75.40309,350.52,0.33,0.55,2025-06-11,0839,N21,VIIRS,n,2.0NRT,307.67,9.37,D
30.81045,76.21542,333.62,0.37,0.58,2025-06-11,0839,N21,VIIRS,n,2.0NRT,302.89,2.44,D
31.20207,75.40369,355.61,0.33,0.55,2025-06-11,0839,N21,VIIRS,n,2.0NRT,310.95,8.71,D
31.20236,75.40716,347.49,0.33,0.55,2025-06-11,0839,N21,VIIRS,n,2.0NRT,307.08,8.71,D
30.87876,75.59722,335.83,0.34,0.56,2025-06-11,0839,N21,VIIRS,l,2.0NRT,309.3,1.36,D
30.83758,76.16251,342.11,0.36,0.58,2025-06-11,0839,N21,VIIRS,n,2.0NRT,303.4,4.27,D
30.77074,76.20486,331.72,0.38,0.44,2025-06-12,0822,N21,VIIRS,l,2.0NRT,306.19,3.1,D
31.29197,75.3848,340.56,0.53,0.42,2025-06-12,0822,N21,VIIRS,n,2.0NRT,313.21,7.33,D
31.29384,75.38246,336.38,0.53,0.42,2025-06-12,0822,N21,VIIRS,l,2.0NRT,308.91,2.13,D
30.54594,76.11484,339.03,0.57,0.43,2025-06-12,0822,N21,VIIRS,l,2.0NRT,310.23,10.52,D
30.57357,76.29361,334.56,0.39,0.44,2025-06-12,0822,N21,VIIRS,l,2.0NRT,306.42,3.28,D
30.52877,75.81725,340.36,0.55,0.42,2025-06-12,0822,N21,VIIRS,n,2.0NRT,308.08,7.43,D
30.61889,76.26236,343.17,0.39,0.44,2025-06-12,0822,N21,VIIRS,n,2.0NRT,308.17,5.19,D
30.62433,76.18065,334.27,0.57,0.43,2025-06-12,0822,N21,VIIRS,l,2.0NRT,308.28,4.16,D
30.67419,76.01102,344.74,0.56,0.43,2025-06-12,0822,N21,VIIRS,n,2.0NRT,311.67,15.19,D
30.71639,76.17192,367,0.38,0.43,2025-06-12,0822,N21,VIIRS,h,2.0NRT,311.57,12.34,D
30.74146,76.32349,337.84,0.39,0.44,2025-06-12,0822,N21,VIIRS,n,2.0NRT,307.62,3.67,D
30.74548,76.32289,343.28,0.39,0.44,2025-06-12,0822,N21,VIIRS,n,2.0NRT,309.53,3.67,D
30.75023,76.2406,345.05,0.39,0.44,2025-06-12,0822,N21,VIIRS,n,2.0NRT,308.22,4.76,D
30.74765,76.21648,339.74,0.39,0.44,2025-06-12,0822,N21,VIIRS,n,2.0NRT,305.84,4.19,D
30.76135,76.23075,341.29,0.39,0.44,2025-06-12,0822,N21,VIIRS,n,2.0NRT,304.56,2.5,D
30.76553,76.15691,333.42,0.38,0.43,2025-06-12,0822,N21,VIIRS,l,2.0NRT,306.75,2.93,D
30.77472,76.20426,333.94,0.38,0.44,2025-06-12,0822,N21,VIIRS,l,2.0NRT,306.15,3.1,D
30.77627,76.14417,339.33,0.57,0.43,2025-06-12,0822,N21,VIIRS,n,2.0NRT,307.55,5.08,D
30.79953,76.24552,341.54,0.39,0.44,2025-06-12,0822,N21,VIIRS,n,2.0NRT,308.47,4.06,D
30.80354,76.20812,342.09,0.39,0.44,2025-06-12,0822,N21,VIIRS,n,2.0NRT,307.18,3.2,D
31.01536,75.96138,341.01,0.56,0.43,2025-06-12,0822,N21,VIIRS,n,2.0NRT,309.74,13.46,D
31.04296,75.43265,342.39,0.53,0.42,2025-06-12,0822,N21,VIIRS,l,2.0NRT,315.83,12.23,D
30.84941,75.94922,312.76,0.39,0.36,2025-06-12,2046,N21,VIIRS,n,2.0NRT,300.39,0.99,N
30.82893,76.10124,347.26,0.39,0.36,2025-06-13,0803,N21,VIIRS,n,2.0NRT,306.99,10.59,D
30.55113,76.22413,337.43,0.39,0.36,2025-06-13,0803,N21,VIIRS,n,2.0NRT,305.22,5.78,D
30.56623,76.18816,335.37,0.39,0.36,2025-06-13,0803,N21,VIIRS,l,2.0NRT,306.46,5.04,D
30.56953,76.18751,337.98,0.39,0.36,2025-06-13,0803,N21,VIIRS,n,2.0NRT,305.9,5.04,D
30.59999,76.25628,331.43,0.39,0.36,2025-06-13,0803,N21,VIIRS,l,2.0NRT,304.07,1.99,D
30.60271,76.25161,331.98,0.39,0.36,2025-06-13,0803,N21,VIIRS,l,2.0NRT,305.43,1.31,D
30.717,76.17235,342.59,0.39,0.36,2025-06-13,0803,N21,VIIRS,n,2.0NRT,310.69,37.03,D
30.72302,76.16702,337.77,0.39,0.36,2025-06-13,0803,N21,VIIRS,n,2.0NRT,305.95,5.73,D
30.71597,76.11883,336.9,0.39,0.36,2025-06-13,0803,N21,VIIRS,n,2.0NRT,305.87,5.66,D
30.74215,76.27505,334.37,0.39,0.36,2025-06-13,0803,N21,VIIRS,l,2.0NRT,305.16,1.48,D
30.72632,76.16637,336.89,0.39,0.36,2025-06-13,0803,N21,VIIRS,n,2.0NRT,305.89,2.78,D
30.67018,75.5611,344.47,0.38,0.36,2025-06-13,0803,N21,VIIRS,n,2.0NRT,309.76,9.61,D
30.78151,76.17204,338.42,0.39,0.36,2025-06-13,0803,N21,VIIRS,n,2.0NRT,307.23,6.47,D
30.79519,76.21904,335.03,0.39,0.36,2025-06-13,0803,N21,VIIRS,n,2.0NRT,304.01,1.38,D
30.79047,76.18684,333.68,0.39,0.36,2025-06-13,0803,N21,VIIRS,n,2.0NRT,303.03,1.27,D
30.81712,76.13666,335.97,0.39,0.36,2025-06-13,0803,N21,VIIRS,l,2.0NRT,306.74,3.1,D
30.84249,76.26435,331.73,0.39,0.36,2025-06-13,0803,N21,VIIRS,l,2.0NRT,304.39,1.72,D
30.85652,76.29066,334.69,0.39,0.36,2025-06-13,0803,N21,VIIRS,n,2.0NRT,303.17,1.12,D
30.85242,76.26241,340.73,0.39,0.36,2025-06-13,0803,N21,VIIRS,n,2.0NRT,305.97,4.25,D
30.84788,76.18446,334.2,0.39,0.36,2025-06-13,0803,N21,VIIRS,l,2.0NRT,306.51,3.07,D
30.85706,76.22412,335,0.39,0.36,2025-06-13,0803,N21,VIIRS,n,2.0NRT,304.51,4,D
30.84942,76.17171,337.31,0.39,0.36,2025-06-13,0803,N21,VIIRS,n,2.0NRT,306.58,3.18,D
30.86036,76.22347,340.18,0.39,0.36,2025-06-13,0803,N21,VIIRS,n,2.0NRT,304.17,4,D
30.91493,75.71734,341.25,0.39,0.36,2025-06-13,0803,N21,VIIRS,n,2.0NRT,309.29,17.58,D
30.91553,75.63097,340.15,0.38,0.36,2025-06-13,0803,N21,VIIRS,n,2.0NRT,306.36,8.35,D
31.01742,75.74308,338.17,0.39,0.36,2025-06-13,0803,N21,VIIRS,n,2.0NRT,305.56,5.57,D
31.00942,75.41978,333.64,0.38,0.36,2025-06-13,0803,N21,VIIRS,l,2.0NRT,304.77,4.21,D
31.00882,75.41579,336.72,0.38,0.36,2025-06-13,0803,N21,VIIRS,l,2.0NRT,307.15,4.96,D
31.17676,76.15485,339.12,0.39,0.36,2025-06-13,0803,N21,VIIRS,n,2.0NRT,306.39,3.4,D
31.23093,75.37183,335.51,0.38,0.36,2025-06-13,0803,N21,VIIRS,l,2.0NRT,309.76,2.95,D
31.1805,75.40957,340.61,0.51,0.41,2025-06-14,0744,N21,VIIRS,n,2.0NRT,302.72,9.96,D
30.86499,75.46468,338.41,0.51,0.41,2025-06-14,0744,N21,VIIRS,n,2.0NRT,304.2,5.94,D
30.85906,75.43336,342.37,0.51,0.41,2025-06-14,0744,N21,VIIRS,n,2.0NRT,305.32,21.33,D
30.88666,75.49735,338.9,0.51,0.41,2025-06-14,0744,N21,VIIRS,n,2.0NRT,305.5,4.28,D
30.93761,75.57344,334.39,0.5,0.41,2025-06-14,0744,N21,VIIRS,l,2.0NRT,306.19,3.23,D
30.94129,75.5725,348.08,0.5,0.41,2025-06-14,0744,N21,VIIRS,n,2.0NRT,306.27,10.47,D
31.07427,76.18004,339.06,0.47,0.4,2025-06-14,0744,N21,VIIRS,l,2.0NRT,307.68,10.51,D
31.05163,75.95602,337.51,0.48,0.4,2025-06-14,0744,N21,VIIRS,n,2.0NRT,305.15,4.09,D
30.99185,75.45138,331.54,0.51,0.41,2025-06-14,0744,N21,VIIRS,l,2.0NRT,302.61,1.19,D
31.08889,75.73076,334.41,0.49,0.4,2025-06-14,0744,N21,VIIRS,l,2.0NRT,306.47,2.21,D
30.87229,75.54436,336.95,0.5,0.41,2025-06-14,0744,N21,VIIRS,n,2.0NRT,304.31,6,D
31.18495,75.39209,334.67,0.51,0.41,2025-06-14,0744,N21,VIIRS,n,2.0NRT,303.35,4.29,D
31.19941,75.44825,338.01,0.5,0.41,2025-06-14,0744,N21,VIIRS,n,2.0NRT,303.23,4.68,D
31.22514,75.54424,333.22,0.5,0.41,2025-06-14,0744,N21,VIIRS,l,2.0NRT,305.4,3.44,D
31.23536,75.42548,338.16,0.5,0.41,2025-06-14,0744,N21,VIIRS,n,2.0NRT,303.68,6.5,D
31.30532,75.48885,335.22,0.5,0.41,2025-06-14,0744,N21,VIIRS,l,2.0NRT,305.78,5.3,D
30.77761,76.23654,333.96,0.47,0.4,2025-06-14,0744,N21,VIIRS,l,2.0NRT,303.35,1.53,D
30.61688,75.43896,331.84,0.51,0.41,2025-06-14,0744,N21,VIIRS,l,2.0NRT,303.92,4.05,D
30.70745,76.10117,332.99,0.48,0.4,2025-06-14,0744,N21,VIIRS,l,2.0NRT,303.57,3.02,D
30.70384,76.10205,338.18,0.48,0.4,2025-06-14,0744,N21,VIIRS,n,2.0NRT,307.23,3.02,D
30.61471,76.13202,342.89,0.48,0.4,2025-06-14,0744,N21,VIIRS,n,2.0NRT,303.88,7.62,D
30.58951,76.15862,339.84,0.48,0.4,2025-06-14,0744,N21,VIIRS,n,2.0NRT,305.49,4.1,D
30.58951,76.16191,337.41,0.48,0.4,2025-06-14,0744,N21,VIIRS,n,2.0NRT,304.67,3.31,D
30.56072,76.08694,335.75,0.48,0.4,2025-06-14,0744,N21,VIIRS,n,2.0NRT,304.59,3.34,D
30.60076,76.3062,338.85,0.47,0.4,2025-06-14,0744,N21,VIIRS,l,2.0NRT,305.9,4.15,D
30.55709,76.14941,335.79,0.48,0.4,2025-06-14,0744,N21,VIIRS,n,2.0NRT,302.78,2.96,D
30.44074,76.21572,345.68,0.48,0.4,2025-06-14,0744,N21,VIIRS,n,2.0NRT,303.35,17.11,D
30.87326,75.54953,332.05,0.5,0.41,2025-06-14,0744,N21,VIIRS,l,2.0NRT,303.63,6,D
30.85782,75.48832,338.89,0.51,0.41,2025-06-14,0744,N21,VIIRS,n,2.0NRT,303.88,5.52,D
30.88412,75.62757,346.32,0.5,0.41,2025-06-14,0744,N21,VIIRS,n,2.0NRT,307.73,10.84,D
30.88044,75.6285,336.94,0.5,0.41,2025-06-14,0744,N21,VIIRS,n,2.0NRT,305.42,10.84,D
30.98813,76.34965,335.88,0.46,0.39,2025-06-14,0744,N21,VIIRS,n,2.0NRT,306.22,3.12,D
30.89929,76.01241,343.56,0.48,0.4,2025-06-14,0744,N21,VIIRS,n,2.0NRT,307.15,7.09,D
30.78681,75.73499,337.82,0.49,0.41,2025-06-14,0744,N21,VIIRS,n,2.0NRT,304.93,6.37,D
30.89756,75.63635,340.55,0.6,0.53,2025-06-15,0726,N21,VIIRS,n,2.0NRT,296.98,5.09,D
30.69563,75.87425,335.53,0.59,0.53,2025-06-15,0726,N21,VIIRS,n,2.0NRT,297.95,6.11,D
30.75994,75.7139,333.13,0.6,0.53,2025-06-15,0726,N21,VIIRS,n,2.0NRT,297.77,6.93,D
30.75755,75.70728,340.9,0.6,0.53,2025-06-15,0726,N21,VIIRS,n,2.0NRT,297.11,5.44,D
30.76369,75.71193,333.04,0.6,0.53,2025-06-15,0726,N21,VIIRS,n,2.0NRT,298.52,5.44,D
30.88279,75.66028,333.71,0.6,0.53,2025-06-15,0726,N21,VIIRS,n,2.0NRT,298.72,4.66,D
30.60785,75.65585,338.2,0.41,0.37,2025-06-18,0807,N21,VIIRS,n,2.0NRT,297.81,3.05,D
30.9165,75.68385,339.6,0.41,0.37,2025-06-18,0809,N21,VIIRS,n,2.0NRT,300.85,3.82,D
31.19702,75.84473,335.39,0.41,0.37,2025-06-18,0809,N21,VIIRS,n,2.0NRT,300.5,2.8,D
31.16386,75.3763,336.29,0.4,0.37,2025-06-18,0809,N21,VIIRS,n,2.0NRT,299.38,6.4,D
31.19123,75.44867,341.85,0.4,0.37,2025-06-18,0809,N21,VIIRS,n,2.0NRT,300.53,5.43,D
31.19459,75.44803,335.83,0.4,0.37,2025-06-18,0809,N21,VIIRS,n,2.0NRT,300.45,5.43,D
31.22867,75.61182,341.6,0.41,0.37,2025-06-18,0809,N21,VIIRS,n,2.0NRT,306.68,11.9,D
31.22809,75.60757,334.74,0.41,0.37,2025-06-18,0809,N21,VIIRS,n,2.0NRT,303.13,5.49,D
31.21137,75.48474,336.94,0.4,0.37,2025-06-18,0809,N21,VIIRS,n,2.0NRT,301.47,2.42,D
31.27119,75.41724,340.06,0.4,0.37,2025-06-18,0809,N21,VIIRS,n,2.0NRT,302.21,3.96,D
31.27734,75.41176,339.58,0.4,0.37,2025-06-18,0809,N21,VIIRS,n,2.0NRT,301.26,8.26,D
30.91155,76.26991,335.82,0.41,0.37,2025-06-19,0750,N21,VIIRS,n,2.0NRT,298.13,3.21,D
30.84513,75.9238,330.49,0.42,0.38,2025-06-19,0750,N21,VIIRS,l,2.0NRT,300.35,3.57,D
30.54208,76.17384,344.04,0.42,0.37,2025-06-19,0750,N21,VIIRS,n,2.0NRT,299.37,12.02,D
30.51605,76.18149,339.16,0.46,0.47,2025-06-20,0731,N21,VIIRS,n,2.0NRT,291.35,5.73,D
30.52869,76.29864,339.03,0.45,0.47,2025-06-20,0731,N21,VIIRS,n,2.0NRT,291.39,3.47,D
30.52722,76.29635,336.62,0.45,0.47,2025-06-20,0731,N21,VIIRS,n,2.0NRT,291.17,4.27,D
30.52153,76.16512,338.51,0.46,0.47,2025-06-20,0731,N21,VIIRS,n,2.0NRT,290.65,3.95,D
30.76088,75.69614,334.07,0.49,0.48,2025-06-20,0731,N21,VIIRS,n,2.0NRT,287.54,4.51,D
30.78196,75.51532,330.37,0.5,0.49,2025-06-20,0731,N21,VIIRS,n,2.0NRT,289.95,3.8,D
30.88304,75.55769,335.91,0.49,0.49,2025-06-20,0731,N21,VIIRS,n,2.0NRT,289.48,4.23,D
30.86676,75.46071,341.55,0.5,0.49,2025-06-20,0731,N21,VIIRS,n,2.0NRT,291.69,6.79,D
30.90925,75.52892,337.78,0.49,0.49,2025-06-20,0731,N21,VIIRS,n,2.0NRT,290.08,8.49,D
30.88566,75.56855,337.59,0.46,0.64,2025-06-21,0712,N21,VIIRS,n,2.0NRT,282.14,4.72,D
30.53647,76.18795,336.68,0.57,0.69,2025-06-21,0852,N21,VIIRS,n,2.0NRT,284.16,8,D
30.90356,75.63918,346.44,0.53,0.67,2025-06-21,0854,N21,VIIRS,n,2.0NRT,283.13,9.44,D
30.90285,75.64235,331.53,0.53,0.67,2025-06-21,0854,N21,VIIRS,n,2.0NRT,284.4,10.25,D
30.42616,75.50025,333.81,0.45,0.39,2025-06-23,0816,N21,VIIRS,n,2.0NRT,292.23,2.02,D
31.24679,75.54288,330.95,0.46,0.39,2025-06-23,0816,N21,VIIRS,n,2.0NRT,295.36,4.83,D
30.69151,75.75191,340.81,0.35,0.56,2025-06-27,0839,N21,VIIRS,n,2.0NRT,292.97,3.45,D
30.65615,75.90581,351.77,0.35,0.57,2025-06-27,0839,N21,VIIRS,n,2.0NRT,291.21,5.73,D
30.9297,75.389,346.72,0.33,0.55,2025-06-27,0839,N21,VIIRS,n,2.0NRT,292.02,4.43,D
30.93557,75.5324,343.26,0.34,0.56,2025-06-27,0839,N21,VIIRS,n,2.0NRT,292.63,3.26,D
30.81257,75.58179,334.93,0.34,0.56,2025-06-27,0839,N21,VIIRS,n,2.0NRT,293.59,2.17,D
30.65043,75.7167,338.61,0.55,0.42,2025-06-28,0822,N21,VIIRS,n,2.0NRT,286.11,6.29,D
31.00214,75.38412,331.86,0.53,0.42,2025-06-28,0822,N21,VIIRS,n,2.0NRT,294.96,4.35,D
30.93635,75.42251,331.58,0.53,0.42,2025-06-28,0822,N21,VIIRS,n,2.0NRT,294.47,8.59,D
30.51235,75.49326,354.28,0.42,0.61,2025-07-02,0845,N21,VIIRS,n,2.0NRT,293.59,7.01,D
31.297,75.38613,331.27,0.4,0.37,2025-07-04,0809,N21,VIIRS,n,2.0NRT,296.62,1.83,D
30.66469,75.95348,333.43,0.41,0.37,2025-07-04,0809,N21,VIIRS,n,2.0NRT,297.27,2.42,D
30.52954,76.19585,330.13,0.42,0.38,2025-07-04,0809,N21,VIIRS,n,2.0NRT,297.22,3.1,D
30.85701,75.52007,332.87,0.4,0.37,2025-07-04,0809,N21,VIIRS,n,2.0NRT,297.82,5.96,D
30.85642,75.51588,330.91,0.4,0.37,2025-07-04,0809,N21,VIIRS,n,2.0NRT,298.21,7.97,D
30.88244,75.65348,335.34,0.41,0.37,2025-07-04,0809,N21,VIIRS,n,2.0NRT,296.73,3.49,D
30.81458,75.67334,338.81,0.34,0.56,2025-07-13,0839,N21,VIIRS,n,2.0NRT,289.58,4.29,D
31.06194,76.00985,334.21,0.36,0.58,2025-07-13,0839,N21,VIIRS,n,2.0NRT,288.94,2.85,D
30.90076,75.4365,335.53,0.61,0.54,2025-07-17,0726,N21,VIIRS,n,2.0NRT,288.41,5.87,D
30.98172,75.46696,330.07,0.4,0.37,2025-07-20,0809,N21,VIIRS,n,2.0NRT,293.28,1.6,D
30.92764,75.5619,333.55,0.41,0.37,2025-07-20,0809,N21,VIIRS,n,2.0NRT,290.05,4.57,D
30.67852,76.26062,299.59,0.34,0.56,2025-07-27,2002,N21,VIIRS,n,2.0NRT,280.27,0.56,N
30.80263,75.46861,340.06,0.4,0.37,2025-08-21,0809,N21,VIIRS,n,2.0NRT,298.4,3.62,D
30.4736,75.92387,341.22,0.39,0.36,2025-09-17,0803,N21,VIIRS,n,2.0NRT,302,19.08,D
30.54382,75.88835,338.41,0.41,0.37,2025-09-22,0807,N21,VIIRS,n,2.0NRT,305.83,4.58,D
31.16465,76.26693,333.08,0.43,0.38,2025-09-22,0809,N21,VIIRS,n,2.0NRT,301.97,6.26,D
30.88827,75.90561,308.99,0.42,0.37,2025-09-22,2032,N21,VIIRS,n,2.0NRT,297.93,1.41,N
30.56468,75.8648,337.96,0.43,0.38,2025-09-23,0750,N21,VIIRS,n,2.0NRT,301.16,3.71,D
30.52595,75.73061,334.43,0.4,0.44,2025-09-29,0737,N21,VIIRS,n,2.0NRT,297.64,9.92,D
30.52677,75.73469,339.4,0.4,0.44,2025-09-29,0737,N21,VIIRS,n,2.0NRT,300.83,15.28,D
31.15282,76.02335,331.93,0.57,0.43,2025-10-02,0822,N21,VIIRS,n,2.0NRT,294.42,2.94,D
31.02276,76.3362,332.7,0.46,0.39,2025-10-04,0744,N21,VIIRS,l,2.0NRT,303.13,5.92,D
30.58787,75.90821,332.52,0.49,0.4,2025-10-04,0744,N21,VIIRS,n,2.0NRT,299.15,5.23,D
30.66698,76.23869,346.05,0.42,0.37,2025-10-09,0750,N21,VIIRS,n,2.0NRT,298.63,6.86,D
30.53137,76.39671,335.25,0.41,0.37,2025-10-09,0750,N21,VIIRS,n,2.0NRT,297.63,2.66,D
30.92962,75.90854,334.65,0.56,0.51,2025-10-12,0835,N21,VIIRS,n,2.0NRT,305.15,4.55,D
30.54305,75.89961,333.24,0.46,0.39,2025-10-13,0813,N21,VIIRS,n,2.0NRT,305.82,6.29,D
30.5126,76.37709,335.48,0.39,0.36,2025-10-14,0756,N21,VIIRS,n,2.0NRT,302.01,3.77,D
31.2377,76.25237,330.16,0.39,0.36,2025-10-19,0803,N21,VIIRS,n,2.0NRT,302.17,2.21,D
30.44803,76.02604,330.21,0.49,0.41,2025-10-20,0744,N21,VIIRS,n,2.0NRT,304.34,3.32,D
30.95113,75.92591,301.92,0.58,0.69,2025-10-21,1947,N21,VIIRS,n,2.0NRT,287.53,1.27,N
30.95296,75.93044,304.59,0.58,0.7,2025-10-21,1947,N21,VIIRS,n,2.0NRT,287.79,1.37,N
31.2438,75.94669,326.42,0.42,0.61,2025-10-21,2127,N21,VIIRS,n,2.0NRT,288.36,2.58,N
31.24436,75.94349,299.4,0.42,0.61,2025-10-21,2127,N21,VIIRS,n,2.0NRT,287.29,1.67,N
31.24328,75.94769,315.75,0.42,0.61,2025-10-21,2127,N21,VIIRS,n,2.0NRT,287.9,1.67,N
30.98591,75.50961,336.21,0.41,0.6,2025-10-22,0845,N21,VIIRS,n,2.0NRT,300.73,3.2,D
31.13689,76.2356,330.64,0.45,0.63,2025-10-22,0845,N21,VIIRS,n,2.0NRT,298.32,2.08,D
31.11756,75.51141,304.73,0.42,0.46,2025-10-22,2110,N21,VIIRS,n,2.0NRT,288.86,1.07,N
30.78918,75.96882,330.01,0.45,0.47,2025-10-23,0828,N21,VIIRS,n,2.0NRT,302.53,2.24,D
30.48625,75.93879,332.95,0.44,0.46,2025-10-23,0828,N21,VIIRS,n,2.0NRT,301.63,1.94,D
30.89202,76.19425,330,0.46,0.47,2025-10-23,0828,N21,VIIRS,l,2.0NRT,301.26,3.64,D
30.63351,75.41607,337.26,0.4,0.37,2025-10-24,0807,N21,VIIRS,n,2.0NRT,303.6,3.66,D
30.63217,76.14065,337.05,0.41,0.37,2025-10-24,0807,N21,VIIRS,n,2.0NRT,305.91,3.9,D
30.67556,76.07584,332.1,0.41,0.37,2025-10-24,0807,N21,VIIRS,n,2.0NRT,304.63,1.9,D
31.25194,75.91093,335.94,0.41,0.37,2025-10-24,0807,N21,VIIRS,n,2.0NRT,304.39,4.85,D
31.0834,75.93508,334.16,0.41,0.37,2025-10-24,0807,N21,VIIRS,n,2.0NRT,304.21,3.48,D
31.02265,75.52291,336.57,0.4,0.37,2025-10-24,0807,N21,VIIRS,n,2.0NRT,302.68,4.66,D
31.0193,75.52354,340.39,0.4,0.37,2025-10-24,0807,N21,VIIRS,n,2.0NRT,303.42,4.66,D
30.99428,75.51814,331.54,0.44,0.38,2025-10-25,0750,N21,VIIRS,l,2.0NRT,302.83,2.57,D
30.67793,76.38346,335.44,0.42,0.37,2025-10-25,0750,N21,VIIRS,n,2.0NRT,302.64,5.81,D
30.6039,76.36393,331.19,0.42,0.37,2025-10-25,0750,N21,VIIRS,n,2.0NRT,303.2,2.18,D
31.29058,76.08292,332.99,0.42,0.38,2025-10-25,0750,N21,VIIRS,n,2.0NRT,305.23,2,D
30.61722,75.65008,339.61,0.51,0.49,2025-10-26,0729,N21,VIIRS,n,2.0NRT,303.7,4.68,D
30.75495,76.34743,339.91,0.46,0.47,2025-10-26,0729,N21,VIIRS,n,2.0NRT,305.21,9.59,D
31.24095,76.03841,340.33,0.47,0.47,2025-10-26,0729,N21,VIIRS,n,2.0NRT,303.64,4.59,D
31.10094,75.41121,330.5,0.51,0.49,2025-10-26,0729,N21,VIIRS,n,2.0NRT,302.25,3.74,D
31.21249,76.10564,332.09,0.46,0.47,2025-10-26,0729,N21,VIIRS,n,2.0NRT,303.79,2.93,D
31.26843,75.94535,301.78,0.51,0.66,2025-10-26,2133,N21,VIIRS,n,2.0NRT,288.85,0.59,N
30.52444,76.39748,332.92,0.44,0.62,2025-10-27,0712,N21,VIIRS,n,2.0NRT,302.86,2.68,D
30.9182,75.37488,335.33,0.5,0.66,2025-10-27,0852,N21,VIIRS,n,2.0NRT,299.26,9.48,D
30.60556,75.52033,335.9,0.5,0.66,2025-10-27,0852,N21,VIIRS,n,2.0NRT,300.75,3.85,D
31.18033,75.75246,335.57,0.53,0.67,2025-10-27,0852,N21,VIIRS,n,2.0NRT,300.2,4.61,D
30.56471,76.32832,337.89,0.56,0.69,2025-10-27,0852,N21,VIIRS,n,2.0NRT,299.61,6.74,D
31.26768,75.94705,310.67,0.55,0.51,2025-10-27,2116,N21,VIIRS,n,2.0NRT,289.28,2.86,N
31.00541,75.74158,300.01,0.54,0.51,2025-10-27,2116,N21,VIIRS,n,2.0NRT,289.13,0.76,N
31.26793,75.94315,314.33,0.54,0.51,2025-10-27,2116,N21,VIIRS,n,2.0NRT,289.58,2.03,N
30.44403,75.76779,339.55,0.53,0.5,2025-10-28,0835,N21,VIIRS,n,2.0NRT,301.72,15.29,D
30.42787,75.4525,337.17,0.51,0.49,2025-10-28,0835,N21,VIIRS,n,2.0NRT,299.22,6.37,D
30.56995,76.35162,339.88,0.58,0.52,2025-10-28,0835,N21,VIIRS,n,2.0NRT,301.36,11.64,D
30.58809,75.5192,339.06,0.52,0.5,2025-10-28,0835,N21,VIIRS,n,2.0NRT,299.6,5.78,D
30.80957,76.01913,299.53,0.47,0.4,2025-10-28,2057,N21,VIIRS,n,2.0NRT,288.81,0.26,N
31.1657,75.73708,298.69,0.46,0.39,2025-10-28,2057,N21,VIIRS,n,2.0NRT,288.5,1.06,N
30.62009,75.63285,333.39,0.45,0.39,2025-10-29,0813,N21,VIIRS,n,2.0NRT,301.06,3.71,D
30.48761,75.92583,346.21,0.46,0.39,2025-10-29,0813,N21,VIIRS,n,2.0NRT,304.18,8.64,D
30.51137,76.08725,333.52,0.46,0.39,2025-10-29,0813,N21,VIIRS,l,2.0NRT,304.62,15.13,D
30.45378,75.88824,332.33,0.45,0.39,2025-10-29,0813,N21,VIIRS,l,2.0NRT,302.8,10.69,D
30.44298,76.28943,344.83,0.47,0.4,2025-10-29,0813,N21,VIIRS,n,2.0NRT,305.55,7.32,D
30.47998,76.40883,338.01,0.48,0.4,2025-10-29,0813,N21,VIIRS,n,2.0NRT,303,6.66,D
30.4545,75.88625,335.8,0.45,0.39,2025-10-29,0813,N21,VIIRS,n,2.0NRT,304.19,11.55,D
30.48351,75.80649,331.34,0.45,0.39,2025-10-29,0813,N21,VIIRS,n,2.0NRT,300.69,3.33,D
30.56796,76.36633,341.96,0.48,0.4,2025-10-29,0813,N21,VIIRS,n,2.0NRT,304.27,14.9,D
30.53425,75.72162,333.93,0.45,0.39,2025-10-29,0813,N21,VIIRS,n,2.0NRT,301.56,3.89,D
30.65405,75.75524,337.99,0.45,0.39,2025-10-29,0813,N21,VIIRS,n,2.0NRT,301.8,4.61,D
30.65318,75.75311,344.2,0.45,0.39,2025-10-29,0813,N21,VIIRS,n,2.0NRT,301.74,4.67,D
30.74883,75.96383,330.91,0.46,0.39,2025-10-29,0813,N21,VIIRS,n,2.0NRT,299.68,3.32,D
30.79669,75.38111,330.64,0.44,0.38,2025-10-29,0813,N21,VIIRS,n,2.0NRT,301.06,1.81,D
30.85088,75.49004,336.03,0.44,0.39,2025-10-29,0813,N21,VIIRS,n,2.0NRT,302.23,4.35,D
30.98844,76.21075,330.75,0.47,0.4,2025-10-29,0813,N21,VIIRS,n,2.0NRT,301.97,2.11,D
30.91834,75.48299,338.41,0.44,0.39,2025-10-29,0813,N21,VIIRS,n,2.0NRT,302.75,7.34,D
31.27176,76.06036,332.93,0.47,0.4,2025-10-29,0813,N21,VIIRS,n,2.0NRT,303.87,8.98,D
30.69296,76.41407,305.13,0.39,0.36,2025-10-29,2038,N21,VIIRS,n,2.0NRT,290.16,1.49,N
30.77479,76.00697,318.16,0.39,0.36,2025-10-29,2038,N21,VIIRS,n,2.0NRT,291.12,1.34,N
31.26848,75.96015,304.46,0.39,0.36,2025-10-29,2038,N21,VIIRS,n,2.0NRT,287.96,0.48,N
31.13963,76.07061,338.91,0.39,0.36,2025-10-30,0756,N21,VIIRS,n,2.0NRT,302.06,4.09,D
31.0595,75.49354,330.21,0.4,0.37,2025-10-30,0756,N21,VIIRS,l,2.0NRT,303.72,1.7,D
31.06283,75.49279,335.78,0.4,0.37,2025-10-30,0756,N21,VIIRS,l,2.0NRT,307.68,9.5,D
31.13069,75.78441,332.22,0.39,0.36,2025-10-30,0756,N21,VIIRS,n,2.0NRT,300.83,1.92,D
30.6909,75.4581,332.85,0.4,0.37,2025-10-30,0756,N21,VIIRS,n,2.0NRT,304.61,2.05,D
31.28266,75.85661,330.86,0.39,0.36,2025-10-30,0756,N21,VIIRS,n,2.0NRT,302.77,2.31,D
30.6619,75.40883,337.46,0.4,0.37,2025-10-30,0756,N21,VIIRS,n,2.0NRT,303.85,5.57,D
30.65709,75.50411,331.9,0.4,0.37,2025-10-30,0756,N21,VIIRS,n,2.0NRT,302.03,1.31,D
30.644,75.68925,341.11,0.4,0.37,2025-10-30,0756,N21,VIIRS,n,2.0NRT,303.46,7.37,D
30.54149,75.40486,339.5,0.4,0.37,2025-10-30,0756,N21,VIIRS,n,2.0NRT,305.07,5.3,D
30.53728,75.48298,333.44,0.4,0.37,2025-10-30,0756,N21,VIIRS,l,2.0NRT,304.04,4.17,D
30.54169,75.73245,331.93,0.4,0.37,2025-10-30,0756,N21,VIIRS,n,2.0NRT,302.04,6.09,D
30.50805,75.94599,335.31,0.39,0.36,2025-10-30,0756,N21,VIIRS,n,2.0NRT,300.89,4.28,D
30.55704,75.84718,331.5,0.39,0.37,2025-10-30,0756,N21,VIIRS,l,2.0NRT,302.06,2.72,D
30.82641,75.90791,336.18,0.39,0.36,2025-10-30,0756,N21,VIIRS,n,2.0NRT,304.54,3.91,D
30.91059,76.30229,330.67,0.39,0.36,2025-10-30,0756,N21,VIIRS,n,2.0NRT,300.2,2.47,D
30.92915,76.07796,337.38,0.39,0.36,2025-10-30,0756,N21,VIIRS,n,2.0NRT,302.93,2.51,D
30.99457,76.03915,331.82,0.39,0.36,2025-10-30,0756,N21,VIIRS,n,2.0NRT,300.24,3.3,D
30.42935,75.99067,333.7,0.4,0.44,2025-10-31,0735,N21,VIIRS,n,2.0NRT,303.49,3.34,D
30.43088,75.97738,330.27,0.4,0.44,2025-10-31,0735,N21,VIIRS,n,2.0NRT,303.08,2.53,D
30.45637,75.95772,343.46,0.4,0.44,2025-10-31,0735,N21,VIIRS,n,2.0NRT,301.94,3.87,D
30.43163,75.83402,339.26,0.41,0.45,2025-10-31,0735,N21,VIIRS,n,2.0NRT,301.94,4.74,D
30.46339,75.94727,336.35,0.4,0.44,2025-10-31,0735,N21,VIIRS,n,2.0NRT,301.38,4.08,D
30.43764,75.80188,341.54,0.41,0.45,2025-10-31,0735,N21,VIIRS,n,2.0NRT,302.65,7.11,D
30.44339,75.80914,342.76,0.41,0.45,2025-10-31,0735,N21,VIIRS,n,2.0NRT,303.42,4.39,D
30.44167,75.80082,341.04,0.41,0.45,2025-10-31,0735,N21,VIIRS,n,2.0NRT,303.42,7.11,D
30.55865,76.31335,340.25,0.38,0.43,2025-10-31,0735,N21,VIIRS,n,2.0NRT,303.73,7.91,D
30.4637,75.67987,340.81,0.42,0.45,2025-10-31,0735,N21,VIIRS,n,2.0NRT,302.7,8.98,D
30.49656,75.79935,340.39,0.41,0.45,2025-10-31,0735,N21,VIIRS,n,2.0NRT,304.33,7.74,D
30.54694,76.028,342.34,0.4,0.44,2025-10-31,0735,N21,VIIRS,n,2.0NRT,308.36,14.93,D
30.49042,75.7482,337.17,0.41,0.45,2025-10-31,0735,N21,VIIRS,n,2.0NRT,302.21,4.6,D
30.48957,75.74401,332.72,0.41,0.45,2025-10-31,0735,N21,VIIRS,n,2.0NRT,304.89,4.6,D
30.61507,76.32835,344.01,0.57,0.43,2025-10-31,0735,N21,VIIRS,n,2.0NRT,305.63,27.5,D
30.55796,75.99948,340.65,0.4,0.44,2025-10-31,0735,N21,VIIRS,n,2.0NRT,304.19,4.32,D
30.5682,75.9668,334.26,0.4,0.44,2025-10-31,0735,N21,VIIRS,n,2.0NRT,304.11,6.94,D
30.56739,75.96273,339.01,0.4,0.44,2025-10-31,0735,N21,VIIRS,n,2.0NRT,304.92,8,D
30.56975,75.95352,338.85,0.4,0.44,2025-10-31,0735,N21,VIIRS,n,2.0NRT,300.93,6.88,D
30.56894,75.94944,339.08,0.4,0.44,2025-10-31,0735,N21,VIIRS,n,2.0NRT,302.33,6.88,D
30.52993,75.73318,339.49,0.41,0.45,2025-10-31,0735,N21,VIIRS,n,2.0NRT,300.78,3.55,D
30.57077,75.95315,339.58,0.4,0.44,2025-10-31,0735,N21,VIIRS,n,2.0NRT,301.75,6.43,D
30.56993,75.94908,338.12,0.4,0.44,2025-10-31,0735,N21,VIIRS,n,2.0NRT,302.68,6.43,D
30.52961,75.73341,331.97,0.41,0.45,2025-10-31,0735,N21,VIIRS,n,2.0NRT,300.76,1.75,D
30.53365,75.73234,339.33,0.41,0.45,2025-10-31,0735,N21,VIIRS,n,2.0NRT,301.54,2.95,D
30.50743,75.41935,331.73,0.43,0.46,2025-10-31,0735,N21,VIIRS,n,2.0NRT,303.39,3.48,D
30.61092,75.77772,331.75,0.41,0.45,2025-10-31,0735,N21,VIIRS,n,2.0NRT,300.89,2.23,D
30.71007,75.95184,340.93,0.4,0.44,2025-10-31,0735,N21,VIIRS,n,2.0NRT,303.65,4.28,D
30.91711,75.65778,332.35,0.41,0.45,2025-10-31,0735,N21,VIIRS,n,2.0NRT,303.02,3.27,D
31.02264,76.10018,340.13,0.39,0.44,2025-10-31,0737,N21,VIIRS,n,2.0NRT,303.09,3.77,D
31.07919,75.93481,332.91,0.39,0.44,2025-10-31,0737,N21,VIIRS,n,2.0NRT,300.46,2.32,D
31.03395,75.54304,336.33,0.41,0.45,2025-10-31,0737,N21,VIIRS,n,2.0NRT,302.07,2.39,D
31.07185,75.56443,340.9,0.41,0.45,2025-10-31,0737,N21,VIIRS,n,2.0NRT,305.37,5.2,D
31.2216,75.90937,333.91,0.39,0.44,2025-10-31,0737,N21,VIIRS,n,2.0NRT,302.74,3.17,D
30.66124,75.94311,334.48,0.37,0.58,2025-11-01,0718,N21,VIIRS,n,2.0NRT,299.45,2.77,D
30.51808,75.76352,367,0.39,0.59,2025-11-01,0718,N21,VIIRS,h,2.0NRT,303.05,11.9,D
30.45928,75.68546,341.17,0.39,0.59,2025-11-01,0718,N21,VIIRS,n,2.0NRT,300.12,8.68,D
30.47655,75.7558,334.52,0.39,0.59,2025-11-01,0718,N21,VIIRS,n,2.0NRT,301.73,3.39,D
30.63064,75.73374,331.42,0.39,0.59,2025-11-01,0718,N21,VIIRS,n,2.0NRT,300.23,2.24,D
30.7325,75.49024,336.68,0.4,0.6,2025-11-01,0718,N21,VIIRS,n,2.0NRT,300.22,2.89,D
30.691,75.43888,367,0.4,0.6,2025-11-01,0718,N21,VIIRS,h,2.0NRT,305.56,12.84,D
30.68567,75.44058,332.55,0.4,0.6,2025-11-01,0718,N21,VIIRS,n,2.0NRT,300.19,12.84,D
31.15525,76.17724,331.15,0.35,0.57,2025-11-01,0718,N21,VIIRS,n,2.0NRT,298.06,4.07,D
31.01365,75.68465,344.96,0.38,0.59,2025-11-01,0718,N21,VIIRS,n,2.0NRT,299.42,5.03,D
30.67782,75.42525,338.89,0.62,0.71,2025-11-01,0858,N21,VIIRS,n,2.0NRT,299.41,5.66,D
30.62706,75.75199,339.51,0.65,0.73,2025-11-01,0858,N21,VIIRS,n,2.0NRT,297.83,7.71,D
30.62857,75.78568,367,0.65,0.73,2025-11-01,0858,N21,VIIRS,h,2.0NRT,299.5,16.07,D
31.11548,75.64153,310.42,0.76,0.77,2025-11-01,1942,N21,VIIRS,n,2.0NRT,288.61,2.67,N
31.11099,75.63929,303.85,0.76,0.77,2025-11-01,1942,N21,VIIRS,n,2.0NRT,288.4,1.6,N
30.44346,76.2887,341.85,0.68,0.74,2025-11-02,0701,N21,VIIRS,n,2.0NRT,299.18,8.97,D
30.69268,75.70657,340.6,0.73,0.76,2025-11-02,0701,N21,VIIRS,n,2.0NRT,299.53,7.92,D
30.60796,75.82307,367,0.33,0.56,2025-11-02,0839,N21,VIIRS,h,2.0NRT,303.85,8.85,D
31.22721,76.07495,341.87,0.35,0.57,2025-11-02,0839,N21,VIIRS,n,2.0NRT,301.82,3.56,D
31.15595,76.18715,333.16,0.36,0.57,2025-11-02,0839,N21,VIIRS,n,2.0NRT,301.31,3.54,D
31.03006,75.41259,352.55,0.32,0.54,2025-11-02,0839,N21,VIIRS,n,2.0NRT,303.64,6.25,D
31.07716,76.26749,334.3,0.36,0.57,2025-11-02,0839,N21,VIIRS,n,2.0NRT,298.53,2.21,D
30.98968,75.53915,340.07,0.32,0.55,2025-11-02,0839,N21,VIIRS,n,2.0NRT,300.72,2.41,D
30.9951,75.67318,341.55,0.33,0.55,2025-11-02,0839,N21,VIIRS,n,2.0NRT,300.68,8.07,D
31.01905,76.19836,333.81,0.36,0.57,2025-11-02,0839,N21,VIIRS,n,2.0NRT,301,4.5,D
30.98691,76.04595,331.42,0.35,0.57,2025-11-02,0839,N21,VIIRS,n,2.0NRT,299.53,3.27,D
30.98445,76.1626,331.03,0.35,0.57,2025-11-02,0839,N21,VIIRS,n,2.0NRT,299.69,2.9,D
30.97658,76.33687,332.46,0.36,0.58,2025-11-02,0839,N21,VIIRS,n,2.0NRT,299.23,3,D
30.88095,75.50578,333.96,0.32,0.55,2025-11-02,0839,N21,VIIRS,n,2.0NRT,304.07,1.98,D
30.85368,76.32661,353.49,0.36,0.57,2025-11-02,0839,N21,VIIRS,n,2.0NRT,305.45,22.44,D
30.75226,75.48061,367,0.32,0.55,2025-11-02,0839,N21,VIIRS,h,2.0NRT,303.28,5.63,D
30.72612,75.65436,333.03,0.33,0.55,2025-11-02,0839,N21,VIIRS,l,2.0NRT,303.87,2.32,D
30.68968,75.45832,355.62,0.32,0.54,2025-11-02,0839,N21,VIIRS,n,2.0NRT,305.16,15.98,D
30.63745,75.37286,339.6,0.63,0.54,2025-11-02,0839,N21,VIIRS,n,2.0NRT,301.06,4.38,D
30.64991,75.72499,338.44,0.33,0.55,2025-11-02,0839,N21,VIIRS,n,2.0NRT,302.06,2.9,D
30.65282,75.7629,336.3,0.33,0.55,2025-11-02,0839,N21,VIIRS,n,2.0NRT,301.64,3.16,D
30.60225,75.44286,330.14,0.63,0.54,2025-11-02,0839,N21,VIIRS,l,2.0NRT,302.83,6.42,D
30.60933,75.58826,354.59,0.32,0.55,2025-11-02,0839,N21,VIIRS,n,2.0NRT,303.63,6.89,D
30.62271,75.81444,339.37,0.33,0.56,2025-11-02,0839,N21,VIIRS,n,2.0NRT,300.88,2.99,D
30.57793,75.3926,342.31,0.63,0.54,2025-11-02,0839,N21,VIIRS,n,2.0NRT,303.44,17.97,D
30.59938,75.71606,341.78,0.33,0.55,2025-11-02,0839,N21,VIIRS,n,2.0NRT,301.72,2.81,D
30.57944,75.78771,336.88,0.33,0.55,2025-11-02,0839,N21,VIIRS,n,2.0NRT,300.93,2.64,D
30.56385,76.27669,348.25,0.36,0.57,2025-11-02,0839,N21,VIIRS,n,2.0NRT,300.99,4.84,D
30.50665,75.6925,336.07,0.33,0.55,2025-11-02,0839,N21,VIIRS,n,2.0NRT,302.09,2.35,D
30.52773,76.1511,331.52,0.35,0.57,2025-11-02,0839,N21,VIIRS,n,2.0NRT,301.19,12.63,D
30.52801,76.15475,367,0.35,0.57,2025-11-02,0839,N21,VIIRS,h,2.0NRT,307.25,22.77,D
30.47684,75.70265,336.27,0.33,0.55,2025-11-02,0839,N21,VIIRS,n,2.0NRT,302.17,5.49,D
30.4715,75.69983,333.45,0.33,0.55,2025-11-02,0839,N21,VIIRS,n,2.0NRT,303.02,5.49,D
30.47178,75.70322,367,0.33,0.55,2025-11-02,0839,N21,VIIRS,h,2.0NRT,303.31,5.49,D
30.49483,76.0637,346.71,0.34,0.56,2025-11-02,0839,N21,VIIRS,n,2.0NRT,301.68,4.97,D
30.46111,75.69756,351.69,0.33,0.55,2025-11-02,0839,N21,VIIRS,n,2.0NRT,304.29,14.74,D
30.46138,75.70097,367,0.33,0.55,2025-11-02,0839,N21,VIIRS,h,2.0NRT,303.29,14.81,D
30.43952,75.74815,339.99,0.33,0.55,2025-11-02,0839,N21,VIIRS,n,2.0NRT,302.58,3.86,D
30.4297,75.802,335.84,0.33,0.55,2025-11-02,0839,N21,VIIRS,n,2.0NRT,302.42,2.47,D
30.59191,75.86876,332.47,0.54,0.42,2025-11-03,0820,N21,VIIRS,n,2.0NRT,304.47,3.36,D
30.44451,75.65025,336.32,0.52,0.42,2025-11-03,0820,N21,VIIRS,n,2.0NRT,310.48,12.52,D
30.51183,76.33048,342.96,0.56,0.43,2025-11-03,0820,N21,VIIRS,n,2.0NRT,304.61,14.92,D
30.43256,75.74584,338.04,0.53,0.42,2025-11-03,0820,N21,VIIRS,n,2.0NRT,307.32,7.57,D
30.42493,75.74705,305.55,0.53,0.42,2025-11-03,0820,N21,VIIRS,l,2.0NRT,312.15,30.9,D
30.42556,75.75248,345.4,0.53,0.42,2025-11-03,0820,N21,VIIRS,n,2.0NRT,311.79,40.03,D
30.52351,76.11538,333.48,0.55,0.43,2025-11-03,0820,N21,VIIRS,l,2.0NRT,305.5,11.66,D
31.28178,75.4027,333.17,0.52,0.41,2025-11-03,0820,N21,VIIRS,n,2.0NRT,305.29,4.43,D
31.09074,75.74432,334.88,0.53,0.42,2025-11-03,0820,N21,VIIRS,n,2.0NRT,305.84,7.68,D
31.08689,75.74491,344.07,0.53,0.42,2025-11-03,0820,N21,VIIRS,n,2.0NRT,304.4,7.68,D
31.09017,75.9453,335.6,0.55,0.42,2025-11-03,0820,N21,VIIRS,n,2.0NRT,306.02,8.08,D
31.08628,75.9459,333.21,0.55,0.42,2025-11-03,0820,N21,VIIRS,n,2.0NRT,303.3,8.08,D
31.05458,76.16254,335.17,0.56,0.43,2025-11-03,0820,N21,VIIRS,n,2.0NRT,305.38,12.51,D
31.05502,76.16341,345.97,0.56,0.43,2025-11-03,0820,N21,VIIRS,n,2.0NRT,303.86,13.35,D
30.98668,76.26944,332.19,0.57,0.43,2025-11-03,0820,N21,VIIRS,n,2.0NRT,303.39,3.44,D
30.66189,75.43581,346.4,0.51,0.41,2025-11-03,0820,N21,VIIRS,n,2.0NRT,306.16,9.49,D
30.67253,75.72142,331.73,0.53,0.42,2025-11-03,0820,N21,VIIRS,n,2.0NRT,303.05,2.98,D
30.65982,75.74573,330.79,0.53,0.42,2025-11-03,0820,N21,VIIRS,l,2.0NRT,305.08,2.23,D
30.63751,75.68799,330.75,0.52,0.42,2025-11-03,0820,N21,VIIRS,l,2.0NRT,302.56,2.63,D
30.63305,75.74992,339.83,0.53,0.42,2025-11-03,0820,N21,VIIRS,n,2.0NRT,304.28,5.34,D
30.61964,75.76878,331.57,0.53,0.42,2025-11-03,0820,N21,VIIRS,l,2.0NRT,303.06,5.39,D
30.60251,75.72125,332.21,0.53,0.42,2025-11-03,0820,N21,VIIRS,n,2.0NRT,303.82,3.53,D
31.11593,75.66656,329.26,0.38,0.36,2025-11-03,2044,N21,VIIRS,n,2.0NRT,287.75,2.73,N
31.04577,75.87354,322.57,0.39,0.36,2025-11-03,2044,N21,VIIRS,n,2.0NRT,288.96,2.27,N
30.67917,76.25933,300.21,0.39,0.36,2025-11-03,2044,N21,VIIRS,n,2.0NRT,289.64,0.38,N
31.2116,76.1804,301.17,0.39,0.36,2025-11-03,2044,N21,VIIRS,n,2.0NRT,288.34,0.54,N
30.56019,75.81145,340.24,0.38,0.36,2025-11-04,0802,N21,VIIRS,n,2.0NRT,307.56,12.97,D
30.54278,75.7415,330.78,0.38,0.36,2025-11-04,0802,N21,VIIRS,n,2.0NRT,299.22,3.12,D
30.57644,76.00832,332.15,0.38,0.36,2025-11-04,0802,N21,VIIRS,n,2.0NRT,302.05,1.7,D
30.59551,76.13548,333.55,0.39,0.36,2025-11-04,0802,N21,VIIRS,n,2.0NRT,299.39,3.14,D
30.52872,75.71578,330.16,0.38,0.36,2025-11-04,0802,N21,VIIRS,n,2.0NRT,299.94,2.09,D
30.52458,75.73296,332.45,0.38,0.36,2025-11-04,0802,N21,VIIRS,n,2.0NRT,301.92,2.75,D
30.49437,75.89014,330.78,0.38,0.36,2025-11-04,0802,N21,VIIRS,n,2.0NRT,299.26,3.04,D
30.46945,75.74828,330.03,0.38,0.36,2025-11-04,0802,N21,VIIRS,n,2.0NRT,295.02,2.73,D
30.49141,76.00511,333.68,0.38,0.36,2025-11-04,0802,N21,VIIRS,n,2.0NRT,301.36,3.94,D
30.52575,76.35346,330.98,0.39,0.36,2025-11-04,0802,N21,VIIRS,n,2.0NRT,303.55,2.51,D
30.52634,76.35745,331.44,0.39,0.36,2025-11-04,0802,N21,VIIRS,n,2.0NRT,304.28,2.51,D
30.49698,76.18287,344.2,0.39,0.36,2025-11-04,0802,N21,VIIRS,n,2.0NRT,307.14,25.27,D
30.45705,75.96207,331.76,0.38,0.36,2025-11-04,0802,N21,VIIRS,n,2.0NRT,301.46,2.43,D
31.09868,75.54045,334.95,0.38,0.36,2025-11-04,0802,N21,VIIRS,n,2.0NRT,301.3,3.13,D
31.10196,75.53977,338.04,0.38,0.36,2025-11-04,0802,N21,VIIRS,n,2.0NRT,301.32,5.46,D
31.19984,76.00929,333.24,0.39,0.36,2025-11-04,0802,N21,VIIRS,n,2.0NRT,302.48,2.81,D
31.1639,75.45333,331.35,0.38,0.36,2025-11-04,0802,N21,VIIRS,n,2.0NRT,301.68,5.87,D
31.28024,75.68434,330.6,0.38,0.36,2025-11-04,0802,N21,VIIRS,n,2.0NRT,298.5,3.45,D
30.45137,76.08157,333.36,0.38,0.36,2025-11-04,0802,N21,VIIRS,l,2.0NRT,304.6,4.08,D
30.43916,75.97793,331.52,0.38,0.36,2025-11-04,0802,N21,VIIRS,n,2.0NRT,300.87,3.24,D
30.50836,76.37333,332.16,0.39,0.36,2025-11-04,0802,N21,VIIRS,n,2.0NRT,301.4,3.45,D
30.4779,76.14576,343.23,0.39,0.36,2025-11-04,0802,N21,VIIRS,n,2.0NRT,302.77,4.95,D
30.59631,75.71057,333.99,0.38,0.36,2025-11-04,0802,N21,VIIRS,n,2.0NRT,299.35,2.34,D
30.61776,75.96375,332.13,0.38,0.36,2025-11-04,0802,N21,VIIRS,n,2.0NRT,301.38,2.69,D
30.61238,76.01792,334.58,0.38,0.36,2025-11-04,0802,N21,VIIRS,n,2.0NRT,302.32,3.45,D
30.59269,75.93199,344.77,0.38,0.36,2025-11-04,0802,N21,VIIRS,n,2.0NRT,295.58,10.73,D
31.03267,75.3807,345.27,0.38,0.36,2025-11-04,0802,N21,VIIRS,n,2.0NRT,302.05,9.73,D
31.01801,75.52741,332.05,0.38,0.36,2025-11-04,0802,N21,VIIRS,n,2.0NRT,301.66,4.12,D
31.01122,75.54933,331.99,0.38,0.36,2025-11-04,0802,N21,VIIRS,n,2.0NRT,301.06,2.45,D
30.96528,75.38241,333.86,0.38,0.36,2025-11-04,0802,N21,VIIRS,n,2.0NRT,301.68,6.98,D
30.98668,75.52158,334.22,0.38,0.36,2025-11-04,0802,N21,VIIRS,n,2.0NRT,300.69,3.02,D
30.99556,75.60179,331.8,0.38,0.36,2025-11-04,0802,N21,VIIRS,n,2.0NRT,302.37,3.13,D
31.0062,75.69399,330.43,0.38,0.36,2025-11-04,0802,N21,VIIRS,n,2.0NRT,299.6,2.12,D
30.98354,75.56735,331.12,0.38,0.36,2025-11-04,0802,N21,VIIRS,n,2.0NRT,300.28,2.38,D
30.99585,75.87632,340.78,0.38,0.36,2025-11-04,0802,N21,VIIRS,n,2.0NRT,301.41,5.28,D
30.91797,75.38772,331.05,0.38,0.36,2025-11-04,0802,N21,VIIRS,n,2.0NRT,299.56,4.27,D
30.9206,75.4487,342.08,0.38,0.36,2025-11-04,0802,N21,VIIRS,n,2.0NRT,301.11,5.62,D
30.91733,75.44938,331.87,0.38,0.36,2025-11-04,0802,N21,VIIRS,n,2.0NRT,298.73,5.62,D
30.91588,75.46198,340.89,0.38,0.36,2025-11-04,0802,N21,VIIRS,n,2.0NRT,302.06,5.35,D
30.87291,75.38069,333.84,0.38,0.36,2025-11-04,0802,N21,VIIRS,n,2.0NRT,299.55,4.43,D
30.8731,75.42575,332.69,0.38,0.36,2025-11-04,0802,N21,VIIRS,n,2.0NRT,298.89,2.5,D
30.95945,76.03979,331.67,0.39,0.36,2025-11-04,0802,N21,VIIRS,l,2.0NRT,301.91,5.05,D
30.97904,76.17175,331.54,0.39,0.36,2025-11-04,0802,N21,VIIRS,n,2.0NRT,301.24,1.87,D
30.86734,75.47614,331.28,0.38,0.36,2025-11-04,0802,N21,VIIRS,n,2.0NRT,300.85,1.82,D
30.79089,75.38123,336.11,0.38,0.36,2025-11-04,0802,N21,VIIRS,n,2.0NRT,302.88,7.27,D
30.77981,75.44087,339.07,0.38,0.36,2025-11-04,0802,N21,VIIRS,n,2.0NRT,305.44,19.1,D
30.71138,75.57273,334.75,0.38,0.36,2025-11-04,0802,N21,VIIRS,n,2.0NRT,301.51,3.93,D
30.76956,76.02338,332.69,0.39,0.36,2025-11-04,0802,N21,VIIRS,l,2.0NRT,302.86,6.31,D
30.65561,75.40834,332.7,0.38,0.36,2025-11-04,0802,N21,VIIRS,n,2.0NRT,299.65,6.93,D
30.68514,75.68854,333.98,0.38,0.36,2025-11-04,0802,N21,VIIRS,n,2.0NRT,299.24,2.22,D
30.6478,75.46724,333.2,0.38,0.36,2025-11-04,0802,N21,VIIRS,n,2.0NRT,302.21,3.73,D
30.6395,75.56708,332.21,0.38,0.36,2025-11-04,0802,N21,VIIRS,n,2.0NRT,299.71,2.38,D
30.60327,75.44761,332.81,0.38,0.36,2025-11-04,0802,N21,VIIRS,n,2.0NRT,301.05,3.23,D
30.64679,75.75339,333.96,0.38,0.36,2025-11-04,0802,N21,VIIRS,n,2.0NRT,294.87,2.78,D
30.59672,75.44896,331.18,0.38,0.36,2025-11-04,0802,N21,VIIRS,n,2.0NRT,302.24,2.58,D
30.63081,75.67082,333.19,0.38,0.36,2025-11-04,0802,N21,VIIRS,n,2.0NRT,299.94,8.69,D
30.59185,75.59302,331.29,0.38,0.36,2025-11-04,0802,N21,VIIRS,n,2.0NRT,300.66,3.36,D
30.59246,75.59698,331.67,0.38,0.36,2025-11-04,0802,N21,VIIRS,n,2.0NRT,300.53,3.73,D
30.47752,75.78699,330.12,0.51,0.41,2025-11-05,0741,N21,VIIRS,n,2.0NRT,300.09,2.5,D
30.71066,75.90509,340.28,0.5,0.41,2025-11-05,0743,N21,VIIRS,n,2.0NRT,301.2,6.95,D
30.70794,75.91115,332.33,0.5,0.41,2025-11-05,0743,N21,VIIRS,n,2.0NRT,302.47,6.56,D
30.63344,75.64021,331.62,0.52,0.41,2025-11-05,0743,N21,VIIRS,n,2.0NRT,299.74,3.69,D
30.61121,75.78902,330.49,0.51,0.41,2025-11-05,0743,N21,VIIRS,n,2.0NRT,300.08,2.3,D
30.60056,75.89487,339.68,0.5,0.41,2025-11-05,0743,N21,VIIRS,n,2.0NRT,301.06,12.58,D
30.60325,75.89698,332.5,0.5,0.41,2025-11-05,0743,N21,VIIRS,l,2.0NRT,302.51,12.33,D
30.97024,75.51054,331.37,0.52,0.41,2025-11-05,0743,N21,VIIRS,n,2.0NRT,298.05,3.87,D
30.72363,75.91258,337.44,0.5,0.41,2025-11-05,0743,N21,VIIRS,n,2.0NRT,300.71,5.86,D
30.72135,75.91013,332.13,0.5,0.41,2025-11-05,0743,N21,VIIRS,n,2.0NRT,301.7,5.27,D
30.73312,75.89103,331.28,0.5,0.41,2025-11-05,0743,N21,VIIRS,n,2.0NRT,300.69,6.15,D
30.953,76.31209,328.19,0.48,0.4,2025-11-05,0743,N21,VIIRS,n,2.0NRT,301.55,2.38,D
30.96082,76.19147,334.41,0.48,0.4,2025-11-05,0743,N21,VIIRS,n,2.0NRT,299.59,4.97,D
30.95496,76.07801,329.37,0.49,0.4,2025-11-05,0743,N21,VIIRS,n,2.0NRT,298.72,2.6,D
31.00702,76.25756,335.69,0.48,0.4,2025-11-05,0743,N21,VIIRS,n,2.0NRT,300.23,3.82,D
31.00787,76.25919,339.99,0.48,0.4,2025-11-05,0743,N21,VIIRS,n,2.0NRT,299.89,5.38,D
31.02314,76.23995,329.71,0.48,0.4,2025-11-05,0743,N21,VIIRS,n,2.0NRT,299.93,1.31,D
30.71162,75.91022,332.69,0.5,0.41,2025-11-05,0743,N21,VIIRS,n,2.0NRT,302.36,5.64,D
30.60393,76.22116,330.83,0.57,0.52,2025-11-05,2006,N21,VIIRS,n,2.0NRT,286.55,6.83,N
30.80545,76.13148,336.43,0.58,0.52,2025-11-05,2006,N21,VIIRS,n,2.0NRT,287.95,7.52,N
30.60344,76.22002,336.58,0.57,0.52,2025-11-05,2006,N21,VIIRS,n,2.0NRT,287.07,5.67,N
31.03759,75.38354,296.64,0.33,0.55,2025-11-05,2006,N21,VIIRS,n,2.0NRT,284.16,0.59,N
30.7399,76.26981,307.79,0.57,0.52,2025-11-05,2006,N21,VIIRS,n,2.0NRT,285.47,8.58,N
30.73937,76.27576,336.12,0.57,0.52,2025-11-05,2006,N21,VIIRS,n,2.0NRT,288.11,8.58,N
31.04771,75.44054,295.03,0.73,0.76,2025-11-05,2146,N21,VIIRS,n,2.0NRT,282.27,0.76,N
30.6025,75.77723,348.73,0.62,0.54,2025-11-06,0724,N21,VIIRS,n,2.0NRT,304.73,13.92,D
30.6046,75.77371,340.46,0.62,0.54,2025-11-06,0724,N21,VIIRS,n,2.0NRT,306.19,8.05,D
30.60607,75.78,330.28,0.62,0.54,2025-11-06,0724,N21,VIIRS,n,2.0NRT,304.46,8.05,D
31.06063,76.20013,338.09,0.57,0.52,2025-11-06,0724,N21,VIIRS,n,2.0NRT,300.94,6.33,D
30.71461,75.57194,334.7,0.32,0.54,2025-11-06,0724,N21,VIIRS,n,2.0NRT,302.88,2.26,D
30.76941,75.83037,332.02,0.61,0.54,2025-11-06,0724,N21,VIIRS,n,2.0NRT,301.64,5.33,D
30.62549,75.39333,339.12,0.33,0.55,2025-11-06,0724,N21,VIIRS,n,2.0NRT,303.13,4.15,D
30.61801,75.4062,338.2,0.33,0.55,2025-11-06,0724,N21,VIIRS,n,2.0NRT,303.68,2.86,D
30.61798,75.40639,338.42,0.33,0.55,2025-11-06,0724,N21,VIIRS,n,2.0NRT,303.82,2.69,D
30.69641,75.97118,333.83,0.6,0.53,2025-11-06,0724,N21,VIIRS,n,2.0NRT,302.37,4.33,D
30.60984,75.46301,337.63,0.77,0.77,2025-11-06,0904,N21,VIIRS,n,2.0NRT,300.94,6.57,D
30.61341,75.46253,340.04,0.77,0.77,2025-11-06,0904,N21,VIIRS,n,2.0NRT,301.2,7.55,D
30.45753,75.94252,367,0.58,0.7,2025-11-07,0705,N21,VIIRS,h,2.0NRT,305.05,14.51,D
30.68656,75.44654,330.21,0.61,0.71,2025-11-07,0705,N21,VIIRS,n,2.0NRT,303.77,2.69,D
30.70503,75.68901,330.19,0.59,0.7,2025-11-07,0705,N21,VIIRS,n,2.0NRT,303.53,3.53,D
30.64677,75.62528,348.55,0.6,0.7,2025-11-07,0705,N21,VIIRS,n,2.0NRT,305.03,7.9,D
30.57243,75.7846,331.28,0.59,0.7,2025-11-07,0705,N21,VIIRS,n,2.0NRT,302.79,1.89,D
30.46079,75.94318,336.83,0.58,0.7,2025-11-07,0705,N21,VIIRS,n,2.0NRT,302.44,6.16,D
30.45465,75.9453,337.05,0.58,0.7,2025-11-07,0705,N21,VIIRS,n,2.0NRT,304.27,6.16,D
30.79313,75.45567,367,0.4,0.6,2025-11-07,0845,N21,VIIRS,h,2.0NRT,308.71,11.69,D
31.15452,75.60566,335.51,0.41,0.61,2025-11-07,0845,N21,VIIRS,n,2.0NRT,303.5,3.08,D
30.56099,75.71594,344.52,0.41,0.61,2025-11-07,0845,N21,VIIRS,n,2.0NRT,305.2,3.72,D
30.60542,75.78951,345.24,0.41,0.61,2025-11-07,0845,N21,VIIRS,n,2.0NRT,304.71,5.32,D
30.61284,75.81497,338.69,0.42,0.61,2025-11-07,0845,N21,VIIRS,n,2.0NRT,304.66,1.67,D
30.50079,75.96535,336.66,0.42,0.61,2025-11-07,0845,N21,VIIRS,n,2.0NRT,304.52,3.42,D
30.61871,75.41979,353.08,0.39,0.6,2025-11-07,0845,N21,VIIRS,n,2.0NRT,307.54,5.98,D
30.64925,75.54193,343.44,0.4,0.6,2025-11-07,0845,N21,VIIRS,n,2.0NRT,304.57,6.24,D
30.72378,75.41244,337.03,0.39,0.6,2025-11-07,0845,N21,VIIRS,n,2.0NRT,304.02,3.99,D
30.82983,75.4666,299.79,0.42,0.45,2025-11-07,2110,N21,VIIRS,n,2.0NRT,281.72,0.59,N
30.44211,75.65601,331.35,0.42,0.45,2025-11-08,0826,N21,VIIRS,l,2.0NRT,306.23,1.41,D
30.6384,75.81965,330.63,0.43,0.46,2025-11-08,0826,N21,VIIRS,n,2.0NRT,305.5,2.81,D
30.60219,75.63554,339.7,0.42,0.45,2025-11-08,0826,N21,VIIRS,n,2.0NRT,306.19,8.21,D
30.62153,75.86318,339.94,0.43,0.46,2025-11-08,0826,N21,VIIRS,n,2.0NRT,307.01,2.48,D
30.61547,75.84571,341.27,0.43,0.46,2025-11-08,0826,N21,VIIRS,n,2.0NRT,306.99,4.52,D
30.57722,76.05682,330.45,0.45,0.47,2025-11-08,0826,N21,VIIRS,l,2.0NRT,303.76,2.14,D
30.5777,76.06144,332.23,0.45,0.47,2025-11-08,0826,N21,VIIRS,n,2.0NRT,305.39,2.14,D
30.64144,75.60776,345.12,0.42,0.45,2025-11-08,0826,N21,VIIRS,n,2.0NRT,304.11,7.42,D
30.75022,75.46555,336.17,0.41,0.45,2025-11-08,0826,N21,VIIRS,n,2.0NRT,302.35,2.98,D
30.74892,75.89299,334.82,0.44,0.46,2025-11-08,0826,N21,VIIRS,n,2.0NRT,302.59,6.4,D
30.74608,75.94907,340,0.44,0.46,2025-11-08,0826,N21,VIIRS,n,2.0NRT,305.07,3.46,D
30.68881,75.47872,338.52,0.41,0.45,2025-11-08,0826,N21,VIIRS,n,2.0NRT,304.32,3.25,D
30.69974,75.58291,342.64,0.42,0.45,2025-11-08,0826,N21,VIIRS,n,2.0NRT,306.32,8.42,D
30.7018,75.93663,340.34,0.44,0.46,2025-11-08,0826,N21,VIIRS,n,2.0NRT,306.4,3.49,D
30.6449,75.45884,332.11,0.41,0.45,2025-11-08,0826,N21,VIIRS,n,2.0NRT,304.29,2.78,D
30.64668,75.47604,332.93,0.41,0.45,2025-11-08,0826,N21,VIIRS,n,2.0NRT,306.66,3.55,D
30.63007,75.39588,340.63,0.41,0.45,2025-11-08,0826,N21,VIIRS,n,2.0NRT,303.57,6.16,D
30.66909,75.78037,338.06,0.43,0.46,2025-11-08,0826,N21,VIIRS,n,2.0NRT,305.63,3.09,D
30.6309,75.39474,332.83,0.41,0.45,2025-11-08,0826,N21,VIIRS,n,2.0NRT,301.7,2.83,D
30.63137,75.39899,332.93,0.41,0.45,2025-11-08,0826,N21,VIIRS,l,2.0NRT,304.3,2.83,D
30.62959,75.42089,340.23,0.41,0.45,2025-11-08,0826,N21,VIIRS,n,2.0NRT,305.57,7.12,D
30.66823,75.77906,335.23,0.43,0.46,2025-11-08,0826,N21,VIIRS,n,2.0NRT,305.15,3.67,D
30.67931,75.92421,336.49,0.44,0.46,2025-11-08,0826,N21,VIIRS,n,2.0NRT,305.47,4.13,D
30.75255,75.46164,337.66,0.41,0.45,2025-11-08,0826,N21,VIIRS,n,2.0NRT,301.66,3.04,D
30.75343,75.47027,341.02,0.42,0.45,2025-11-08,0826,N21,VIIRS,n,2.0NRT,306.35,12.29,D
30.97952,76.27077,336.85,0.46,0.47,2025-11-08,0828,N21,VIIRS,n,2.0NRT,303.86,4.21,D
31.15985,75.88549,344.46,0.44,0.46,2025-11-08,0828,N21,VIIRS,n,2.0NRT,302,6.16,D
31.09055,75.53778,337.12,0.42,0.45,2025-11-08,0828,N21,VIIRS,n,2.0NRT,304.27,3.16,D
31.06654,75.42571,347.58,0.42,0.45,2025-11-08,0828,N21,VIIRS,n,2.0NRT,302.09,5.84,D
31.06814,75.42419,339.99,0.42,0.45,2025-11-08,0828,N21,VIIRS,n,2.0NRT,303.91,8.73,D
31.05312,75.51936,342.05,0.42,0.45,2025-11-08,0828,N21,VIIRS,n,2.0NRT,306.21,7.96,D
31.06623,75.64336,347.38,0.43,0.46,2025-11-08,0828,N21,VIIRS,n,2.0NRT,304.71,6.07,D
31.06959,75.75698,349.49,0.43,0.46,2025-11-08,0828,N21,VIIRS,n,2.0NRT,308.08,11.67,D
31.01387,75.54733,340.36,0.42,0.45,2025-11-08,0828,N21,VIIRS,n,2.0NRT,304.25,3.28,D
31.00971,75.54792,338.82,0.42,0.45,2025-11-08,0828,N21,VIIRS,n,2.0NRT,302.85,3.28,D
30.96857,75.43411,330.88,0.42,0.45,2025-11-08,0828,N21,VIIRS,n,2.0NRT,302.86,2.89,D
30.97024,75.55223,330.64,0.42,0.45,2025-11-08,0828,N21,VIIRS,n,2.0NRT,300.22,1.35,D
31.01502,76.10102,338.52,0.45,0.47,2025-11-08,0828,N21,VIIRS,n,2.0NRT,303.45,5.48,D
30.95086,75.56837,340.73,0.42,0.45,2025-11-08,0828,N21,VIIRS,n,2.0NRT,302.69,4.42,D
30.93441,75.4017,338.85,0.4,0.37,2025-11-08,2050,N21,VIIRS,n,2.0NRT,287.83,11.05,N
30.58067,75.73926,336.28,0.4,0.37,2025-11-09,0807,N21,VIIRS,l,2.0NRT,309.61,10.58,D
30.6413,76.18056,333.48,0.41,0.37,2025-11-09,0807,N21,VIIRS,n,2.0NRT,302.9,2.88,D
30.64772,76.25384,332.44,0.41,0.37,2025-11-09,0807,N21,VIIRS,n,2.0NRT,305.17,2.62,D
30.60173,75.9666,334.32,0.41,0.37,2025-11-09,0807,N21,VIIRS,n,2.0NRT,304.95,2.36,D
30.57655,75.96971,334.11,0.41,0.37,2025-11-09,0807,N21,VIIRS,n,2.0NRT,306.07,2.66,D
30.59464,76.35412,335.35,0.42,0.37,2025-11-09,0807,N21,VIIRS,n,2.0NRT,305.14,6.1,D
30.56456,76.39048,336.39,0.42,0.37,2025-11-09,0807,N21,VIIRS,n,2.0NRT,305.41,2.88,D
30.51099,76.04656,333.11,0.41,0.37,2025-11-09,0807,N21,VIIRS,n,2.0NRT,305.8,5,D
30.5468,76.3364,331.74,0.42,0.37,2025-11-09,0807,N21,VIIRS,n,2.0NRT,302.83,1.8,D
31.2807,75.79007,333.05,0.41,0.37,2025-11-09,0807,N21,VIIRS,l,2.0NRT,304.3,4.42,D
31.18397,75.87625,332.21,0.41,0.37,2025-11-09,0807,N21,VIIRS,n,2.0NRT,302.04,2.44,D
31.12923,75.85607,333.87,0.41,0.37,2025-11-09,0807,N21,VIIRS,n,2.0NRT,306.01,2.85,D
31.06357,75.61749,333.81,0.4,0.37,2025-11-09,0807,N21,VIIRS,n,2.0NRT,303.64,3.92,D
31.11287,75.97122,331.33,0.41,0.37,2025-11-09,0807,N21,VIIRS,n,2.0NRT,304.03,0.97,D
31.05687,75.61877,345,0.4,0.37,2025-11-09,0807,N21,VIIRS,n,2.0NRT,308.81,12.76,D
31.02888,75.61552,331.91,0.4,0.37,2025-11-09,0807,N21,VIIRS,n,2.0NRT,303.37,1.46,D
31.02467,75.93536,331.86,0.41,0.37,2025-11-09,0807,N21,VIIRS,n,2.0NRT,302.45,1.41,D
31.00801,75.89849,330.67,0.41,0.37,2025-11-09,0807,N21,VIIRS,n,2.0NRT,300.66,2.41,D
30.93417,75.39915,332.86,0.4,0.37,2025-11-09,0807,N21,VIIRS,n,2.0NRT,305.63,4.21,D
30.9175,75.40234,333.26,0.4,0.37,2025-11-09,0807,N21,VIIRS,n,2.0NRT,306.66,2.28,D
30.91444,75.62366,332.84,0.4,0.37,2025-11-09,0807,N21,VIIRS,l,2.0NRT,305.3,3.18,D
30.8948,75.50828,331.69,0.4,0.37,2025-11-09,0807,N21,VIIRS,n,2.0NRT,304.58,2.49,D
30.83758,75.75212,330.51,0.4,0.37,2025-11-09,0807,N21,VIIRS,l,2.0NRT,305.5,2.37,D
30.82658,75.79707,341.39,0.4,0.37,2025-11-09,0807,N21,VIIRS,n,2.0NRT,304.44,4.59,D
30.70815,75.41116,334.26,0.4,0.37,2025-11-09,0807,N21,VIIRS,l,2.0NRT,304.89,2.15,D
30.71042,75.49921,335.55,0.4,0.37,2025-11-09,0807,N21,VIIRS,n,2.0NRT,306.7,5.98,D
30.76932,76.01857,337.1,0.41,0.37,2025-11-09,0807,N21,VIIRS,n,2.0NRT,305.79,4.12,D
30.67908,75.47144,332.35,0.4,0.37,2025-11-09,0807,N21,VIIRS,l,2.0NRT,304.23,3.31,D
30.69724,75.62447,332.86,0.4,0.37,2025-11-09,0807,N21,VIIRS,l,2.0NRT,305.69,3.25,D
30.69782,75.62862,333.3,0.4,0.37,2025-11-09,0807,N21,VIIRS,l,2.0NRT,306.8,3.25,D
30.69055,75.62575,333.77,0.4,0.37,2025-11-09,0807,N21,VIIRS,n,2.0NRT,303.91,2.32,D
30.71928,75.9068,336.78,0.41,0.37,2025-11-09,0807,N21,VIIRS,l,2.0NRT,307.03,6.31,D
30.6535,75.5819,335.75,0.4,0.37,2025-11-09,0807,N21,VIIRS,n,2.0NRT,301.82,1.91,D
30.63905,75.5924,330.29,0.4,0.37,2025-11-09,0807,N21,VIIRS,n,2.0NRT,302.96,2.69,D
30.6298,75.7215,339.71,0.4,0.37,2025-11-09,0807,N21,VIIRS,n,2.0NRT,307.63,5.48,D
30.62645,75.72213,336.69,0.4,0.37,2025-11-09,0807,N21,VIIRS,n,2.0NRT,308.28,5.48,D
30.71292,76.37422,332.64,0.42,0.37,2025-11-09,0807,N21,VIIRS,n,2.0NRT,303.87,2.59,D
30.59005,75.51303,335.78,0.4,0.37,2025-11-09,0807,N21,VIIRS,n,2.0NRT,306.96,2.99,D
30.60935,75.89635,340.55,0.4,0.37,2025-11-09,0807,N21,VIIRS,n,2.0NRT,313.71,24.09,D
30.93317,75.40201,295.85,0.44,0.39,2025-11-09,2031,N21,VIIRS,n,2.0NRT,284.53,0.46,N
30.59186,76.10178,326.5,0.42,0.37,2025-11-09,2031,N21,VIIRS,n,2.0NRT,284.15,3.29,N
30.69322,76.06787,333.04,0.43,0.38,2025-11-10,0750,N21,VIIRS,n,2.0NRT,301.62,3.95,D
30.57089,75.42245,331.99,0.45,0.39,2025-11-10,0750,N21,VIIRS,n,2.0NRT,303.4,2.67,D
30.48094,76.33128,335.31,0.42,0.38,2025-11-10,0750,N21,VIIRS,n,2.0NRT,301.67,1.7,D
30.48018,76.32697,332.15,0.42,0.38,2025-11-10,0750,N21,VIIRS,n,2.0NRT,300.92,1.7,D
30.49804,76.24645,334.51,0.42,0.38,2025-11-10,0750,N21,VIIRS,n,2.0NRT,301.25,2.25,D
30.5608,75.95963,332.85,0.43,0.38,2025-11-10,0750,N21,VIIRS,n,2.0NRT,305.67,1.95,D
30.54014,75.74145,342.45,0.44,0.38,2025-11-10,0750,N21,VIIRS,n,2.0NRT,308.11,9,D
31.02065,75.52206,333.2,0.44,0.38,2025-11-10,0750,N21,VIIRS,n,2.0NRT,302.56,3.65,D
30.97907,75.41288,332.84,0.45,0.39,2025-11-10,0750,N21,VIIRS,n,2.0NRT,303.77,3.54,D
30.97845,75.41171,334.75,0.45,0.39,2025-11-10,0750,N21,VIIRS,n,2.0NRT,303.3,4.68,D
30.97942,76.08498,332.07,0.42,0.38,2025-11-10,0750,N21,VIIRS,n,2.0NRT,302.78,1.5,D
30.85319,75.40581,336.52,0.45,0.39,2025-11-10,0750,N21,VIIRS,n,2.0NRT,304.57,3.52,D
30.91759,76.11752,331.48,0.42,0.38,2025-11-10,0750,N21,VIIRS,n,2.0NRT,300.35,2.42,D
30.7848,75.43179,337.77,0.45,0.39,2025-11-10,0750,N21,VIIRS,n,2.0NRT,304.18,3.29,D
30.79254,75.53498,344.55,0.44,0.39,2025-11-10,0750,N21,VIIRS,n,2.0NRT,303.29,10.06,D
30.79735,75.83309,332.16,0.43,0.38,2025-11-10,0750,N21,VIIRS,n,2.0NRT,303.99,3.28,D
30.73631,75.509,331.6,0.45,0.39,2025-11-10,0750,N21,VIIRS,n,2.0NRT,303.4,6.17,D
30.66245,75.48363,332.79,0.45,0.39,2025-11-10,0750,N21,VIIRS,n,2.0NRT,304.61,1.54,D
30.66207,75.48232,334.13,0.45,0.39,2025-11-10,0750,N21,VIIRS,n,2.0NRT,304.33,2.06,D
30.63745,75.56927,335.61,0.44,0.39,2025-11-10,0750,N21,VIIRS,n,2.0NRT,305.76,4.39,D
30.63396,75.57009,338.07,0.44,0.39,2025-11-10,0750,N21,VIIRS,n,2.0NRT,304.28,3.51,D
30.46107,75.98418,340.41,0.49,0.49,2025-11-11,0730,N21,VIIRS,n,2.0NRT,302.56,5.47,D
31.00656,75.8882,340.34,0.48,0.48,2025-11-11,0730,N21,VIIRS,n,2.0NRT,299.99,6.53,D
30.86652,75.37512,333.63,0.52,0.5,2025-11-11,0730,N21,VIIRS,n,2.0NRT,302.39,3.5,D
31.00758,76.10442,336.22,0.47,0.48,2025-11-11,0730,N21,VIIRS,n,2.0NRT,302.09,4.12,D
30.82112,75.41283,341.09,0.52,0.5,2025-11-11,0730,N21,VIIRS,n,2.0NRT,303.33,9.15,D
30.92931,76.14944,336.87,0.47,0.48,2025-11-11,0730,N21,VIIRS,n,2.0NRT,303.53,3.19,D
30.79542,75.57572,339.39,0.51,0.49,2025-11-11,0730,N21,VIIRS,n,2.0NRT,302.4,4.75,D
30.72837,75.42271,330.94,0.52,0.5,2025-11-11,0730,N21,VIIRS,n,2.0NRT,300.92,2.29,D
30.70656,75.61011,346.43,0.51,0.49,2025-11-11,0730,N21,VIIRS,n,2.0NRT,304.4,14.64,D
30.75858,75.89122,332.49,0.49,0.49,2025-11-11,0730,N21,VIIRS,n,2.0NRT,303.78,3.96,D
30.70306,75.88951,332.15,0.49,0.49,2025-11-11,0730,N21,VIIRS,n,2.0NRT,303.79,4.4,D
30.61421,75.62899,340.14,0.51,0.49,2025-11-11,0730,N21,VIIRS,n,2.0NRT,303.29,4.88,D
30.63982,76.00191,330.32,0.49,0.48,2025-11-11,0730,N21,VIIRS,n,2.0NRT,304.28,2.4,D
30.50994,75.43577,340.29,0.53,0.5,2025-11-11,0730,N21,VIIRS,n,2.0NRT,305.5,11.43,D
30.64017,76.0038,330.58,0.49,0.48,2025-11-11,0730,N21,VIIRS,n,2.0NRT,303.99,2.58,D
30.5129,75.43077,340.62,0.53,0.5,2025-11-11,0730,N21,VIIRS,n,2.0NRT,306.16,15.03,D
30.47964,75.96316,340.1,0.49,0.49,2025-11-11,0730,N21,VIIRS,n,2.0NRT,305.19,4.2,D
31.09726,75.51421,350.98,0.5,0.66,2025-11-11,1953,N21,VIIRS,n,2.0NRT,290.8,28.84,N
31.10113,75.51357,367,0.5,0.65,2025-11-11,1953,N21,VIIRS,h,2.0NRT,295.6,12.86,N
31.09755,75.509,329.24,0.5,0.66,2025-11-11,1953,N21,VIIRS,n,2.0NRT,283.87,22.06,N
31.10145,75.50836,302.2,0.5,0.66,2025-11-11,1953,N21,VIIRS,n,2.0NRT,283.09,12.86,N
31.09512,75.51312,300.16,0.5,0.65,2025-11-11,1953,N21,VIIRS,n,2.0NRT,282.48,12.86,N
31.06243,75.57114,316.13,0.49,0.65,2025-11-11,2133,N21,VIIRS,n,2.0NRT,281.93,3.39,N
31.10194,75.51584,330.54,0.49,0.65,2025-11-11,2133,N21,VIIRS,n,2.0NRT,283.19,12.2,N
31.0975,75.50887,296.72,0.49,0.65,2025-11-11,2133,N21,VIIRS,n,2.0NRT,281.87,14.01,N
31.09623,75.51374,367,0.49,0.65,2025-11-11,2133,N21,VIIRS,h,2.0NRT,288.3,12.2,N
31.26324,75.79732,351.06,0.46,0.63,2025-11-12,0711,N21,VIIRS,n,2.0NRT,302.11,6.96,D
30.74111,75.59757,344.94,0.48,0.65,2025-11-12,0711,N21,VIIRS,n,2.0NRT,302.36,5.39,D
30.8795,75.46741,367,0.49,0.65,2025-11-12,0711,N21,VIIRS,h,2.0NRT,301.4,11.82,D
31.10156,75.5108,367,0.48,0.65,2025-11-12,0711,N21,VIIRS,h,2.0NRT,302.97,13.51,D
31.10126,75.51196,367,0.48,0.64,2025-11-12,0711,N21,VIIRS,h,2.0NRT,305.6,15.9,D
31.26171,75.7984,348,0.46,0.63,2025-11-12,0711,N21,VIIRS,n,2.0NRT,301.97,5.38,D
30.68013,76.38937,341.74,0.43,0.62,2025-11-12,0711,N21,VIIRS,n,2.0NRT,301.02,4.67,D
30.6325,75.42262,331.02,0.5,0.65,2025-11-12,0852,N21,VIIRS,n,2.0NRT,299.98,2.81,D
31.10191,75.51369,354.59,0.51,0.66,2025-11-12,0852,N21,VIIRS,n,2.0NRT,300.64,11.35,D
31.10055,75.51167,352.06,0.51,0.66,2025-11-12,0852,N21,VIIRS,n,2.0NRT,301.74,8.54,D
30.80387,75.71468,336.05,0.52,0.67,2025-11-12,0852,N21,VIIRS,n,2.0NRT,300.86,3.95,D
30.76803,75.38829,338.04,0.5,0.65,2025-11-12,0852,N21,VIIRS,n,2.0NRT,300.37,8.03,D
30.7659,75.39064,351.65,0.49,0.65,2025-11-12,0852,N21,VIIRS,n,2.0NRT,301.5,7.45,D
31.09687,75.51408,325.57,0.52,0.5,2025-11-12,2116,N21,VIIRS,n,2.0NRT,283.4,3.46,N
31.1013,75.51543,311.18,0.52,0.5,2025-11-12,2116,N21,VIIRS,n,2.0NRT,282.87,3.46,N
30.78725,75.45482,333.4,0.51,0.5,2025-11-13,0834,N21,VIIRS,n,2.0NRT,300.25,5.43,D
30.67393,75.68803,337.19,0.53,0.5,2025-11-13,0834,N21,VIIRS,n,2.0NRT,301.04,6.81,D
30.6295,75.86839,343.69,0.54,0.51,2025-11-13,0834,N21,VIIRS,n,2.0NRT,302.48,11.44,D
30.92329,76.29554,342.84,0.58,0.52,2025-11-13,0834,N21,VIIRS,n,2.0NRT,302.74,10.88,D
30.57868,75.71152,339.23,0.53,0.5,2025-11-13,0834,N21,VIIRS,n,2.0NRT,303.89,6.26,D
30.52003,75.83675,340.17,0.54,0.51,2025-11-13,0834,N21,VIIRS,n,2.0NRT,304.6,8.2,D
30.61729,75.92158,333.22,0.55,0.51,2025-11-13,0834,N21,VIIRS,n,2.0NRT,303.44,3.67,D
30.88492,76.07736,337.22,0.56,0.52,2025-11-13,0834,N21,VIIRS,n,2.0NRT,302.21,5.49,D
30.72353,75.52307,341.82,0.44,0.39,2025-11-14,0813,N21,VIIRS,n,2.0NRT,307.82,14.06,D
30.46022,76.20212,333.42,0.47,0.4,2025-11-14,0813,N21,VIIRS,n,2.0NRT,303.79,6.58,D
30.56517,76.41753,336.68,0.48,0.4,2025-11-14,0813,N21,VIIRS,n,2.0NRT,303.52,3.4,D
30.50517,75.90349,340.68,0.46,0.39,2025-11-14,0813,N21,VIIRS,n,2.0NRT,302.2,8.69,D
30.57915,76.31921,332.54,0.48,0.4,2025-11-14,0813,N21,VIIRS,n,2.0NRT,302.57,4.49,D
30.60364,75.40701,331.67,0.44,0.38,2025-11-14,0813,N21,VIIRS,n,2.0NRT,300.87,2.29,D
30.67647,75.93995,332.94,0.46,0.39,2025-11-14,0813,N21,VIIRS,n,2.0NRT,303.85,2.46,D
30.64032,75.43479,332.65,0.44,0.38,2025-11-14,0813,N21,VIIRS,n,2.0NRT,302.54,3.27,D
30.70031,75.79298,340.08,0.45,0.39,2025-11-14,0813,N21,VIIRS,n,2.0NRT,306.32,8.02,D
30.64905,75.39147,335.7,0.44,0.38,2025-11-14,0813,N21,VIIRS,n,2.0NRT,302.69,3.62,D
30.75273,75.91943,332.85,0.46,0.39,2025-11-14,0813,N21,VIIRS,n,2.0NRT,301.83,2.94,D
30.74114,75.74282,331.91,0.45,0.39,2025-11-14,0813,N21,VIIRS,n,2.0NRT,302.4,2.18,D
30.71583,75.49158,343.35,0.44,0.38,2025-11-14,0813,N21,VIIRS,n,2.0NRT,301.78,4.72,D
30.72499,75.42463,332.23,0.44,0.38,2025-11-14,0813,N21,VIIRS,n,2.0NRT,305.33,3.41,D
30.72605,75.426,331.42,0.44,0.38,2025-11-14,0813,N21,VIIRS,n,2.0NRT,303.98,2.54,D
31.16199,75.59208,332.35,0.45,0.39,2025-11-14,0813,N21,VIIRS,n,2.0NRT,303.07,2.46,D
31.29808,75.83837,330.41,0.46,0.39,2025-11-14,0813,N21,VIIRS,n,2.0NRT,301.11,2.34,D
30.84898,75.95021,297.04,0.39,0.36,2025-11-14,2038,N21,VIIRS,n,2.0NRT,285.49,0.62,N
30.6493,76.32442,302.92,0.39,0.36,2025-11-14,2038,N21,VIIRS,n,2.0NRT,286.47,0.93,N
31.03608,75.54095,339.5,0.4,0.37,2025-11-15,0756,N21,VIIRS,n,2.0NRT,305.94,5.52,D
30.69517,75.40122,333.14,0.4,0.37,2025-11-15,0756,N21,VIIRS,n,2.0NRT,305.36,2.64,D
30.63341,75.46632,332.61,0.4,0.37,2025-11-15,0756,N21,VIIRS,l,2.0NRT,303.31,4.2,D
30.64027,75.71072,333.3,0.4,0.37,2025-11-15,0756,N21,VIIRS,n,2.0NRT,306.47,3.35,D
30.51092,75.92345,333.71,0.39,0.36,2025-11-15,0756,N21,VIIRS,l,2.0NRT,304.14,6.79,D
30.51487,75.96861,333.85,0.39,0.36,2025-11-15,0756,N21,VIIRS,n,2.0NRT,304.59,2.78,D
30.51145,76.35047,332.62,0.39,0.36,2025-11-15,0756,N21,VIIRS,n,2.0NRT,303.74,2.7,D
30.51209,76.35447,332.41,0.39,0.36,2025-11-15,0756,N21,VIIRS,n,2.0NRT,304.27,2.7,D
30.69851,75.40048,334.65,0.4,0.37,2025-11-15,0756,N21,VIIRS,n,2.0NRT,303.42,3.18,D
31.03758,75.61281,331.91,0.4,0.37,2025-11-15,0756,N21,VIIRS,n,2.0NRT,304.2,3.49,D
31.03427,75.61354,338.11,0.4,0.37,2025-11-15,0756,N21,VIIRS,n,2.0NRT,305.07,3.49,D
31.04376,75.75515,341.77,0.39,0.36,2025-11-15,0756,N21,VIIRS,n,2.0NRT,305.04,11.57,D
30.99276,75.50801,340.15,0.4,0.37,2025-11-15,0756,N21,VIIRS,n,2.0NRT,307.66,13.32,D
31.01306,76.26257,331.36,0.39,0.36,2025-11-15,0756,N21,VIIRS,n,2.0NRT,300.83,2.07,D
30.90701,75.98575,336.26,0.39,0.36,2025-11-15,0756,N21,VIIRS,n,2.0NRT,304.26,2.33,D
30.81717,75.45662,331.99,0.4,0.37,2025-11-15,0756,N21,VIIRS,n,2.0NRT,301.23,3.19,D
30.90681,76.06926,334.41,0.39,0.36,2025-11-15,0756,N21,VIIRS,n,2.0NRT,302.95,3.17,D
30.75186,75.66125,332.42,0.4,0.37,2025-11-15,0756,N21,VIIRS,n,2.0NRT,303.42,2.67,D
31.1899,75.81261,331.82,0.39,0.36,2025-11-15,0756,N21,VIIRS,n,2.0NRT,302.04,2.25,D
30.85501,75.91275,296.79,0.39,0.44,2025-11-15,2021,N21,VIIRS,n,2.0NRT,285.94,0.57,N
30.64827,76.32267,298.37,0.55,0.43,2025-11-15,2021,N21,VIIRS,n,2.0NRT,285.01,0.95,N
30.8281,75.71806,338.95,0.41,0.45,2025-11-16,0737,N21,VIIRS,n,2.0NRT,303.15,4.33,D
31.21364,76.03968,328.11,0.38,0.43,2025-11-16,0737,N21,VIIRS,n,2.0NRT,300.86,2.4,D
31.15606,75.87502,331.95,0.39,0.44,2025-11-16,0737,N21,VIIRS,n,2.0NRT,301.56,1.46,D
31.03863,75.52525,333.2,0.41,0.45,2025-11-16,0737,N21,VIIRS,n,2.0NRT,301.64,3.95,D
31.0395,75.52945,335.93,0.41,0.45,2025-11-16,0737,N21,VIIRS,n,2.0NRT,301.43,3.94,D
31.14249,76.05453,339.6,0.38,0.43,2025-11-16,0737,N21,VIIRS,n,2.0NRT,303.2,11.24,D
31.06323,75.76764,336.28,0.4,0.44,2025-11-16,0737,N21,VIIRS,n,2.0NRT,302.48,2.87,D
30.95756,76.08753,337.63,0.39,0.44,2025-11-16,0737,N21,VIIRS,n,2.0NRT,301.4,5.65,D
30.82819,75.72112,330.71,0.41,0.45,2025-11-16,0737,N21,VIIRS,l,2.0NRT,304.52,4.35,D
30.72289,75.53735,341.95,0.42,0.45,2025-11-16,0737,N21,VIIRS,n,2.0NRT,302.83,6.13,D
30.67487,75.49187,330.11,0.42,0.45,2025-11-16,0737,N21,VIIRS,n,2.0NRT,303.88,1.91,D
30.70269,75.72836,333.64,0.41,0.45,2025-11-16,0737,N21,VIIRS,n,2.0NRT,300.2,3.69,D
30.60452,76.32169,332.04,0.57,0.43,2025-11-16,0737,N21,VIIRS,l,2.0NRT,302.73,13.42,D
30.42384,75.89825,332.22,0.4,0.44,2025-11-16,0737,N21,VIIRS,n,2.0NRT,303.46,2.33,D
30.72385,75.49399,336.81,0.39,0.6,2025-11-17,0718,N21,VIIRS,n,2.0NRT,301.9,3.12,D
30.9022,75.42477,336.89,0.32,0.55,2025-11-18,0839,N21,VIIRS,n,2.0NRT,300.23,2.51,D
30.54464,75.94487,330.41,0.34,0.56,2025-11-18,0839,N21,VIIRS,n,2.0NRT,300.83,1.57,D
30.9448,76.03958,337.73,0.35,0.57,2025-11-18,0839,N21,VIIRS,n,2.0NRT,295.67,3.37,D
30.46165,75.97633,334.06,0.34,0.56,2025-11-18,0839,N21,VIIRS,n,2.0NRT,301.23,1.52,D
30.63615,75.40869,336.6,0.51,0.41,2025-11-19,0822,N21,VIIRS,n,2.0NRT,301.58,4.76,D
31.15681,75.71944,332.35,0.54,0.42,2025-11-19,0822,N21,VIIRS,n,2.0NRT,301.72,4.13,D
30.88801,75.44498,332.74,0.38,0.36,2025-11-20,0802,N21,VIIRS,n,2.0NRT,303.01,3.43,D
30.77684,75.54111,340.38,0.38,0.36,2025-11-20,0802,N21,VIIRS,n,2.0NRT,304.37,3.33,D
30.54017,75.95982,334.08,0.38,0.36,2025-11-20,0802,N21,VIIRS,n,2.0NRT,301.89,2.71,D
31.28912,75.93578,330.2,0.39,0.36,2025-11-20,0802,N21,VIIRS,n,2.0NRT,303.45,2.48,D
30.89014,75.37079,333.56,0.38,0.36,2025-11-20,0802,N21,VIIRS,n,2.0NRT,304.31,2.35,D
30.89311,75.45621,338.34,0.38,0.36,2025-11-20,0802,N21,VIIRS,n,2.0NRT,300.22,3.76,D
30.67815,76.26163,295.86,0.47,0.39,2025-11-20,2025,N21,VIIRS,n,2.0NRT,285.68,0.66,N
30.59703,76.30642,331.38,0.48,0.4,2025-11-21,0743,N21,VIIRS,n,2.0NRT,300.27,4.93,D
30.59342,76.3073,332.76,0.48,0.4,2025-11-21,0743,N21,VIIRS,n,2.0NRT,302.59,3.35,D
30.76002,75.5472,331.67,0.51,0.41,2025-11-21,0743,N21,VIIRS,n,2.0NRT,299.25,3.51,D
30.73586,75.75082,335.21,0.42,0.61,2025-11-23,0845,N21,VIIRS,n,2.0NRT,297.39,6.15,D
30.67968,76.25933,303.98,0.43,0.38,2025-11-24,2053,N21,VIIRS,n,2.0NRT,282.61,1.06,N
31.04366,75.41072,335.55,0.4,0.37,2025-11-24,2053,N21,VIIRS,n,2.0NRT,281.63,5.14,N
31.06202,75.64852,299.04,0.41,0.37,2025-11-24,2053,N21,VIIRS,n,2.0NRT,279.6,0.65,N
31.12537,76.05547,328.57,0.41,0.37,2025-11-25,0807,N21,VIIRS,n,2.0NRT,298.02,2.43,D
30.80691,75.5619,298.82,0.43,0.38,2025-11-25,2031,N21,VIIRS,n,2.0NRT,280.57,0.86,N
31.28712,76.33971,336.58,0.41,0.37,2025-11-26,0750,N21,VIIRS,n,2.0NRT,298.24,3.94,D
30.50662,75.89706,331.35,0.43,0.38,2025-11-26,0750,N21,VIIRS,n,2.0NRT,301.21,3.83,D
30.50584,75.89264,331.41,0.43,0.38,2025-11-26,0750,N21,VIIRS,n,2.0NRT,301.24,5.05,D
30.62145,75.61978,335.74,0.48,0.64,2025-11-28,0711,N21,VIIRS,n,2.0NRT,298.56,3.9,D
30.57648,75.89505,311.74,0.39,0.36,2025-11-30,2040,N21,VIIRS,n,2.0NRT,250.41,0.6,N
31.15641,75.4031,329.76,0.4,0.37,2025-12-01,0756,N21,VIIRS,n,2.0NRT,298.01,1.8,D
30.57761,75.89717,332.08,0.39,0.36,2025-12-01,0756,N21,VIIRS,n,2.0NRT,303.93,2.19,D
30.52741,75.69447,335.1,0.4,0.37,2025-12-01,0756,N21,VIIRS,n,2.0NRT,298.95,8.43,D
30.57613,75.89499,304.22,0.38,0.43,2025-12-01,2021,N21,VIIRS,n,2.0NRT,278.28,0.75,N
31.2657,75.80997,354.91,0.35,0.57,2025-12-04,0839,N21,VIIRS,n,2.0NRT,294.55,6.17,D
31.27825,75.76176,300.87,0.39,0.36,2025-12-05,2046,N21,VIIRS,n,2.0NRT,279.86,0.96,N
30.67866,76.26227,307.42,0.46,0.39,2025-12-06,2025,N21,VIIRS,n,2.0NRT,282.25,1.35,N
30.78138,75.42973,304.66,0.5,0.41,2025-12-06,2025,N21,VIIRS,n,2.0NRT,279.16,0.87,N
31.21461,75.94269,330.38,0.48,0.4,2025-12-07,0743,N21,VIIRS,n,2.0NRT,297.1,4.11,D
30.53528,76.38259,328.89,0.47,0.4,2025-12-07,0743,N21,VIIRS,n,2.0NRT,295.25,3.73,D
31.03525,75.53759,327.37,0.5,0.41,2025-12-07,0743,N21,VIIRS,n,2.0NRT,295.79,2.72,D
31.21447,75.93952,326.94,0.48,0.4,2025-12-07,0743,N21,VIIRS,n,2.0NRT,295.84,3.18,D
31.09821,75.94218,330.43,0.55,0.68,2025-12-09,0705,N21,VIIRS,n,2.0NRT,293.26,3.28,D
31.18108,75.80227,367,0.43,0.62,2025-12-09,0845,N21,VIIRS,h,2.0NRT,297.2,19.09,D
31.18322,75.80096,367,0.44,0.62,2025-12-09,0845,N21,VIIRS,h,2.0NRT,296.09,15.2,D
31.15431,75.92297,330.19,0.46,0.47,2025-12-10,0828,N21,VIIRS,n,2.0NRT,296.03,3.69,D
31.17136,76.23211,336.28,0.48,0.48,2025-12-10,0828,N21,VIIRS,n,2.0NRT,298.58,5.08,D
30.88488,76.04973,326.24,0.46,0.47,2025-12-10,0828,N21,VIIRS,n,2.0NRT,297.98,1.95,D
31.26686,75.84702,334.32,0.45,0.47,2025-12-10,0828,N21,VIIRS,n,2.0NRT,296.65,4.65,D
31.08935,75.44995,332.49,0.4,0.37,2025-12-11,0809,N21,VIIRS,n,2.0NRT,296.35,5.13,D
31.22175,76.10468,327.63,0.42,0.38,2025-12-11,0809,N21,VIIRS,n,2.0NRT,297.26,2.38,D
31.02185,76.25896,326.76,0.42,0.38,2025-12-11,0809,N21,VIIRS,n,2.0NRT,295.34,1.21,D
30.65344,76.31605,295.65,0.41,0.37,2025-12-11,2033,N21,VIIRS,n,2.0NRT,283.47,0.57,N
31.16372,75.79578,329.42,0.47,0.39,2025-12-16,0815,N21,VIIRS,n,2.0NRT,295.39,3.52,D
31.1398,75.89945,331.09,0.47,0.4,2025-12-16,0815,N21,VIIRS,n,2.0NRT,296.36,3.58,D
31.13269,75.58018,340.4,0.46,0.39,2025-12-16,0815,N21,VIIRS,n,2.0NRT,294.68,8.13,D
31.2689,75.85995,328.76,0.47,0.4,2025-12-16,0815,N21,VIIRS,n,2.0NRT,294.65,3.74,D
31.30393,75.80644,341.57,0.47,0.4,2025-12-16,0815,N21,VIIRS,n,2.0NRT,295.62,5.47,D
30.53873,76.38401,337.73,0.39,0.36,2025-12-17,0756,N21,VIIRS,n,2.0NRT,294,4.66,D
30.85482,75.47179,316.01,0.4,0.44,2025-12-17,2021,N21,VIIRS,n,2.0NRT,267.45,6.21,N
30.85527,75.4676,339.51,0.4,0.44,2025-12-17,2021,N21,VIIRS,n,2.0NRT,272.05,10.51,N
30.78088,75.44821,295.08,0.38,0.36,2025-12-21,2046,N21,VIIRS,n,2.0NRT,279.29,1.09,N
30.7776,75.4475,309.64,0.38,0.36,2025-12-21,2046,N21,VIIRS,n,2.0NRT,279.29,1.09,N
30.90219,76.18018,333.79,0.39,0.36,2025-12-22,0805,N21,VIIRS,n,2.0NRT,297,10.3,D
31.26805,75.84479,334.67,0.39,0.36,2025-12-22,0805,N21,VIIRS,n,2.0NRT,294.15,5.11,D
31.06007,75.93227,329.9,0.48,0.4,2025-12-23,0743,N21,VIIRS,n,2.0NRT,295.14,5.74,D
30.46791,76.25405,325.58,0.47,0.4,2025-12-23,0743,N21,VIIRS,n,2.0NRT,294.04,3.53,D
30.86879,75.88437,301.41,0.43,0.62,2025-12-24,2129,N21,VIIRS,n,2.0NRT,283.21,0.73,N
31.17875,75.85091,327.46,0.44,0.62,2025-12-25,0847,N21,VIIRS,n,2.0NRT,288.76,3.61,D
31.15559,75.81757,326.93,0.41,0.37,2025-12-27,0809,N21,VIIRS,n,2.0NRT,291.88,2.06,D
31.05688,75.5121,330.4,0.4,0.37,2025-12-27,0809,N21,VIIRS,n,2.0NRT,293.27,3.28,D
31.26253,75.81712,325.39,0.42,0.38,2025-12-28,0750,N21,VIIRS,n,2.0NRT,290.21,3.02,D
31.23897,76.1534,332.48,0.37,0.58,2026-01-05,0841,N21,VIIRS,n,2.0NRT,288.91,3.27,D
31.29466,75.7685,325.03,0.56,0.43,2026-01-06,0822,N21,VIIRS,n,2.0NRT,286.44,3.8,D
31.01225,76.07211,326.62,0.47,0.48,2026-01-11,0828,N21,VIIRS,n,2.0NRT,290.52,3.17,D
31.29921,75.76597,337.02,0.46,0.47,2026-01-11,0828,N21,VIIRS,n,2.0NRT,289.15,3.71,D
31.0548,75.95745,332.34,0.36,0.57,2026-01-21,0841,N21,VIIRS,n,2.0NRT,291.86,2.36,D
31.06676,75.90324,330.99,0.36,0.57,2026-01-21,0841,N21,VIIRS,n,2.0NRT,292.48,1.96,D
31.03211,76.0243,327.73,0.57,0.43,2026-01-22,0822,N21,VIIRS,n,2.0NRT,292.37,3.89,D
31.16131,76.25697,337.79,0.39,0.44,2026-01-22,0822,N21,VIIRS,n,2.0NRT,296.11,4.16,D
31.17468,76.19251,326.87,0.39,0.44,2026-01-22,0822,N21,VIIRS,n,2.0NRT,291.96,1.83,D
31.16283,76.05,333.55,0.38,0.44,2026-01-22,0822,N21,VIIRS,n,2.0NRT,295.4,2.71,D
31.30212,75.76883,325.03,0.56,0.43,2026-01-22,0822,N21,VIIRS,n,2.0NRT,281.88,4.53,D
31.18457,75.6419,326.18,0.39,0.44,2026-02-04,0737,N21,VIIRS,n,2.0NRT,291.92,1.65,D
31.11543,75.92954,330.59,0.57,0.43,2026-02-04,0737,N21,VIIRS,n,2.0NRT,292.12,5.3,D
30.6529,76.31686,298,0.34,0.56,2026-02-04,2001,N21,VIIRS,n,2.0NRT,284.08,0.65,N
30.65522,76.3187,297.13,0.34,0.56,2026-02-04,2001,N21,VIIRS,n,2.0NRT,283.32,0.83,N
30.87084,75.88326,301.52,0.66,0.73,2026-02-04,2142,N21,VIIRS,n,2.0NRT,283.14,1.33,N
30.87546,75.88378,297.37,0.66,0.73,2026-02-04,2142,N21,VIIRS,n,2.0NRT,282.41,1.09,N
31.22772,75.69064,341.04,0.36,0.57,2026-02-05,0720,N21,VIIRS,n,2.0NRT,293.54,6.05,D
31.2283,75.68887,351.19,0.36,0.57,2026-02-05,0720,N21,VIIRS,n,2.0NRT,294.4,4.64,D
31.05406,76.02826,337.78,0.35,0.56,2026-02-05,0720,N21,VIIRS,n,2.0NRT,293.28,2.98,D
31.1951,75.85065,327.93,0.66,0.73,2026-02-06,0703,N21,VIIRS,n,2.0NRT,291.45,4.95,D
31.14325,75.79656,330.68,0.35,0.57,2026-02-06,0841,N21,VIIRS,n,2.0NRT,292.62,3.33,D
30.43049,76.37693,325.03,0.37,0.58,2026-02-06,0841,N21,VIIRS,n,2.0NRT,291.83,4.88,D
31.14385,75.79624,334.09,0.35,0.57,2026-02-06,0841,N21,VIIRS,n,2.0NRT,292.6,3.4,D
31.11915,76.25677,325.76,0.39,0.44,2026-02-07,0822,N21,VIIRS,n,2.0NRT,293.07,2.67,D
31.28218,75.80863,330.65,0.56,0.43,2026-02-07,0822,N21,VIIRS,n,2.0NRT,294,9.14,D
31.28296,75.80895,335.3,0.56,0.43,2026-02-07,0822,N21,VIIRS,n,2.0NRT,293.56,13,D
31.11831,76.25621,332.22,0.39,0.44,2026-02-07,0822,N21,VIIRS,n,2.0NRT,293.21,2.42,D
31.17741,76.21917,328.89,0.39,0.36,2026-02-08,0805,N21,VIIRS,n,2.0NRT,295,2.35,D
31.17495,75.80831,342.33,0.39,0.36,2026-02-08,0805,N21,VIIRS,n,2.0NRT,297.14,16.57,D
31.08201,75.95382,325.07,0.57,0.52,2026-02-10,0726,N21,VIIRS,n,2.0NRT,294.42,3.71,D
31.02483,76.16747,330.83,0.55,0.51,2026-02-10,0726,N21,VIIRS,n,2.0NRT,294.77,4.15,D
31.28751,75.778,343.25,0.54,0.68,2026-02-11,0707,N21,VIIRS,n,2.0NRT,293.79,11.48,D
31.21744,75.73731,328.38,0.54,0.68,2026-02-11,0707,N21,VIIRS,n,2.0NRT,293.48,5.24,D
31.28851,75.78151,341.94,0.54,0.68,2026-02-11,0707,N21,VIIRS,n,2.0NRT,293.56,8.17,D
31.31348,75.7234,333.47,0.44,0.62,2026-02-11,0847,N21,VIIRS,n,2.0NRT,293.62,6.44,D
31.30942,75.72305,328.47,0.44,0.62,2026-02-11,0847,N21,VIIRS,n,2.0NRT,293.29,3.22,D
31.21885,76.04684,333.38,0.47,0.48,2026-02-12,0828,N21,VIIRS,n,2.0NRT,296.86,4.51,D
30.88733,75.90659,297.72,0.42,0.38,2026-02-12,2053,N21,VIIRS,n,2.0NRT,282.46,0.52,N
30.81101,76.01879,300.44,0.42,0.38,2026-02-12,2053,N21,VIIRS,n,2.0NRT,270.06,1,N
31.06175,75.9515,329.24,0.42,0.37,2026-02-13,0809,N21,VIIRS,n,2.0NRT,295.71,2.83,D
31.03363,76.18304,326.94,0.42,0.38,2026-02-13,0809,N21,VIIRS,n,2.0NRT,297.5,2.16,D
31.06668,76.24485,327.74,0.42,0.38,2026-02-13,0809,N21,VIIRS,n,2.0NRT,295.77,2.26,D
31.06918,76.24638,329.62,0.43,0.38,2026-02-13,0809,N21,VIIRS,n,2.0NRT,295.43,2.33,D
31.16051,75.94163,334.17,0.42,0.37,2026-02-14,0752,N21,VIIRS,n,2.0NRT,295.3,5.58,D
30.45733,76.37107,332.62,0.41,0.37,2026-02-14,0752,N21,VIIRS,n,2.0NRT,296.6,3.54,D
30.49657,75.98495,329.78,0.42,0.38,2026-02-14,0752,N21,VIIRS,n,2.0NRT,296.97,3.34,D
30.50074,75.98849,328.6,0.42,0.38,2026-02-14,0752,N21,VIIRS,n,2.0NRT,296.46,3.34,D
31.02941,76.16648,331.42,0.41,0.37,2026-02-14,0752,N21,VIIRS,n,2.0NRT,295.53,3.31,D
31.15711,75.94242,330.35,0.42,0.37,2026-02-14,0752,N21,VIIRS,n,2.0NRT,295.83,7.43,D
30.84837,75.94904,298.63,0.46,0.47,2026-02-14,2016,N21,VIIRS,n,2.0NRT,286.1,0.89,N
31.15437,76.08214,332.69,0.42,0.61,2026-02-16,0713,N21,VIIRS,n,2.0NRT,295.52,5.49,D
31.15631,75.83163,328.37,0.44,0.62,2026-02-16,0713,N21,VIIRS,n,2.0NRT,293.86,3.01,D
31.15364,75.8329,331.15,0.44,0.62,2026-02-16,0713,N21,VIIRS,n,2.0NRT,294.1,3.13,D
30.58482,76.06834,326.11,0.58,0.52,2026-02-17,0837,N21,VIIRS,n,2.0NRT,295.95,4.08,D
31.30998,75.94469,327.91,0.58,0.52,2026-02-17,0837,N21,VIIRS,n,2.0NRT,295.01,3.55,D
30.58481,76.06851,327.02,0.58,0.52,2026-02-17,0837,N21,VIIRS,n,2.0NRT,296.03,4.92,D
31.10443,75.94672,341.7,0.48,0.4,2026-02-18,0815,N21,VIIRS,n,2.0NRT,293.32,11.66,D
31.10469,75.94929,329.49,0.48,0.4,2026-02-18,0815,N21,VIIRS,n,2.0NRT,294.89,11.98,D
31.14246,76.04967,339.15,0.39,0.36,2026-02-19,0758,N21,VIIRS,n,2.0NRT,294.91,4.68,D
31.00771,75.63637,329.17,0.39,0.36,2026-02-19,0758,N21,VIIRS,n,2.0NRT,294.72,2.21,D
30.78383,76.3684,325.05,0.39,0.36,2026-02-19,0758,N21,VIIRS,n,2.0NRT,296.59,4.8,D
30.78446,76.37239,329.37,0.39,0.36,2026-02-19,0758,N21,VIIRS,n,2.0NRT,295.8,4.8,D
31.1729,75.89791,329.21,0.39,0.36,2026-02-19,0758,N21,VIIRS,n,2.0NRT,295.08,1.89,D
31.26316,76.05167,329.16,0.56,0.43,2026-02-20,0737,N21,VIIRS,n,2.0NRT,296.75,5.87,D
31.07353,75.83801,330.49,0.36,0.57,2026-02-21,0720,N21,VIIRS,n,2.0NRT,292.93,2.57,D
31.23123,75.73217,354.13,0.36,0.57,2026-02-21,0720,N21,VIIRS,n,2.0NRT,291.65,5.59,D
31.06543,75.87547,330.32,0.67,0.73,2026-02-22,0703,N21,VIIRS,n,2.0NRT,292.27,8.25,D
31.18185,75.85062,344.2,0.35,0.57,2026-02-22,0841,N21,VIIRS,n,2.0NRT,295.45,8.43,D
31.18157,75.84692,355.21,0.35,0.57,2026-02-22,0841,N21,VIIRS,n,2.0NRT,296.2,8.43,D
30.48274,76.27232,328.01,0.37,0.58,2026-02-22,0841,N21,VIIRS,n,2.0NRT,293.78,2.45,D
30.58492,75.93346,326.27,0.56,0.43,2026-02-23,0822,N21,VIIRS,n,2.0NRT,297.81,2.25,D
30.45859,75.69965,329.94,0.54,0.42,2026-02-23,0822,N21,VIIRS,n,2.0NRT,298.39,9.74,D
31.22196,75.71535,335.42,0.55,0.43,2026-02-23,0822,N21,VIIRS,n,2.0NRT,298.92,19.18,D
30.70053,76.29501,296.55,0.39,0.36,2026-02-23,2046,N21,VIIRS,n,2.0NRT,286.02,0.35,N
30.67882,76.26083,306.39,0.39,0.36,2026-02-23,2046,N21,VIIRS,n,2.0NRT,288.53,1.01,N
31.06181,76.19533,330.13,0.39,0.36,2026-02-24,0805,N21,VIIRS,n,2.0NRT,298.38,2.02,D
31.2524,75.87231,328.63,0.39,0.36,2026-02-24,0805,N21,VIIRS,n,2.0NRT,297.21,1.4,D
31.25739,75.74326,329.92,0.39,0.36,2026-02-24,0805,N21,VIIRS,n,2.0NRT,296.3,1.78,D
30.65206,75.50078,334.4,0.38,0.36,2026-02-24,0805,N21,VIIRS,n,2.0NRT,298.17,3.49,D
30.68062,76.16885,329.33,0.39,0.36,2026-02-24,0805,N21,VIIRS,n,2.0NRT,299.39,2.01,D
30.56238,76.16302,331.58,0.48,0.4,2026-02-25,0743,N21,VIIRS,n,2.0NRT,300.95,2.3,D
30.7024,76.32747,326.88,0.47,0.39,2026-02-25,0743,N21,VIIRS,n,2.0NRT,297.46,3.45,D
31.02971,75.88423,328.94,0.48,0.4,2026-02-25,0745,N21,VIIRS,n,2.0NRT,299.3,4.02,D
30.86814,76.08891,330.37,0.57,0.52,2026-02-26,0726,N21,VIIRS,n,2.0NRT,297.17,4.5,D
30.8084,75.68247,339.93,0.57,0.69,2026-02-27,0707,N21,VIIRS,n,2.0NRT,296.01,18.13,D
30.80685,75.67683,354.62,0.57,0.69,2026-02-27,0707,N21,VIIRS,n,2.0NRT,300,18.13,D
31.12167,76.0565,352.21,0.45,0.63,2026-02-27,0847,N21,VIIRS,n,2.0NRT,298.02,6.59,D
31.03799,76.02888,336.87,0.45,0.63,2026-02-27,0847,N21,VIIRS,n,2.0NRT,296.12,2.94,D
30.52572,75.9881,341.99,0.46,0.47,2026-02-28,0828,N21,VIIRS,n,2.0NRT,304.54,11.23,D
30.52805,75.98956,341.02,0.46,0.47,2026-02-28,0828,N21,VIIRS,n,2.0NRT,301.56,13.14,D
31.15218,75.91225,338.14,0.46,0.47,2026-02-28,0828,N21,VIIRS,n,2.0NRT,300.74,5.29,D
30.81156,76.0351,296.85,0.42,0.38,2026-02-28,2053,N21,VIIRS,n,2.0NRT,285.13,0.4,N
31.1037,75.89647,331.7,0.41,0.37,2026-03-01,0809,N21,VIIRS,n,2.0NRT,302.16,3.89,D
30.87279,76.13007,328.85,0.42,0.38,2026-03-01,0809,N21,VIIRS,n,2.0NRT,300.63,1.43,D
30.56713,76.30173,330.57,0.42,0.38,2026-03-01,0809,N21,VIIRS,n,2.0NRT,300.22,3.22,D
31.30559,76.07021,332.39,0.41,0.37,2026-03-02,0752,N21,VIIRS,n,2.0NRT,303.12,3.29,D
30.65803,76.04346,330.15,0.42,0.38,2026-03-02,0752,N21,VIIRS,n,2.0NRT,300.08,3.68,D
31.19087,76.02057,330.32,0.46,0.47,2026-03-03,0733,N21,VIIRS,n,2.0NRT,299.88,2.8,D
30.53492,75.99824,340.96,0.45,0.63,2026-03-04,0713,N21,VIIRS,n,2.0NRT,298.33,4.29,D
30.8824,75.92147,310.04,0.39,0.36,2026-03-06,2040,N21,VIIRS,n,2.0NRT,293.3,0.76,N
31.04233,76.25636,331.29,0.39,0.36,2026-03-07,0758,N21,VIIRS,n,2.0NRT,301.16,3.18,D
30.87286,75.90205,335.75,0.39,0.36,2026-03-07,0758,N21,VIIRS,l,2.0NRT,310.03,1.71,D
31.23617,76.01652,340.66,0.39,0.36,2026-03-07,0758,N21,VIIRS,n,2.0NRT,299.88,4.68,D
30.6354,75.99435,333.01,0.36,0.57,2026-03-09,0720,N21,VIIRS,n,2.0NRT,294.79,2.98,D
30.94992,76.35343,330.89,0.73,0.76,2026-03-09,0900,N21,VIIRS,n,2.0NRT,295.86,5.63,D
30.94395,76.35441,329.49,0.73,0.76,2026-03-09,0900,N21,VIIRS,n,2.0NRT,295.84,5.61,D
31.01164,75.60809,335,0.34,0.56,2026-03-10,0841,N21,VIIRS,n,2.0NRT,301.61,3.49,D
31.01437,75.60821,331.05,0.34,0.56,2026-03-10,0841,N21,VIIRS,n,2.0NRT,299.95,3.66,D
30.67142,76.20263,330.26,0.38,0.43,2026-03-11,0822,N21,VIIRS,n,2.0NRT,303.64,2.12,D
30.68776,75.88773,331.86,0.55,0.43,2026-03-11,0822,N21,VIIRS,n,2.0NRT,301.06,2.8,D
30.93711,75.99749,333.26,0.39,0.36,2026-03-12,0805,N21,VIIRS,n,2.0NRT,300.47,2.17,D
31.1387,75.84219,328.32,0.39,0.36,2026-03-12,0805,N21,VIIRS,n,2.0NRT,295.75,1.53,D
30.80888,76.01886,295.95,0.56,0.69,2026-03-14,1949,N21,VIIRS,n,2.0NRT,283.26,2.58,N
30.81256,76.01698,297.13,0.56,0.69,2026-03-14,1949,N21,VIIRS,n,2.0NRT,281.04,2.46,N
30.88734,75.90556,295.79,0.42,0.38,2026-03-17,2034,N21,VIIRS,n,2.0NRT,284.55,0.31,N
31.22752,76.13544,338.31,0.48,0.4,2026-03-22,0816,N21,VIIRS,n,2.0NRT,299.95,5.44,D
30.88502,76.32329,333.16,0.49,0.4,2026-03-22,0816,N21,VIIRS,n,2.0NRT,302.73,13.74,D
31.0845,76.09566,330.66,0.57,0.43,2026-03-24,0737,N21,VIIRS,n,2.0NRT,296.63,5.54,D
31.08904,75.42603,340.42,0.41,0.45,2026-03-24,0737,N21,VIIRS,n,2.0NRT,300.73,10.31,D
31.086,75.405,330,0.38,0.36,2026-03-28,0805,N21,VIIRS,n,2.0NRT,297.2,1.82,D
31.05798,75.50927,342.81,0.38,0.36,2026-03-28,0805,N21,VIIRS,n,2.0NRT,298.64,6.89,D
30.87753,76.34606,330.87,0.42,0.38,2026-04-02,0809,N21,VIIRS,n,2.0NRT,296.9,2.81,D
30.47877,76.10018,334.8,0.39,0.44,2026-04-09,0737,N21,VIIRS,n,2.0NRT,295.11,3.27,D
30.88895,75.90725,304.83,0.39,0.36,2026-04-12,2046,N21,VIIRS,n,2.0NRT,292.12,0.55,N
31.07964,76.10017,327.58,0.39,0.36,2026-04-12,2046,N21,VIIRS,n,2.0NRT,291.81,8.73,N
30.60782,76.06869,346.7,0.39,0.36,2026-04-13,0805,N21,VIIRS,n,2.0NRT,313.73,8.83,D
31.2704,76.31983,335.19,0.46,0.63,2026-04-16,0848,N21,VIIRS,n,2.0NRT,300.67,2.38,D
30.72556,75.83003,367,0.42,0.61,2026-04-16,0848,N21,VIIRS,h,2.0NRT,296.92,8.06,D
30.72724,75.82909,354.63,0.42,0.61,2026-04-16,0848,N21,VIIRS,n,2.0NRT,296.61,6.95,D
30.84841,75.49628,333.19,0.4,0.6,2026-04-16,0848,N21,VIIRS,l,2.0NRT,304.73,2.3,D
31.2704,76.31974,337.05,0.46,0.63,2026-04-16,0848,N21,VIIRS,n,2.0NRT,301.01,2.42,D
30.93001,75.51486,339.69,0.44,0.39,2026-04-19,0750,N21,VIIRS,n,2.0NRT,306.38,3.86,D
31.19954,76.19942,339.88,0.42,0.38,2026-04-19,0752,N21,VIIRS,n,2.0NRT,313,3.76,D
30.53291,75.37145,343.1,0.53,0.5,2026-04-20,0731,N21,VIIRS,n,2.0NRT,316.46,8.77,D
30.88314,75.50603,332.49,0.49,0.65,2026-04-21,0714,N21,VIIRS,n,2.0NRT,305.56,8.39,D
30.88281,75.50957,367,0.49,0.65,2026-04-21,0714,N21,VIIRS,h,2.0NRT,308.13,13.66,D
30.8844,75.5109,367,0.49,0.65,2026-04-21,0714,N21,VIIRS,h,2.0NRT,307.57,8.39,D
31.00472,76.18397,333.76,0.57,0.52,2026-04-22,0835,N21,VIIRS,l,2.0NRT,306.29,7.65,D
30.55659,75.45408,340.89,0.51,0.49,2026-04-22,0835,N21,VIIRS,l,2.0NRT,312.1,3.9,D
31.00358,76.17797,335.22,0.57,0.52,2026-04-22,0835,N21,VIIRS,l,2.0NRT,307.91,15.33,D
30.99828,76.11872,335.81,0.57,0.52,2026-04-22,0835,N21,VIIRS,n,2.0NRT,298.69,11.22,D
30.99776,76.11282,354.49,0.57,0.52,2026-04-22,0835,N21,VIIRS,n,2.0NRT,308.29,34.99,D
31.00888,76.18336,343.57,0.57,0.52,2026-04-22,0835,N21,VIIRS,n,2.0NRT,309.01,15.33,D
31.00834,76.17741,352.28,0.57,0.52,2026-04-22,0835,N21,VIIRS,n,2.0NRT,314.21,15.33,D
30.99882,76.11272,367,0.57,0.52,2026-04-22,0835,N21,VIIRS,h,2.0NRT,307.7,33.83,D
31.00422,76.17799,349.65,0.57,0.52,2026-04-22,0835,N21,VIIRS,n,2.0NRT,311.11,17.39,D
31.00948,76.18338,342.66,0.57,0.52,2026-04-22,0835,N21,VIIRS,n,2.0NRT,306.46,7.65,D
31.00898,76.17743,349.29,0.57,0.52,2026-04-22,0835,N21,VIIRS,n,2.0NRT,311.55,17.39,D
31.02983,75.44193,343.57,0.44,0.38,2026-04-23,0816,N21,VIIRS,n,2.0NRT,314.76,6.81,D
31.00639,75.42725,349.83,0.44,0.38,2026-04-23,0816,N21,VIIRS,n,2.0NRT,318.17,17.74,D
30.57477,75.41179,342.99,0.44,0.38,2026-04-23,0816,N21,VIIRS,l,2.0NRT,317.19,6.6,D
30.71231,75.51556,313.69,0.39,0.37,2026-04-23,2040,N21,VIIRS,n,2.0NRT,293.39,2.78,N
30.71291,75.51147,331.4,0.39,0.37,2026-04-23,2040,N21,VIIRS,n,2.0NRT,295.61,6.29,N
31.26557,75.68299,342.36,0.39,0.36,2026-04-24,0758,N21,VIIRS,n,2.0NRT,310.51,3.81,D
30.62976,75.87775,333.15,0.4,0.44,2026-04-25,0737,N21,VIIRS,l,2.0NRT,305.08,1.65,D
30.42735,75.88348,334.95,0.41,0.45,2026-04-25,0737,N21,VIIRS,l,2.0NRT,308.87,2.32,D
30.47969,75.91299,343.1,0.4,0.45,2026-04-25,0737,N21,VIIRS,n,2.0NRT,310.49,4.44,D
30.61996,76.25229,341.17,0.39,0.44,2026-04-25,0737,N21,VIIRS,n,2.0NRT,306.56,8.9,D
30.49725,75.39047,339.06,0.43,0.46,2026-04-25,0737,N21,VIIRS,l,2.0NRT,313.75,5.18,D
30.90702,75.97212,349.55,0.39,0.44,2026-04-25,0737,N21,VIIRS,n,2.0NRT,310.12,7.54,D
30.96724,75.37311,345.38,0.42,0.45,2026-04-25,0737,N21,VIIRS,n,2.0NRT,305.29,6.62,D
30.97132,75.372,342.76,0.42,0.45,2026-04-25,0737,N21,VIIRS,n,2.0NRT,306.28,6.28,D
30.75303,76.05221,304.95,0.36,0.58,2026-04-25,2002,N21,VIIRS,n,2.0NRT,292.47,1.43,N
30.75331,76.04844,314.7,0.36,0.58,2026-04-25,2002,N21,VIIRS,n,2.0NRT,293.44,1.43,N
31.10763,76.01501,367,0.36,0.57,2026-04-26,0720,N21,VIIRS,h,2.0NRT,322.2,21.92,D
31.17229,75.71256,367,0.38,0.58,2026-04-26,0720,N21,VIIRS,h,2.0NRT,312.62,24.7,D
31.17323,75.71635,344.39,0.38,0.58,2026-04-26,0720,N21,VIIRS,n,2.0NRT,310.82,38.6,D
31.2757,75.93223,367,0.36,0.58,2026-04-26,0720,N21,VIIRS,h,2.0NRT,315.27,42.13,D
31.27993,75.92694,367,0.36,0.58,2026-04-26,0720,N21,VIIRS,h,2.0NRT,313.33,50.41,D
31.27817,75.9196,353.35,0.36,0.58,2026-04-26,0720,N21,VIIRS,n,2.0NRT,320.23,32.98,D
31.27905,75.92326,350.14,0.36,0.58,2026-04-26,0720,N21,VIIRS,l,2.0NRT,325.98,50.41,D
30.505,75.72989,352.62,0.39,0.59,2026-04-26,0720,N21,VIIRS,n,2.0NRT,314.09,4.55,D
30.67221,76.2572,367,0.36,0.57,2026-04-26,0720,N21,VIIRS,h,2.0NRT,314.99,10.23,D
30.67134,76.2536,343.05,0.36,0.57,2026-04-26,0720,N21,VIIRS,n,2.0NRT,312.22,10.23,D
30.48704,75.40134,340.96,0.41,0.6,2026-04-26,0720,N21,VIIRS,n,2.0NRT,311.22,2.37,D
30.73999,76.35898,367,0.35,0.57,2026-04-26,0720,N21,VIIRS,h,2.0NRT,322.35,16.64,D
30.73915,76.35544,341.99,0.35,0.57,2026-04-26,0720,N21,VIIRS,n,2.0NRT,311.79,16.64,D
30.74193,76.35844,367,0.35,0.57,2026-04-26,0720,N21,VIIRS,h,2.0NRT,321.55,18.89,D
30.74107,76.3549,352.85,0.35,0.57,2026-04-26,0720,N21,VIIRS,n,2.0NRT,313.51,18.89,D
30.75552,76.05128,341.08,0.37,0.58,2026-04-26,0720,N21,VIIRS,l,2.0NRT,315.6,5.41,D
30.76453,76.01884,338.35,0.37,0.58,2026-04-26,0720,N21,VIIRS,l,2.0NRT,312.17,2.6,D
30.64884,75.41522,367,0.4,0.6,2026-04-26,0720,N21,VIIRS,h,2.0NRT,312.24,7.42,D
30.65517,75.41755,351.76,0.4,0.6,2026-04-26,0720,N21,VIIRS,n,2.0NRT,314.27,7.42,D
30.65417,75.41352,350.96,0.4,0.6,2026-04-26,0720,N21,VIIRS,n,2.0NRT,315.61,7.42,D
30.71879,75.62811,347.35,0.39,0.59,2026-04-26,0720,N21,VIIRS,n,2.0NRT,309.74,5.83,D
30.80737,75.92133,367,0.37,0.58,2026-04-26,0720,N21,VIIRS,h,2.0NRT,318.18,17.59,D
30.92051,76.36894,367,0.35,0.57,2026-04-26,0720,N21,VIIRS,h,2.0NRT,315.53,12.65,D
30.92554,76.36737,339.34,0.35,0.57,2026-04-26,0720,N21,VIIRS,n,2.0NRT,313.75,3.01,D
30.80692,75.53613,341.86,0.39,0.59,2026-04-26,0720,N21,VIIRS,n,2.0NRT,310.76,7.18,D
30.80594,75.5322,353.07,0.39,0.59,2026-04-26,0720,N21,VIIRS,n,2.0NRT,311.66,7.39,D
30.99449,76.2152,353.14,0.35,0.57,2026-04-26,0720,N21,VIIRS,n,2.0NRT,315.82,7.56,D
31.03669,76.11117,341.65,0.36,0.57,2026-04-26,0720,N21,VIIRS,n,2.0NRT,312.51,19.3,D
31.03493,76.10395,341.9,0.36,0.57,2026-04-26,0720,N21,VIIRS,l,2.0NRT,315.96,18.42,D
31.03581,76.10755,367,0.36,0.57,2026-04-26,0720,N21,VIIRS,l,2.0NRT,325.41,18.42,D
31.02139,75.93502,367,0.37,0.58,2026-04-26,0720,N21,VIIRS,h,2.0NRT,324.39,81.28,D
31.01958,75.9276,346.34,0.37,0.58,2026-04-26,0720,N21,VIIRS,n,2.0NRT,313.62,17.35,D
31.02048,75.9313,311.08,0.37,0.58,2026-04-26,0720,N21,VIIRS,l,2.0NRT,320.48,17.35,D
31.04791,76.02163,339.55,0.36,0.58,2026-04-26,0720,N21,VIIRS,l,2.0NRT,313.33,4.36,D
31.02563,75.9297,337.44,0.37,0.58,2026-04-26,0720,N21,VIIRS,n,2.0NRT,312.01,17.35,D
31.02472,75.92597,337.36,0.37,0.58,2026-04-26,0720,N21,VIIRS,l,2.0NRT,311.32,17.35,D
31.10168,76.01652,367,0.36,0.58,2026-04-26,0720,N21,VIIRS,h,2.0NRT,317.62,16.77,D
31.10081,76.01287,352.66,0.36,0.58,2026-04-26,0720,N21,VIIRS,n,2.0NRT,313.46,16.77,D
31.10592,76.01125,367,0.36,0.58,2026-04-26,0720,N21,VIIRS,h,2.0NRT,321.61,45.01,D
31.10766,76.01855,343.1,0.36,0.58,2026-04-26,0720,N21,VIIRS,n,2.0NRT,311.36,19.57,D
31.10252,76.0166,367,0.36,0.57,2026-04-26,0720,N21,VIIRS,h,2.0NRT,317.94,20.22,D
31.10162,76.01297,345.92,0.36,0.58,2026-04-26,0720,N21,VIIRS,n,2.0NRT,316.35,20.22,D
31.10673,76.01137,367,0.36,0.58,2026-04-26,0720,N21,VIIRS,h,2.0NRT,320.98,21.92,D
31.10584,76.00773,340.36,0.36,0.58,2026-04-26,0720,N21,VIIRS,n,2.0NRT,313.05,7.19,D
31.05829,75.74664,340.05,0.38,0.58,2026-04-26,0720,N21,VIIRS,l,2.0NRT,311.74,6.07,D
31.05736,75.74284,338.57,0.38,0.58,2026-04-26,0720,N21,VIIRS,l,2.0NRT,313.29,5.05,D
31.02619,75.41006,367,0.39,0.6,2026-04-26,0720,N21,VIIRS,h,2.0NRT,313.57,13.66,D
31.2165,76.19374,347.8,0.35,0.57,2026-04-26,0720,N21,VIIRS,n,2.0NRT,313.56,2.29,D
31.22033,76.07297,367,0.36,0.57,2026-04-26,0720,N21,VIIRS,h,2.0NRT,310.66,22.31,D
31.21947,76.06936,339.6,0.36,0.57,2026-04-26,0720,N21,VIIRS,n,2.0NRT,309.57,22.31,D
31.2254,76.07136,367,0.36,0.57,2026-04-26,0720,N21,VIIRS,h,2.0NRT,321.17,22.31,D
31.22455,76.06776,342.88,0.36,0.57,2026-04-26,0720,N21,VIIRS,n,2.0NRT,316.87,22.31,D
31.22369,76.06413,354.59,0.36,0.57,2026-04-26,0720,N21,VIIRS,n,2.0NRT,312.42,12.73,D
31.23049,76.06976,367,0.36,0.57,2026-04-26,0720,N21,VIIRS,h,2.0NRT,316.86,12.58,D
31.22877,76.06253,367,0.36,0.57,2026-04-26,0720,N21,VIIRS,h,2.0NRT,317.15,8.96,D
31.22963,76.06614,344.61,0.36,0.57,2026-04-26,0720,N21,VIIRS,n,2.0NRT,316.58,12.58,D
31.23471,76.06454,367,0.36,0.57,2026-04-26,0720,N21,VIIRS,h,2.0NRT,316.54,12.58,D
31.23385,76.06093,348.29,0.36,0.57,2026-04-26,0720,N21,VIIRS,n,2.0NRT,315.26,8.96,D
31.2224,76.07417,346.39,0.36,0.57,2026-04-26,0720,N21,VIIRS,n,2.0NRT,308.76,42.54,D
31.22659,76.06898,367,0.36,0.57,2026-04-26,0720,N21,VIIRS,h,2.0NRT,318.18,47.14,D
31.22571,76.06538,367,0.36,0.57,2026-04-26,0720,N21,VIIRS,h,2.0NRT,317.69,47.14,D
31.23168,76.06738,367,0.36,0.57,2026-04-26,0720,N21,VIIRS,h,2.0NRT,316.85,7.25,D
31.23079,76.06378,347.5,0.36,0.57,2026-04-26,0720,N21,VIIRS,n,2.0NRT,317.52,7.25,D
31.22991,76.06018,348.16,0.36,0.57,2026-04-26,0720,N21,VIIRS,n,2.0NRT,313.33,8.48,D
31.11321,75.58736,339.5,0.38,0.59,2026-04-26,0720,N21,VIIRS,l,2.0NRT,312.03,2.58,D
31.23676,76.0658,343.09,0.36,0.57,2026-04-26,0720,N21,VIIRS,n,2.0NRT,312.76,7.25,D
31.23588,76.06219,352.07,0.36,0.57,2026-04-26,0720,N21,VIIRS,n,2.0NRT,315.44,7.25,D
31.16804,75.718,367,0.38,0.58,2026-04-26,0720,N21,VIIRS,h,2.0NRT,323.35,38.6,D
31.16711,75.71423,341.71,0.38,0.58,2026-04-26,0720,N21,VIIRS,n,2.0NRT,313.71,24.7,D
30.53028,75.62308,367,0.64,0.72,2026-04-26,0900,N21,VIIRS,h,2.0NRT,310.72,20.85,D
31.2793,75.92706,367,0.67,0.74,2026-04-26,0900,N21,VIIRS,h,2.0NRT,311.93,25.65,D
31.22637,75.70186,332.64,0.65,0.73,2026-04-26,0900,N21,VIIRS,l,2.0NRT,307.28,3.05,D
30.63434,76.30599,337.36,0.7,0.75,2026-04-26,0900,N21,VIIRS,n,2.0NRT,309.85,10.99,D
31.10186,76.02338,346.9,0.68,0.74,2026-04-26,0900,N21,VIIRS,n,2.0NRT,309.3,17.87,D
31.01067,75.95108,337.94,0.67,0.74,2026-04-26,0900,N21,VIIRS,l,2.0NRT,308.96,8.39,D
30.85856,75.37298,346.92,0.62,0.71,2026-04-26,0900,N21,VIIRS,n,2.0NRT,308.72,16.64,D
30.852,75.37338,367,0.62,0.71,2026-04-26,0900,N21,VIIRS,h,2.0NRT,311.44,16.64,D
30.74033,75.98036,341.47,0.67,0.74,2026-04-26,0900,N21,VIIRS,l,2.0NRT,312,12.48,D
30.73774,75.97754,342.45,0.67,0.74,2026-04-26,0900,N21,VIIRS,n,2.0NRT,310.37,16.76,D
30.63523,76.31293,347.02,0.7,0.75,2026-04-26,0900,N21,VIIRS,n,2.0NRT,309.29,19.53,D
30.63496,76.30563,335.28,0.7,0.75,2026-04-26,0900,N21,VIIRS,l,2.0NRT,309.25,13.73,D
30.66739,76.25269,344.26,0.7,0.75,2026-04-26,0900,N21,VIIRS,n,2.0NRT,307.89,10.28,D
30.63465,76.31329,350.73,0.7,0.75,2026-04-26,0900,N21,VIIRS,n,2.0NRT,310.38,10.99,D
30.42345,75.46006,334.37,0.76,0.77,2026-04-27,0659,N21,VIIRS,n,2.0NRT,303.77,3.58,D
30.42521,75.4627,334.65,0.76,0.77,2026-04-27,0659,N21,VIIRS,n,2.0NRT,304.36,4.19,D
30.48654,75.80348,332.89,0.73,0.76,2026-04-27,0659,N21,VIIRS,l,2.0NRT,306.89,5.73,D
30.69736,75.94853,331.86,0.7,0.75,2026-04-27,0659,N21,VIIRS,l,2.0NRT,302.73,6.21,D
30.4927,75.49239,348.59,0.76,0.77,2026-04-27,0659,N21,VIIRS,n,2.0NRT,303.7,11.08,D
31.10279,76.10094,351.74,0.67,0.74,2026-04-27,0701,N21,VIIRS,n,2.0NRT,310.68,11.73,D
31.10091,76.09425,344.31,0.67,0.74,2026-04-27,0701,N21,VIIRS,n,2.0NRT,307.82,11.73,D
31.01956,76.10922,335.44,0.67,0.74,2026-04-27,0701,N21,VIIRS,l,2.0NRT,306.28,60.34,D
31.01118,76.1049,345.94,0.68,0.74,2026-04-27,0701,N21,VIIRS,n,2.0NRT,307.3,51.15,D
30.81864,76.02308,355.8,0.69,0.74,2026-04-27,0701,N21,VIIRS,n,2.0NRT,307.88,14.81,D
30.82207,76.02077,339.02,0.69,0.74,2026-04-27,0701,N21,VIIRS,n,2.0NRT,306.69,7.68,D
31.09956,76.09949,367,0.67,0.74,2026-04-27,0701,N21,VIIRS,h,2.0NRT,311.55,27.86,D
31.06347,75.87369,354.73,0.69,0.75,2026-04-27,0701,N21,VIIRS,n,2.0NRT,309.44,44.28,D
30.69237,75.94652,338.51,0.7,0.75,2026-04-27,0701,N21,VIIRS,n,2.0NRT,303.47,6.16,D
30.81555,76.02318,339.51,0.69,0.74,2026-04-27,0701,N21,VIIRS,n,2.0NRT,305.7,9.18,D
31.23054,75.6547,332.99,0.71,0.75,2026-04-27,0701,N21,VIIRS,l,2.0NRT,305.61,11.39,D
31.31686,75.64246,331.73,0.7,0.75,2026-04-27,0701,N21,VIIRS,l,2.0NRT,304.01,5.27,D
31.09634,76.10332,344.49,0.67,0.74,2026-04-27,0701,N21,VIIRS,n,2.0NRT,306.06,11.73,D
31.01765,76.10254,344.31,0.68,0.74,2026-04-27,0701,N21,VIIRS,n,2.0NRT,313.88,51.15,D
30.91557,75.51732,339.19,0.73,0.76,2026-04-27,0701,N21,VIIRS,n,2.0NRT,302.26,7.55,D
30.47556,75.38124,335.57,0.63,0.54,2026-04-27,0839,N21,VIIRS,l,2.0NRT,310.03,3.73,D
30.42078,75.50855,342.19,0.32,0.55,2026-04-27,0839,N21,VIIRS,n,2.0NRT,308.34,2.05,D
30.44683,75.45728,345.14,0.64,0.54,2026-04-27,0839,N21,VIIRS,n,2.0NRT,310.96,9.2,D
30.53655,75.62496,337.39,0.33,0.55,2026-04-27,0839,N21,VIIRS,l,2.0NRT,312.2,2.22,D
30.60109,76.39379,367,0.36,0.58,2026-04-27,0839,N21,VIIRS,h,2.0NRT,314.01,23.42,D
30.59792,76.28062,350.07,0.36,0.57,2026-04-27,0839,N21,VIIRS,n,2.0NRT,306.09,6.85,D
30.60081,76.39001,353.03,0.36,0.58,2026-04-27,0839,N21,VIIRS,n,2.0NRT,309.98,15.22,D
30.58663,75.42818,336.93,0.64,0.54,2026-04-27,0841,N21,VIIRS,l,2.0NRT,308.9,6.56,D
30.58956,75.53022,338.74,0.32,0.55,2026-04-27,0841,N21,VIIRS,l,2.0NRT,311.7,2.74,D
30.59172,75.43499,343.9,0.64,0.54,2026-04-27,0841,N21,VIIRS,n,2.0NRT,311.26,7.52,D
30.66405,75.70003,367,0.33,0.55,2026-04-27,0841,N21,VIIRS,h,2.0NRT,314.68,10.99,D
30.65898,75.70058,351.16,0.33,0.55,2026-04-27,0841,N21,VIIRS,n,2.0NRT,308.44,10.99,D
30.81648,75.89066,367,0.34,0.56,2026-04-27,0841,N21,VIIRS,h,2.0NRT,337.37,71.71,D
30.59227,75.43589,367,0.32,0.54,2026-04-27,0841,N21,VIIRS,h,2.0NRT,311.99,5.91,D
31.27261,75.86892,344.98,0.34,0.56,2026-04-27,0841,N21,VIIRS,n,2.0NRT,311.76,5.63,D
31.24022,75.71099,340.73,0.34,0.56,2026-04-27,0841,N21,VIIRS,n,2.0NRT,310.58,2.82,D
31.27922,76.33158,343.42,0.37,0.58,2026-04-27,0841,N21,VIIRS,n,2.0NRT,311.31,3.33,D
31.24239,75.71131,340.08,0.34,0.56,2026-04-27,0841,N21,VIIRS,n,2.0NRT,310.96,2.06,D
31.27496,76.33164,340.61,0.37,0.58,2026-04-27,0841,N21,VIIRS,n,2.0NRT,310.82,2.73,D
31.22296,75.92541,350.39,0.35,0.56,2026-04-27,0841,N21,VIIRS,n,2.0NRT,311.83,4.42,D
31.09397,75.6348,341.96,0.33,0.55,2026-04-27,0841,N21,VIIRS,n,2.0NRT,311.49,3.59,D
31.0927,75.88337,348.95,0.34,0.56,2026-04-27,0841,N21,VIIRS,n,2.0NRT,310.54,5.16,D
31.09298,75.88695,367,0.34,0.56,2026-04-27,0841,N21,VIIRS,h,2.0NRT,310.6,5.16,D
31.05439,75.58698,367,0.33,0.55,2026-04-27,0841,N21,VIIRS,h,2.0NRT,312.71,10.18,D
30.91193,75.95386,343.62,0.34,0.56,2026-04-27,0841,N21,VIIRS,n,2.0NRT,312.06,3.74,D
30.90676,75.95441,351.26,0.34,0.56,2026-04-27,0841,N21,VIIRS,n,2.0NRT,314.22,4.44,D
30.90704,75.958,341.38,0.34,0.56,2026-04-27,0841,N21,VIIRS,n,2.0NRT,313.08,4.44,D
30.85551,76.03623,341.08,0.35,0.57,2026-04-27,0841,N21,VIIRS,l,2.0NRT,311.11,3.07,D
30.81619,75.88711,354.87,0.34,0.56,2026-04-27,0841,N21,VIIRS,n,2.0NRT,314.84,48.18,D
30.81676,75.89421,345.58,0.34,0.56,2026-04-27,0841,N21,VIIRS,n,2.0NRT,309.89,71.71,D
30.42532,75.43641,340.1,0.51,0.41,2026-04-28,0822,N21,VIIRS,n,2.0NRT,308.76,7.54,D
30.51168,75.38263,339.98,0.51,0.41,2026-04-28,0822,N21,VIIRS,l,2.0NRT,309.99,5.72,D
30.48044,75.38476,337.63,0.51,0.41,2026-04-28,0822,N21,VIIRS,l,2.0NRT,309.28,8.02,D
30.51108,75.38524,339.35,0.51,0.41,2026-04-28,0822,N21,VIIRS,l,2.0NRT,310.52,7.07,D
30.86477,75.57275,336.8,0.38,0.36,2026-04-29,0805,N21,VIIRS,n,2.0NRT,306.61,8.19,D
31.00246,75.92609,334.95,0.39,0.36,2026-04-29,0805,N21,VIIRS,l,2.0NRT,307.98,2.76,D
31.1957,75.80625,337.18,0.38,0.36,2026-04-29,0805,N21,VIIRS,l,2.0NRT,307.88,5.95,D
31.28294,75.75187,343.07,0.38,0.36,2026-04-29,0805,N21,VIIRS,n,2.0NRT,310.22,15.89,D
30.43799,76.17932,332.84,0.39,0.36,2026-04-29,0805,N21,VIIRS,l,2.0NRT,305.26,1.27,D
30.43638,76.07743,338.33,0.39,0.36,2026-04-29,0805,N21,VIIRS,l,2.0NRT,311.56,3.77,D
30.49861,75.74365,349.35,0.38,0.36,2026-04-29,0805,N21,VIIRS,n,2.0NRT,312.64,9.16,D
30.49801,75.73969,351.48,0.38,0.36,2026-04-29,0805,N21,VIIRS,n,2.0NRT,313.8,11.2,D
30.50189,75.74298,336.78,0.38,0.36,2026-04-29,0805,N21,VIIRS,l,2.0NRT,310.75,4.01,D
30.44888,75.37445,337.12,0.38,0.36,2026-04-29,0805,N21,VIIRS,l,2.0NRT,308.09,2.49,D
30.6948,76.30655,341.09,0.39,0.36,2026-04-29,0805,N21,VIIRS,n,2.0NRT,308.66,2.4,D
30.7295,76.19292,345.93,0.39,0.36,2026-04-29,0805,N21,VIIRS,n,2.0NRT,308.07,7.32,D
30.87333,76.3634,336.68,0.39,0.36,2026-04-29,0805,N21,VIIRS,l,2.0NRT,306.78,3.4,D
30.82104,76.00734,336.7,0.39,0.36,2026-04-29,0805,N21,VIIRS,n,2.0NRT,306.67,3.78,D
30.52644,75.50008,338.81,0.53,0.42,2026-04-30,0744,N21,VIIRS,n,2.0NRT,308.62,6.19,D
30.60529,76.04161,341.28,0.49,0.41,2026-04-30,0744,N21,VIIRS,l,2.0NRT,312.65,2.88,D
30.48188,75.43228,339.05,0.53,0.42,2026-04-30,0744,N21,VIIRS,l,2.0NRT,311.81,8.01,D
30.58444,76.07315,342.56,0.49,0.4,2026-04-30,0744,N21,VIIRS,n,2.0NRT,308.88,5.46,D
30.45986,75.42081,339.52,0.53,0.42,2026-04-30,0744,N21,VIIRS,l,2.0NRT,312.06,8.04,D
31.17327,75.43241,334.8,0.52,0.41,2026-04-30,0744,N21,VIIRS,n,2.0NRT,302.03,4.74,D
31.15122,75.46033,339.74,0.52,0.41,2026-04-30,0744,N21,VIIRS,n,2.0NRT,304.41,7.35,D
31.07205,75.41621,339.95,0.52,0.42,2026-04-30,0744,N21,VIIRS,l,2.0NRT,310.29,8.64,D
31.17463,76.2298,336.99,0.48,0.4,2026-04-30,0744,N21,VIIRS,n,2.0NRT,307.93,1.76,D
30.98851,75.471,332.25,0.52,0.41,2026-04-30,0744,N21,VIIRS,l,2.0NRT,304.1,2.65,D
30.98271,75.46133,336.59,0.52,0.41,2026-04-30,0744,N21,VIIRS,l,2.0NRT,308,5.2,D
30.98768,75.46864,336.47,0.52,0.41,2026-04-30,0744,N21,VIIRS,l,2.0NRT,308.2,4.27,D
30.9829,75.79295,346.12,0.5,0.41,2026-04-30,0744,N21,VIIRS,n,2.0NRT,311.86,10.56,D
30.97923,75.79388,336.53,0.5,0.41,2026-04-30,0744,N21,VIIRS,n,2.0NRT,310.25,3.17,D
30.90852,75.44414,342.34,0.52,0.42,2026-04-30,0744,N21,VIIRS,n,2.0NRT,304.05,3.45,D
30.87379,75.44737,330.1,0.52,0.42,2026-04-30,0744,N21,VIIRS,l,2.0NRT,304.79,2.08,D
30.87293,75.50343,339.79,0.52,0.41,2026-04-30,0744,N21,VIIRS,n,2.0NRT,309.57,5.75,D
30.87201,75.49986,336.36,0.52,0.41,2026-04-30,0744,N21,VIIRS,l,2.0NRT,307.54,2.39,D
30.95746,76.34485,331.83,0.47,0.4,2026-04-30,0744,N21,VIIRS,l,2.0NRT,303.39,2.95,D
30.81869,75.77136,341.56,0.5,0.41,2026-04-30,0744,N21,VIIRS,n,2.0NRT,308.49,5.53,D
30.8276,75.81774,340.75,0.5,0.41,2026-04-30,0744,N21,VIIRS,l,2.0NRT,311.9,6.73,D
30.81748,75.77469,337.52,0.5,0.41,2026-04-30,0744,N21,VIIRS,l,2.0NRT,309.5,5.41,D
30.79387,75.93629,339.15,0.5,0.41,2026-04-30,0744,N21,VIIRS,l,2.0NRT,310.61,6.73,D
30.6721,75.77078,349.87,0.51,0.41,2026-04-30,0744,N21,VIIRS,n,2.0NRT,310.89,25.23,D
30.60438,75.6399,344.65,0.52,0.41,2026-04-30,0744,N21,VIIRS,n,2.0NRT,306.62,11.66,D
30.59252,75.59859,347,0.52,0.41,2026-04-30,0744,N21,VIIRS,n,2.0NRT,315.47,44.09,D
30.60609,75.88144,339.27,0.5,0.41,2026-04-30,0744,N21,VIIRS,l,2.0NRT,311.63,7.49,D
30.84703,76.19584,338.93,0.58,0.52,2026-05-01,0726,N21,VIIRS,n,2.0NRT,306.3,5.53,D
30.79836,75.93703,342.14,0.6,0.53,2026-05-01,0726,N21,VIIRS,n,2.0NRT,306.1,5.37,D
30.70643,75.53622,352.26,0.32,0.54,2026-05-01,0726,N21,VIIRS,n,2.0NRT,307.88,11.29,D
30.85378,76.13746,333.33,0.58,0.52,2026-05-01,0726,N21,VIIRS,l,2.0NRT,305.09,4.34,D
30.78034,75.67854,341,0.62,0.54,2026-05-01,0726,N21,VIIRS,n,2.0NRT,304.57,13.05,D
30.77916,75.68318,339.96,0.62,0.54,2026-05-01,0726,N21,VIIRS,n,2.0NRT,302.77,9.76,D
30.78396,75.68173,340.16,0.62,0.54,2026-05-01,0726,N21,VIIRS,n,2.0NRT,303.17,10.61,D
30.72745,75.37503,367,0.32,0.55,2026-05-01,0726,N21,VIIRS,h,2.0NRT,305.92,7.67,D
30.88238,76.01848,333.06,0.59,0.53,2026-05-01,0726,N21,VIIRS,l,2.0NRT,307.61,3.17,D
30.78407,75.59405,330.24,0.63,0.54,2026-05-01,0726,N21,VIIRS,l,2.0NRT,304.81,5.62,D
30.84958,75.85408,338.25,0.6,0.53,2026-05-01,0726,N21,VIIRS,n,2.0NRT,307.58,5.44,D
30.75208,75.41296,335.64,0.32,0.55,2026-05-01,0726,N21,VIIRS,n,2.0NRT,306.64,1.04,D
31.09794,76.0576,337,0.58,0.52,2026-05-01,0726,N21,VIIRS,l,2.0NRT,308.06,3.58,D
30.99361,75.43138,335.58,0.64,0.54,2026-05-01,0726,N21,VIIRS,l,2.0NRT,306.89,5.22,D
30.99846,75.4299,330.12,0.64,0.54,2026-05-01,0726,N21,VIIRS,l,2.0NRT,304.71,5.23,D
31.0059,75.39488,336.38,0.32,0.55,2026-05-01,0726,N21,VIIRS,n,2.0NRT,304.68,1.37,D
31.02458,75.38571,367,0.32,0.55,2026-05-01,0726,N21,VIIRS,h,2.0NRT,304.48,9.07,D
31.12567,75.76045,340.54,0.6,0.53,2026-05-01,0726,N21,VIIRS,n,2.0NRT,305.81,4.12,D
31.28673,75.54088,331.68,0.62,0.54,2026-05-01,0726,N21,VIIRS,l,2.0NRT,304.24,1.85,D
31.28463,75.54098,335.06,0.62,0.54,2026-05-01,0726,N21,VIIRS,n,2.0NRT,305.07,5.34,D
30.44261,76.29811,344.44,0.58,0.52,2026-05-01,0726,N21,VIIRS,n,2.0NRT,308.21,11.32,D
30.46693,75.98319,337.3,0.61,0.53,2026-05-01,0726,N21,VIIRS,n,2.0NRT,305.52,5.8,D
30.61568,75.39355,333.93,0.33,0.55,2026-05-01,0726,N21,VIIRS,l,2.0NRT,306.8,2.39,D
30.64678,75.43662,335.65,0.32,0.55,2026-05-01,0726,N21,VIIRS,l,2.0NRT,307.39,1.42,D
30.70369,75.61385,330.2,0.63,0.54,2026-05-01,0726,N21,VIIRS,l,2.0NRT,303.45,4.26,D
30.66099,75.40789,349.71,0.32,0.55,2026-05-01,0726,N21,VIIRS,n,2.0NRT,307.63,4.78,D
30.82165,76.30248,339.93,0.57,0.52,2026-05-01,0726,N21,VIIRS,n,2.0NRT,307.32,3.52,D
30.61491,75.39027,336.54,0.33,0.55,2026-05-01,0726,N21,VIIRS,n,2.0NRT,304.04,2.39,D
30.49135,76.24479,334.73,0.58,0.52,2026-05-01,0726,N21,VIIRS,l,2.0NRT,306.36,4.57,D
30.46838,76.34658,342.37,0.58,0.52,2026-05-01,0726,N21,VIIRS,n,2.0NRT,311.08,18,D
30.42338,76.19031,342.09,0.59,0.53,2026-05-01,0726,N21,VIIRS,n,2.0NRT,303.54,8.02,D
30.53901,76.03324,335.13,0.6,0.53,2026-05-01,0726,N21,VIIRS,l,2.0NRT,307.77,6.83,D
30.53766,76.02716,336.29,0.6,0.53,2026-05-01,0726,N21,VIIRS,n,2.0NRT,305.2,4.07,D
30.5378,76.03096,343.89,0.6,0.53,2026-05-01,0726,N21,VIIRS,n,2.0NRT,308.2,9.68,D
30.47947,75.69107,332.9,0.63,0.54,2026-05-01,0726,N21,VIIRS,l,2.0NRT,306.11,3.84,D
30.52812,76.25279,334.3,0.58,0.52,2026-05-01,0726,N21,VIIRS,l,2.0NRT,305.6,1.93,D
30.6118,76.24429,335.74,0.58,0.52,2026-05-01,0726,N21,VIIRS,n,2.0NRT,303.35,7.19,D
30.5684,76.05415,332.42,0.6,0.53,2026-05-01,0726,N21,VIIRS,l,2.0NRT,306.06,6.24,D
30.4843,75.68961,342.61,0.63,0.54,2026-05-01,0726,N21,VIIRS,n,2.0NRT,307.54,14.31,D
30.58335,76.07541,341.8,0.6,0.53,2026-05-01,0726,N21,VIIRS,n,2.0NRT,305.77,8.14,D
30.49481,75.6457,348.6,0.63,0.54,2026-05-01,0726,N21,VIIRS,n,2.0NRT,308.61,13.08,D
30.5288,75.77065,332.71,0.62,0.54,2026-05-01,0726,N21,VIIRS,l,2.0NRT,306.41,2.33,D
30.4366,75.37278,340.57,0.33,0.55,2026-05-01,0726,N21,VIIRS,n,2.0NRT,306.51,3,D
30.66212,76.33509,349.98,0.57,0.52,2026-05-01,0726,N21,VIIRS,n,2.0NRT,310.22,17.02,D
30.56174,75.84737,342.63,0.61,0.54,2026-05-01,0726,N21,VIIRS,n,2.0NRT,306.97,10.61,D
30.54516,75.75237,332.46,0.62,0.54,2026-05-01,0726,N21,VIIRS,l,2.0NRT,305.84,13.4,D
30.54372,75.74609,341.09,0.62,0.54,2026-05-01,0726,N21,VIIRS,n,2.0NRT,308.19,13.4,D
30.53072,75.68931,342.82,0.63,0.54,2026-05-01,0726,N21,VIIRS,n,2.0NRT,307.58,8.79,D
30.61567,76.04017,333.31,0.6,0.53,2026-05-01,0726,N21,VIIRS,l,2.0NRT,304.76,4.07,D
30.50932,75.46002,335.61,0.32,0.55,2026-05-01,0726,N21,VIIRS,l,2.0NRT,307.7,2.24,D
30.50957,75.45737,332.31,0.32,0.55,2026-05-01,0726,N21,VIIRS,l,2.0NRT,306.46,2.18,D
30.53908,75.49378,367,0.32,0.55,2026-05-01,0726,N21,VIIRS,h,2.0NRT,309.89,7.79,D
30.59825,75.74712,337.33,0.62,0.54,2026-05-01,0726,N21,VIIRS,n,2.0NRT,305.59,8.8,D
30.52992,75.45476,340.09,0.32,0.55,2026-05-01,0726,N21,VIIRS,n,2.0NRT,308.38,3.89,D
30.56731,75.54758,341.71,0.32,0.55,2026-05-01,0726,N21,VIIRS,n,2.0NRT,305.38,2.23,D
30.61358,75.70224,343.03,0.63,0.54,2026-05-01,0726,N21,VIIRS,n,2.0NRT,306.55,13.09,D
30.56492,75.44769,333.55,0.32,0.55,2026-05-01,0726,N21,VIIRS,l,2.0NRT,305.89,1.85,D
30.62512,75.6853,342.24,0.63,0.54,2026-05-01,0726,N21,VIIRS,n,2.0NRT,305.35,4.82,D
30.57319,75.43819,352.55,0.32,0.55,2026-05-01,0726,N21,VIIRS,n,2.0NRT,309.96,6.23,D
30.77177,76.17523,332.86,0.58,0.52,2026-05-01,0726,N21,VIIRS,n,2.0NRT,303.84,2.15,D
30.76456,76.12066,332.34,0.59,0.53,2026-05-01,0726,N21,VIIRS,l,2.0NRT,307.34,4.09,D
30.82023,76.30394,332.95,0.57,0.52,2026-05-01,0726,N21,VIIRS,l,2.0NRT,306.09,4.72,D
30.77231,76.1741,330.96,0.58,0.52,2026-05-01,0726,N21,VIIRS,l,2.0NRT,303.26,3.66,D
30.76475,76.11968,333.74,0.59,0.53,2026-05-01,0726,N21,VIIRS,l,2.0NRT,307.29,4.66,D
30.59452,75.39289,331.63,0.33,0.55,2026-05-01,0726,N21,VIIRS,l,2.0NRT,306.58,2.15,D
30.57907,75.38751,367,0.77,0.77,2026-05-01,0905,N21,VIIRS,h,2.0NRT,300.48,26.27,D
30.58245,75.38789,367,0.77,0.77,2026-05-01,0905,N21,VIIRS,h,2.0NRT,300.73,21.76,D
30.65674,75.8026,332.56,0.58,0.7,2026-05-02,0707,N21,VIIRS,n,2.0NRT,300.45,5.8,D
30.57278,75.49584,351.11,0.61,0.71,2026-05-02,0707,N21,VIIRS,n,2.0NRT,301.7,9.59,D
30.65884,75.66132,333.82,0.59,0.7,2026-05-02,0707,N21,VIIRS,n,2.0NRT,300.86,4.85,D
30.8326,76.33231,334.29,0.54,0.68,2026-05-02,0707,N21,VIIRS,n,2.0NRT,297.29,1.83,D
30.59365,75.41794,333.06,0.61,0.71,2026-05-02,0707,N21,VIIRS,n,2.0NRT,301.27,3.48,D
30.83043,76.17978,332.94,0.55,0.68,2026-05-02,0707,N21,VIIRS,n,2.0NRT,298.64,4.46,D
30.834,75.8743,331.98,0.57,0.69,2026-05-02,0707,N21,VIIRS,n,2.0NRT,299.33,2.96,D
30.83097,75.87099,334.32,0.57,0.69,2026-05-02,0707,N21,VIIRS,n,2.0NRT,298.69,7.36,D
30.93753,75.94447,341.11,0.56,0.69,2026-05-02,0707,N21,VIIRS,n,2.0NRT,300.76,6.52,D
31.01069,76.09438,343.39,0.55,0.68,2026-05-02,0707,N21,VIIRS,n,2.0NRT,297.52,12.52,D
31.00922,76.08889,339.9,0.55,0.68,2026-05-02,0707,N21,VIIRS,n,2.0NRT,297.12,10.88,D
30.85426,75.51288,332.96,0.6,0.7,2026-05-02,0707,N21,VIIRS,n,2.0NRT,299.48,3.01,D
31.01003,76.09416,346.14,0.55,0.68,2026-05-02,0707,N21,VIIRS,n,2.0NRT,297.6,9.21,D
31.00853,76.08869,339.58,0.55,0.68,2026-05-02,0707,N21,VIIRS,n,2.0NRT,296.9,9.21,D
30.85641,75.51244,331.39,0.6,0.7,2026-05-02,0707,N21,VIIRS,n,2.0NRT,300.17,4.5,D
30.89033,75.48746,342.76,0.6,0.7,2026-05-02,0707,N21,VIIRS,n,2.0NRT,299.2,7.19,D
30.89617,75.45924,338,0.6,0.71,2026-05-02,0707,N21,VIIRS,n,2.0NRT,298.59,5.19,D
31.11372,76.04013,345.49,0.55,0.68,2026-05-02,0707,N21,VIIRS,n,2.0NRT,299.54,9.79,D
31.1136,76.04116,346.2,0.55,0.68,2026-05-02,0707,N21,VIIRS,n,2.0NRT,299.29,10.85,D
30.99214,75.4528,334.01,0.6,0.7,2026-05-02,0707,N21,VIIRS,n,2.0NRT,300.32,2.74,D
30.63947,76.05698,333.87,0.56,0.69,2026-05-02,0707,N21,VIIRS,n,2.0NRT,298.71,8.61,D
30.4993,75.38287,332.19,0.62,0.71,2026-05-02,0707,N21,VIIRS,n,2.0NRT,300.41,4.4,D
30.49301,75.38507,338.97,0.62,0.71,2026-05-02,0707,N21,VIIRS,n,2.0NRT,300.45,4.4,D
30.59372,75.78193,343.88,0.59,0.7,2026-05-02,0707,N21,VIIRS,n,2.0NRT,300.4,11.03,D
30.59215,75.77612,350.27,0.59,0.7,2026-05-02,0707,N21,VIIRS,n,2.0NRT,300.77,11.03,D
30.57195,75.75125,330.74,0.59,0.7,2026-05-02,0707,N21,VIIRS,l,2.0NRT,301.39,5.14,D
30.57353,75.75709,330.04,0.59,0.7,2026-05-02,0707,N21,VIIRS,l,2.0NRT,300.07,4.6,D
30.56894,75.76509,331.28,0.59,0.7,2026-05-02,0707,N21,VIIRS,n,2.0NRT,300.37,4.6,D
30.63984,76.05292,355.11,0.56,0.69,2026-05-02,0707,N21,VIIRS,n,2.0NRT,300.91,13.55,D
30.5455,75.72846,330.85,0.59,0.7,2026-05-02,0707,N21,VIIRS,n,2.0NRT,299.89,2.02,D
30.45069,75.40678,350.26,0.62,0.71,2026-05-02,0707,N21,VIIRS,n,2.0NRT,301.12,11.44,D
30.4473,75.39448,367,0.62,0.72,2026-05-02,0707,N21,VIIRS,h,2.0NRT,301.96,22.16,D
30.53036,75.77215,331.22,0.59,0.7,2026-05-02,0707,N21,VIIRS,n,2.0NRT,300.01,4.82,D
30.65048,76.33723,334.62,0.54,0.68,2026-05-02,0707,N21,VIIRS,n,2.0NRT,299.55,2.65,D
30.47566,75.73042,332.39,0.59,0.7,2026-05-02,0707,N21,VIIRS,n,2.0NRT,301.96,4.18,D
30.56491,76.08852,344.25,0.56,0.69,2026-05-02,0707,N21,VIIRS,n,2.0NRT,299.81,5.67,D
30.42676,75.82431,342.62,0.59,0.7,2026-05-02,0707,N21,VIIRS,n,2.0NRT,302.21,4.84,D
30.44615,76.10918,331.27,0.57,0.69,2026-05-02,0707,N21,VIIRS,n,2.0NRT,299.73,2.41,D
30.42613,76.2075,337.23,0.56,0.69,2026-05-02,0707,N21,VIIRS,n,2.0NRT,299.86,6.27,D
30.69336,76.3754,337.01,0.54,0.68,2026-05-02,0707,N21,VIIRS,n,2.0NRT,298.26,4.38,D
31.11199,75.48398,331.26,0.59,0.7,2026-05-02,0707,N21,VIIRS,n,2.0NRT,300.16,4.73,D
31.08293,75.40344,344.72,0.6,0.7,2026-05-02,0707,N21,VIIRS,n,2.0NRT,300.79,13.02,D
31.10582,75.48618,335.42,0.59,0.7,2026-05-02,0707,N21,VIIRS,n,2.0NRT,300.51,4.73,D
31.2171,75.5096,330.38,0.58,0.7,2026-05-02,0707,N21,VIIRS,l,2.0NRT,300.61,4.79,D
31.01693,75.44402,330.92,0.6,0.7,2026-05-02,0707,N21,VIIRS,n,2.0NRT,297.96,2.15,D
30.63794,76.05141,344.38,0.56,0.69,2026-05-02,0707,N21,VIIRS,n,2.0NRT,300.17,8.61,D
30.57608,75.75439,330.43,0.59,0.7,2026-05-02,0707,N21,VIIRS,l,2.0NRT,301.2,7.92,D
30.59029,75.78133,346.71,0.59,0.7,2026-05-02,0707,N21,VIIRS,n,2.0NRT,300.35,7.43,D
30.59645,75.77921,343.26,0.59,0.7,2026-05-02,0707,N21,VIIRS,n,2.0NRT,300.46,7.43,D
30.49352,75.38353,348.68,0.62,0.71,2026-05-02,0707,N21,VIIRS,n,2.0NRT,300.03,8.95,D
30.51868,75.37471,334.2,0.62,0.71,2026-05-02,0707,N21,VIIRS,n,2.0NRT,301.75,7.48,D
30.59808,75.6375,335.59,0.6,0.7,2026-05-02,0707,N21,VIIRS,n,2.0NRT,300.66,2.32,D
31.09879,75.4788,336.21,0.4,0.6,2026-05-02,0848,N21,VIIRS,l,2.0NRT,307.99,4.14,D
30.42618,75.79853,331.06,0.42,0.61,2026-05-02,0848,N21,VIIRS,l,2.0NRT,302.95,2.4,D
30.43783,75.88521,348.46,0.42,0.61,2026-05-02,0848,N21,VIIRS,n,2.0NRT,303.85,8.5,D
30.44346,75.88469,349.3,0.42,0.61,2026-05-02,0848,N21,VIIRS,n,2.0NRT,303.03,5.96,D
30.44316,75.88031,344.05,0.42,0.61,2026-05-02,0848,N21,VIIRS,n,2.0NRT,303.79,5.96,D
30.43226,75.72439,337.03,0.41,0.61,2026-05-02,0848,N21,VIIRS,n,2.0NRT,304.58,3.98,D
30.46611,76.04776,338.83,0.43,0.62,2026-05-02,0848,N21,VIIRS,n,2.0NRT,303.45,6.15,D
30.46581,76.04327,335.14,0.43,0.62,2026-05-02,0848,N21,VIIRS,n,2.0NRT,303.72,5.6,D
30.45359,75.7873,337.14,0.42,0.61,2026-05-02,0848,N21,VIIRS,n,2.0NRT,303.95,2.62,D
30.46259,76.04502,343.36,0.43,0.62,2026-05-02,0848,N21,VIIRS,n,2.0NRT,303.21,3.94,D
30.44813,75.39495,340.16,0.39,0.6,2026-05-02,0848,N21,VIIRS,n,2.0NRT,306.35,8.23,D
30.50444,76.07282,339.59,0.43,0.62,2026-05-02,0848,N21,VIIRS,n,2.0NRT,306.9,7.4,D
30.49765,75.88091,331.96,0.42,0.61,2026-05-02,0848,N21,VIIRS,n,2.0NRT,301.31,2.35,D
30.48436,75.68176,332.21,0.41,0.61,2026-05-02,0848,N21,VIIRS,l,2.0NRT,304.77,2.98,D
30.532,75.803,335.87,0.42,0.61,2026-05-02,0848,N21,VIIRS,n,2.0NRT,301.36,3.61,D
30.5181,75.37167,367,0.39,0.6,2026-05-02,0848,N21,VIIRS,h,2.0NRT,307.19,11.54,D
30.52079,75.40855,332.34,0.4,0.6,2026-05-02,0848,N21,VIIRS,l,2.0NRT,303.47,2.33,D
30.52049,75.40443,333.72,0.4,0.6,2026-05-02,0848,N21,VIIRS,l,2.0NRT,305.03,2.33,D
30.5737,75.91383,339.93,0.42,0.61,2026-05-02,0848,N21,VIIRS,n,2.0NRT,305.15,5.27,D
30.53693,75.40286,340.46,0.4,0.6,2026-05-02,0848,N21,VIIRS,n,2.0NRT,307.13,2.15,D
30.52154,75.4065,343.34,0.4,0.6,2026-05-02,0848,N21,VIIRS,n,2.0NRT,304.16,4.02,D
30.51936,75.37368,341.42,0.39,0.6,2026-05-02,0848,N21,VIIRS,n,2.0NRT,306.63,7.1,D
30.57117,75.91245,345.13,0.43,0.62,2026-05-02,0848,N21,VIIRS,n,2.0NRT,303.43,3,D
30.53771,75.40077,340.51,0.4,0.6,2026-05-02,0848,N21,VIIRS,n,2.0NRT,306.82,3.39,D
30.57228,75.75394,336.99,0.42,0.61,2026-05-02,0848,N21,VIIRS,n,2.0NRT,302.4,4.42,D
30.55416,75.39919,367,0.4,0.6,2026-05-02,0848,N21,VIIRS,h,2.0NRT,311.03,30.22,D
30.61945,76.04278,337.91,0.43,0.62,2026-05-02,0848,N21,VIIRS,n,2.0NRT,301.24,4.45,D
30.61916,76.03828,337.11,0.43,0.62,2026-05-02,0848,N21,VIIRS,n,2.0NRT,302.23,4.45,D
30.59102,75.61417,336.89,0.41,0.6,2026-05-02,0848,N21,VIIRS,n,2.0NRT,304.09,4.7,D
30.59398,75.41602,331.06,0.4,0.6,2026-05-02,0848,N21,VIIRS,l,2.0NRT,303.22,1.41,D
30.64043,75.84396,355.43,0.42,0.61,2026-05-02,0848,N21,VIIRS,n,2.0NRT,305.52,8.08,D
30.61664,75.50159,337.54,0.4,0.6,2026-05-02,0848,N21,VIIRS,n,2.0NRT,307.25,4.18,D
30.64717,75.7775,338.3,0.42,0.61,2026-05-02,0848,N21,VIIRS,n,2.0NRT,305.76,4.91,D
30.67059,75.95247,336.94,0.43,0.62,2026-05-02,0848,N21,VIIRS,n,2.0NRT,304.58,2.89,D
30.66777,75.7494,330.01,0.42,0.61,2026-05-02,0848,N21,VIIRS,l,2.0NRT,304.22,1.8,D
30.64944,75.4943,335.29,0.4,0.6,2026-05-02,0848,N21,VIIRS,l,2.0NRT,307.25,5.87,D
30.6577,75.53144,346.73,0.4,0.6,2026-05-02,0848,N21,VIIRS,n,2.0NRT,304.6,7.71,D
30.64932,75.49091,335.67,0.4,0.6,2026-05-02,0848,N21,VIIRS,l,2.0NRT,306.71,2.99,D
30.65762,75.53233,338.89,0.4,0.6,2026-05-02,0848,N21,VIIRS,n,2.0NRT,303.19,4.22,D
30.65734,75.52812,345.99,0.4,0.6,2026-05-02,0848,N21,VIIRS,n,2.0NRT,305.39,4.22,D
30.72316,75.59415,339.77,0.41,0.6,2026-05-02,0848,N21,VIIRS,n,2.0NRT,304.15,4.13,D
30.7507,75.68301,332.37,0.41,0.61,2026-05-02,0848,N21,VIIRS,n,2.0NRT,302.07,4.37,D
30.83407,76.2863,346.21,0.45,0.63,2026-05-02,0848,N21,VIIRS,n,2.0NRT,301.53,6.01,D
30.78714,75.55491,337.61,0.41,0.6,2026-05-02,0848,N21,VIIRS,n,2.0NRT,305.1,2.61,D
30.85293,76.4038,346.18,0.46,0.63,2026-05-02,0848,N21,VIIRS,n,2.0NRT,300.47,5.9,D
30.85016,75.82276,355.46,0.42,0.61,2026-05-02,0848,N21,VIIRS,n,2.0NRT,304.51,7.25,D
30.87886,75.66679,337.01,0.41,0.61,2026-05-02,0848,N21,VIIRS,n,2.0NRT,304.81,1.53,D
30.87757,75.66599,334.42,0.41,0.61,2026-05-02,0848,N21,VIIRS,n,2.0NRT,304.02,2.33,D
30.92979,75.94932,333.39,0.43,0.62,2026-05-02,0848,N21,VIIRS,n,2.0NRT,302.78,2.93,D
30.9295,75.94484,331.53,0.43,0.62,2026-05-02,0848,N21,VIIRS,l,2.0NRT,302.79,2.93,D
30.93718,75.80094,334.12,0.42,0.61,2026-05-02,0848,N21,VIIRS,n,2.0NRT,301.56,4.29,D
30.97305,76.17538,350.56,0.44,0.63,2026-05-02,0848,N21,VIIRS,n,2.0NRT,300.06,9.23,D
31.17368,75.67506,336.05,0.42,0.61,2026-05-02,0848,N21,VIIRS,n,2.0NRT,307,5.66,D
31.17338,75.67071,349,0.42,0.61,2026-05-02,0848,N21,VIIRS,n,2.0NRT,308.61,6.97,D
31.17215,75.67403,347.58,0.42,0.61,2026-05-02,0848,N21,VIIRS,n,2.0NRT,307.64,4.43,D
31.17188,75.66966,338.48,0.42,0.61,2026-05-02,0848,N21,VIIRS,n,2.0NRT,307.1,4.43,D
30.63445,75.58017,317.26,0.44,0.46,2026-05-02,2112,N21,VIIRS,n,2.0NRT,293.96,1.85,N
30.43559,75.55049,339.73,0.42,0.45,2026-05-03,0828,N21,VIIRS,n,2.0NRT,306.26,1.27,D
30.46306,75.738,342.77,0.43,0.46,2026-05-03,0828,N21,VIIRS,n,2.0NRT,306.89,7.64,D
30.5127,75.40865,339.71,0.41,0.45,2026-05-03,0828,N21,VIIRS,n,2.0NRT,307.34,5.63,D
30.50868,75.68663,337.18,0.43,0.46,2026-05-03,0828,N21,VIIRS,n,2.0NRT,304.51,16.76,D
30.51283,75.72652,343.61,0.43,0.46,2026-05-03,0828,N21,VIIRS,n,2.0NRT,309.45,10.38,D
30.50914,75.69105,367,0.43,0.46,2026-05-03,0828,N21,VIIRS,h,2.0NRT,313.18,16.76,D
30.47889,75.48301,336.61,0.41,0.45,2026-05-03,0828,N21,VIIRS,n,2.0NRT,306.9,3.04,D
30.47934,75.4873,367,0.41,0.45,2026-05-03,0828,N21,VIIRS,h,2.0NRT,307.69,9.37,D
30.50856,75.80869,344.45,0.43,0.46,2026-05-03,0828,N21,VIIRS,n,2.0NRT,304.01,4.38,D
30.50114,75.77789,342.97,0.43,0.46,2026-05-03,0828,N21,VIIRS,n,2.0NRT,307.18,4.7,D
30.50712,75.83626,345.75,0.43,0.46,2026-05-03,0828,N21,VIIRS,n,2.0NRT,306.08,5.26,D
30.47031,75.64291,345.61,0.42,0.45,2026-05-03,0828,N21,VIIRS,n,2.0NRT,308.38,5.49,D
30.45942,75.57794,346.64,0.42,0.45,2026-05-03,0828,N21,VIIRS,n,2.0NRT,309.21,12.72,D
30.52502,75.40688,343.69,0.41,0.45,2026-05-03,0828,N21,VIIRS,n,2.0NRT,307.96,14.66,D
30.52456,75.40262,338.65,0.41,0.45,2026-05-03,0828,N21,VIIRS,l,2.0NRT,309.16,14.66,D
30.52379,75.40507,355.25,0.41,0.45,2026-05-03,0828,N21,VIIRS,n,2.0NRT,308.56,13.63,D
30.52789,75.40448,347.48,0.41,0.45,2026-05-03,0828,N21,VIIRS,n,2.0NRT,307.72,10.64,D
30.59071,75.94295,343.36,0.44,0.46,2026-05-03,0828,N21,VIIRS,n,2.0NRT,306.36,5.98,D
30.56539,75.56546,336.2,0.42,0.45,2026-05-03,0828,N21,VIIRS,l,2.0NRT,307.4,2.61,D
30.59113,75.61066,342.99,0.42,0.45,2026-05-03,0828,N21,VIIRS,n,2.0NRT,307.24,4.29,D
30.57217,75.38947,334.48,0.41,0.45,2026-05-03,0828,N21,VIIRS,l,2.0NRT,307.78,2,D
30.58215,75.4445,343.13,0.41,0.45,2026-05-03,0828,N21,VIIRS,n,2.0NRT,307.45,5.63,D
30.5817,75.4402,335.72,0.41,0.45,2026-05-03,0828,N21,VIIRS,n,2.0NRT,303.64,5.63,D
30.59677,75.50369,347.42,0.42,0.45,2026-05-03,0828,N21,VIIRS,n,2.0NRT,306.4,6.37,D
30.59544,75.37318,335.81,0.41,0.45,2026-05-03,0828,N21,VIIRS,l,2.0NRT,306.29,3.94,D
30.63736,75.60862,338.92,0.42,0.45,2026-05-03,0828,N21,VIIRS,n,2.0NRT,303.41,4.48,D
30.64615,75.38853,343.34,0.41,0.45,2026-05-03,0828,N21,VIIRS,n,2.0NRT,306.26,6.16,D
30.70732,75.82197,351.04,0.44,0.46,2026-05-03,0828,N21,VIIRS,n,2.0NRT,304.45,9.72,D
30.45422,76.28864,337.16,0.46,0.47,2026-05-03,0828,N21,VIIRS,n,2.0NRT,304.28,4.03,D
30.43394,75.79504,344.22,0.43,0.46,2026-05-03,0828,N21,VIIRS,n,2.0NRT,307.63,15.4,D
30.43347,75.79058,336.99,0.43,0.46,2026-05-03,0828,N21,VIIRS,l,2.0NRT,310.08,17.85,D
30.4208,75.631,344.85,0.42,0.45,2026-05-03,0828,N21,VIIRS,n,2.0NRT,308.98,6.07,D
30.43526,75.72717,339.22,0.43,0.46,2026-05-03,0828,N21,VIIRS,n,2.0NRT,307.25,3.62,D
30.42496,75.63041,338.01,0.42,0.45,2026-05-03,0828,N21,VIIRS,l,2.0NRT,308.1,6.07,D
30.46406,75.91888,334.25,0.44,0.46,2026-05-03,0828,N21,VIIRS,l,2.0NRT,307.08,4.04,D
30.46877,75.92286,345,0.44,0.46,2026-05-03,0828,N21,VIIRS,n,2.0NRT,308.06,11.27,D
30.43358,75.55417,337.22,0.42,0.45,2026-05-03,0828,N21,VIIRS,n,2.0NRT,305.39,1.6,D
30.46374,75.91579,340.95,0.44,0.46,2026-05-03,0828,N21,VIIRS,n,2.0NRT,307.65,6.28,D
30.46887,75.92433,339.27,0.44,0.46,2026-05-03,0828,N21,VIIRS,n,2.0NRT,306.75,6.93,D
30.46842,75.91977,343.28,0.44,0.46,2026-05-03,0828,N21,VIIRS,n,2.0NRT,306.83,6.93,D
31.19208,75.5274,346.36,0.4,0.37,2026-05-04,0809,N21,VIIRS,n,2.0NRT,306.85,4.75,D
31.12845,75.41583,333.89,0.4,0.37,2026-05-04,0809,N21,VIIRS,n,2.0NRT,302.45,1.99,D
31.17945,76.12408,336.22,0.41,0.37,2026-05-04,0809,N21,VIIRS,n,2.0NRT,305.47,5.86,D
30.9825,75.38729,338.53,0.4,0.37,2026-05-04,0809,N21,VIIRS,n,2.0NRT,305.69,4.88,D
30.9961,76.08639,334.56,0.41,0.37,2026-05-04,0809,N21,VIIRS,n,2.0NRT,301.92,0.86,D
30.8921,75.49197,338.3,0.4,0.37,2026-05-04,0809,N21,VIIRS,n,2.0NRT,305.03,3.24,D
30.90723,75.69797,333.75,0.4,0.37,2026-05-04,0809,N21,VIIRS,n,2.0NRT,303.19,10.68,D
30.78742,75.54501,336.22,0.4,0.37,2026-05-04,0809,N21,VIIRS,l,2.0NRT,307.44,4.06,D
30.77084,75.47619,339.01,0.4,0.37,2026-05-04,0809,N21,VIIRS,n,2.0NRT,307.7,3.6,D
30.76763,75.59969,341.12,0.4,0.37,2026-05-04,0809,N21,VIIRS,n,2.0NRT,307.54,3.04,D
30.75153,75.50945,339.63,0.4,0.37,2026-05-04,0809,N21,VIIRS,n,2.0NRT,307.3,3.51,D
30.73341,75.45372,338.26,0.4,0.37,2026-05-04,0809,N21,VIIRS,n,2.0NRT,306.9,6.02,D
30.71878,75.42278,335.15,0.4,0.37,2026-05-04,0809,N21,VIIRS,l,2.0NRT,307.07,1.1,D
30.74499,75.65928,343.99,0.4,0.37,2026-05-04,0809,N21,VIIRS,n,2.0NRT,307.96,8.02,D
30.72102,75.53638,336.98,0.4,0.37,2026-05-04,0809,N21,VIIRS,l,2.0NRT,307.33,1.54,D
30.71776,75.74892,339.33,0.4,0.37,2026-05-04,0809,N21,VIIRS,n,2.0NRT,308.81,2.62,D
30.70374,75.74726,335.47,0.4,0.37,2026-05-04,0809,N21,VIIRS,n,2.0NRT,303.15,1.23,D
30.69889,75.78668,333.03,0.4,0.37,2026-05-04,0809,N21,VIIRS,l,2.0NRT,304.99,4.03,D
30.69947,75.79086,336.09,0.4,0.37,2026-05-04,0809,N21,VIIRS,n,2.0NRT,305.7,4.03,D
30.69611,75.79149,338.78,0.4,0.37,2026-05-04,0809,N21,VIIRS,n,2.0NRT,308.35,4.03,D
30.63144,75.37986,335.31,0.4,0.37,2026-05-04,0809,N21,VIIRS,l,2.0NRT,310.02,1.19,D
30.64992,75.7317,332.76,0.4,0.37,2026-05-04,0809,N21,VIIRS,l,2.0NRT,306.6,2.25,D
30.64541,75.72402,331.45,0.4,0.37,2026-05-04,0809,N21,VIIRS,l,2.0NRT,304.86,1.9,D
30.60808,75.48101,343.7,0.4,0.37,2026-05-04,0809,N21,VIIRS,n,2.0NRT,309.14,12.72,D
30.66276,75.87493,335.54,0.41,0.37,2026-05-04,0809,N21,VIIRS,n,2.0NRT,303.55,3.09,D
30.61935,75.63532,336.99,0.4,0.37,2026-05-04,0809,N21,VIIRS,l,2.0NRT,307.34,2.42,D
30.63084,75.71822,338.91,0.4,0.37,2026-05-04,0809,N21,VIIRS,n,2.0NRT,308.14,2.45,D
30.596,75.51702,336.81,0.4,0.37,2026-05-04,0809,N21,VIIRS,l,2.0NRT,309.49,2.34,D
30.62413,75.71947,343.61,0.4,0.37,2026-05-04,0809,N21,VIIRS,n,2.0NRT,308.92,4.65,D
30.6247,75.72363,337.48,0.4,0.37,2026-05-04,0809,N21,VIIRS,l,2.0NRT,307.93,5.35,D
30.62585,75.73195,341.31,0.4,0.37,2026-05-04,0809,N21,VIIRS,n,2.0NRT,309.7,4.3,D
30.62249,75.73257,337.72,0.4,0.37,2026-05-04,0809,N21,VIIRS,l,2.0NRT,308.81,2.7,D
30.61632,75.80082,341.97,0.4,0.37,2026-05-04,0809,N21,VIIRS,n,2.0NRT,309.94,4.02,D
30.61296,75.80144,340.57,0.4,0.37,2026-05-04,0809,N21,VIIRS,n,2.0NRT,308.47,3.6,D
30.60145,75.74381,345.92,0.4,0.37,2026-05-04,0809,N21,VIIRS,n,2.0NRT,311.69,11.62,D
30.62299,75.89819,338.05,0.41,0.37,2026-05-04,0809,N21,VIIRS,n,2.0NRT,307.59,2.1,D
30.61962,75.89882,336.62,0.41,0.37,2026-05-04,0809,N21,VIIRS,n,2.0NRT,306.21,2.04,D
30.64291,76.06737,337.76,0.41,0.37,2026-05-04,0809,N21,VIIRS,n,2.0NRT,307.15,3.06,D
30.60811,75.84087,339.58,0.4,0.37,2026-05-04,0809,N21,VIIRS,n,2.0NRT,306.91,2.09,D
30.56162,75.60686,349.85,0.4,0.37,2026-05-04,0809,N21,VIIRS,n,2.0NRT,310.14,4.88,D
30.55827,75.6075,342.27,0.4,0.37,2026-05-04,0809,N21,VIIRS,n,2.0NRT,310.97,3.69,D
30.53176,75.44391,338.16,0.4,0.37,2026-05-04,0809,N21,VIIRS,l,2.0NRT,311.75,9.28,D
30.58351,75.86258,344.72,0.4,0.37,2026-05-04,0809,N21,VIIRS,n,2.0NRT,309.04,6.36,D
30.5657,75.75901,342.03,0.4,0.37,2026-05-04,0809,N21,VIIRS,n,2.0NRT,309.26,4.61,D
30.58014,75.8632,336.16,0.4,0.37,2026-05-04,0809,N21,VIIRS,l,2.0NRT,307.04,2.64,D
30.56014,75.76858,340.81,0.4,0.37,2026-05-04,0809,N21,VIIRS,n,2.0NRT,309.66,10.69,D
30.57341,75.86446,338.22,0.4,0.37,2026-05-04,0809,N21,VIIRS,l,2.0NRT,308.57,3.45,D
30.57351,75.89017,334.03,0.4,0.37,2026-05-04,0809,N21,VIIRS,l,2.0NRT,305.48,3.04,D
30.57408,75.89436,336.43,0.4,0.37,2026-05-04,0809,N21,VIIRS,l,2.0NRT,306.74,4.91,D
30.54074,75.6786,337.95,0.4,0.37,2026-05-04,0809,N21,VIIRS,l,2.0NRT,308.82,3.13,D
30.54132,75.68273,338.71,0.4,0.37,2026-05-04,0809,N21,VIIRS,l,2.0NRT,310.81,3.13,D
30.56495,75.85316,338.28,0.4,0.37,2026-05-04,0809,N21,VIIRS,l,2.0NRT,309.34,8.35,D
30.53739,75.67923,338.3,0.4,0.37,2026-05-04,0809,N21,VIIRS,l,2.0NRT,309.88,3.13,D
30.53797,75.68336,340.47,0.4,0.37,2026-05-04,0809,N21,VIIRS,n,2.0NRT,310.2,3.13,D
30.49547,75.52647,337.88,0.4,0.37,2026-05-04,0809,N21,VIIRS,l,2.0NRT,309.91,6.33,D
30.49271,75.53121,335.16,0.4,0.37,2026-05-04,0809,N21,VIIRS,l,2.0NRT,308.95,2.09,D
30.56396,76.12531,337.25,0.41,0.37,2026-05-04,0809,N21,VIIRS,n,2.0NRT,307.34,19.13,D
30.56057,76.12593,337.92,0.41,0.37,2026-05-04,0809,N21,VIIRS,n,2.0NRT,303.42,3.12,D
30.47087,75.49747,352.29,0.4,0.37,2026-05-04,0809,N21,VIIRS,n,2.0NRT,311.73,21.11,D
30.46835,75.49725,343.54,0.4,0.37,2026-05-04,0809,N21,VIIRS,n,2.0NRT,313.13,17.73,D
30.55227,76.09605,337.24,0.41,0.37,2026-05-04,0809,N21,VIIRS,n,2.0NRT,306.72,4.91,D
30.44265,75.38895,340.98,0.39,0.37,2026-05-04,0809,N21,VIIRS,n,2.0NRT,310.28,3.7,D
30.46083,75.54073,337.99,0.4,0.37,2026-05-04,0809,N21,VIIRS,l,2.0NRT,311.52,5.01,D
30.44588,75.45953,338.84,0.4,0.37,2026-05-04,0809,N21,VIIRS,l,2.0NRT,309.25,4.89,D
30.44661,75.48875,350.77,0.4,0.37,2026-05-04,0809,N21,VIIRS,n,2.0NRT,316.4,28.7,D
30.42328,75.49317,338.52,0.4,0.37,2026-05-04,0809,N21,VIIRS,l,2.0NRT,309.16,4.47,D
30.44662,76.05914,347.25,0.41,0.37,2026-05-04,0809,N21,VIIRS,n,2.0NRT,309.42,13.14,D
30.46833,76.22021,330.96,0.41,0.37,2026-05-04,0809,N21,VIIRS,n,2.0NRT,300.92,2.35,D
30.63139,75.84878,349.31,0.43,0.38,2026-05-05,0750,N21,VIIRS,n,2.0NRT,312.76,11.54,D
30.63062,75.84433,340.51,0.43,0.38,2026-05-05,0750,N21,VIIRS,l,2.0NRT,311.25,11.54,D
30.62928,75.84637,340.36,0.43,0.38,2026-05-05,0750,N21,VIIRS,l,2.0NRT,311.96,20.19,D
30.66503,75.96712,352.47,0.43,0.38,2026-05-05,0750,N21,VIIRS,l,2.0NRT,312.19,14.58,D
30.63545,75.77989,340.83,0.44,0.38,2026-05-05,0750,N21,VIIRS,l,2.0NRT,307.17,7.37,D
30.69732,75.88599,343.67,0.43,0.38,2026-05-05,0750,N21,VIIRS,n,2.0NRT,308.51,5.73,D
30.69594,75.61092,334.92,0.44,0.38,2026-05-05,0750,N21,VIIRS,l,2.0NRT,306.53,3.87,D
30.68614,75.49119,334.87,0.45,0.39,2026-05-05,0750,N21,VIIRS,l,2.0NRT,309.58,3.43,D
30.51122,75.78735,341.39,0.44,0.38,2026-05-05,0750,N21,VIIRS,l,2.0NRT,306.73,5.31,D
30.49637,75.71717,367,0.44,0.38,2026-05-05,0750,N21,VIIRS,h,2.0NRT,310.41,13.81,D
30.52544,75.61616,337.98,0.44,0.39,2026-05-05,0750,N21,VIIRS,l,2.0NRT,310.23,5.74,D
30.60779,75.77528,350.87,0.44,0.38,2026-05-05,0750,N21,VIIRS,l,2.0NRT,312.39,8.25,D
30.61126,75.77446,338.31,0.44,0.38,2026-05-05,0750,N21,VIIRS,l,2.0NRT,310.87,8.25,D
30.60701,75.77078,336.58,0.44,0.38,2026-05-05,0750,N21,VIIRS,l,2.0NRT,309.63,6.78,D
30.53885,75.54121,337.74,0.52,0.5,2026-05-06,0731,N21,VIIRS,l,2.0NRT,310.39,5.19,D
30.47373,76.41989,344.16,0.46,0.47,2026-05-06,0731,N21,VIIRS,n,2.0NRT,312.63,8.45,D
30.47275,76.41518,344.18,0.46,0.47,2026-05-06,0731,N21,VIIRS,n,2.0NRT,312.13,8.45,D
30.47558,76.41699,367,0.46,0.47,2026-05-06,0731,N21,VIIRS,h,2.0NRT,313.61,15.4,D
30.50204,76.32988,336.6,0.47,0.48,2026-05-06,0731,N21,VIIRS,l,2.0NRT,310.53,3.48,D
30.48688,76.25849,338.66,0.47,0.48,2026-05-06,0731,N21,VIIRS,n,2.0NRT,310.22,4.06,D
30.46041,76.09155,333.75,0.48,0.48,2026-05-06,0731,N21,VIIRS,l,2.0NRT,307.13,3.79,D
30.46474,76.09035,332.11,0.48,0.48,2026-05-06,0731,N21,VIIRS,l,2.0NRT,306.81,4.25,D
30.46726,76.03761,341.85,0.49,0.48,2026-05-06,0731,N21,VIIRS,n,2.0NRT,308.84,4.56,D
30.43436,75.8618,333.9,0.5,0.49,2026-05-06,0731,N21,VIIRS,l,2.0NRT,307.04,2.18,D
30.53215,76.30147,337.24,0.47,0.48,2026-05-06,0731,N21,VIIRS,n,2.0NRT,308.81,5.4,D
30.43447,75.81882,341.59,0.5,0.49,2026-05-06,0731,N21,VIIRS,n,2.0NRT,306.9,5.34,D
30.54314,76.25902,337.26,0.47,0.48,2026-05-06,0731,N21,VIIRS,l,2.0NRT,309.48,3.31,D
30.46655,75.84353,332.12,0.5,0.49,2026-05-06,0731,N21,VIIRS,l,2.0NRT,305.86,2.14,D
30.55233,76.17522,338.28,0.48,0.48,2026-05-06,0731,N21,VIIRS,n,2.0NRT,306.48,5.96,D
30.46848,75.7242,342.4,0.51,0.49,2026-05-06,0731,N21,VIIRS,n,2.0NRT,308.35,9.37,D
30.46736,75.71906,338.2,0.51,0.49,2026-05-06,0731,N21,VIIRS,l,2.0NRT,309.76,8.66,D
30.45147,75.62485,340.83,0.51,0.5,2026-05-06,0731,N21,VIIRS,n,2.0NRT,307.8,4.44,D
30.45136,75.60275,334.31,0.52,0.5,2026-05-06,0731,N21,VIIRS,l,2.0NRT,307.46,6.58,D
30.55104,76.04158,342.12,0.48,0.48,2026-05-06,0731,N21,VIIRS,n,2.0NRT,306.12,12.32,D
30.54999,76.03667,342.64,0.48,0.48,2026-05-06,0731,N21,VIIRS,n,2.0NRT,309.57,12.03,D
30.51256,75.8413,342.17,0.5,0.49,2026-05-06,0731,N21,VIIRS,n,2.0NRT,307.52,5.82,D
30.59283,76.19454,333.68,0.47,0.48,2026-05-06,0731,N21,VIIRS,n,2.0NRT,304.95,3.64,D
30.50711,75.77293,343.99,0.5,0.49,2026-05-06,0731,N21,VIIRS,n,2.0NRT,311.1,9.37,D
30.48156,75.65487,342.89,0.51,0.49,2026-05-06,0731,N21,VIIRS,n,2.0NRT,308.56,11.78,D
30.52679,75.84264,335.32,0.5,0.49,2026-05-06,0731,N21,VIIRS,l,2.0NRT,305.55,4.65,D
30.48149,75.63287,347.64,0.51,0.5,2026-05-06,0731,N21,VIIRS,n,2.0NRT,313.61,15.54,D
30.46107,75.53885,344.46,0.52,0.5,2026-05-06,0731,N21,VIIRS,n,2.0NRT,311.88,20.7,D
30.55708,75.9192,332.16,0.49,0.49,2026-05-06,0731,N21,VIIRS,l,2.0NRT,306.93,3.29,D
30.47559,75.5403,344.46,0.52,0.5,2026-05-06,0731,N21,VIIRS,n,2.0NRT,313.25,12.8,D
30.46528,75.49281,332.88,0.52,0.5,2026-05-06,0731,N21,VIIRS,l,2.0NRT,307,6.68,D
30.49811,75.62264,339.41,0.51,0.5,2026-05-06,0731,N21,VIIRS,l,2.0NRT,311.68,10.35,D
30.4617,75.45439,338.74,0.53,0.5,2026-05-06,0731,N21,VIIRS,n,2.0NRT,308.36,9.23,D
30.5422,75.80614,349.72,0.5,0.49,2026-05-06,0731,N21,VIIRS,n,2.0NRT,312.31,10.17,D
30.48109,75.52197,353.95,0.52,0.5,2026-05-06,0731,N21,VIIRS,n,2.0NRT,312.46,7.74,D
30.53243,75.73869,347.75,0.5,0.49,2026-05-06,0731,N21,VIIRS,n,2.0NRT,312.63,11.14,D
30.48555,75.52068,346.44,0.52,0.5,2026-05-06,0731,N21,VIIRS,n,2.0NRT,313.22,7.74,D
30.53355,75.7221,348.77,0.51,0.49,2026-05-06,0731,N21,VIIRS,n,2.0NRT,312.08,14.84,D
30.52586,75.68616,338.38,0.51,0.49,2026-05-06,0731,N21,VIIRS,l,2.0NRT,310.54,12.66,D
30.56182,75.83276,335.89,0.5,0.49,2026-05-06,0731,N21,VIIRS,l,2.0NRT,308.55,5.76,D
30.58111,75.90186,337.62,0.49,0.49,2026-05-06,0731,N21,VIIRS,l,2.0NRT,309.66,5.3,D
30.58547,75.90063,344.87,0.49,0.49,2026-05-06,0731,N21,VIIRS,n,2.0NRT,311.79,5.3,D
30.57485,75.85046,342.27,0.5,0.49,2026-05-06,0731,N21,VIIRS,n,2.0NRT,309.61,8,D
30.64348,76.21227,338.8,0.47,0.48,2026-05-06,0731,N21,VIIRS,n,2.0NRT,309.23,3.77,D
30.64244,76.20749,332.16,0.47,0.48,2026-05-06,0731,N21,VIIRS,l,2.0NRT,306.29,0.9,D
30.53657,75.72316,343.63,0.51,0.49,2026-05-06,0731,N21,VIIRS,n,2.0NRT,312.72,7.69,D
30.53544,75.71804,339.92,0.51,0.49,2026-05-06,0731,N21,VIIRS,l,2.0NRT,312.83,7.69,D
30.52751,75.68221,344.03,0.51,0.49,2026-05-06,0731,N21,VIIRS,n,2.0NRT,310.05,6.66,D
30.58089,75.90359,335.44,0.49,0.49,2026-05-06,0731,N21,VIIRS,l,2.0NRT,310.35,5.61,D
30.58525,75.90238,344.04,0.49,0.49,2026-05-06,0731,N21,VIIRS,n,2.0NRT,311.53,5.61,D
30.5732,75.84734,337.13,0.5,0.49,2026-05-06,0731,N21,VIIRS,l,2.0NRT,309.13,5.12,D
30.56659,75.81715,339.14,0.5,0.49,2026-05-06,0731,N21,VIIRS,l,2.0NRT,311.99,7.49,D
30.66675,76.23617,332.73,0.47,0.48,2026-05-06,0731,N21,VIIRS,l,2.0NRT,304.11,2.1,D
30.66573,76.23141,334.12,0.47,0.48,2026-05-06,0731,N21,VIIRS,n,2.0NRT,304.19,2.39,D
30.61123,75.97929,345.35,0.49,0.48,2026-05-06,0731,N21,VIIRS,n,2.0NRT,308.35,9.31,D
30.57866,75.82981,335.5,0.5,0.49,2026-05-06,0731,N21,VIIRS,l,2.0NRT,309.66,7,D
30.5598,75.74371,343.88,0.5,0.49,2026-05-06,0731,N21,VIIRS,n,2.0NRT,311.9,7.33,D
30.52581,75.58928,338.07,0.51,0.5,2026-05-06,0731,N21,VIIRS,l,2.0NRT,312.5,6.63,D
30.50845,75.5108,342.65,0.52,0.5,2026-05-06,0731,N21,VIIRS,n,2.0NRT,310.15,8.49,D
30.49296,75.41953,334.84,0.53,0.5,2026-05-06,0731,N21,VIIRS,l,2.0NRT,307.6,9.43,D
30.57859,75.78695,344.53,0.5,0.49,2026-05-06,0731,N21,VIIRS,n,2.0NRT,311.06,7.46,D
30.60052,75.86629,338.06,0.49,0.49,2026-05-06,0731,N21,VIIRS,l,2.0NRT,310.73,4.09,D
30.5774,75.73875,339.18,0.5,0.49,2026-05-06,0731,N21,VIIRS,l,2.0NRT,310.04,6.4,D
30.55496,75.63614,345.44,0.51,0.49,2026-05-06,0731,N21,VIIRS,n,2.0NRT,313.91,11.95,D
30.53373,75.45312,341.88,0.52,0.5,2026-05-06,0731,N21,VIIRS,n,2.0NRT,309.18,11.33,D
30.72427,76.31555,342.25,0.46,0.47,2026-05-06,0731,N21,VIIRS,n,2.0NRT,307.39,3.11,D
30.60602,75.7631,345.18,0.5,0.49,2026-05-06,0731,N21,VIIRS,n,2.0NRT,313.62,10.73,D
30.60492,75.75801,342.57,0.5,0.49,2026-05-06,0731,N21,VIIRS,l,2.0NRT,313.94,5.88,D
30.60381,75.75292,345.13,0.5,0.49,2026-05-06,0731,N21,VIIRS,n,2.0NRT,313.25,5.88,D
30.59385,75.70699,343.64,0.51,0.49,2026-05-06,0731,N21,VIIRS,n,2.0NRT,311.92,7.05,D
30.59274,75.70188,342.43,0.51,0.49,2026-05-06,0731,N21,VIIRS,n,2.0NRT,310.23,7.05,D
30.68406,76.08355,340.64,0.48,0.48,2026-05-06,0731,N21,VIIRS,n,2.0NRT,308.19,5.51,D
30.64298,75.89149,334.9,0.49,0.49,2026-05-06,0731,N21,VIIRS,n,2.0NRT,304.82,3.55,D
30.63976,75.8765,344.34,0.49,0.49,2026-05-06,0731,N21,VIIRS,n,2.0NRT,307.58,6.23,D
30.67901,76.03843,345.2,0.48,0.48,2026-05-06,0731,N21,VIIRS,n,2.0NRT,309.31,10.35,D
30.57229,75.54282,344.6,0.52,0.5,2026-05-06,0731,N21,VIIRS,n,2.0NRT,307.03,5.65,D
30.57116,75.53759,337.18,0.52,0.5,2026-05-06,0731,N21,VIIRS,l,2.0NRT,308.44,7.26,D
30.63663,75.81883,343.75,0.5,0.49,2026-05-06,0731,N21,VIIRS,n,2.0NRT,312.33,13.9,D
30.63555,75.8138,340.12,0.5,0.49,2026-05-06,0731,N21,VIIRS,l,2.0NRT,314.18,13.79,D
30.61699,75.72755,344.07,0.5,0.49,2026-05-06,0731,N21,VIIRS,n,2.0NRT,311.32,22.04,D
30.61589,75.72244,336.85,0.5,0.49,2026-05-06,0731,N21,VIIRS,l,2.0NRT,311.62,18.37,D
30.63777,75.80247,339.41,0.5,0.49,2026-05-06,0731,N21,VIIRS,n,2.0NRT,308.13,3.83,D
30.62359,75.7365,348.23,0.5,0.49,2026-05-06,0731,N21,VIIRS,n,2.0NRT,310.44,11.77,D
30.64214,75.80124,343.13,0.5,0.49,2026-05-06,0731,N21,VIIRS,n,2.0NRT,312.13,5.51,D
30.58223,75.52329,332.32,0.52,0.5,2026-05-06,0731,N21,VIIRS,l,2.0NRT,307.02,4.54,D
30.76187,76.34491,336.85,0.46,0.47,2026-05-06,0731,N21,VIIRS,l,2.0NRT,308.56,2.92,D
30.64976,75.81514,347.92,0.5,0.49,2026-05-06,0731,N21,VIIRS,n,2.0NRT,309.73,6.7,D
30.61697,75.66232,343.55,0.51,0.49,2026-05-06,0731,N21,VIIRS,n,2.0NRT,311.68,12.62,D
30.59446,75.51422,367,0.52,0.5,2026-05-06,0731,N21,VIIRS,h,2.0NRT,314.94,15.59,D
30.68614,75.94257,333,0.49,0.48,2026-05-06,0731,N21,VIIRS,l,2.0NRT,306.91,6.1,D
30.64117,75.73152,343.23,0.5,0.49,2026-05-06,0731,N21,VIIRS,n,2.0NRT,312.5,9.54,D
30.5704,75.40306,343.16,0.53,0.5,2026-05-06,0731,N21,VIIRS,n,2.0NRT,311.39,14.21,D
30.68839,75.93143,349.12,0.49,0.48,2026-05-06,0731,N21,VIIRS,n,2.0NRT,308.55,11.56,D
30.65425,75.77096,342.01,0.5,0.49,2026-05-06,0731,N21,VIIRS,n,2.0NRT,310.48,11.67,D
30.65317,75.76588,351.03,0.5,0.49,2026-05-06,0731,N21,VIIRS,n,2.0NRT,314.31,20.65,D
30.67794,75.86044,337.83,0.49,0.49,2026-05-06,0731,N21,VIIRS,n,2.0NRT,305.58,3.4,D
30.69812,75.93393,344.37,0.49,0.48,2026-05-06,0731,N21,VIIRS,n,2.0NRT,310.24,11.55,D
30.61345,75.53663,347.79,0.52,0.5,2026-05-06,0731,N21,VIIRS,n,2.0NRT,309.56,10.4,D
30.68454,75.84797,343.62,0.49,0.49,2026-05-06,0731,N21,VIIRS,n,2.0NRT,308.87,12.68,D
30.68347,75.84294,339.83,0.49,0.49,2026-05-06,0731,N21,VIIRS,n,2.0NRT,310.16,16.27,D
30.68903,75.9342,340.22,0.49,0.48,2026-05-06,0731,N21,VIIRS,n,2.0NRT,308.98,7.44,D
30.68794,75.92926,336.6,0.49,0.48,2026-05-06,0731,N21,VIIRS,n,2.0NRT,306.01,2.67,D
30.65276,75.76918,349.18,0.5,0.49,2026-05-06,0731,N21,VIIRS,n,2.0NRT,315.1,15.16,D
30.65164,75.76411,341.14,0.5,0.49,2026-05-06,0731,N21,VIIRS,n,2.0NRT,308.01,15.16,D
30.59686,75.51709,336.61,0.52,0.5,2026-05-06,0731,N21,VIIRS,l,2.0NRT,311.16,8.73,D
30.5957,75.51186,347.12,0.52,0.5,2026-05-06,0731,N21,VIIRS,n,2.0NRT,316.65,13.79,D
30.67704,75.85846,339.75,0.49,0.49,2026-05-06,0731,N21,VIIRS,n,2.0NRT,307.18,3.53,D
30.79024,76.35917,334.76,0.46,0.47,2026-05-06,0731,N21,VIIRS,l,2.0NRT,307.76,2.33,D
30.69878,75.9367,343.93,0.49,0.48,2026-05-06,0731,N21,VIIRS,n,2.0NRT,309.4,13.44,D
30.61042,75.53548,343.84,0.52,0.5,2026-05-06,0731,N21,VIIRS,n,2.0NRT,310.44,10.86,D
30.68357,75.84602,351.39,0.49,0.49,2026-05-06,0731,N21,VIIRS,n,2.0NRT,311.58,23.45,D
30.59242,75.41183,344.14,0.53,0.5,2026-05-06,0731,N21,VIIRS,n,2.0NRT,309.59,15.81,D
30.7408,76.00323,343.44,0.48,0.48,2026-05-06,0731,N21,VIIRS,n,2.0NRT,309.28,4.34,D
30.70648,75.8236,334.14,0.49,0.49,2026-05-06,0731,N21,VIIRS,l,2.0NRT,307.79,3.04,D
30.8303,76.35802,333.26,0.46,0.47,2026-05-06,0731,N21,VIIRS,l,2.0NRT,307.98,2.85,D
30.64123,75.48216,339.91,0.52,0.5,2026-05-06,0731,N21,VIIRS,n,2.0NRT,306.89,4.3,D
30.66174,75.55414,341.17,0.51,0.5,2026-05-06,0731,N21,VIIRS,n,2.0NRT,306.39,4.84,D
30.63059,75.4122,337.32,0.52,0.5,2026-05-06,0731,N21,VIIRS,n,2.0NRT,306.12,5.83,D
30.68312,75.63052,334.25,0.51,0.49,2026-05-06,0731,N21,VIIRS,l,2.0NRT,308.16,1.96,D
30.66618,75.55287,342.65,0.51,0.5,2026-05-06,0731,N21,VIIRS,n,2.0NRT,308.62,4.84,D
30.79078,76.0872,334.24,0.48,0.48,2026-05-06,0731,N21,VIIRS,l,2.0NRT,305.49,3.4,D
30.86025,76.39407,333.5,0.46,0.47,2026-05-06,0731,N21,VIIRS,l,2.0NRT,307.32,2.76,D
30.72072,75.73925,355.32,0.5,0.49,2026-05-06,0731,N21,VIIRS,n,2.0NRT,310.14,18.91,D
30.78741,75.96414,332.46,0.48,0.48,2026-05-06,0731,N21,VIIRS,l,2.0NRT,307.45,1.8,D
30.68249,75.47594,345.7,0.52,0.5,2026-05-06,0731,N21,VIIRS,n,2.0NRT,310.65,5.44,D
30.66409,75.39131,343.54,0.53,0.5,2026-05-06,0731,N21,VIIRS,l,2.0NRT,313.6,8.87,D
30.69942,75.53232,345.53,0.51,0.5,2026-05-06,0731,N21,VIIRS,n,2.0NRT,312.32,16.47,D
30.66857,75.39003,344.13,0.53,0.5,2026-05-06,0731,N21,VIIRS,l,2.0NRT,314.89,8.87,D
30.66741,75.38471,340.36,0.53,0.5,2026-05-06,0731,N21,VIIRS,l,2.0NRT,314.46,8.87,D
30.72175,75.61405,342.05,0.51,0.49,2026-05-06,0731,N21,VIIRS,n,2.0NRT,307.28,5.41,D
30.67304,75.38875,337.79,0.53,0.5,2026-05-06,0731,N21,VIIRS,l,2.0NRT,312.38,10,D
30.72617,75.61279,343.27,0.51,0.49,2026-05-06,0731,N21,VIIRS,n,2.0NRT,310.34,5.41,D
30.76571,75.71027,340.36,0.5,0.49,2026-05-06,0731,N21,VIIRS,n,2.0NRT,303.63,10.88,D
30.70572,75.43005,337.09,0.52,0.5,2026-05-06,0731,N21,VIIRS,l,2.0NRT,311.74,4.52,D
30.70628,75.42705,335.25,0.52,0.5,2026-05-06,0731,N21,VIIRS,l,2.0NRT,309.45,1.8,D
30.79125,75.79111,336.46,0.49,0.49,2026-05-06,0731,N21,VIIRS,l,2.0NRT,310.13,3.98,D
30.74198,75.56686,340.67,0.51,0.49,2026-05-06,0731,N21,VIIRS,n,2.0NRT,306.49,3.44,D
30.79562,75.78987,336.55,0.49,0.49,2026-05-06,0731,N21,VIIRS,l,2.0NRT,309.75,6.43,D
30.75766,75.59535,342.38,0.51,0.49,2026-05-06,0731,N21,VIIRS,n,2.0NRT,310.6,5.55,D
30.73477,75.4915,332.52,0.52,0.5,2026-05-06,0731,N21,VIIRS,l,2.0NRT,306.33,1.88,D
30.74497,75.51633,340.21,0.51,0.5,2026-05-06,0731,N21,VIIRS,n,2.0NRT,304.9,6.67,D
30.72531,75.42724,335.02,0.52,0.5,2026-05-06,0731,N21,VIIRS,l,2.0NRT,309.68,2.71,D
30.82827,75.85496,336.22,0.49,0.49,2026-05-06,0731,N21,VIIRS,l,2.0NRT,310.04,7.17,D
30.92477,76.28355,330.73,0.46,0.47,2026-05-06,0731,N21,VIIRS,l,2.0NRT,304.29,4.44,D
30.8904,76.12229,333.13,0.47,0.48,2026-05-06,0731,N21,VIIRS,l,2.0NRT,308.09,2.56,D
30.76399,75.53855,341.78,0.51,0.5,2026-05-06,0731,N21,VIIRS,n,2.0NRT,307.51,4.82,D
30.84447,75.88725,344.41,0.49,0.48,2026-05-06,0731,N21,VIIRS,n,2.0NRT,310.11,5.73,D
30.83268,75.81129,354.77,0.49,0.49,2026-05-06,0731,N21,VIIRS,n,2.0NRT,308.77,12.56,D
30.87948,76.00752,335.35,0.48,0.48,2026-05-06,0731,N21,VIIRS,l,2.0NRT,308.05,3.43,D
30.83704,75.81005,339.26,0.49,0.49,2026-05-06,0731,N21,VIIRS,l,2.0NRT,310.13,6.11,D
30.89001,76.03547,331.5,0.48,0.48,2026-05-06,0731,N21,VIIRS,l,2.0NRT,306.14,2.9,D
30.78511,75.54907,343.07,0.51,0.49,2026-05-06,0731,N21,VIIRS,n,2.0NRT,311.21,12.31,D
30.78954,75.5478,341.77,0.51,0.49,2026-05-06,0731,N21,VIIRS,n,2.0NRT,309.59,8.37,D
30.89343,76.00873,338.31,0.48,0.48,2026-05-06,0731,N21,VIIRS,n,2.0NRT,310.01,3.42,D
30.97338,76.34423,337.77,0.46,0.47,2026-05-06,0731,N21,VIIRS,n,2.0NRT,304.46,3.8,D
30.84157,75.57136,340.31,0.51,0.49,2026-05-06,0731,N21,VIIRS,n,2.0NRT,305.88,2.26,D
30.83895,75.5685,341.38,0.51,0.49,2026-05-06,0731,N21,VIIRS,n,2.0NRT,307.22,4.98,D
30.83155,75.47132,337.03,0.51,0.5,2026-05-06,0731,N21,VIIRS,n,2.0NRT,306.47,5.06,D
30.81503,75.37544,347.91,0.52,0.5,2026-05-06,0731,N21,VIIRS,n,2.0NRT,306.72,10.04,D
30.96013,76.01688,337.3,0.48,0.48,2026-05-06,0731,N21,VIIRS,l,2.0NRT,308.24,4.41,D
30.83563,75.42561,330.4,0.52,0.5,2026-05-06,0731,N21,VIIRS,l,2.0NRT,303.81,2.92,D
30.85442,75.40343,341.75,0.52,0.5,2026-05-06,0731,N21,VIIRS,n,2.0NRT,308.56,3.38,D
30.90308,75.58299,342.34,0.51,0.49,2026-05-06,0731,N21,VIIRS,n,2.0NRT,309.04,6.64,D
30.90196,75.57786,340.14,0.51,0.49,2026-05-06,0731,N21,VIIRS,n,2.0NRT,303.49,6.64,D
30.87914,75.42984,335.92,0.52,0.5,2026-05-06,0731,N21,VIIRS,l,2.0NRT,307.82,6.02,D
30.87799,75.4246,341.92,0.52,0.5,2026-05-06,0731,N21,VIIRS,n,2.0NRT,307.9,7.35,D
30.9027,75.47308,333.37,0.51,0.5,2026-05-06,0731,N21,VIIRS,l,2.0NRT,304.12,3.1,D
30.93608,75.54066,330.73,0.51,0.49,2026-05-06,0731,N21,VIIRS,l,2.0NRT,304.58,3.82,D
31.06515,75.92823,333.84,0.48,0.48,2026-05-06,0731,N21,VIIRS,l,2.0NRT,305.88,2.71,D
30.95249,75.38999,331.27,0.52,0.5,2026-05-06,0731,N21,VIIRS,l,2.0NRT,305.37,3.69,D
31.03317,75.67362,334.6,0.5,0.49,2026-05-06,0731,N21,VIIRS,l,2.0NRT,305.79,4.23,D
31.00817,75.38511,337.41,0.52,0.5,2026-05-06,0731,N21,VIIRS,n,2.0NRT,308.25,2.46,D
31.14924,76.00226,336.1,0.47,0.48,2026-05-06,0731,N21,VIIRS,l,2.0NRT,307.52,4.42,D
31.01933,75.39304,348.46,0.52,0.5,2026-05-06,0731,N21,VIIRS,n,2.0NRT,308.03,7.05,D
31.09841,75.74039,339.76,0.49,0.49,2026-05-06,0731,N21,VIIRS,n,2.0NRT,306.81,5.65,D
31.05286,75.52703,333.19,0.51,0.49,2026-05-06,0731,N21,VIIRS,l,2.0NRT,306.92,2.82,D
31.10276,75.73915,338.24,0.49,0.49,2026-05-06,0731,N21,VIIRS,l,2.0NRT,309.07,5.65,D
31.15098,76.00298,334.4,0.47,0.48,2026-05-06,0731,N21,VIIRS,l,2.0NRT,307.14,5.01,D
31.09851,75.74191,336.36,0.49,0.49,2026-05-06,0731,N21,VIIRS,l,2.0NRT,306.91,4.63,D
31.05159,75.52922,332.4,0.51,0.49,2026-05-06,0731,N21,VIIRS,l,2.0NRT,305.72,1.89,D
31.02163,75.39436,342.55,0.52,0.5,2026-05-06,0731,N21,VIIRS,n,2.0NRT,308.86,8.59,D
31.10285,75.74066,340.99,0.49,0.49,2026-05-06,0731,N21,VIIRS,n,2.0NRT,308.62,4.63,D
31.1083,75.74442,334.22,0.49,0.49,2026-05-06,0731,N21,VIIRS,l,2.0NRT,306.26,3.61,D
31.07766,75.45587,340.74,0.51,0.49,2026-05-06,0731,N21,VIIRS,n,2.0NRT,309.08,5.63,D
31.08638,75.43125,343.23,0.51,0.49,2026-05-06,0731,N21,VIIRS,n,2.0NRT,310.01,3.86,D
31.25712,76.05445,332.73,0.47,0.48,2026-05-06,0731,N21,VIIRS,l,2.0NRT,305.43,3,D
31.25757,76.01367,334.07,0.47,0.48,2026-05-06,0731,N21,VIIRS,n,2.0NRT,302.42,3.1,D
31.26022,75.80815,331.48,0.48,0.48,2026-05-06,0731,N21,VIIRS,l,2.0NRT,306.38,2.92,D
31.30332,75.98703,334.07,0.47,0.48,2026-05-06,0731,N21,VIIRS,n,2.0NRT,303.62,1.79,D
30.51803,76.32524,331.45,0.44,0.63,2026-05-07,0714,N21,VIIRS,n,2.0NRT,292.45,2.43,D
30.43783,75.95924,346.44,0.47,0.64,2026-05-07,0714,N21,VIIRS,n,2.0NRT,296.84,6.38,D
30.47187,75.87719,335.71,0.47,0.64,2026-05-07,0714,N21,VIIRS,n,2.0NRT,296.21,3.45,D
30.59725,76.31908,338.96,0.44,0.62,2026-05-07,0714,N21,VIIRS,n,2.0NRT,293.4,5.57,D
30.58026,76.22855,334.13,0.45,0.63,2026-05-07,0714,N21,VIIRS,n,2.0NRT,291.38,4.26,D
30.43812,75.60277,336.54,0.49,0.65,2026-05-07,0714,N21,VIIRS,n,2.0NRT,297.05,6.4,D
30.45467,75.61842,352.18,0.49,0.65,2026-05-07,0714,N21,VIIRS,n,2.0NRT,297.9,6.92,D
30.5004,75.72372,332.22,0.48,0.65,2026-05-07,0714,N21,VIIRS,n,2.0NRT,296.61,1.88,D
30.43651,75.4751,338.15,0.5,0.66,2026-05-07,0714,N21,VIIRS,n,2.0NRT,298.38,4.38,D
30.46264,75.55211,331.43,0.49,0.65,2026-05-07,0714,N21,VIIRS,n,2.0NRT,297.53,6.47,D
30.46137,75.5472,335.36,0.49,0.65,2026-05-07,0714,N21,VIIRS,n,2.0NRT,297.63,6.47,D
30.46011,75.54228,348.28,0.49,0.65,2026-05-07,0714,N21,VIIRS,n,2.0NRT,298.43,8.77,D
30.51999,75.72755,348.06,0.48,0.65,2026-05-07,0714,N21,VIIRS,n,2.0NRT,298.27,8.29,D
30.45861,75.54346,353.26,0.49,0.65,2026-05-07,0714,N21,VIIRS,n,2.0NRT,298.64,7.78,D
30.44039,75.4745,340.57,0.5,0.66,2026-05-07,0714,N21,VIIRS,n,2.0NRT,298.35,4.35,D
30.63379,75.4771,341.9,0.49,0.65,2026-05-07,0714,N21,VIIRS,n,2.0NRT,298.43,5.81,D
30.7104,75.7498,330.58,0.47,0.64,2026-05-07,0714,N21,VIIRS,n,2.0NRT,294.81,3.79,D
30.62677,75.42582,334.55,0.5,0.65,2026-05-07,0714,N21,VIIRS,n,2.0NRT,296.09,3.23,D
30.72986,75.75356,348,0.47,0.64,2026-05-07,0714,N21,VIIRS,n,2.0NRT,295.98,12.49,D
30.73603,75.70519,342.82,0.48,0.64,2026-05-07,0714,N21,VIIRS,n,2.0NRT,294.36,8.19,D
30.66149,75.4141,332.29,0.5,0.65,2026-05-07,0714,N21,VIIRS,n,2.0NRT,297.67,4.46,D
30.63061,75.42448,336.11,0.5,0.65,2026-05-07,0714,N21,VIIRS,n,2.0NRT,297.12,2.37,D
30.72993,75.75314,341.26,0.47,0.64,2026-05-07,0714,N21,VIIRS,n,2.0NRT,295.86,11.37,D
30.7889,75.95547,330.3,0.46,0.63,2026-05-07,0714,N21,VIIRS,n,2.0NRT,294.82,2.12,D
30.63879,75.38404,334.1,0.5,0.66,2026-05-07,0714,N21,VIIRS,n,2.0NRT,297.74,4.39,D
30.73584,75.70493,346,0.47,0.64,2026-05-07,0714,N21,VIIRS,n,2.0NRT,294.2,7.88,D
30.69183,75.53719,335.67,0.49,0.65,2026-05-07,0714,N21,VIIRS,n,2.0NRT,297.03,4.61,D
30.72161,75.62688,351.09,0.48,0.65,2026-05-07,0714,N21,VIIRS,n,2.0NRT,296.55,13.2,D
30.83598,76.04343,339.59,0.45,0.63,2026-05-07,0714,N21,VIIRS,n,2.0NRT,295.64,6.95,D
30.6633,75.38124,337.07,0.5,0.66,2026-05-07,0714,N21,VIIRS,n,2.0NRT,298.66,8.28,D
30.70525,75.51683,367,0.49,0.65,2026-05-07,0714,N21,VIIRS,h,2.0NRT,298.33,9.17,D
30.70397,75.51195,334.11,0.49,0.65,2026-05-07,0714,N21,VIIRS,n,2.0NRT,297.2,9.17,D
30.69372,75.47291,341.74,0.49,0.65,2026-05-07,0714,N21,VIIRS,n,2.0NRT,296.66,5.59,D
30.73446,75.58076,333.43,0.48,0.65,2026-05-07,0714,N21,VIIRS,n,2.0NRT,296.37,2.85,D
30.69109,75.41499,330.55,0.49,0.65,2026-05-07,0714,N21,VIIRS,n,2.0NRT,298.03,6.23,D
30.69945,75.4229,367,0.49,0.65,2026-05-07,0714,N21,VIIRS,h,2.0NRT,299.64,17.25,D
30.80284,75.82044,331.44,0.47,0.64,2026-05-07,0714,N21,VIIRS,n,2.0NRT,296,3.18,D
30.69557,75.4081,348.31,0.49,0.65,2026-05-07,0714,N21,VIIRS,n,2.0NRT,298.21,6.23,D
30.69428,75.40316,338.69,0.5,0.65,2026-05-07,0714,N21,VIIRS,n,2.0NRT,298.41,6.82,D
30.69298,75.39821,333.82,0.5,0.65,2026-05-07,0714,N21,VIIRS,n,2.0NRT,298.21,6.82,D
30.69168,75.39326,334.13,0.5,0.65,2026-05-07,0714,N21,VIIRS,n,2.0NRT,297.25,4.84,D
30.69039,75.38832,334.89,0.5,0.66,2026-05-07,0714,N21,VIIRS,n,2.0NRT,296.79,4.84,D
30.8097,75.82323,340.56,0.47,0.64,2026-05-07,0714,N21,VIIRS,n,2.0NRT,297.18,6.04,D
30.69877,75.39627,343.39,0.5,0.65,2026-05-07,0714,N21,VIIRS,n,2.0NRT,297.61,6.17,D
30.80209,75.76994,367,0.47,0.64,2026-05-07,0714,N21,VIIRS,h,2.0NRT,297.72,12.33,D
30.73153,75.44954,335.88,0.49,0.65,2026-05-07,0714,N21,VIIRS,n,2.0NRT,297.16,7.37,D
30.72835,75.41319,332.36,0.49,0.65,2026-05-07,0714,N21,VIIRS,n,2.0NRT,297.57,5.3,D
30.886,76.00221,331.87,0.45,0.63,2026-05-07,0714,N21,VIIRS,n,2.0NRT,295.94,5.06,D
30.84032,75.82315,343.25,0.46,0.64,2026-05-07,0714,N21,VIIRS,n,2.0NRT,297.49,6.75,D
30.7683,75.54314,334.56,0.48,0.65,2026-05-07,0714,N21,VIIRS,n,2.0NRT,295.36,3.71,D
30.73413,75.41123,333.1,0.49,0.65,2026-05-07,0714,N21,VIIRS,n,2.0NRT,297.33,5.3,D
30.82765,75.72564,330.56,0.47,0.64,2026-05-07,0714,N21,VIIRS,n,2.0NRT,296.57,5.26,D
30.7732,75.54278,336.52,0.48,0.65,2026-05-07,0714,N21,VIIRS,n,2.0NRT,296.2,5.21,D
30.80621,75.62057,335.95,0.48,0.65,2026-05-07,0714,N21,VIIRS,n,2.0NRT,296.35,2.54,D
30.86087,75.78181,336.62,0.47,0.64,2026-05-07,0714,N21,VIIRS,n,2.0NRT,296.56,4.28,D
30.78072,75.42912,333.31,0.49,0.65,2026-05-07,0714,N21,VIIRS,n,2.0NRT,297.67,4.03,D
30.82986,75.54482,349.42,0.48,0.65,2026-05-07,0714,N21,VIIRS,n,2.0NRT,296.17,10.52,D
30.87164,75.68128,331.6,0.47,0.64,2026-05-07,0714,N21,VIIRS,n,2.0NRT,296.74,5.96,D
30.87639,75.50812,331.3,0.48,0.65,2026-05-07,0714,N21,VIIRS,n,2.0NRT,295.05,7.38,D
30.86959,75.45764,341.24,0.49,0.65,2026-05-07,0714,N21,VIIRS,n,2.0NRT,295.9,7.47,D
30.86833,75.45277,333.16,0.49,0.65,2026-05-07,0714,N21,VIIRS,n,2.0NRT,296.57,6.43,D
30.88734,75.47807,336.07,0.49,0.65,2026-05-07,0714,N21,VIIRS,n,2.0NRT,295.85,3.84,D
30.87478,75.42931,340.67,0.49,0.65,2026-05-07,0714,N21,VIIRS,n,2.0NRT,297.38,4.89,D
30.87615,75.51109,343.63,0.48,0.65,2026-05-07,0714,N21,VIIRS,n,2.0NRT,296.29,7.6,D
30.86777,75.45596,367,0.49,0.65,2026-05-07,0714,N21,VIIRS,h,2.0NRT,297.49,10.19,D
30.87282,75.42774,330.19,0.49,0.65,2026-05-07,0714,N21,VIIRS,n,2.0NRT,296.15,5.8,D
31.04513,75.37514,334.28,0.49,0.65,2026-05-07,0714,N21,VIIRS,n,2.0NRT,294.74,1.92,D
31.13913,75.42794,333.02,0.48,0.65,2026-05-07,0714,N21,VIIRS,n,2.0NRT,293.97,9.07,D
30.63075,75.65741,333.53,0.48,0.65,2026-05-07,0714,N21,VIIRS,n,2.0NRT,296.54,7.28,D
30.6295,75.65262,350.11,0.48,0.65,2026-05-07,0714,N21,VIIRS,n,2.0NRT,296.79,7.28,D
30.59659,75.52683,338.51,0.49,0.65,2026-05-07,0714,N21,VIIRS,n,2.0NRT,297.79,4.4,D
30.66859,75.77905,330.58,0.47,0.64,2026-05-07,0714,N21,VIIRS,n,2.0NRT,295.09,9.13,D
30.62896,75.62669,347.93,0.48,0.65,2026-05-07,0714,N21,VIIRS,n,2.0NRT,298.3,7.12,D
30.61636,75.57843,349.18,0.49,0.65,2026-05-07,0714,N21,VIIRS,n,2.0NRT,297.67,9.09,D
30.59595,75.50045,335.68,0.49,0.65,2026-05-07,0714,N21,VIIRS,n,2.0NRT,298.5,3.7,D
30.67427,75.77715,348.4,0.47,0.64,2026-05-07,0714,N21,VIIRS,n,2.0NRT,295.12,6.02,D
30.67305,75.77243,334.73,0.47,0.64,2026-05-07,0714,N21,VIIRS,n,2.0NRT,293.77,6.02,D
30.57716,75.40479,337.78,0.5,0.66,2026-05-07,0714,N21,VIIRS,n,2.0NRT,298.91,5.78,D
30.66279,75.70903,345.22,0.48,0.64,2026-05-07,0714,N21,VIIRS,n,2.0NRT,295,5.17,D
30.69302,75.53686,336.27,0.49,0.65,2026-05-07,0714,N21,VIIRS,n,2.0NRT,296.81,5.08,D
30.43729,75.9585,346.22,0.47,0.64,2026-05-07,0714,N21,VIIRS,n,2.0NRT,296.69,6.88,D
30.46568,75.54643,336.19,0.49,0.65,2026-05-07,0714,N21,VIIRS,n,2.0NRT,297.67,8.27,D
30.51963,75.72815,350.18,0.48,0.65,2026-05-07,0714,N21,VIIRS,n,2.0NRT,298.44,7.18,D
30.52682,75.68424,367,0.48,0.65,2026-05-07,0714,N21,VIIRS,h,2.0NRT,298.82,13.73,D
30.5343,75.71294,342.2,0.48,0.65,2026-05-07,0714,N21,VIIRS,n,2.0NRT,296.8,6.08,D
30.54869,75.74443,333.63,0.48,0.64,2026-05-07,0714,N21,VIIRS,n,2.0NRT,296.65,4.61,D
30.50739,75.53788,334.12,0.49,0.65,2026-05-07,0714,N21,VIIRS,n,2.0NRT,295.19,3.62,D
30.61663,75.93588,330.94,0.46,0.64,2026-05-07,0714,N21,VIIRS,n,2.0NRT,296.23,5.24,D
30.61545,75.93127,338.63,0.46,0.64,2026-05-07,0714,N21,VIIRS,n,2.0NRT,298.27,5.24,D
30.62109,75.9294,345.04,0.46,0.64,2026-05-07,0714,N21,VIIRS,n,2.0NRT,296.83,5.24,D
30.58945,75.78241,332.52,0.47,0.64,2026-05-07,0714,N21,VIIRS,n,2.0NRT,295.92,3.27,D
30.48598,75.38348,343.31,0.5,0.66,2026-05-07,0714,N21,VIIRS,n,2.0NRT,299.32,6.1,D
30.58539,75.74261,336.6,0.48,0.64,2026-05-07,0714,N21,VIIRS,n,2.0NRT,297.35,5.74,D
30.51384,75.46614,331.52,0.5,0.66,2026-05-07,0714,N21,VIIRS,n,2.0NRT,297.46,2.04,D
30.65895,75.98194,342.06,0.46,0.64,2026-05-07,0714,N21,VIIRS,n,2.0NRT,294.81,5.33,D
30.57711,75.66227,345.23,0.48,0.65,2026-05-07,0714,N21,VIIRS,n,2.0NRT,297.9,4.97,D
30.56468,75.61404,332.85,0.49,0.65,2026-05-07,0714,N21,VIIRS,n,2.0NRT,298.15,5.59,D
30.60819,75.73502,338.06,0.48,0.64,2026-05-07,0714,N21,VIIRS,n,2.0NRT,297.3,4.14,D
30.63442,75.81353,343.45,0.47,0.64,2026-05-07,0714,N21,VIIRS,n,2.0NRT,297.57,6.47,D
30.61632,75.74261,332.86,0.48,0.64,2026-05-07,0714,N21,VIIRS,n,2.0NRT,297.4,8.07,D
30.57766,75.56747,367,0.49,0.65,2026-05-07,0714,N21,VIIRS,h,2.0NRT,298.95,26.36,D
30.63529,75.79279,335.65,0.47,0.64,2026-05-07,0714,N21,VIIRS,n,2.0NRT,296.55,6.74,D
30.63409,75.78806,333.17,0.47,0.64,2026-05-07,0714,N21,VIIRS,n,2.0NRT,294.99,5.57,D
30.62201,75.7407,350.65,0.48,0.64,2026-05-07,0714,N21,VIIRS,n,2.0NRT,297.64,8.07,D
30.61958,75.73117,345.82,0.48,0.64,2026-05-07,0714,N21,VIIRS,n,2.0NRT,297.19,6.85,D
30.59136,75.62086,345.87,0.48,0.65,2026-05-07,0714,N21,VIIRS,n,2.0NRT,297.13,7.58,D
30.57641,75.5626,347.09,0.49,0.65,2026-05-07,0714,N21,VIIRS,n,2.0NRT,298.97,26.36,D
30.63254,75.75777,367,0.47,0.64,2026-05-07,0714,N21,VIIRS,h,2.0NRT,299.1,20.46,D
30.60753,75.75824,334.36,0.47,0.64,2026-05-07,0714,N21,VIIRS,n,2.0NRT,297.43,5.34,D
30.58117,75.65821,330.49,0.48,0.65,2026-05-07,0714,N21,VIIRS,n,2.0NRT,297.41,6.34,D
30.63374,75.811,330.84,0.47,0.64,2026-05-07,0714,N21,VIIRS,n,2.0NRT,296.73,3.85,D
30.62388,75.77336,335.92,0.47,0.64,2026-05-07,0714,N21,VIIRS,n,2.0NRT,297.41,4.04,D
30.53073,75.42032,338.42,0.5,0.66,2026-05-07,0714,N21,VIIRS,n,2.0NRT,298.77,5.79,D
30.57548,75.56564,367,0.49,0.65,2026-05-07,0714,N21,VIIRS,h,2.0NRT,302.45,42.87,D
30.69716,76.03085,344.6,0.46,0.63,2026-05-07,0714,N21,VIIRS,n,2.0NRT,294.66,5.59,D
30.6345,75.79033,352.14,0.47,0.64,2026-05-07,0714,N21,VIIRS,n,2.0NRT,296.66,7.67,D
30.6209,75.73838,345.07,0.48,0.64,2026-05-07,0714,N21,VIIRS,n,2.0NRT,297.13,15.01,D
30.61966,75.73363,346.47,0.48,0.64,2026-05-07,0714,N21,VIIRS,n,2.0NRT,297.37,11.33,D
30.59077,75.6237,336.15,0.48,0.65,2026-05-07,0714,N21,VIIRS,n,2.0NRT,296.59,5.24,D
30.57419,75.56077,332.23,0.49,0.65,2026-05-07,0714,N21,VIIRS,n,2.0NRT,297.54,24.8,D
30.63278,75.76015,367,0.47,0.64,2026-05-07,0714,N21,VIIRS,h,2.0NRT,298.43,14.85,D
30.63155,75.75541,339.88,0.47,0.64,2026-05-07,0714,N21,VIIRS,n,2.0NRT,296.95,14.85,D
30.78404,76.32125,337.86,0.44,0.62,2026-05-07,0714,N21,VIIRS,n,2.0NRT,292.03,4.35,D
30.65477,75.77338,367,0.47,0.64,2026-05-07,0714,N21,VIIRS,h,2.0NRT,297,10.44,D
30.68806,75.78279,331.28,0.47,0.64,2026-05-07,0714,N21,VIIRS,n,2.0NRT,295.82,3.79,D
30.61775,75.48782,350.55,0.49,0.65,2026-05-07,0714,N21,VIIRS,n,2.0NRT,298.33,10.16,D
30.74831,75.96952,331.32,0.46,0.63,2026-05-07,0714,N21,VIIRS,n,2.0NRT,295.37,3.36,D
30.69821,75.77435,342.52,0.47,0.64,2026-05-07,0714,N21,VIIRS,n,2.0NRT,295.78,6.06,D
30.84463,76.32508,334.65,0.43,0.62,2026-05-07,0714,N21,VIIRS,n,2.0NRT,293.8,3,D
30.75392,75.96766,332.76,0.46,0.63,2026-05-07,0714,N21,VIIRS,n,2.0NRT,295.62,3.36,D
30.73595,75.87348,335.01,0.46,0.64,2026-05-07,0714,N21,VIIRS,n,2.0NRT,296.72,6.59,D
30.59238,75.74364,338.53,0.52,0.67,2026-05-07,0854,N21,VIIRS,n,2.0NRT,296.93,4.11,D
30.59444,75.67332,337.38,0.51,0.66,2026-05-07,0854,N21,VIIRS,n,2.0NRT,297.69,3.54,D
30.6188,75.77423,352.94,0.52,0.67,2026-05-07,0854,N21,VIIRS,n,2.0NRT,299.14,13.61,D
30.61849,75.76882,335.21,0.52,0.67,2026-05-07,0854,N21,VIIRS,n,2.0NRT,298.26,12.02,D
30.62431,75.76295,330.14,0.52,0.67,2026-05-07,0854,N21,VIIRS,n,2.0NRT,297.37,6.52,D
30.6211,75.70902,338.35,0.52,0.67,2026-05-07,0854,N21,VIIRS,n,2.0NRT,296.72,5.92,D
30.61535,75.61293,340.98,0.51,0.66,2026-05-07,0854,N21,VIIRS,n,2.0NRT,297.88,4.02,D
30.6195,75.5807,331.87,0.51,0.66,2026-05-07,0854,N21,VIIRS,n,2.0NRT,298.85,3.74,D
30.59267,75.74113,332.71,0.52,0.67,2026-05-07,0854,N21,VIIRS,n,2.0NRT,296.07,2.91,D
30.61919,75.77711,330.36,0.52,0.67,2026-05-07,0854,N21,VIIRS,n,2.0NRT,297.92,9.74,D
30.6189,75.77171,346.34,0.52,0.67,2026-05-07,0854,N21,VIIRS,n,2.0NRT,298.83,17.98,D
30.61833,75.76086,330.58,0.52,0.67,2026-05-07,0854,N21,VIIRS,n,2.0NRT,297.72,4.29,D
30.62447,75.76038,333.72,0.52,0.67,2026-05-07,0854,N21,VIIRS,n,2.0NRT,297.07,4.29,D
30.62189,75.71173,337.22,0.52,0.67,2026-05-07,0854,N21,VIIRS,n,2.0NRT,297.05,4.7,D
30.63296,75.68924,345.23,0.52,0.66,2026-05-07,0854,N21,VIIRS,n,2.0NRT,297.61,11.01,D
30.62364,75.51949,341.28,0.5,0.66,2026-05-07,0854,N21,VIIRS,n,2.0NRT,298.18,7.42,D
30.62335,75.51424,336.43,0.5,0.66,2026-05-07,0854,N21,VIIRS,n,2.0NRT,297.46,6.23,D
30.62941,75.51375,339.05,0.5,0.66,2026-05-07,0854,N21,VIIRS,n,2.0NRT,297.55,5.8,D
30.66732,75.98389,343.31,0.54,0.68,2026-05-07,0854,N21,VIIRS,n,2.0NRT,294.72,6.58,D
30.67993,75.87132,345.32,0.53,0.67,2026-05-07,0854,N21,VIIRS,n,2.0NRT,295.53,8.33,D
30.72896,75.41692,330.22,0.5,0.66,2026-05-07,0854,N21,VIIRS,n,2.0NRT,296.66,4.9,D
30.73499,75.41646,337.96,0.5,0.66,2026-05-07,0854,N21,VIIRS,n,2.0NRT,297.91,4.9,D
30.73469,75.41125,339.61,0.5,0.66,2026-05-07,0854,N21,VIIRS,n,2.0NRT,298.44,4.9,D
30.84168,76.34766,339.12,0.57,0.69,2026-05-07,0854,N21,VIIRS,n,2.0NRT,294.77,4.89,D
30.87709,76.10915,336.33,0.55,0.68,2026-05-07,0854,N21,VIIRS,n,2.0NRT,296.49,5.46,D
30.97511,76.28915,332.72,0.56,0.69,2026-05-07,0854,N21,VIIRS,n,2.0NRT,293.17,6.22,D
30.89419,75.37252,331.98,0.5,0.65,2026-05-07,0854,N21,VIIRS,n,2.0NRT,296.64,4.88,D
30.97186,76.29343,331.29,0.56,0.69,2026-05-07,0854,N21,VIIRS,n,2.0NRT,293.86,8.58,D
30.99657,75.91083,333.39,0.54,0.68,2026-05-07,0854,N21,VIIRS,n,2.0NRT,293.99,4.28,D
31.00698,75.54286,335.71,0.51,0.66,2026-05-07,0854,N21,VIIRS,n,2.0NRT,295.7,3.94,D
31.01616,75.38894,330.79,0.5,0.66,2026-05-07,0854,N21,VIIRS,n,2.0NRT,297.37,7.37,D
30.57059,75.79432,332.3,0.52,0.67,2026-05-07,0854,N21,VIIRS,n,2.0NRT,296.42,3.5,D
30.56666,75.61666,344.28,0.51,0.66,2026-05-07,0854,N21,VIIRS,n,2.0NRT,298.44,6.38,D
30.56147,75.52712,339.74,0.5,0.66,2026-05-07,0854,N21,VIIRS,n,2.0NRT,297.68,4.21,D
30.60016,75.87996,330.37,0.53,0.67,2026-05-07,0854,N21,VIIRS,n,2.0NRT,296.11,3.25,D
30.67851,75.62662,342.76,0.51,0.66,2026-05-07,0854,N21,VIIRS,n,2.0NRT,296.51,5.99,D
30.70048,75.48183,330.15,0.5,0.66,2026-05-07,0854,N21,VIIRS,n,2.0NRT,297.38,2.27,D
30.69514,75.39366,332.27,0.49,0.65,2026-05-07,0854,N21,VIIRS,n,2.0NRT,297.79,3.73,D
30.73303,75.71935,338.71,0.52,0.67,2026-05-07,0854,N21,VIIRS,n,2.0NRT,296.75,7.05,D
31.00821,75.54269,336.47,0.51,0.66,2026-05-07,0854,N21,VIIRS,n,2.0NRT,295.94,3.51,D
31.01832,75.38843,332.55,0.5,0.66,2026-05-07,0854,N21,VIIRS,n,2.0NRT,297.19,5.35,D
31.25702,75.4707,330.93,0.51,0.66,2026-05-07,0854,N21,VIIRS,n,2.0NRT,294.72,3.32,D
30.45226,75.55892,367,0.5,0.66,2026-05-07,0854,N21,VIIRS,h,2.0NRT,298.61,29.96,D
30.45884,75.46432,330.09,0.5,0.66,2026-05-07,0854,N21,VIIRS,n,2.0NRT,296.97,1.79,D
30.46487,75.46384,344.64,0.5,0.66,2026-05-07,0854,N21,VIIRS,n,2.0NRT,298.21,7.25,D
30.48243,75.65736,334.15,0.51,0.66,2026-05-07,0854,N21,VIIRS,n,2.0NRT,297.94,3.55,D
30.48193,75.54605,345.51,0.5,0.66,2026-05-07,0854,N21,VIIRS,n,2.0NRT,299.4,5.43,D
30.49936,75.73657,341.04,0.52,0.67,2026-05-07,0854,N21,VIIRS,n,2.0NRT,297.3,10.8,D
30.49904,75.73119,332.21,0.52,0.67,2026-05-07,0854,N21,VIIRS,n,2.0NRT,296.23,7.13,D
30.49309,75.52944,342.42,0.5,0.66,2026-05-07,0854,N21,VIIRS,n,2.0NRT,298.87,6.66,D
30.48549,75.40522,332.04,0.49,0.65,2026-05-07,0854,N21,VIIRS,n,2.0NRT,298.03,3.29,D
30.50488,75.52331,335.33,0.5,0.66,2026-05-07,0854,N21,VIIRS,n,2.0NRT,298.93,4.26,D
30.48334,75.54396,345.38,0.5,0.66,2026-05-07,0854,N21,VIIRS,n,2.0NRT,298.7,6.92,D
30.4996,75.7347,349.26,0.52,0.67,2026-05-07,0854,N21,VIIRS,n,2.0NRT,297.22,8.37,D
30.48174,75.40347,331.89,0.49,0.65,2026-05-07,0854,N21,VIIRS,n,2.0NRT,297.96,3.18,D
30.49488,75.5325,337.04,0.5,0.66,2026-05-07,0854,N21,VIIRS,n,2.0NRT,297.81,9.39,D
30.51363,75.65292,334.37,0.51,0.66,2026-05-07,0854,N21,VIIRS,n,2.0NRT,297.84,3.11,D
30.52176,75.6898,338.2,0.51,0.66,2026-05-07,0854,N21,VIIRS,n,2.0NRT,298.19,5.48,D
30.53751,75.75333,330.35,0.52,0.67,2026-05-07,0854,N21,VIIRS,n,2.0NRT,297.27,3.68,D
30.55531,75.74112,332.32,0.52,0.67,2026-05-07,0854,N21,VIIRS,n,2.0NRT,297.33,4.36,D
30.55328,75.59644,331.13,0.51,0.66,2026-05-07,0854,N21,VIIRS,n,2.0NRT,297.69,5,D
30.6189,75.75421,345.75,0.53,0.5,2026-05-08,0835,N21,VIIRS,n,2.0NRT,304.75,8.53,D
30.60276,75.62829,332.46,0.52,0.5,2026-05-08,0835,N21,VIIRS,l,2.0NRT,304.16,3.26,D
30.61982,75.81609,338.95,0.54,0.51,2026-05-08,0835,N21,VIIRS,n,2.0NRT,303.33,2.81,D
30.63553,75.99178,340.11,0.55,0.51,2026-05-08,0835,N21,VIIRS,n,2.0NRT,301.83,4.53,D
30.59905,75.68966,333.35,0.53,0.5,2026-05-08,0835,N21,VIIRS,n,2.0NRT,300.87,0.84,D
30.60154,75.7172,332.2,0.53,0.5,2026-05-08,0835,N21,VIIRS,l,2.0NRT,304.3,1.99,D
30.59394,75.68472,332.6,0.53,0.5,2026-05-08,0835,N21,VIIRS,n,2.0NRT,302.11,3.85,D
30.61557,76.03497,338.03,0.55,0.51,2026-05-08,0835,N21,VIIRS,n,2.0NRT,302.55,3.76,D
30.55736,75.63951,335.2,0.52,0.5,2026-05-08,0835,N21,VIIRS,n,2.0NRT,304.15,2.19,D
30.56703,75.85671,330.39,0.54,0.51,2026-05-08,0835,N21,VIIRS,l,2.0NRT,302.18,1.38,D
30.55745,75.64175,335.39,0.52,0.5,2026-05-08,0835,N21,VIIRS,n,2.0NRT,304.39,2.3,D
30.52376,75.48251,346.2,0.51,0.5,2026-05-08,0835,N21,VIIRS,n,2.0NRT,305.89,11.14,D
30.54476,75.70421,332.2,0.53,0.5,2026-05-08,0835,N21,VIIRS,l,2.0NRT,304.34,3.98,D
30.51013,75.43591,335.46,0.51,0.49,2026-05-08,0835,N21,VIIRS,n,2.0NRT,305.34,4.94,D
30.52381,75.58013,332.11,0.52,0.5,2026-05-08,0835,N21,VIIRS,l,2.0NRT,305.19,2.33,D
30.5046,75.42593,332.79,0.51,0.49,2026-05-08,0835,N21,VIIRS,l,2.0NRT,305.12,6.39,D
30.53452,75.7445,342.03,0.53,0.5,2026-05-08,0835,N21,VIIRS,n,2.0NRT,303.58,5.74,D
30.53863,75.78883,334.65,0.54,0.5,2026-05-08,0835,N21,VIIRS,n,2.0NRT,303.9,4.44,D
30.50008,75.42651,335.91,0.51,0.49,2026-05-08,0835,N21,VIIRS,n,2.0NRT,305.07,3.39,D
30.52988,75.79552,334.17,0.54,0.5,2026-05-08,0835,N21,VIIRS,n,2.0NRT,302.91,4.26,D
30.57123,76.25517,332.6,0.57,0.52,2026-05-08,0835,N21,VIIRS,n,2.0NRT,298.84,8.71,D
30.51864,75.72415,338.75,0.53,0.5,2026-05-08,0835,N21,VIIRS,n,2.0NRT,306.17,5.25,D
30.53898,75.9998,332.52,0.55,0.51,2026-05-08,0835,N21,VIIRS,l,2.0NRT,303.11,3.05,D
30.50993,75.73081,342.48,0.53,0.5,2026-05-08,0835,N21,VIIRS,n,2.0NRT,305.75,12.9,D
30.4744,75.44583,335.12,0.51,0.49,2026-05-08,0835,N21,VIIRS,l,2.0NRT,306.05,2.96,D
30.4941,75.7105,333.16,0.53,0.5,2026-05-08,0835,N21,VIIRS,l,2.0NRT,304.87,2.11,D
30.46632,75.45757,343.8,0.51,0.49,2026-05-08,0835,N21,VIIRS,n,2.0NRT,306.42,11.14,D
30.47565,75.55894,335.74,0.52,0.5,2026-05-08,0835,N21,VIIRS,n,2.0NRT,304.14,4.72,D
30.49382,75.81125,342.33,0.54,0.51,2026-05-08,0835,N21,VIIRS,n,2.0NRT,304,5.08,D
30.49432,75.81682,339,0.54,0.51,2026-05-08,0835,N21,VIIRS,n,2.0NRT,304.99,8.57,D
30.50581,75.94622,342.27,0.55,0.51,2026-05-08,0835,N21,VIIRS,n,2.0NRT,301.81,4.92,D
30.47831,75.6903,342.58,0.53,0.5,2026-05-08,0835,N21,VIIRS,n,2.0NRT,303.04,8.64,D
30.48275,75.73975,340.48,0.53,0.5,2026-05-08,0835,N21,VIIRS,n,2.0NRT,305.11,7.72,D
30.48969,75.8174,335.67,0.54,0.51,2026-05-08,0835,N21,VIIRS,n,2.0NRT,303.25,4.11,D
30.46734,75.62005,346.59,0.52,0.5,2026-05-08,0835,N21,VIIRS,n,2.0NRT,303.72,7.56,D
30.45138,75.54572,333.7,0.52,0.5,2026-05-08,0835,N21,VIIRS,l,2.0NRT,305.24,2.31,D
30.4611,75.65385,343.07,0.52,0.5,2026-05-08,0835,N21,VIIRS,n,2.0NRT,303.88,4.34,D
30.45651,75.65441,343.6,0.52,0.5,2026-05-08,0835,N21,VIIRS,n,2.0NRT,306.36,11.32,D
30.44951,75.6278,332.65,0.52,0.5,2026-05-08,0835,N21,VIIRS,l,2.0NRT,304.83,1.69,D
30.48713,76.05838,337.82,0.55,0.51,2026-05-08,0835,N21,VIIRS,n,2.0NRT,302.17,4.74,D
30.48608,76.15826,330.2,0.56,0.52,2026-05-08,0835,N21,VIIRS,n,2.0NRT,299.78,2.53,D
30.45033,75.54244,341.13,0.52,0.5,2026-05-08,0835,N21,VIIRS,n,2.0NRT,306.41,5.16,D
30.45617,75.65086,344.21,0.52,0.5,2026-05-08,0835,N21,VIIRS,n,2.0NRT,305.2,11.62,D
30.4567,75.6563,337.9,0.52,0.5,2026-05-08,0835,N21,VIIRS,n,2.0NRT,304.41,11.62,D
30.48534,76.06017,336.28,0.55,0.51,2026-05-08,0835,N21,VIIRS,n,2.0NRT,301.96,4.73,D
31.19557,75.51083,341.14,0.52,0.5,2026-05-08,0835,N21,VIIRS,n,2.0NRT,301,7.2,D
30.4258,76.25005,335.06,0.57,0.52,2026-05-08,0835,N21,VIIRS,n,2.0NRT,299.82,6.33,D
30.47859,76.41289,336.09,0.58,0.52,2026-05-08,0835,N21,VIIRS,n,2.0NRT,300.94,5.75,D
31.19566,75.51318,334.8,0.52,0.5,2026-05-08,0835,N21,VIIRS,n,2.0NRT,300.06,9.48,D
31.19842,75.64144,341.07,0.53,0.5,2026-05-08,0835,N21,VIIRS,n,2.0NRT,300.86,6.61,D
31.17992,75.64371,338.42,0.53,0.5,2026-05-08,0835,N21,VIIRS,n,2.0NRT,300.93,9.14,D
31.18044,75.64929,342.46,0.53,0.5,2026-05-08,0835,N21,VIIRS,n,2.0NRT,302.63,9.14,D
31.1447,75.51397,352.68,0.52,0.5,2026-05-08,0835,N21,VIIRS,n,2.0NRT,305.2,31.05,D
31.06947,75.39726,343.91,0.51,0.5,2026-05-08,0835,N21,VIIRS,n,2.0NRT,304.2,14.24,D
31.06492,75.39784,354.05,0.51,0.5,2026-05-08,0835,N21,VIIRS,n,2.0NRT,306.32,23.12,D
31.06877,75.39938,355.85,0.51,0.5,2026-05-08,0835,N21,VIIRS,n,2.0NRT,306.21,17.81,D
31.06423,75.39995,367,0.51,0.5,2026-05-08,0835,N21,VIIRS,h,2.0NRT,304.44,17.81,D
31.05362,75.43396,335.74,0.52,0.5,2026-05-08,0835,N21,VIIRS,n,2.0NRT,304.01,4.61,D
30.99547,75.55674,337.57,0.52,0.5,2026-05-08,0835,N21,VIIRS,n,2.0NRT,301.86,3.62,D
30.96744,75.80869,335.86,0.54,0.51,2026-05-08,0835,N21,VIIRS,n,2.0NRT,301.11,2.39,D
30.91216,75.40918,340.83,0.51,0.5,2026-05-08,0835,N21,VIIRS,n,2.0NRT,301.48,10.41,D
30.95329,75.91425,335.31,0.55,0.51,2026-05-08,0835,N21,VIIRS,n,2.0NRT,299.49,4.31,D
30.87242,75.37643,332.14,0.51,0.49,2026-05-08,0835,N21,VIIRS,l,2.0NRT,304.02,1.88,D
30.89089,75.58159,332.82,0.53,0.5,2026-05-08,0835,N21,VIIRS,n,2.0NRT,298.73,5.3,D
30.85285,75.5223,336.25,0.52,0.5,2026-05-08,0835,N21,VIIRS,n,2.0NRT,302.1,2.95,D
30.82693,75.542,341.4,0.52,0.5,2026-05-08,0835,N21,VIIRS,n,2.0NRT,302.43,8.71,D
30.8141,75.60427,335.09,0.53,0.5,2026-05-08,0835,N21,VIIRS,n,2.0NRT,302.08,7.72,D
30.8146,75.60976,336.29,0.53,0.5,2026-05-08,0835,N21,VIIRS,n,2.0NRT,301.02,3.7,D
30.82349,75.7599,341.72,0.54,0.51,2026-05-08,0835,N21,VIIRS,n,2.0NRT,303.49,7.66,D
30.81835,75.75487,342.38,0.54,0.51,2026-05-08,0835,N21,VIIRS,n,2.0NRT,302.99,7.66,D
30.81885,75.76048,338.85,0.54,0.51,2026-05-08,0835,N21,VIIRS,n,2.0NRT,302.5,7.66,D
30.80131,75.61697,335.48,0.53,0.5,2026-05-08,0835,N21,VIIRS,n,2.0NRT,300.49,4.36,D
30.77955,75.42812,340.33,0.51,0.5,2026-05-08,0835,N21,VIIRS,n,2.0NRT,303.63,2.93,D
30.78102,75.44418,341.73,0.51,0.5,2026-05-08,0835,N21,VIIRS,n,2.0NRT,303.34,4.46,D
30.78248,75.46027,342.57,0.51,0.5,2026-05-08,0835,N21,VIIRS,n,2.0NRT,302.51,9.04,D
30.86609,76.41807,333.4,0.59,0.53,2026-05-08,0835,N21,VIIRS,n,2.0NRT,300.18,2.54,D
30.7755,75.43404,338.81,0.51,0.5,2026-05-08,0835,N21,VIIRS,n,2.0NRT,303.09,4.9,D
30.77599,75.4394,338.7,0.51,0.5,2026-05-08,0835,N21,VIIRS,n,2.0NRT,302.3,7.96,D
30.80543,75.7678,335.51,0.54,0.51,2026-05-08,0835,N21,VIIRS,n,2.0NRT,303.07,4.36,D
30.80109,75.93435,344.35,0.55,0.51,2026-05-08,0835,N21,VIIRS,n,2.0NRT,301.32,6.7,D
30.76427,75.67168,332.32,0.53,0.5,2026-05-08,0835,N21,VIIRS,n,2.0NRT,298.8,4.01,D
30.7574,75.44962,336.94,0.51,0.5,2026-05-08,0835,N21,VIIRS,n,2.0NRT,303.17,3.49,D
30.80346,75.93611,342.42,0.55,0.51,2026-05-08,0835,N21,VIIRS,n,2.0NRT,301.95,5.91,D
30.76486,75.67387,332.83,0.53,0.5,2026-05-08,0835,N21,VIIRS,n,2.0NRT,299.94,2.37,D
30.74842,75.54877,343.33,0.52,0.5,2026-05-08,0835,N21,VIIRS,n,2.0NRT,307.3,31.38,D
30.73874,75.49536,345.42,0.52,0.5,2026-05-08,0835,N21,VIIRS,n,2.0NRT,306.63,27.68,D
30.74743,75.58735,336.08,0.52,0.5,2026-05-08,0835,N21,VIIRS,n,2.0NRT,303.03,4.39,D
30.70228,75.49995,330.91,0.52,0.5,2026-05-08,0835,N21,VIIRS,l,2.0NRT,302.28,5.24,D
30.70278,75.50533,337.99,0.52,0.5,2026-05-08,0835,N21,VIIRS,n,2.0NRT,304.24,5.24,D
30.7502,76.02988,340.21,0.56,0.51,2026-05-08,0835,N21,VIIRS,n,2.0NRT,298.57,5.01,D
30.74549,76.03046,335.42,0.56,0.51,2026-05-08,0835,N21,VIIRS,n,2.0NRT,300.3,5.01,D
30.71592,75.80364,338.67,0.54,0.51,2026-05-08,0835,N21,VIIRS,n,2.0NRT,301.98,4.65,D
30.71643,75.80925,340.18,0.54,0.51,2026-05-08,0835,N21,VIIRS,n,2.0NRT,303.13,7.52,D
30.68244,75.53515,330.85,0.52,0.5,2026-05-08,0835,N21,VIIRS,l,2.0NRT,303.43,1.61,D
30.67396,75.49265,351.8,0.52,0.5,2026-05-08,0835,N21,VIIRS,n,2.0NRT,305.88,11.56,D
30.67542,75.50877,342.17,0.52,0.5,2026-05-08,0835,N21,VIIRS,n,2.0NRT,304.56,11.63,D
30.67592,75.51415,340.97,0.52,0.5,2026-05-08,0835,N21,VIIRS,n,2.0NRT,303.73,6.71,D
30.71094,75.90703,345.33,0.55,0.51,2026-05-08,0835,N21,VIIRS,n,2.0NRT,304.71,14.67,D
30.67184,75.52012,340.97,0.52,0.5,2026-05-08,0835,N21,VIIRS,n,2.0NRT,304.25,6.71,D
30.67428,75.54713,331.14,0.52,0.5,2026-05-08,0835,N21,VIIRS,l,2.0NRT,303.2,1.34,D
30.70776,75.92471,345.67,0.55,0.51,2026-05-08,0835,N21,VIIRS,n,2.0NRT,303.26,16.47,D
30.68632,75.734,340.55,0.53,0.5,2026-05-08,0835,N21,VIIRS,n,2.0NRT,299.9,2.87,D
30.70137,75.96019,331.66,0.55,0.51,2026-05-08,0835,N21,VIIRS,l,2.0NRT,301.73,6.29,D
30.66057,75.54887,346.73,0.52,0.5,2026-05-08,0835,N21,VIIRS,n,2.0NRT,303.64,8.01,D
30.69987,76.05363,340.39,0.56,0.51,2026-05-08,0835,N21,VIIRS,n,2.0NRT,302.32,7.01,D
30.7038,75.96035,335.83,0.55,0.51,2026-05-08,0835,N21,VIIRS,n,2.0NRT,301.39,7.18,D
30.66023,75.54974,344.01,0.52,0.5,2026-05-08,0835,N21,VIIRS,n,2.0NRT,303.56,6.69,D
30.70293,76.05362,340.08,0.56,0.51,2026-05-08,0835,N21,VIIRS,n,2.0NRT,301.28,5.54,D
30.62065,75.4248,338.78,0.51,0.49,2026-05-08,0835,N21,VIIRS,n,2.0NRT,303.06,3.35,D
30.62368,75.45667,342.62,0.51,0.5,2026-05-08,0835,N21,VIIRS,n,2.0NRT,304.7,4.33,D
30.65644,75.80592,342.48,0.54,0.51,2026-05-08,0835,N21,VIIRS,n,2.0NRT,304.09,7.71,D
30.60605,75.41593,335.07,0.51,0.49,2026-05-08,0835,N21,VIIRS,n,2.0NRT,302.82,1.79,D
30.63431,75.76917,331.56,0.54,0.5,2026-05-08,0835,N21,VIIRS,l,2.0NRT,303.91,2.06,D
30.61999,75.71492,339.57,0.53,0.5,2026-05-08,0835,N21,VIIRS,n,2.0NRT,303.08,4.77,D
30.6205,75.72044,340.83,0.53,0.5,2026-05-08,0835,N21,VIIRS,n,2.0NRT,302.35,4.77,D
31.07536,75.42822,342.08,0.44,0.39,2026-05-09,0816,N21,VIIRS,n,2.0NRT,307.55,8.55,D
31.08286,75.48542,336.81,0.44,0.39,2026-05-09,0816,N21,VIIRS,n,2.0NRT,305.91,3.62,D
31.07589,75.42998,335.1,0.44,0.39,2026-05-09,0816,N21,VIIRS,l,2.0NRT,305.58,9.16,D
31.0701,75.384,338.12,0.44,0.38,2026-05-09,0816,N21,VIIRS,n,2.0NRT,304.81,3.87,D
31.10513,75.54802,340.23,0.45,0.39,2026-05-09,0816,N21,VIIRS,n,2.0NRT,307.89,3.32,D
31.10455,75.54335,335.45,0.45,0.39,2026-05-09,0816,N21,VIIRS,l,2.0NRT,308.51,3.32,D
31.13859,75.78777,336.37,0.46,0.39,2026-05-09,0816,N21,VIIRS,n,2.0NRT,305.44,3.93,D
31.18789,76.13094,330.86,0.47,0.4,2026-05-09,0816,N21,VIIRS,l,2.0NRT,304.53,4.71,D
31.13335,75.42939,335.04,0.44,0.39,2026-05-09,0816,N21,VIIRS,n,2.0NRT,303.63,5.55,D
31.16833,75.67608,346.78,0.45,0.39,2026-05-09,0816,N21,VIIRS,n,2.0NRT,306.57,9.55,D
31.23189,75.94873,337.5,0.47,0.39,2026-05-09,0816,N21,VIIRS,n,2.0NRT,303.45,8.63,D
31.17998,75.53983,336.64,0.45,0.39,2026-05-09,0816,N21,VIIRS,l,2.0NRT,307.34,2.71,D
31.17938,75.53517,338.35,0.45,0.39,2026-05-09,0816,N21,VIIRS,n,2.0NRT,307.34,4.92,D
31.26162,76.0683,338.89,0.47,0.4,2026-05-09,0816,N21,VIIRS,n,2.0NRT,307.03,7.44,D
31.25864,76.06699,341.04,0.47,0.4,2026-05-09,0816,N21,VIIRS,n,2.0NRT,305.08,5.17,D
31.21197,75.53695,333.69,0.45,0.39,2026-05-09,0816,N21,VIIRS,l,2.0NRT,304.53,2.19,D
31.21785,75.55504,340.48,0.45,0.39,2026-05-09,0816,N21,VIIRS,n,2.0NRT,306.39,3.97,D
31.29189,76.03629,339.66,0.47,0.4,2026-05-09,0816,N21,VIIRS,n,2.0NRT,304.82,4.64,D
31.31967,75.64317,338.01,0.45,0.39,2026-05-09,0816,N21,VIIRS,n,2.0NRT,307.59,15.18,D
31.31903,75.64523,341.16,0.45,0.39,2026-05-09,0816,N21,VIIRS,n,2.0NRT,306.14,5.23,D
30.76161,76.36308,338.3,0.48,0.4,2026-05-09,0816,N21,VIIRS,n,2.0NRT,307.4,2.3,D
30.65282,75.39368,343.82,0.44,0.38,2026-05-09,0816,N21,VIIRS,n,2.0NRT,307.5,7.77,D
30.77683,76.36565,337.35,0.48,0.4,2026-05-09,0816,N21,VIIRS,l,2.0NRT,310.14,6.93,D
30.66967,75.49782,345.86,0.44,0.38,2026-05-09,0816,N21,VIIRS,n,2.0NRT,309.39,7.38,D
30.66386,75.45216,342.74,0.44,0.38,2026-05-09,0816,N21,VIIRS,n,2.0NRT,310.05,8.77,D
30.69419,75.66319,342.46,0.45,0.39,2026-05-09,0816,N21,VIIRS,n,2.0NRT,307.63,5.09,D
30.69421,75.63474,347.14,0.45,0.39,2026-05-09,0816,N21,VIIRS,n,2.0NRT,308.03,4.26,D
30.69775,75.63413,338.43,0.45,0.39,2026-05-09,0816,N21,VIIRS,n,2.0NRT,307.89,4.26,D
30.67904,75.48685,346.08,0.44,0.38,2026-05-09,0816,N21,VIIRS,n,2.0NRT,308.98,8.13,D
30.67846,75.48227,341.49,0.44,0.38,2026-05-09,0816,N21,VIIRS,n,2.0NRT,306.77,6.41,D
30.69425,75.57806,337.1,0.44,0.39,2026-05-09,0816,N21,VIIRS,l,2.0NRT,307.28,2.89,D
30.67147,75.3997,338.15,0.44,0.38,2026-05-09,0816,N21,VIIRS,n,2.0NRT,307.72,8.24,D
30.70012,75.59591,344.12,0.45,0.39,2026-05-09,0816,N21,VIIRS,n,2.0NRT,305.92,5.78,D
30.71011,75.64622,333.56,0.45,0.39,2026-05-09,0816,N21,VIIRS,l,2.0NRT,305.27,1.61,D
30.78976,76.2573,336.19,0.47,0.4,2026-05-09,0816,N21,VIIRS,l,2.0NRT,308.42,3.11,D
30.75685,75.98987,335.18,0.46,0.39,2026-05-09,0816,N21,VIIRS,l,2.0NRT,307.39,4.87,D
30.71541,75.65953,338.09,0.45,0.39,2026-05-09,0816,N21,VIIRS,n,2.0NRT,305.06,2.84,D
30.70013,75.53941,338.17,0.44,0.39,2026-05-09,0816,N21,VIIRS,n,2.0NRT,307.31,3.74,D
30.6843,75.38818,340.48,0.44,0.38,2026-05-09,0816,N21,VIIRS,n,2.0NRT,307.93,4.7,D
30.68896,75.39664,336.97,0.44,0.38,2026-05-09,0816,N21,VIIRS,n,2.0NRT,306.55,5.67,D
30.72957,75.68561,331.69,0.45,0.39,2026-05-09,0816,N21,VIIRS,l,2.0NRT,306.39,4.51,D
30.70949,75.50027,334.58,0.44,0.38,2026-05-09,0816,N21,VIIRS,l,2.0NRT,307.41,3.19,D
30.7089,75.49569,337.16,0.44,0.38,2026-05-09,0816,N21,VIIRS,n,2.0NRT,306.67,2.01,D
30.71537,75.518,334.07,0.44,0.39,2026-05-09,0816,N21,VIIRS,l,2.0NRT,306.37,3.47,D
30.70299,75.42207,341.82,0.44,0.38,2026-05-09,0816,N21,VIIRS,n,2.0NRT,306.28,9.85,D
30.7682,75.87595,338.17,0.46,0.39,2026-05-09,0816,N21,VIIRS,n,2.0NRT,306.38,10.38,D
30.71941,75.46583,339.54,0.44,0.38,2026-05-09,0816,N21,VIIRS,n,2.0NRT,307,4.65,D
30.75023,75.67731,331.19,0.45,0.39,2026-05-09,0816,N21,VIIRS,l,2.0NRT,304.53,2.3,D
30.78429,75.88775,337.06,0.46,0.39,2026-05-09,0816,N21,VIIRS,n,2.0NRT,303.61,1.41,D
30.72579,75.43206,337.78,0.44,0.38,2026-05-09,0816,N21,VIIRS,n,2.0NRT,305.04,2.39,D
30.74892,75.58276,343.38,0.45,0.39,2026-05-09,0816,N21,VIIRS,n,2.0NRT,308.28,5.6,D
30.765,75.67954,337.16,0.45,0.39,2026-05-09,0816,N21,VIIRS,n,2.0NRT,305.11,3.39,D
30.74946,75.5591,337.69,0.44,0.39,2026-05-09,0816,N21,VIIRS,n,2.0NRT,305.65,4.11,D
30.73987,75.4576,332.34,0.44,0.38,2026-05-09,0816,N21,VIIRS,l,2.0NRT,305.71,1.26,D
30.78049,75.74376,341.54,0.45,0.39,2026-05-09,0816,N21,VIIRS,n,2.0NRT,307.43,12.73,D
30.86703,76.37112,348.69,0.48,0.4,2026-05-09,0816,N21,VIIRS,n,2.0NRT,310.65,10.03,D
30.86653,76.36871,341.45,0.48,0.4,2026-05-09,0816,N21,VIIRS,n,2.0NRT,311.32,8.1,D
30.79015,75.73928,335.47,0.45,0.39,2026-05-09,0816,N21,VIIRS,l,2.0NRT,306.22,3.38,D
30.74786,75.37408,337.93,0.44,0.38,2026-05-09,0816,N21,VIIRS,n,2.0NRT,306.25,4.63,D
30.8066,75.81342,338.33,0.46,0.39,2026-05-09,0816,N21,VIIRS,n,2.0NRT,307.58,2.37,D
30.86164,76.14259,332.36,0.47,0.4,2026-05-09,0816,N21,VIIRS,l,2.0NRT,305.45,1.62,D
30.7741,75.38343,343.3,0.44,0.38,2026-05-09,0816,N21,VIIRS,n,2.0NRT,307.64,10.48,D
30.78519,75.44209,342.15,0.44,0.38,2026-05-09,0816,N21,VIIRS,n,2.0NRT,307.32,6.56,D
30.82627,75.73788,337.36,0.45,0.39,2026-05-09,0816,N21,VIIRS,n,2.0NRT,303.73,6.51,D
30.78752,75.37643,338.4,0.44,0.38,2026-05-09,0816,N21,VIIRS,n,2.0NRT,306.71,5.23,D
30.80862,75.51299,335.16,0.44,0.39,2026-05-09,0816,N21,VIIRS,n,2.0NRT,304.61,2.23,D
30.89965,76.09146,340.21,0.47,0.4,2026-05-09,0816,N21,VIIRS,l,2.0NRT,310.5,5.02,D
30.81441,75.41831,347.74,0.44,0.38,2026-05-09,0816,N21,VIIRS,n,2.0NRT,308.75,9.92,D
30.85096,75.56223,338.88,0.45,0.39,2026-05-09,0816,N21,VIIRS,n,2.0NRT,307.43,5.68,D
30.84939,75.38425,338.92,0.44,0.38,2026-05-09,0816,N21,VIIRS,n,2.0NRT,307.52,3.65,D
30.85857,75.39436,336.43,0.44,0.38,2026-05-09,0816,N21,VIIRS,n,2.0NRT,304.32,1.52,D
30.89233,75.60505,344.63,0.45,0.39,2026-05-09,0816,N21,VIIRS,n,2.0NRT,303.72,12.71,D
30.86732,75.40684,335.1,0.44,0.38,2026-05-09,0816,N21,VIIRS,l,2.0NRT,305.48,2.66,D
30.87259,75.39191,338.47,0.44,0.38,2026-05-09,0816,N21,VIIRS,n,2.0NRT,306.83,3.2,D
30.88543,75.43642,335.91,0.44,0.38,2026-05-09,0816,N21,VIIRS,l,2.0NRT,306.86,4.82,D
30.99238,76.26997,332.85,0.48,0.4,2026-05-09,0816,N21,VIIRS,l,2.0NRT,306.15,2.47,D
30.903,75.4897,338.53,0.44,0.39,2026-05-09,0816,N21,VIIRS,n,2.0NRT,307.32,1.6,D
30.99731,76.21855,335.93,0.48,0.4,2026-05-09,0816,N21,VIIRS,n,2.0NRT,305.47,4.85,D
30.98471,76.11523,336.31,0.47,0.4,2026-05-09,0816,N21,VIIRS,n,2.0NRT,305.94,3.16,D
30.91298,75.53989,331.12,0.45,0.39,2026-05-09,0816,N21,VIIRS,l,2.0NRT,305.64,1.98,D
30.89948,75.43397,337.08,0.44,0.38,2026-05-09,0816,N21,VIIRS,n,2.0NRT,306.94,8.26,D
30.89889,75.42939,336.94,0.44,0.38,2026-05-09,0816,N21,VIIRS,l,2.0NRT,307.09,7.42,D
30.98237,76.00636,335.98,0.47,0.39,2026-05-09,0816,N21,VIIRS,l,2.0NRT,307.7,5.23,D
31.01126,76.18097,336.67,0.47,0.4,2026-05-09,0816,N21,VIIRS,n,2.0NRT,306.31,4.04,D
30.95063,75.55233,340.67,0.45,0.39,2026-05-09,0816,N21,VIIRS,n,2.0NRT,307.62,3.34,D
30.94761,75.50084,337.78,0.44,0.39,2026-05-09,0816,N21,VIIRS,n,2.0NRT,307.13,3.57,D
30.95731,75.38182,333.92,0.44,0.38,2026-05-09,0816,N21,VIIRS,n,2.0NRT,302.91,3.22,D
30.95671,75.37725,333.77,0.44,0.38,2026-05-09,0816,N21,VIIRS,l,2.0NRT,306.3,3.22,D
30.96022,75.37663,338.35,0.44,0.38,2026-05-09,0816,N21,VIIRS,n,2.0NRT,305.37,3.22,D
30.95769,75.37843,349,0.44,0.38,2026-05-09,0816,N21,VIIRS,n,2.0NRT,306.68,8.74,D
31.06009,76.11963,337.9,0.47,0.4,2026-05-09,0816,N21,VIIRS,l,2.0NRT,307.99,6.84,D
30.98338,75.41138,333.52,0.44,0.38,2026-05-09,0816,N21,VIIRS,l,2.0NRT,305.09,1.78,D
31.07409,76.05232,336.79,0.47,0.4,2026-05-09,0816,N21,VIIRS,l,2.0NRT,307.51,6.79,D
31.09804,76.21905,337.39,0.48,0.4,2026-05-09,0816,N21,VIIRS,l,2.0NRT,308.63,4.07,D
31.00621,75.47796,332.45,0.44,0.39,2026-05-09,0816,N21,VIIRS,l,2.0NRT,304.21,1.85,D
31.01149,75.4912,337.48,0.44,0.39,2026-05-09,0816,N21,VIIRS,n,2.0NRT,305.97,6.99,D
31.09512,76.13383,339.75,0.47,0.4,2026-05-09,0816,N21,VIIRS,n,2.0NRT,306.42,5.01,D
31.10237,76.13261,331.82,0.47,0.4,2026-05-09,0816,N21,VIIRS,l,2.0NRT,305.03,1.64,D
31.02442,75.50786,331.28,0.44,0.39,2026-05-09,0816,N21,VIIRS,l,2.0NRT,305.59,1.64,D
31.03145,75.47829,333.38,0.44,0.39,2026-05-09,0816,N21,VIIRS,l,2.0NRT,306.17,3.84,D
31.0284,75.37074,333.37,0.44,0.38,2026-05-09,0816,N21,VIIRS,l,2.0NRT,306.83,2.73,D
31.05802,75.57323,343.15,0.45,0.39,2026-05-09,0816,N21,VIIRS,n,2.0NRT,304.88,5.58,D
31.16,76.23911,337.19,0.48,0.4,2026-05-09,0816,N21,VIIRS,l,2.0NRT,307.48,5.45,D
31.07671,75.49404,343.63,0.44,0.39,2026-05-09,0816,N21,VIIRS,n,2.0NRT,308.94,7.78,D
31.14746,75.99033,336.08,0.47,0.39,2026-05-09,0816,N21,VIIRS,l,2.0NRT,307.06,2.15,D
31.08316,75.48819,341.71,0.44,0.39,2026-05-09,0816,N21,VIIRS,n,2.0NRT,307.55,5.95,D
31.06937,75.38232,333.33,0.44,0.38,2026-05-09,0816,N21,VIIRS,l,2.0NRT,304.18,1.98,D
30.43165,76.3741,334.35,0.48,0.4,2026-05-09,0816,N21,VIIRS,l,2.0NRT,306.45,3.7,D
30.43234,76.34887,341.38,0.48,0.4,2026-05-09,0816,N21,VIIRS,n,2.0NRT,310.41,7.41,D
30.45148,76.11259,339.72,0.46,0.39,2026-05-09,0816,N21,VIIRS,n,2.0NRT,306.98,6.41,D
30.43365,75.88277,336.68,0.45,0.39,2026-05-09,0816,N21,VIIRS,l,2.0NRT,307.6,6.34,D
30.42119,75.75611,340,0.45,0.39,2026-05-09,0816,N21,VIIRS,n,2.0NRT,306.8,4.2,D
30.4527,75.97594,339.6,0.46,0.39,2026-05-09,0816,N21,VIIRS,n,2.0NRT,307.74,7.77,D
30.44971,75.95226,338.59,0.46,0.39,2026-05-09,0816,N21,VIIRS,n,2.0NRT,305.1,5.9,D
30.42531,75.73172,339.64,0.45,0.39,2026-05-09,0816,N21,VIIRS,n,2.0NRT,307.04,4.89,D
30.45387,75.92744,346.68,0.46,0.39,2026-05-09,0816,N21,VIIRS,n,2.0NRT,308.68,9.04,D
30.42823,75.69814,341.23,0.45,0.39,2026-05-09,0816,N21,VIIRS,n,2.0NRT,307.49,3.88,D
30.4996,76.23287,337.23,0.47,0.4,2026-05-09,0816,N21,VIIRS,n,2.0NRT,306.87,6.72,D
30.44605,75.80892,335.61,0.45,0.39,2026-05-09,0816,N21,VIIRS,l,2.0NRT,305.75,6.29,D
30.46457,75.92563,337.86,0.46,0.39,2026-05-09,0816,N21,VIIRS,l,2.0NRT,308.42,5.63,D
30.46815,75.92502,340.11,0.46,0.39,2026-05-09,0816,N21,VIIRS,n,2.0NRT,308.53,5.63,D
30.44419,75.73796,335.72,0.45,0.39,2026-05-09,0816,N21,VIIRS,l,2.0NRT,307.17,4.25,D
30.44057,75.68188,339.1,0.45,0.39,2026-05-09,0816,N21,VIIRS,n,2.0NRT,306.24,5.28,D
30.42736,75.52498,340.61,0.44,0.38,2026-05-09,0816,N21,VIIRS,n,2.0NRT,307.97,3.28,D
30.53175,76.31237,336.95,0.47,0.4,2026-05-09,0816,N21,VIIRS,l,2.0NRT,310.02,4.02,D
30.4404,75.59736,349.33,0.44,0.39,2026-05-09,0816,N21,VIIRS,n,2.0NRT,310.25,10.03,D
30.46489,75.75813,337.29,0.45,0.39,2026-05-09,0816,N21,VIIRS,n,2.0NRT,307.26,6.45,D
30.45829,75.70715,339.05,0.45,0.39,2026-05-09,0816,N21,VIIRS,n,2.0NRT,308.96,6.3,D
30.44392,75.59676,349.98,0.44,0.39,2026-05-09,0816,N21,VIIRS,n,2.0NRT,310.52,9.71,D
30.53242,76.31469,342,0.47,0.4,2026-05-09,0816,N21,VIIRS,l,2.0NRT,312.44,6.5,D
30.45827,75.70898,338.65,0.45,0.39,2026-05-09,0816,N21,VIIRS,n,2.0NRT,308.55,6.49,D
30.44439,75.5984,339.26,0.44,0.39,2026-05-09,0816,N21,VIIRS,l,2.0NRT,309.62,6.25,D
30.44382,75.59382,338.54,0.44,0.39,2026-05-09,0816,N21,VIIRS,l,2.0NRT,309.54,5.85,D
30.53841,76.33377,338.72,0.48,0.4,2026-05-09,0816,N21,VIIRS,l,2.0NRT,311.07,6.8,D
30.49276,75.89879,338.9,0.46,0.39,2026-05-09,0816,N21,VIIRS,n,2.0NRT,307,5.95,D
30.49233,75.80772,339.39,0.45,0.39,2026-05-09,0816,N21,VIIRS,n,2.0NRT,309.01,6.07,D
30.47249,75.64993,337.19,0.45,0.39,2026-05-09,0816,N21,VIIRS,l,2.0NRT,308.4,5.33,D
30.45274,75.49435,339.06,0.44,0.38,2026-05-09,0816,N21,VIIRS,n,2.0NRT,308.74,4.14,D
30.44636,75.4445,338.54,0.44,0.38,2026-05-09,0816,N21,VIIRS,n,2.0NRT,308.5,6.05,D
30.56622,76.37958,339.46,0.48,0.4,2026-05-09,0816,N21,VIIRS,l,2.0NRT,309.76,8.97,D
30.54123,76.17371,333.74,0.47,0.4,2026-05-09,0816,N21,VIIRS,l,2.0NRT,307.55,5.1,D
30.48834,75.68964,340.3,0.45,0.39,2026-05-09,0816,N21,VIIRS,n,2.0NRT,307.84,10.26,D
30.54735,76.10362,338.13,0.46,0.39,2026-05-09,0816,N21,VIIRS,n,2.0NRT,307.55,7,D
30.46793,75.47315,342.1,0.44,0.38,2026-05-09,0816,N21,VIIRS,n,2.0NRT,308.55,6.92,D
30.4621,75.4002,343.39,0.44,0.38,2026-05-09,0816,N21,VIIRS,n,2.0NRT,310.47,8.09,D
30.47785,75.4668,340.03,0.44,0.38,2026-05-09,0816,N21,VIIRS,n,2.0NRT,309.56,7.56,D
30.55578,76.05315,337.98,0.46,0.39,2026-05-09,0816,N21,VIIRS,l,2.0NRT,308.46,4.87,D
30.52904,75.83976,336.74,0.45,0.39,2026-05-09,0816,N21,VIIRS,n,2.0NRT,305.75,4.76,D
30.50954,75.65767,346.28,0.45,0.39,2026-05-09,0816,N21,VIIRS,n,2.0NRT,309.14,8.47,D
30.50306,75.60704,337.11,0.44,0.39,2026-05-09,0816,N21,VIIRS,n,2.0NRT,305.44,4.11,D
30.60756,76.41328,341.43,0.48,0.4,2026-05-09,0816,N21,VIIRS,n,2.0NRT,306.74,8.65,D
30.60393,76.35314,341.25,0.48,0.4,2026-05-09,0816,N21,VIIRS,n,2.0NRT,308.21,7.4,D
30.51365,75.63341,338.79,0.44,0.39,2026-05-09,0816,N21,VIIRS,n,2.0NRT,307.75,8.41,D
30.49244,75.46889,342.58,0.44,0.38,2026-05-09,0816,N21,VIIRS,n,2.0NRT,308.31,6,D
30.54623,75.83204,340.32,0.45,0.39,2026-05-09,0816,N21,VIIRS,n,2.0NRT,308.16,5.63,D
30.50298,75.49493,339.3,0.44,0.38,2026-05-09,0816,N21,VIIRS,n,2.0NRT,309.22,7.38,D
30.52423,75.63159,342.36,0.44,0.39,2026-05-09,0816,N21,VIIRS,n,2.0NRT,308.35,6.77,D
30.53306,75.6442,336.57,0.45,0.39,2026-05-09,0816,N21,VIIRS,l,2.0NRT,307.76,5.52,D
30.53897,75.66205,341.02,0.45,0.39,2026-05-09,0816,N21,VIIRS,n,2.0NRT,310.41,17.23,D
30.60687,76.16769,339.75,0.47,0.4,2026-05-09,0816,N21,VIIRS,n,2.0NRT,310.48,7.15,D
30.55739,75.74895,338.83,0.45,0.39,2026-05-09,0816,N21,VIIRS,n,2.0NRT,305.3,4.03,D
30.52872,75.49978,336.9,0.44,0.38,2026-05-09,0816,N21,VIIRS,l,2.0NRT,308.16,4.07,D
30.56928,75.78506,340.82,0.45,0.39,2026-05-09,0816,N21,VIIRS,n,2.0NRT,310.61,6.17,D
30.57283,75.78445,341.17,0.45,0.39,2026-05-09,0816,N21,VIIRS,n,2.0NRT,310.72,6.17,D
30.59355,75.92779,339.84,0.46,0.39,2026-05-09,0816,N21,VIIRS,n,2.0NRT,307.16,6.42,D
30.56519,75.64102,343.11,0.45,0.39,2026-05-09,0816,N21,VIIRS,n,2.0NRT,309.29,7.86,D
30.62135,76.0351,336.79,0.46,0.39,2026-05-09,0816,N21,VIIRS,l,2.0NRT,309.48,5.23,D
30.63503,76.08681,339.92,0.47,0.39,2026-05-09,0816,N21,VIIRS,n,2.0NRT,306.39,9.72,D
30.61676,75.93839,347.67,0.46,0.39,2026-05-09,0816,N21,VIIRS,n,2.0NRT,307.77,14.47,D
30.61622,75.90457,338.46,0.46,0.39,2026-05-09,0816,N21,VIIRS,n,2.0NRT,306.13,5.3,D
30.57817,75.60109,336.37,0.44,0.39,2026-05-09,0816,N21,VIIRS,l,2.0NRT,307.12,4.38,D
30.55026,75.38229,338.93,0.44,0.38,2026-05-09,0816,N21,VIIRS,l,2.0NRT,309.02,5.76,D
30.63288,75.92111,338.51,0.46,0.39,2026-05-09,0816,N21,VIIRS,n,2.0NRT,307.99,7.99,D
30.58934,75.57566,339.53,0.44,0.39,2026-05-09,0816,N21,VIIRS,n,2.0NRT,309.37,7.76,D
30.69741,76.41692,336.66,0.48,0.4,2026-05-09,0816,N21,VIIRS,l,2.0NRT,309.25,4.55,D
30.62582,75.80661,339.42,0.45,0.39,2026-05-09,0816,N21,VIIRS,l,2.0NRT,309.68,8.66,D
30.60637,75.62449,339.54,0.45,0.39,2026-05-09,0816,N21,VIIRS,n,2.0NRT,309.01,6.95,D
30.6099,75.62388,338.22,0.45,0.39,2026-05-09,0816,N21,VIIRS,n,2.0NRT,307.73,6.95,D
30.60931,75.61927,340.25,0.45,0.39,2026-05-09,0816,N21,VIIRS,n,2.0NRT,307.52,6.95,D
30.59752,75.47138,336.45,0.44,0.38,2026-05-09,0816,N21,VIIRS,l,2.0NRT,308.37,6.57,D
30.64063,75.78014,336.97,0.45,0.39,2026-05-09,0816,N21,VIIRS,n,2.0NRT,306.65,7.39,D
30.60809,75.52557,340.19,0.44,0.38,2026-05-09,0816,N21,VIIRS,n,2.0NRT,308.21,4.53,D
30.64062,75.75146,339.14,0.45,0.39,2026-05-09,0816,N21,VIIRS,n,2.0NRT,307.84,8.04,D
30.61987,75.58918,340.25,0.44,0.39,2026-05-09,0816,N21,VIIRS,n,2.0NRT,308.73,5.36,D
30.61161,75.52496,339.44,0.44,0.38,2026-05-09,0816,N21,VIIRS,n,2.0NRT,307.73,4.53,D
30.62751,75.59258,344.93,0.44,0.39,2026-05-09,0816,N21,VIIRS,n,2.0NRT,309,16.58,D
30.68784,76.03863,335.98,0.46,0.39,2026-05-09,0816,N21,VIIRS,l,2.0NRT,307.09,6.7,D
30.63995,75.66124,336.44,0.45,0.39,2026-05-09,0816,N21,VIIRS,l,2.0NRT,307.6,4.43,D
30.66438,75.82404,336.42,0.45,0.39,2026-05-09,0816,N21,VIIRS,l,2.0NRT,307.38,5.03,D
30.70168,76.0904,337.31,0.47,0.39,2026-05-09,0816,N21,VIIRS,l,2.0NRT,307.72,4.24,D
30.6673,75.78996,350.61,0.45,0.39,2026-05-09,0816,N21,VIIRS,n,2.0NRT,309.82,12.79,D
30.63745,75.55797,338.37,0.44,0.39,2026-05-09,0816,N21,VIIRS,l,2.0NRT,310.1,7.59,D
30.6315,75.51215,338.19,0.44,0.38,2026-05-09,0816,N21,VIIRS,l,2.0NRT,308.65,6.19,D
30.63031,75.50301,340.88,0.44,0.38,2026-05-09,0816,N21,VIIRS,n,2.0NRT,308.34,7.43,D
30.62848,75.46136,342.52,0.44,0.38,2026-05-09,0816,N21,VIIRS,n,2.0NRT,307.61,4.53,D
30.70516,76.00142,342.06,0.46,0.39,2026-05-09,0816,N21,VIIRS,n,2.0NRT,310.4,7.69,D
30.65983,75.59171,337.7,0.44,0.39,2026-05-09,0816,N21,VIIRS,l,2.0NRT,308.3,3,D
30.762,76.36562,338.48,0.48,0.4,2026-05-09,0816,N21,VIIRS,l,2.0NRT,308.81,6.69,D
30.66636,75.61417,338.24,0.45,0.39,2026-05-09,0816,N21,VIIRS,l,2.0NRT,309.03,4.26,D
30.70265,75.90646,339.41,0.46,0.39,2026-05-09,0816,N21,VIIRS,l,2.0NRT,309.47,11.1,D
30.67006,75.64364,336.85,0.45,0.39,2026-05-09,0816,N21,VIIRS,n,2.0NRT,305.6,3.76,D
30.47689,75.91068,342.23,0.39,0.36,2026-05-10,0756,N21,VIIRS,n,2.0NRT,304.83,2.71,D
30.44642,75.53677,343.91,0.4,0.37,2026-05-10,0756,N21,VIIRS,n,2.0NRT,308.24,6,D
30.45514,75.54765,341.35,0.4,0.37,2026-05-10,0756,N21,VIIRS,l,2.0NRT,307.65,5.76,D
30.63273,75.98693,338.06,0.39,0.36,2026-05-10,0756,N21,VIIRS,n,2.0NRT,302.78,4.32,D
30.75905,75.61052,367,0.4,0.37,2026-05-10,0758,N21,VIIRS,h,2.0NRT,308.37,15.75,D
30.47906,75.45744,343.68,0.43,0.46,2026-05-11,0737,N21,VIIRS,n,2.0NRT,307.56,7.08,D
30.44751,76.34258,334.5,0.38,0.43,2026-05-11,0737,N21,VIIRS,n,2.0NRT,302.09,3.66,D
30.43577,76.28395,337.07,0.39,0.44,2026-05-11,0737,N21,VIIRS,n,2.0NRT,304.21,2.97,D
30.4593,76.29846,332.99,0.38,0.44,2026-05-11,0737,N21,VIIRS,n,2.0NRT,301.41,2.51,D
30.43726,76.18803,331.66,0.39,0.44,2026-05-11,0737,N21,VIIRS,l,2.0NRT,303.36,2.87,D
30.45853,76.2739,340.04,0.39,0.44,2026-05-11,0737,N21,VIIRS,n,2.0NRT,304.28,3.2,D
30.44509,76.1441,344.06,0.39,0.44,2026-05-11,0737,N21,VIIRS,n,2.0NRT,302.99,2.72,D
30.4457,76.0425,334,0.4,0.44,2026-05-11,0737,N21,VIIRS,l,2.0NRT,304.65,3.56,D
30.42949,75.96121,336.8,0.4,0.44,2026-05-11,0737,N21,VIIRS,n,2.0NRT,303.63,1.11,D
30.42868,75.95713,333.65,0.4,0.44,2026-05-11,0737,N21,VIIRS,l,2.0NRT,304.49,2.6,D
30.42786,75.95305,336.35,0.4,0.44,2026-05-11,0737,N21,VIIRS,n,2.0NRT,305.16,2.6,D
30.46801,76.13389,336.75,0.39,0.44,2026-05-11,0737,N21,VIIRS,n,2.0NRT,305.11,3.42,D
30.47513,76.12782,342.54,0.39,0.44,2026-05-11,0737,N21,VIIRS,n,2.0NRT,304.85,3.47,D
30.45682,76.03532,334.54,0.4,0.44,2026-05-11,0737,N21,VIIRS,n,2.0NRT,304.54,2.83,D
30.42675,75.88419,331.32,0.41,0.45,2026-05-11,0737,N21,VIIRS,l,2.0NRT,303.15,1.29,D
30.43076,75.88313,331.83,0.41,0.45,2026-05-11,0737,N21,VIIRS,l,2.0NRT,303.61,1.29,D
30.44539,75.93549,342.98,0.4,0.44,2026-05-11,0737,N21,VIIRS,n,2.0NRT,304.99,3.56,D
30.44214,75.91909,344.85,0.4,0.44,2026-05-11,0737,N21,VIIRS,n,2.0NRT,305.61,10.9,D
30.44939,75.93444,334.83,0.4,0.44,2026-05-11,0737,N21,VIIRS,l,2.0NRT,305.29,3.56,D
30.4463,75.93647,343.22,0.4,0.44,2026-05-11,0737,N21,VIIRS,n,2.0NRT,305.62,8.01,D
30.44294,75.92011,338.11,0.4,0.44,2026-05-11,0737,N21,VIIRS,n,2.0NRT,304.86,6.79,D
30.46097,75.967,335.49,0.4,0.44,2026-05-11,0737,N21,VIIRS,l,2.0NRT,306.37,5.73,D
30.46496,75.96596,334.53,0.4,0.44,2026-05-11,0737,N21,VIIRS,l,2.0NRT,305.48,5.73,D
30.46412,75.96188,354.91,0.4,0.44,2026-05-11,0737,N21,VIIRS,n,2.0NRT,307.39,5.73,D
30.44905,75.88822,346.33,0.4,0.45,2026-05-11,0737,N21,VIIRS,n,2.0NRT,305.68,5.48,D
30.42497,75.75031,344.95,0.41,0.45,2026-05-11,0737,N21,VIIRS,n,2.0NRT,306.24,4.65,D
30.46794,75.93939,352.48,0.4,0.44,2026-05-11,0737,N21,VIIRS,n,2.0NRT,305.59,6.51,D
30.44695,75.83664,336.13,0.41,0.45,2026-05-11,0737,N21,VIIRS,n,2.0NRT,304.8,4.37,D
30.49255,76.03979,334.63,0.4,0.44,2026-05-11,0737,N21,VIIRS,l,2.0NRT,305.25,4.22,D
30.43819,75.77326,332.61,0.41,0.45,2026-05-11,0737,N21,VIIRS,l,2.0NRT,304.07,2.05,D
30.50385,76.07497,335.31,0.39,0.44,2026-05-11,0737,N21,VIIRS,n,2.0NRT,304.25,2.47,D
30.52786,76.1528,342.7,0.39,0.44,2026-05-11,0737,N21,VIIRS,n,2.0NRT,304.17,5.76,D
30.51177,76.07288,336.8,0.39,0.44,2026-05-11,0737,N21,VIIRS,n,2.0NRT,304.86,1.89,D
30.48143,75.9229,341.69,0.4,0.44,2026-05-11,0737,N21,VIIRS,n,2.0NRT,305.22,4.06,D
30.44259,75.7324,334.71,0.41,0.45,2026-05-11,0737,N21,VIIRS,l,2.0NRT,305.69,3.28,D
30.50925,76.03966,337.87,0.4,0.44,2026-05-11,0737,N21,VIIRS,n,2.0NRT,305.32,4.75,D
30.49452,75.96677,346.6,0.4,0.44,2026-05-11,0737,N21,VIIRS,n,2.0NRT,306.49,7.28,D
30.4937,75.9627,355.3,0.4,0.44,2026-05-11,0737,N21,VIIRS,n,2.0NRT,305.63,7.28,D
30.48709,75.93005,342.14,0.4,0.44,2026-05-11,0737,N21,VIIRS,n,2.0NRT,304.26,1.82,D
30.4337,75.66817,332.98,0.42,0.45,2026-05-11,0737,N21,VIIRS,l,2.0NRT,304.41,2.06,D
30.49851,75.96571,349.53,0.4,0.44,2026-05-11,0737,N21,VIIRS,n,2.0NRT,307.4,7.28,D
30.49768,75.96164,335.93,0.4,0.44,2026-05-11,0737,N21,VIIRS,l,2.0NRT,306.85,7.28,D
30.47943,75.87154,342.46,0.4,0.45,2026-05-11,0737,N21,VIIRS,n,2.0NRT,306.38,9.29,D
30.4786,75.86742,332.97,0.41,0.45,2026-05-11,0737,N21,VIIRS,l,2.0NRT,305.71,5.64,D
30.46768,75.81368,334.33,0.41,0.45,2026-05-11,0737,N21,VIIRS,n,2.0NRT,304.05,1.56,D
30.58595,76.38188,333.05,0.57,0.43,2026-05-11,0737,N21,VIIRS,n,2.0NRT,302.94,4.19,D
30.50659,75.98499,342.19,0.4,0.44,2026-05-11,0737,N21,VIIRS,n,2.0NRT,303.98,5.37,D
30.50577,75.98093,331.06,0.4,0.44,2026-05-11,0737,N21,VIIRS,l,2.0NRT,303.39,3.8,D
30.49093,75.90746,332.75,0.4,0.44,2026-05-11,0737,N21,VIIRS,l,2.0NRT,304.22,3.07,D
30.48344,75.87048,335.55,0.4,0.45,2026-05-11,0737,N21,VIIRS,n,2.0NRT,304.92,1.72,D
30.47254,75.81677,332.1,0.41,0.45,2026-05-11,0737,N21,VIIRS,l,2.0NRT,303.59,5.99,D
30.4717,75.81263,351.12,0.41,0.45,2026-05-11,0737,N21,VIIRS,n,2.0NRT,306.09,5.99,D
30.49824,75.9228,336.85,0.4,0.44,2026-05-11,0737,N21,VIIRS,n,2.0NRT,304.4,2.94,D
30.44759,75.67337,339.41,0.42,0.45,2026-05-11,0737,N21,VIIRS,n,2.0NRT,303.8,5.36,D
30.53641,76.09177,332.78,0.39,0.44,2026-05-11,0737,N21,VIIRS,l,2.0NRT,305.07,4.17,D
30.53239,76.0717,342.09,0.39,0.44,2026-05-11,0737,N21,VIIRS,n,2.0NRT,305.11,3.62,D
30.44039,75.61718,343.96,0.42,0.45,2026-05-11,0737,N21,VIIRS,n,2.0NRT,306.16,5.31,D
30.4433,75.58941,367,0.42,0.45,2026-05-11,0737,N21,VIIRS,h,2.0NRT,307.34,8.13,D
30.54507,76.07262,350.93,0.39,0.44,2026-05-11,0737,N21,VIIRS,n,2.0NRT,307.45,14.2,D
30.47831,75.74059,343.66,0.41,0.45,2026-05-11,0737,N21,VIIRS,n,2.0NRT,307.79,6.66,D
30.44738,75.58833,342.76,0.42,0.45,2026-05-11,0737,N21,VIIRS,n,2.0NRT,307.14,8.13,D
30.47533,75.68378,337.95,0.41,0.45,2026-05-11,0737,N21,VIIRS,n,2.0NRT,305.66,3.71,D
30.53193,75.94402,343.44,0.4,0.44,2026-05-11,0737,N21,VIIRS,n,2.0NRT,306.04,9.09,D
30.50803,75.82481,342.8,0.41,0.45,2026-05-11,0737,N21,VIIRS,n,2.0NRT,305.85,4.95,D
30.61528,76.34376,332.96,0.57,0.43,2026-05-11,0737,N21,VIIRS,n,2.0NRT,302.61,2.68,D
30.57913,76.13937,331.94,0.39,0.44,2026-05-11,0737,N21,VIIRS,n,2.0NRT,301.24,1.51,D
30.5399,75.94191,342.44,0.4,0.44,2026-05-11,0737,N21,VIIRS,n,2.0NRT,304.32,3.19,D
30.53212,75.81841,333.12,0.41,0.45,2026-05-11,0737,N21,VIIRS,l,2.0NRT,306.02,2.24,D
30.55579,75.91618,335.37,0.4,0.44,2026-05-11,0737,N21,VIIRS,n,2.0NRT,303.75,2.82,D
30.53237,75.81818,332.64,0.41,0.45,2026-05-11,0737,N21,VIIRS,l,2.0NRT,305.59,3.15,D
30.55664,75.91572,334.64,0.4,0.44,2026-05-11,0737,N21,VIIRS,n,2.0NRT,303.15,2.52,D
30.59839,76.07931,335.69,0.39,0.44,2026-05-11,0737,N21,VIIRS,n,2.0NRT,304.17,2.72,D
30.57295,75.95435,339.9,0.4,0.44,2026-05-11,0737,N21,VIIRS,n,2.0NRT,305.46,3.52,D
30.48406,75.46068,333.81,0.43,0.46,2026-05-11,0737,N21,VIIRS,l,2.0NRT,305.1,5.57,D
30.48315,75.45634,345.59,0.43,0.46,2026-05-11,0737,N21,VIIRS,n,2.0NRT,309.16,11.94,D
30.48226,75.45201,341.14,0.43,0.46,2026-05-11,0737,N21,VIIRS,n,2.0NRT,306.54,11.94,D
30.61177,76.06315,336.6,0.39,0.44,2026-05-11,0737,N21,VIIRS,n,2.0NRT,304.23,2.54,D
30.63975,76.18145,333.23,0.39,0.44,2026-05-11,0737,N21,VIIRS,n,2.0NRT,301.21,5.57,D
30.56343,75.78374,337.77,0.41,0.45,2026-05-11,0737,N21,VIIRS,n,2.0NRT,305.75,8.12,D
30.56258,75.77959,344.08,0.41,0.45,2026-05-11,0737,N21,VIIRS,n,2.0NRT,307.76,8.12,D
30.62185,76.00968,335.03,0.4,0.44,2026-05-11,0737,N21,VIIRS,n,2.0NRT,303.93,2.32,D
30.60797,75.94083,346.6,0.4,0.44,2026-05-11,0737,N21,VIIRS,n,2.0NRT,307.93,7.48,D
30.64507,76.08386,333.92,0.39,0.44,2026-05-11,0737,N21,VIIRS,l,2.0NRT,304.8,2.37,D
30.64427,76.07986,337.29,0.39,0.44,2026-05-11,0737,N21,VIIRS,n,2.0NRT,303.98,2.49,D
30.5456,75.57115,342.43,0.42,0.45,2026-05-11,0737,N21,VIIRS,n,2.0NRT,305.75,3.17,D
30.63042,75.96913,334.13,0.4,0.44,2026-05-11,0737,N21,VIIRS,l,2.0NRT,304.87,2.51,D
30.5546,75.57323,335.94,0.42,0.45,2026-05-11,0737,N21,VIIRS,n,2.0NRT,305.07,4.38,D
30.55373,75.56896,342.5,0.42,0.45,2026-05-11,0737,N21,VIIRS,n,2.0NRT,307.12,4.38,D
30.59709,75.76167,342.41,0.41,0.45,2026-05-11,0737,N21,VIIRS,n,2.0NRT,304.56,15.8,D
30.67748,76.14242,351.76,0.39,0.44,2026-05-11,0737,N21,VIIRS,n,2.0NRT,306.21,8.68,D
30.65123,76.01042,332.93,0.4,0.44,2026-05-11,0737,N21,VIIRS,l,2.0NRT,303.86,2.53,D
30.64949,75.95982,333.69,0.4,0.44,2026-05-11,0737,N21,VIIRS,l,2.0NRT,305.14,1.18,D
30.6381,75.9028,340.76,0.4,0.44,2026-05-11,0737,N21,VIIRS,n,2.0NRT,302.69,2.35,D
30.56827,75.55606,343.36,0.42,0.45,2026-05-11,0737,N21,VIIRS,n,2.0NRT,306.58,4.76,D
30.59953,75.6684,347.97,0.41,0.45,2026-05-11,0737,N21,VIIRS,n,2.0NRT,308.02,13.12,D
30.58674,75.60497,342.02,0.42,0.45,2026-05-11,0737,N21,VIIRS,n,2.0NRT,303.9,7.06,D
30.58588,75.60072,339.19,0.42,0.45,2026-05-11,0737,N21,VIIRS,n,2.0NRT,305.07,8.32,D
30.7363,76.31568,338.08,0.57,0.43,2026-05-11,0737,N21,VIIRS,n,2.0NRT,305.03,8.49,D
30.66614,75.93829,332.7,0.4,0.44,2026-05-11,0737,N21,VIIRS,l,2.0NRT,305.36,0.87,D
30.6596,75.88418,351.25,0.4,0.44,2026-05-11,0737,N21,VIIRS,n,2.0NRT,306.96,15.29,D
30.59612,75.56657,347.34,0.42,0.45,2026-05-11,0737,N21,VIIRS,n,2.0NRT,305.42,7.3,D
30.66038,75.88415,344.75,0.4,0.44,2026-05-11,0737,N21,VIIRS,n,2.0NRT,305.59,14.05,D
30.59494,75.56737,343.4,0.42,0.45,2026-05-11,0737,N21,VIIRS,n,2.0NRT,306.19,6.26,D
30.58259,75.46671,343.22,0.42,0.45,2026-05-11,0737,N21,VIIRS,n,2.0NRT,306.91,6.05,D
30.6112,75.56303,334.2,0.42,0.45,2026-05-11,0737,N21,VIIRS,l,2.0NRT,304.76,2.06,D
30.6944,75.94802,332.73,0.4,0.44,2026-05-11,0737,N21,VIIRS,l,2.0NRT,304.67,3.09,D
30.69755,75.94292,346.91,0.4,0.44,2026-05-11,0737,N21,VIIRS,n,2.0NRT,305.06,3.09,D
30.61228,75.52671,334.88,0.42,0.45,2026-05-11,0737,N21,VIIRS,l,2.0NRT,305.5,5.84,D
30.61139,75.52242,339.56,0.42,0.45,2026-05-11,0737,N21,VIIRS,n,2.0NRT,303.73,3.87,D
30.7851,76.33727,334.99,0.57,0.43,2026-05-11,0737,N21,VIIRS,n,2.0NRT,301.88,4.22,D
30.7307,76.06554,333.1,0.39,0.44,2026-05-11,0737,N21,VIIRS,l,2.0NRT,303.3,1.37,D
30.71358,75.96001,344.01,0.4,0.44,2026-05-11,0737,N21,VIIRS,n,2.0NRT,306,4.69,D
30.6996,75.89099,341.96,0.4,0.44,2026-05-11,0737,N21,VIIRS,n,2.0NRT,305.34,6.32,D
30.60815,75.42332,342.12,0.43,0.46,2026-05-11,0737,N21,VIIRS,n,2.0NRT,304.88,6.24,D
30.74733,76.08633,344.73,0.39,0.44,2026-05-11,0737,N21,VIIRS,n,2.0NRT,305.22,5.2,D
30.72477,75.97408,352.19,0.4,0.44,2026-05-11,0737,N21,VIIRS,n,2.0NRT,304.9,7.88,D
30.66984,75.70304,334.97,0.41,0.45,2026-05-11,0737,N21,VIIRS,n,2.0NRT,303.61,2.76,D
30.65527,75.63168,332.75,0.41,0.45,2026-05-11,0737,N21,VIIRS,l,2.0NRT,305.14,1.21,D
30.71073,75.88373,336.17,0.4,0.44,2026-05-11,0737,N21,VIIRS,n,2.0NRT,304.85,2.55,D
30.72047,75.91119,335.01,0.4,0.44,2026-05-11,0737,N21,VIIRS,l,2.0NRT,305.97,1.4,D
30.71965,75.90712,334.98,0.4,0.44,2026-05-11,0737,N21,VIIRS,l,2.0NRT,306.59,3.72,D
30.64341,75.53188,334.95,0.42,0.45,2026-05-11,0737,N21,VIIRS,l,2.0NRT,305.82,4.05,D
30.74549,75.9941,334.62,0.39,0.44,2026-05-11,0737,N21,VIIRS,l,2.0NRT,305.45,3.08,D
30.73821,75.95778,354.69,0.4,0.44,2026-05-11,0737,N21,VIIRS,n,2.0NRT,307.79,10.21,D
30.71264,75.80973,334.16,0.4,0.45,2026-05-11,0737,N21,VIIRS,l,2.0NRT,306.23,2.09,D
30.62827,75.39499,335.82,0.43,0.46,2026-05-11,0737,N21,VIIRS,l,2.0NRT,307.65,6.29,D
30.63148,75.38953,335.63,0.43,0.46,2026-05-11,0737,N21,VIIRS,l,2.0NRT,305.83,4.27,D
30.72064,75.80759,333.65,0.4,0.45,2026-05-11,0737,N21,VIIRS,l,2.0NRT,305.46,3.69,D
30.69381,75.67458,338.65,0.41,0.45,2026-05-11,0737,N21,VIIRS,n,2.0NRT,304.72,4.25,D
30.78359,76.10189,343.12,0.39,0.44,2026-05-11,0737,N21,VIIRS,n,2.0NRT,303.31,5.63,D
30.6556,75.46525,349.6,0.42,0.45,2026-05-11,0737,N21,VIIRS,n,2.0NRT,307.1,7.31,D
30.65472,75.46095,346.21,0.42,0.45,2026-05-11,0737,N21,VIIRS,n,2.0NRT,306.22,7.31,D
30.76121,75.9474,338.94,0.4,0.44,2026-05-11,0737,N21,VIIRS,n,2.0NRT,304.49,3.25,D
30.78277,76.03495,337.92,0.39,0.44,2026-05-11,0737,N21,VIIRS,n,2.0NRT,304.86,4.95,D
30.75385,75.88943,336.69,0.4,0.44,2026-05-11,0737,N21,VIIRS,n,2.0NRT,302.86,1.54,D
30.74077,75.82392,335.83,0.4,0.44,2026-05-11,0737,N21,VIIRS,l,2.0NRT,306.87,5.38,D
30.69977,75.61974,330.69,0.41,0.45,2026-05-11,0737,N21,VIIRS,l,2.0NRT,304.27,1.91,D
30.79462,76.07384,343.9,0.39,0.44,2026-05-11,0737,N21,VIIRS,n,2.0NRT,304.91,7.1,D
30.74395,75.81874,345.31,0.4,0.44,2026-05-11,0737,N21,VIIRS,n,2.0NRT,305.57,5.21,D
30.68841,75.54228,340.67,0.42,0.45,2026-05-11,0737,N21,VIIRS,n,2.0NRT,305.02,4.05,D
30.78353,75.99676,335.01,0.39,0.44,2026-05-11,0737,N21,VIIRS,n,2.0NRT,302.08,0.97,D
30.71717,75.66389,339.86,0.41,0.45,2026-05-11,0737,N21,VIIRS,n,2.0NRT,302.11,7.29,D
30.76984,75.90663,343.69,0.4,0.44,2026-05-11,0737,N21,VIIRS,n,2.0NRT,304.66,3.8,D
30.70168,75.56563,350.37,0.42,0.45,2026-05-11,0737,N21,VIIRS,n,2.0NRT,307.63,5.63,D
30.70659,75.56879,334.98,0.42,0.45,2026-05-11,0737,N21,VIIRS,l,2.0NRT,305.95,5.63,D
30.70574,75.56454,344.21,0.42,0.45,2026-05-11,0737,N21,VIIRS,n,2.0NRT,304.37,5.63,D
30.78946,75.99612,335.23,0.39,0.44,2026-05-11,0737,N21,VIIRS,n,2.0NRT,304.39,2.75,D
30.77046,75.90324,334.38,0.4,0.44,2026-05-11,0737,N21,VIIRS,l,2.0NRT,305.1,2.17,D
30.7051,75.56615,367,0.42,0.45,2026-05-11,0737,N21,VIIRS,h,2.0NRT,306.97,12.81,D
30.70422,75.5619,340.18,0.42,0.45,2026-05-11,0737,N21,VIIRS,n,2.0NRT,304.83,6.18,D
30.75662,75.79485,331.9,0.4,0.45,2026-05-11,0737,N21,VIIRS,l,2.0NRT,302.78,2.91,D
30.82149,76.07182,336.63,0.39,0.44,2026-05-11,0737,N21,VIIRS,n,2.0NRT,304.83,4.01,D
30.78886,75.91123,337.69,0.4,0.44,2026-05-11,0737,N21,VIIRS,n,2.0NRT,304.95,3.36,D
30.74247,75.68491,337.37,0.41,0.45,2026-05-11,0737,N21,VIIRS,n,2.0NRT,303.78,4.37,D
30.82462,76.0668,339.46,0.39,0.44,2026-05-11,0737,N21,VIIRS,n,2.0NRT,303.1,3.84,D
30.80598,75.97481,342.22,0.39,0.44,2026-05-11,0737,N21,VIIRS,n,2.0NRT,305.06,4.91,D
30.78453,75.86948,334.6,0.4,0.44,2026-05-11,0737,N21,VIIRS,l,2.0NRT,306.04,3.26,D
30.80911,75.96973,334.93,0.39,0.44,2026-05-11,0737,N21,VIIRS,n,2.0NRT,303.87,2.73,D
30.72713,75.56919,334.02,0.42,0.45,2026-05-11,0737,N21,VIIRS,l,2.0NRT,305.83,2.91,D
30.72451,75.55647,344.06,0.42,0.45,2026-05-11,0737,N21,VIIRS,n,2.0NRT,306.11,3.57,D
30.688,75.38046,344,0.43,0.46,2026-05-11,0737,N21,VIIRS,n,2.0NRT,302.83,6.13,D
30.71358,75.48288,334.91,0.42,0.45,2026-05-11,0737,N21,VIIRS,l,2.0NRT,305.82,2.98,D
30.7011,75.42268,343.8,0.42,0.46,2026-05-11,0737,N21,VIIRS,n,2.0NRT,307.68,7.66,D
30.90742,76.41875,334.12,0.56,0.43,2026-05-11,0737,N21,VIIRS,n,2.0NRT,300.37,6.13,D
30.76602,75.69621,341.95,0.41,0.45,2026-05-11,0737,N21,VIIRS,n,2.0NRT,305.02,5.45,D
30.71374,75.44203,333.54,0.42,0.45,2026-05-11,0737,N21,VIIRS,l,2.0NRT,304.53,3.25,D
30.86493,76.16441,336.12,0.38,0.44,2026-05-11,0737,N21,VIIRS,n,2.0NRT,302.16,1.1,D
30.81762,75.92922,333.87,0.4,0.44,2026-05-11,0737,N21,VIIRS,l,2.0NRT,304.47,4.74,D
30.74683,75.58179,342.57,0.42,0.45,2026-05-11,0737,N21,VIIRS,n,2.0NRT,305.29,7.57,D
30.80264,75.83453,338.26,0.4,0.44,2026-05-11,0737,N21,VIIRS,n,2.0NRT,305.9,2.44,D
30.75175,75.58493,343.25,0.41,0.45,2026-05-11,0737,N21,VIIRS,n,2.0NRT,306.09,7.57,D
30.77724,75.68882,340,0.41,0.45,2026-05-11,0737,N21,VIIRS,n,2.0NRT,303.85,3.54,D
30.75579,75.58384,343.12,0.41,0.45,2026-05-11,0737,N21,VIIRS,n,2.0NRT,306.54,4.83,D
30.71938,75.38576,344.51,0.43,0.46,2026-05-11,0737,N21,VIIRS,n,2.0NRT,303.68,4.52,D
30.76129,75.56895,336.45,0.42,0.45,2026-05-11,0737,N21,VIIRS,n,2.0NRT,304.23,5.61,D
30.76043,75.56471,335.74,0.42,0.45,2026-05-11,0737,N21,VIIRS,l,2.0NRT,306.53,3.82,D
30.76534,75.56787,346.05,0.42,0.45,2026-05-11,0737,N21,VIIRS,n,2.0NRT,306.49,5.61,D
30.76448,75.56362,342.92,0.42,0.45,2026-05-11,0737,N21,VIIRS,n,2.0NRT,305.48,3.82,D
30.76361,75.55939,334.1,0.42,0.45,2026-05-11,0737,N21,VIIRS,l,2.0NRT,304.93,3.82,D
30.75754,75.52962,335.9,0.42,0.45,2026-05-11,0737,N21,VIIRS,n,2.0NRT,304.3,1.62,D
30.74055,75.4257,345.5,0.42,0.45,2026-05-11,0737,N21,VIIRS,n,2.0NRT,306.42,9.72,D
30.73967,75.42137,347.57,0.42,0.45,2026-05-11,0737,N21,VIIRS,n,2.0NRT,308.85,9.72,D
30.89156,76.15324,337.35,0.38,0.44,2026-05-11,0737,N21,VIIRS,n,2.0NRT,302.44,2.08,D
30.80157,75.70426,337.57,0.41,0.45,2026-05-11,0737,N21,VIIRS,n,2.0NRT,305.54,2.97,D
30.77431,75.56992,336.03,0.42,0.45,2026-05-11,0737,N21,VIIRS,n,2.0NRT,301.76,13.76,D
30.77345,75.56569,352.53,0.42,0.45,2026-05-11,0737,N21,VIIRS,n,2.0NRT,306.7,13.76,D
30.80643,75.70734,349.92,0.41,0.45,2026-05-11,0737,N21,VIIRS,n,2.0NRT,306.18,10.07,D
30.7929,75.6405,342.02,0.41,0.45,2026-05-11,0737,N21,VIIRS,n,2.0NRT,305.17,10.45,D
30.7775,75.5646,342.56,0.42,0.45,2026-05-11,0737,N21,VIIRS,n,2.0NRT,303.28,7.46,D
30.74695,75.41484,333.85,0.42,0.45,2026-05-11,0737,N21,VIIRS,n,2.0NRT,300.96,2.04,D
30.77701,75.4567,334.65,0.42,0.45,2026-05-11,0737,N21,VIIRS,l,2.0NRT,306.85,2.64,D
30.80692,75.58345,330.4,0.41,0.45,2026-05-11,0737,N21,VIIRS,l,2.0NRT,303.49,1.61,D
30.77498,75.42547,342.37,0.42,0.45,2026-05-11,0737,N21,VIIRS,n,2.0NRT,305.34,6.47,D
30.7741,75.42117,341.81,0.42,0.45,2026-05-11,0737,N21,VIIRS,n,2.0NRT,304.95,6.47,D
30.92905,76.17634,343.43,0.38,0.43,2026-05-11,0737,N21,VIIRS,n,2.0NRT,303.39,6.1,D
30.80841,75.56966,345.03,0.41,0.45,2026-05-11,0737,N21,VIIRS,n,2.0NRT,304.56,3.1,D
30.90731,76.04486,340.48,0.39,0.44,2026-05-11,0737,N21,VIIRS,n,2.0NRT,303.76,3.98,D
30.89147,75.94359,330.93,0.39,0.44,2026-05-11,0737,N21,VIIRS,l,2.0NRT,302.32,0.58,D
30.85253,75.74745,333.9,0.4,0.45,2026-05-11,0737,N21,VIIRS,l,2.0NRT,304,1.04,D
30.81053,75.53777,342.15,0.42,0.45,2026-05-11,0737,N21,VIIRS,n,2.0NRT,303.55,19.43,D
30.90947,76.04424,332.9,0.39,0.44,2026-05-11,0737,N21,VIIRS,l,2.0NRT,304.25,2.5,D
30.77789,75.40706,333.12,0.42,0.45,2026-05-11,0737,N21,VIIRS,n,2.0NRT,302.76,2.37,D
30.8529,75.7476,333.47,0.4,0.45,2026-05-11,0737,N21,VIIRS,l,2.0NRT,304.1,2.16,D
30.80874,75.53425,337.38,0.42,0.45,2026-05-11,0737,N21,VIIRS,n,2.0NRT,302.62,11.85,D
30.84582,75.6927,331.07,0.41,0.45,2026-05-11,0737,N21,VIIRS,l,2.0NRT,304.14,1.51,D
30.81279,75.53316,343.42,0.42,0.45,2026-05-11,0737,N21,VIIRS,n,2.0NRT,304.9,9.02,D
30.80497,75.45424,336,0.42,0.45,2026-05-11,0737,N21,VIIRS,n,2.0NRT,304.77,2.87,D
30.91772,75.96208,333.75,0.39,0.44,2026-05-11,0737,N21,VIIRS,l,2.0NRT,304.49,2.62,D
30.84643,75.61323,342.78,0.41,0.45,2026-05-11,0737,N21,VIIRS,n,2.0NRT,303.3,6.12,D
30.82867,75.50645,341.07,0.42,0.45,2026-05-11,0737,N21,VIIRS,n,2.0NRT,301.88,1.98,D
30.86821,75.67793,340.21,0.41,0.45,2026-05-11,0737,N21,VIIRS,n,2.0NRT,304.93,5.12,D
30.8248,75.46696,333.7,0.42,0.45,2026-05-11,0737,N21,VIIRS,l,2.0NRT,304.24,3.18,D
30.82127,75.44985,339.38,0.42,0.45,2026-05-11,0737,N21,VIIRS,n,2.0NRT,305.16,3.3,D
30.81785,75.3917,332.9,0.42,0.45,2026-05-11,0737,N21,VIIRS,l,2.0NRT,304.57,5.5,D
30.81696,75.38739,342.85,0.42,0.45,2026-05-11,0737,N21,VIIRS,n,2.0NRT,305.78,7.45,D
30.94539,75.9547,332.4,0.39,0.44,2026-05-11,0737,N21,VIIRS,l,2.0NRT,305.33,2.09,D
30.82922,75.38406,344.81,0.42,0.45,2026-05-11,0737,N21,VIIRS,n,2.0NRT,306.06,6.71,D
30.82833,75.37975,344.02,0.42,0.46,2026-05-11,0737,N21,VIIRS,n,2.0NRT,307.19,6.71,D
30.85416,75.46355,330.99,0.42,0.45,2026-05-11,0737,N21,VIIRS,l,2.0NRT,302.94,2.89,D
30.97711,75.98849,342.62,0.39,0.44,2026-05-11,0737,N21,VIIRS,n,2.0NRT,304.57,5.15,D
30.96502,75.90702,332.14,0.4,0.44,2026-05-11,0737,N21,VIIRS,l,2.0NRT,303.35,2.49,D
30.93973,75.78073,332.19,0.4,0.44,2026-05-11,0737,N21,VIIRS,n,2.0NRT,301.69,2,D
30.86135,75.39359,342.11,0.42,0.45,2026-05-11,0737,N21,VIIRS,n,2.0NRT,305.18,4.53,D
30.92297,75.67638,344.9,0.41,0.45,2026-05-11,0737,N21,VIIRS,n,2.0NRT,302.75,12.45,D
30.96972,75.88873,337.96,0.4,0.44,2026-05-11,0737,N21,VIIRS,n,2.0NRT,303.74,3.58,D
30.94442,75.76216,333.96,0.4,0.44,2026-05-11,0737,N21,VIIRS,l,2.0NRT,304.37,1.24,D
30.98328,75.91491,337.56,0.39,0.44,2026-05-11,0737,N21,VIIRS,n,2.0NRT,304.91,3.65,D
30.96957,75.84599,339.36,0.4,0.44,2026-05-11,0737,N21,VIIRS,n,2.0NRT,302.93,3.99,D
30.94469,75.67926,340.09,0.41,0.45,2026-05-11,0737,N21,VIIRS,n,2.0NRT,304.85,1.53,D
30.98714,75.87125,332.61,0.4,0.44,2026-05-11,0737,N21,VIIRS,l,2.0NRT,305.7,2.24,D
30.94204,75.64483,338.44,0.41,0.45,2026-05-11,0737,N21,VIIRS,n,2.0NRT,301.6,5.46,D
30.94499,75.67917,339.2,0.41,0.45,2026-05-11,0737,N21,VIIRS,n,2.0NRT,304.09,1.78,D
30.92511,75.58321,332.6,0.41,0.45,2026-05-11,0737,N21,VIIRS,n,2.0NRT,301.14,3.67,D
30.99356,75.89494,334.53,0.39,0.44,2026-05-11,0737,N21,VIIRS,n,2.0NRT,303.96,2.62,D
30.94213,75.64485,338.46,0.41,0.45,2026-05-11,0737,N21,VIIRS,n,2.0NRT,302.06,3.84,D
30.99753,75.89389,331.65,0.39,0.44,2026-05-11,0737,N21,VIIRS,l,2.0NRT,305.05,2.92,D
31.02352,76.00111,334.07,0.39,0.44,2026-05-11,0737,N21,VIIRS,n,2.0NRT,303.35,3.13,D
30.99984,75.88475,343.87,0.4,0.44,2026-05-11,0737,N21,VIIRS,n,2.0NRT,305.33,4.74,D
30.99901,75.88071,342.25,0.4,0.44,2026-05-11,0737,N21,VIIRS,n,2.0NRT,303.6,4.74,D
31.02422,75.98411,332.51,0.39,0.44,2026-05-11,0737,N21,VIIRS,l,2.0NRT,303.6,3.38,D
31.00298,75.87965,341.62,0.4,0.44,2026-05-11,0737,N21,VIIRS,n,2.0NRT,301.88,6.65,D
30.99553,75.84317,347.7,0.4,0.44,2026-05-11,0737,N21,VIIRS,n,2.0NRT,305.41,12.57,D
31.0321,75.98202,333.86,0.39,0.44,2026-05-11,0737,N21,VIIRS,l,2.0NRT,304.29,2.47,D
31.09494,76.27419,346.85,0.56,0.43,2026-05-11,0737,N21,VIIRS,n,2.0NRT,303.5,15.16,D
31.06228,76.04947,331.08,0.39,0.44,2026-05-11,0737,N21,VIIRS,l,2.0NRT,303.65,1.54,D
31.03249,75.9016,339.77,0.39,0.44,2026-05-11,0737,N21,VIIRS,n,2.0NRT,304.36,2.94,D
31.06063,76.02066,335.13,0.39,0.44,2026-05-11,0737,N21,VIIRS,n,2.0NRT,303.98,1.97,D
31.08666,76.10946,343.01,0.38,0.43,2026-05-11,0737,N21,VIIRS,n,2.0NRT,304.64,4.81,D
31.07959,76.07402,334.88,0.39,0.44,2026-05-11,0737,N21,VIIRS,n,2.0NRT,304.68,1.54,D
30.95062,75.43763,337.01,0.42,0.45,2026-05-11,0737,N21,VIIRS,n,2.0NRT,302.5,7.54,D
30.94974,75.43336,341.59,0.42,0.45,2026-05-11,0737,N21,VIIRS,n,2.0NRT,303.14,6.19,D
31.10983,76.18461,338.19,0.57,0.43,2026-05-11,0737,N21,VIIRS,n,2.0NRT,302.67,5.49,D
31.0244,75.758,341.98,0.4,0.44,2026-05-11,0737,N21,VIIRS,n,2.0NRT,303.81,5.29,D
31.06029,75.91547,331.11,0.39,0.44,2026-05-11,0737,N21,VIIRS,l,2.0NRT,304.22,1.62,D
31.09211,76.05405,333.27,0.39,0.44,2026-05-11,0737,N21,VIIRS,l,2.0NRT,304.02,1.62,D
31.09682,76.05697,342.41,0.39,0.44,2026-05-11,0737,N21,VIIRS,n,2.0NRT,305.63,4.06,D
31.09604,76.05302,339.41,0.39,0.44,2026-05-11,0737,N21,VIIRS,n,2.0NRT,306.1,3.93,D
31.0487,75.81613,335.11,0.4,0.44,2026-05-11,0737,N21,VIIRS,l,2.0NRT,305.94,2.38,D
31.04941,75.79876,341.63,0.4,0.44,2026-05-11,0737,N21,VIIRS,n,2.0NRT,305.9,4.97,D
31.07361,75.87792,334.39,0.39,0.44,2026-05-11,0737,N21,VIIRS,l,2.0NRT,305.53,3.18,D
31.10859,76.03299,348.11,0.39,0.44,2026-05-11,0737,N21,VIIRS,n,2.0NRT,306.89,4.45,D
31.11173,76.02798,331.28,0.39,0.44,2026-05-11,0737,N21,VIIRS,l,2.0NRT,303.94,4.45,D
31.09434,75.94023,341.62,0.39,0.44,2026-05-11,0737,N21,VIIRS,n,2.0NRT,303.82,3.79,D
31.0555,75.74536,338.17,0.4,0.44,2026-05-11,0737,N21,VIIRS,n,2.0NRT,304.8,2.36,D
31.0489,75.71241,338.43,0.4,0.44,2026-05-11,0737,N21,VIIRS,n,2.0NRT,306.61,19.09,D
31.09829,75.93917,333.73,0.39,0.44,2026-05-11,0737,N21,VIIRS,l,2.0NRT,306.55,2.42,D
30.99792,75.43831,339.28,0.42,0.45,2026-05-11,0737,N21,VIIRS,n,2.0NRT,300.4,5.58,D
31.11197,75.89407,338.35,0.39,0.44,2026-05-11,0737,N21,VIIRS,l,2.0NRT,308.52,5.45,D
31.11115,75.89005,335.07,0.39,0.44,2026-05-11,0737,N21,VIIRS,l,2.0NRT,306.71,3.56,D
31.13138,75.96909,336.36,0.39,0.44,2026-05-11,0737,N21,VIIRS,l,2.0NRT,306.72,2.74,D
31.12722,75.92811,349.24,0.39,0.44,2026-05-11,0737,N21,VIIRS,n,2.0NRT,308.65,7.66,D
31.12641,75.9241,348.49,0.39,0.44,2026-05-11,0737,N21,VIIRS,n,2.0NRT,308.61,7.66,D
31.12559,75.92009,343.31,0.39,0.44,2026-05-11,0737,N21,VIIRS,n,2.0NRT,307.33,4.04,D
31.10156,75.78154,335.6,0.4,0.44,2026-05-11,0737,N21,VIIRS,n,2.0NRT,303.68,1.18,D
31.13511,75.926,332.33,0.39,0.44,2026-05-11,0737,N21,VIIRS,l,2.0NRT,305.32,4.06,D
31.0247,75.38729,347.31,0.42,0.45,2026-05-11,0737,N21,VIIRS,n,2.0NRT,300.22,6.34,D
31.14219,75.9199,349.26,0.39,0.44,2026-05-11,0737,N21,VIIRS,n,2.0NRT,307.3,10.08,D
31.14138,75.91588,349.98,0.39,0.44,2026-05-11,0737,N21,VIIRS,n,2.0NRT,308.67,13.82,D
31.14046,75.89072,332.54,0.39,0.44,2026-05-11,0737,N21,VIIRS,l,2.0NRT,305.85,1.44,D
31.13367,75.81583,342.67,0.4,0.44,2026-05-11,0737,N21,VIIRS,n,2.0NRT,306.37,3.4,D
31.10878,75.69308,339.57,0.4,0.44,2026-05-11,0737,N21,VIIRS,n,2.0NRT,305.24,5.09,D
31.10794,75.68896,335.38,0.4,0.44,2026-05-11,0737,N21,VIIRS,n,2.0NRT,305.24,5.09,D
31.1071,75.68484,343.9,0.4,0.44,2026-05-11,0737,N21,VIIRS,n,2.0NRT,305.71,4.43,D
31.14663,75.85932,340.56,0.39,0.44,2026-05-11,0737,N21,VIIRS,n,2.0NRT,306.94,2.71,D
31.11278,75.69202,344.54,0.4,0.44,2026-05-11,0737,N21,VIIRS,n,2.0NRT,304.88,5.09,D
31.1111,75.68377,337.71,0.4,0.44,2026-05-11,0737,N21,VIIRS,n,2.0NRT,306.48,4.43,D
31.11026,75.67963,344.24,0.4,0.44,2026-05-11,0737,N21,VIIRS,n,2.0NRT,305.89,4.43,D
31.17776,75.93147,343.46,0.39,0.44,2026-05-11,0737,N21,VIIRS,n,2.0NRT,305.04,3.27,D
31.14188,75.73188,340.12,0.4,0.44,2026-05-11,0737,N21,VIIRS,n,2.0NRT,304.46,2.73,D
31.2117,76.06038,332.88,0.38,0.43,2026-05-11,0737,N21,VIIRS,n,2.0NRT,302.23,2.17,D
31.21796,76.05042,331.57,0.38,0.44,2026-05-11,0737,N21,VIIRS,l,2.0NRT,304,1.62,D
31.18793,75.89918,337.53,0.39,0.44,2026-05-11,0737,N21,VIIRS,n,2.0NRT,305.57,4.21,D
31.19263,75.88098,348.19,0.39,0.44,2026-05-11,0737,N21,VIIRS,n,2.0NRT,306.22,6.71,D
31.19182,75.87696,344.71,0.39,0.44,2026-05-11,0737,N21,VIIRS,n,2.0NRT,307.87,5.37,D
31.19103,75.87294,342.86,0.39,0.44,2026-05-11,0737,N21,VIIRS,n,2.0NRT,306.76,5.37,D
31.2093,75.94408,343.23,0.39,0.44,2026-05-11,0737,N21,VIIRS,n,2.0NRT,306.13,3.49,D
31.19722,75.82015,339.27,0.4,0.44,2026-05-11,0737,N21,VIIRS,n,2.0NRT,304.59,2.75,D
31.19882,75.81969,339.06,0.4,0.44,2026-05-11,0737,N21,VIIRS,n,2.0NRT,304.8,3.28,D
31.22656,75.81225,332.34,0.4,0.44,2026-05-11,0737,N21,VIIRS,l,2.0NRT,305.24,1.26,D
31.19404,75.65275,338.72,0.4,0.44,2026-05-11,0737,N21,VIIRS,n,2.0NRT,303.15,5.83,D
31.1932,75.64862,341.6,0.4,0.44,2026-05-11,0737,N21,VIIRS,n,2.0NRT,303.6,5.83,D
31.20477,75.68464,343.17,0.4,0.44,2026-05-11,0737,N21,VIIRS,n,2.0NRT,305.05,2.94,D
31.20412,75.6194,331,0.4,0.45,2026-05-11,0737,N21,VIIRS,l,2.0NRT,302.44,3.27,D
31.22741,75.71322,331.8,0.4,0.44,2026-05-11,0737,N21,VIIRS,l,2.0NRT,305.5,1.65,D
31.22657,75.70911,333.09,0.4,0.44,2026-05-11,0737,N21,VIIRS,l,2.0NRT,305.81,1.65,D
31.2502,75.78452,339.83,0.4,0.44,2026-05-11,0737,N21,VIIRS,n,2.0NRT,306.85,3.23,D
31.26546,75.81887,333.06,0.39,0.44,2026-05-11,0737,N21,VIIRS,l,2.0NRT,306.2,2.38,D
31.27026,75.67564,330.52,0.4,0.44,2026-05-11,0737,N21,VIIRS,l,2.0NRT,303.04,3.22,D
31.28163,75.71155,331.66,0.4,0.44,2026-05-11,0737,N21,VIIRS,l,2.0NRT,304.11,1.6,D
31.29684,75.69896,349.02,0.4,0.44,2026-05-11,0737,N21,VIIRS,n,2.0NRT,301.38,7.47,D
31.12627,76.27198,367,0.35,0.57,2026-05-12,0720,N21,VIIRS,h,2.0NRT,298.01,7.49,D
30.43858,76.22824,330.64,0.36,0.58,2026-05-12,0720,N21,VIIRS,n,2.0NRT,297.56,2.26,D
30.4677,76.28165,345.05,0.36,0.57,2026-05-12,0720,N21,VIIRS,n,2.0NRT,298.74,4.55,D
30.46858,76.28182,346.52,0.36,0.57,2026-05-12,0720,N21,VIIRS,n,2.0NRT,298.61,5.5,D
30.4928,76.35916,347.64,0.36,0.57,2026-05-12,0720,N21,VIIRS,n,2.0NRT,298.21,14.67,D
30.49193,76.35558,355.57,0.36,0.57,2026-05-12,0720,N21,VIIRS,n,2.0NRT,299.8,16.57,D
30.48289,76.25019,350.28,0.36,0.57,2026-05-12,0720,N21,VIIRS,n,2.0NRT,298.73,4.92,D
30.48201,76.24655,336.67,0.36,0.57,2026-05-12,0720,N21,VIIRS,n,2.0NRT,297.48,4.92,D
30.44417,76.04469,330.46,0.37,0.58,2026-05-12,0720,N21,VIIRS,n,2.0NRT,297.76,4.76,D
30.44326,76.04095,342.72,0.37,0.58,2026-05-12,0720,N21,VIIRS,n,2.0NRT,296.88,4.67,D
30.43205,75.97183,331.2,0.38,0.58,2026-05-12,0720,N21,VIIRS,n,2.0NRT,297.57,0.48,D
30.54707,76.35787,336.79,0.35,0.57,2026-05-12,0720,N21,VIIRS,n,2.0NRT,296.72,2.4,D
30.44094,75.91615,337.56,0.38,0.59,2026-05-12,0720,N21,VIIRS,n,2.0NRT,300.38,2.4,D
30.44616,75.91451,332.42,0.38,0.59,2026-05-12,0720,N21,VIIRS,n,2.0NRT,300.5,2.4,D
30.45321,75.92049,331.95,0.38,0.59,2026-05-12,0720,N21,VIIRS,n,2.0NRT,299.36,2.34,D
30.46272,75.91341,335.82,0.38,0.59,2026-05-12,0720,N21,VIIRS,n,2.0NRT,300.5,4.96,D
30.46884,75.91558,348.19,0.38,0.59,2026-05-12,0720,N21,VIIRS,n,2.0NRT,300.24,7.04,D
30.59184,76.38604,331.1,0.35,0.57,2026-05-12,0720,N21,VIIRS,n,2.0NRT,297.26,2.8,D
30.46863,75.8211,340.56,0.38,0.59,2026-05-12,0720,N21,VIIRS,n,2.0NRT,298.42,2.41,D
30.45566,75.76707,333.96,0.39,0.59,2026-05-12,0720,N21,VIIRS,n,2.0NRT,298.93,1.22,D
30.459,75.83537,339.24,0.38,0.59,2026-05-12,0720,N21,VIIRS,n,2.0NRT,299.12,2.76,D
30.53902,76.06985,339.99,0.37,0.58,2026-05-12,0720,N21,VIIRS,n,2.0NRT,298.16,3.43,D
30.53086,76.03646,333.73,0.37,0.58,2026-05-12,0720,N21,VIIRS,n,2.0NRT,297.87,1.93,D
30.47994,75.82882,332.61,0.38,0.59,2026-05-12,0720,N21,VIIRS,n,2.0NRT,299.17,2.49,D
30.44749,75.69736,331.46,0.39,0.59,2026-05-12,0720,N21,VIIRS,n,2.0NRT,299.42,1.91,D
30.60675,76.32632,332.5,0.36,0.57,2026-05-12,0720,N21,VIIRS,n,2.0NRT,297.21,2.4,D
30.47484,75.73916,348.79,0.39,0.59,2026-05-12,0720,N21,VIIRS,n,2.0NRT,301.46,5.52,D
30.59081,76.07762,330.26,0.37,0.58,2026-05-12,0720,N21,VIIRS,n,2.0NRT,299.13,2.51,D
30.66433,76.36204,335.44,0.35,0.57,2026-05-12,0720,N21,VIIRS,n,2.0NRT,296.18,2.85,D
30.54586,75.8452,334.17,0.38,0.59,2026-05-12,0720,N21,VIIRS,n,2.0NRT,298.73,4.17,D
30.59677,75.96364,335.73,0.37,0.58,2026-05-12,0720,N21,VIIRS,n,2.0NRT,297.96,1.96,D
30.59568,75.96276,330.11,0.37,0.58,2026-05-12,0720,N21,VIIRS,n,2.0NRT,297.52,2.07,D
30.65469,76.13541,332.23,0.36,0.58,2026-05-12,0720,N21,VIIRS,n,2.0NRT,295.8,2.08,D
30.63529,76.01066,330.84,0.37,0.58,2026-05-12,0720,N21,VIIRS,n,2.0NRT,297.73,1.26,D
30.56446,75.72245,334.85,0.39,0.59,2026-05-12,0720,N21,VIIRS,n,2.0NRT,298.45,4.48,D
30.5635,75.71857,344.26,0.39,0.59,2026-05-12,0720,N21,VIIRS,n,2.0NRT,299.04,4.48,D
30.56062,75.70692,337.28,0.39,0.59,2026-05-12,0720,N21,VIIRS,n,2.0NRT,297.73,2.69,D
30.5466,75.62728,337.58,0.39,0.59,2026-05-12,0720,N21,VIIRS,n,2.0NRT,299.56,5.41,D
30.67412,76.10182,330.44,0.36,0.58,2026-05-12,0720,N21,VIIRS,n,2.0NRT,297.51,2.9,D
30.5547,75.59084,341.95,0.39,0.6,2026-05-12,0720,N21,VIIRS,n,2.0NRT,299.65,2.62,D
30.74497,76.28207,331.9,0.35,0.57,2026-05-12,0720,N21,VIIRS,n,2.0NRT,296,2.52,D
30.65669,75.91545,333.78,0.37,0.58,2026-05-12,0720,N21,VIIRS,n,2.0NRT,299.11,1.99,D
30.70582,76.0959,352.21,0.36,0.58,2026-05-12,0720,N21,VIIRS,n,2.0NRT,296.44,8.67,D
30.68064,75.96839,331.29,0.37,0.58,2026-05-12,0720,N21,VIIRS,n,2.0NRT,297.61,2.63,D
30.58884,75.56722,340.35,0.39,0.6,2026-05-12,0720,N21,VIIRS,n,2.0NRT,299.47,3.61,D
30.619,75.66756,330.87,0.39,0.59,2026-05-12,0720,N21,VIIRS,n,2.0NRT,298.21,4.13,D
30.73823,76.06993,335.14,0.37,0.58,2026-05-12,0720,N21,VIIRS,n,2.0NRT,297.2,4.87,D
30.63015,75.5965,337.15,0.39,0.59,2026-05-12,0720,N21,VIIRS,n,2.0NRT,299.57,5.76,D
30.6292,75.59258,335.72,0.39,0.59,2026-05-12,0720,N21,VIIRS,n,2.0NRT,299.61,6,D
30.61484,75.53332,330.74,0.4,0.6,2026-05-12,0720,N21,VIIRS,n,2.0NRT,299.57,5.39,D
30.61918,75.52766,367,0.4,0.6,2026-05-12,0720,N21,VIIRS,h,2.0NRT,300.18,8.76,D
30.71396,75.92168,331.03,0.37,0.58,2026-05-12,0720,N21,VIIRS,n,2.0NRT,297.24,1.8,D
30.73903,76.07143,335.95,0.36,0.58,2026-05-12,0720,N21,VIIRS,n,2.0NRT,297.18,4.9,D
30.60138,75.49304,332.25,0.4,0.6,2026-05-12,0720,N21,VIIRS,n,2.0NRT,300.04,2.85,D
30.63231,75.59407,345.15,0.39,0.59,2026-05-12,0720,N21,VIIRS,n,2.0NRT,300.02,7.24,D
30.6166,75.53105,331.52,0.39,0.6,2026-05-12,0720,N21,VIIRS,n,2.0NRT,299.12,2.26,D
30.71904,75.92206,332.33,0.37,0.58,2026-05-12,0720,N21,VIIRS,n,2.0NRT,297.01,1.45,D
30.65215,75.65102,345.09,0.39,0.59,2026-05-12,0720,N21,VIIRS,n,2.0NRT,299.15,4.48,D
30.62191,75.52938,339.08,0.39,0.6,2026-05-12,0720,N21,VIIRS,n,2.0NRT,298.83,8.85,D
30.62092,75.52542,342.34,0.4,0.6,2026-05-12,0720,N21,VIIRS,n,2.0NRT,298.99,12.45,D
30.62721,75.52769,367,0.39,0.6,2026-05-12,0720,N21,VIIRS,h,2.0NRT,299.36,8.85,D
30.73429,75.96155,344.36,0.37,0.58,2026-05-12,0720,N21,VIIRS,n,2.0NRT,298.21,4.47,D
30.62326,75.51186,330.34,0.4,0.6,2026-05-12,0720,N21,VIIRS,n,2.0NRT,298.99,2.57,D
30.74944,76.00082,331.19,0.37,0.58,2026-05-12,0720,N21,VIIRS,n,2.0NRT,298.94,2.66,D
30.71651,75.86621,334.65,0.38,0.58,2026-05-12,0720,N21,VIIRS,n,2.0NRT,298.6,3.13,D
30.62462,75.49429,335.35,0.4,0.6,2026-05-12,0720,N21,VIIRS,n,2.0NRT,298.94,1.6,D
30.63977,75.53223,367,0.39,0.6,2026-05-12,0720,N21,VIIRS,h,2.0NRT,300.57,12.57,D
30.71615,75.84191,331.6,0.38,0.58,2026-05-12,0720,N21,VIIRS,n,2.0NRT,298.02,1.78,D
30.71056,75.81916,330.05,0.38,0.59,2026-05-12,0720,N21,VIIRS,n,2.0NRT,297.94,1.45,D
30.64271,75.54408,333.2,0.39,0.6,2026-05-12,0720,N21,VIIRS,n,2.0NRT,299.26,3.64,D
30.64075,75.53619,342.89,0.39,0.6,2026-05-12,0720,N21,VIIRS,n,2.0NRT,297.62,12.57,D
30.76065,76.0013,334.66,0.37,0.58,2026-05-12,0720,N21,VIIRS,n,2.0NRT,297.46,4.33,D
30.74432,75.93425,331.24,0.37,0.58,2026-05-12,0720,N21,VIIRS,n,2.0NRT,298.33,3.02,D
30.7504,75.93639,331.4,0.37,0.58,2026-05-12,0720,N21,VIIRS,n,2.0NRT,297.83,4.28,D
30.64155,75.49321,336.35,0.4,0.6,2026-05-12,0720,N21,VIIRS,n,2.0NRT,298.22,2.45,D
30.79569,76.07735,331.13,0.36,0.58,2026-05-12,0720,N21,VIIRS,n,2.0NRT,296.55,3.37,D
30.7948,76.07368,338.86,0.36,0.58,2026-05-12,0720,N21,VIIRS,n,2.0NRT,296.7,3.37,D
30.80434,76.09035,333.78,0.36,0.58,2026-05-12,0720,N21,VIIRS,n,2.0NRT,297.17,3.08,D
30.76502,75.92779,346.65,0.37,0.58,2026-05-12,0720,N21,VIIRS,n,2.0NRT,298.81,5.99,D
30.75499,75.88648,336.99,0.37,0.58,2026-05-12,0720,N21,VIIRS,n,2.0NRT,298.21,1.41,D
30.72264,75.75368,337.14,0.38,0.59,2026-05-12,0720,N21,VIIRS,n,2.0NRT,298.2,3.87,D
30.79601,76.01003,351.64,0.37,0.58,2026-05-12,0720,N21,VIIRS,n,2.0NRT,296.63,4.61,D
30.73887,75.72783,331.19,0.38,0.59,2026-05-12,0720,N21,VIIRS,n,2.0NRT,297.76,3.54,D
30.69809,75.56049,339.9,0.39,0.59,2026-05-12,0720,N21,VIIRS,n,2.0NRT,299.89,5.39,D
30.69712,75.55655,344.1,0.39,0.59,2026-05-12,0720,N21,VIIRS,n,2.0NRT,298.95,5.39,D
30.69373,75.51936,345.24,0.39,0.6,2026-05-12,0720,N21,VIIRS,n,2.0NRT,298.47,4.54,D
30.76785,75.80103,330.01,0.38,0.59,2026-05-12,0720,N21,VIIRS,n,2.0NRT,296.91,1.39,D
30.74335,75.67654,333.9,0.38,0.59,2026-05-12,0720,N21,VIIRS,n,2.0NRT,298.32,3.02,D
30.92316,76.40606,331.98,0.35,0.56,2026-05-12,0720,N21,VIIRS,n,2.0NRT,296.86,3.08,D
30.77275,75.77488,330.91,0.38,0.59,2026-05-12,0720,N21,VIIRS,n,2.0NRT,297.65,0.79,D
30.84432,76.05022,332.38,0.36,0.58,2026-05-12,0720,N21,VIIRS,n,2.0NRT,296.85,3.02,D
30.72737,75.56389,330.51,0.39,0.59,2026-05-12,0720,N21,VIIRS,n,2.0NRT,298.2,3.57,D
30.91254,76.31507,333.41,0.35,0.57,2026-05-12,0720,N21,VIIRS,n,2.0NRT,294.82,4.79,D
30.84397,76.047,331.05,0.36,0.58,2026-05-12,0720,N21,VIIRS,n,2.0NRT,296.98,3.37,D
30.69345,75.41759,331.09,0.4,0.6,2026-05-12,0720,N21,VIIRS,n,2.0NRT,298.5,1.85,D
30.72039,75.45643,331.6,0.4,0.6,2026-05-12,0720,N21,VIIRS,n,2.0NRT,297.61,2.86,D
30.74539,75.53389,342.04,0.39,0.59,2026-05-12,0720,N21,VIIRS,n,2.0NRT,299.22,6.26,D
30.81885,75.78574,335.29,0.38,0.59,2026-05-12,0720,N21,VIIRS,n,2.0NRT,297.51,1.98,D
30.77667,75.5452,339.59,0.39,0.59,2026-05-12,0720,N21,VIIRS,n,2.0NRT,298.5,6.54,D
30.7757,75.54126,350.45,0.39,0.59,2026-05-12,0720,N21,VIIRS,n,2.0NRT,299.6,6.54,D
30.90938,75.97491,331.58,0.37,0.58,2026-05-12,0720,N21,VIIRS,n,2.0NRT,299.24,2.96,D
30.98454,76.24342,342.13,0.35,0.57,2026-05-12,0720,N21,VIIRS,n,2.0NRT,296.37,4.15,D
30.78844,75.43037,330.23,0.4,0.6,2026-05-12,0720,N21,VIIRS,n,2.0NRT,297.65,1.69,D
30.83792,75.60995,344.08,0.39,0.59,2026-05-12,0720,N21,VIIRS,n,2.0NRT,298.05,4.19,D
30.84079,75.60751,336.37,0.39,0.59,2026-05-12,0720,N21,VIIRS,n,2.0NRT,298.83,5.24,D
30.9558,75.98215,341.76,0.36,0.58,2026-05-12,0720,N21,VIIRS,n,2.0NRT,298.07,4.21,D
30.88377,75.68947,333.34,0.38,0.59,2026-05-12,0720,N21,VIIRS,n,2.0NRT,298.03,5.75,D
30.95769,75.92192,340.32,0.37,0.58,2026-05-12,0720,N21,VIIRS,n,2.0NRT,297.15,3.48,D
30.83267,75.4149,340.05,0.4,0.6,2026-05-12,0720,N21,VIIRS,n,2.0NRT,299.83,3.18,D
30.83734,75.38758,350.1,0.4,0.6,2026-05-12,0720,N21,VIIRS,n,2.0NRT,299.61,7.94,D
30.84365,75.38986,348.19,0.4,0.6,2026-05-12,0720,N21,VIIRS,n,2.0NRT,299.31,7.58,D
30.84266,75.38587,339.13,0.4,0.6,2026-05-12,0720,N21,VIIRS,n,2.0NRT,299.45,4.99,D
30.84698,75.38018,337.32,0.4,0.6,2026-05-12,0720,N21,VIIRS,n,2.0NRT,300.07,4.99,D
30.97232,75.84504,330.81,0.37,0.58,2026-05-12,0720,N21,VIIRS,n,2.0NRT,298.93,2.58,D
31.03528,76.0828,335,0.36,0.57,2026-05-12,0720,N21,VIIRS,n,2.0NRT,297.42,3.87,D
30.8649,75.38303,340.7,0.4,0.6,2026-05-12,0720,N21,VIIRS,n,2.0NRT,300.02,3.59,D
30.93718,75.58506,338.55,0.39,0.59,2026-05-12,0720,N21,VIIRS,n,2.0NRT,298.22,3.64,D
31.04057,75.96723,344.54,0.36,0.58,2026-05-12,0720,N21,VIIRS,n,2.0NRT,298.02,5.27,D
31.1059,76.21883,338.17,0.35,0.57,2026-05-12,0720,N21,VIIRS,n,2.0NRT,298.94,3.71,D
31.12437,76.27409,367,0.35,0.57,2026-05-12,0720,N21,VIIRS,h,2.0NRT,299.17,10.03,D
31.07514,76.04302,344.44,0.36,0.57,2026-05-12,0720,N21,VIIRS,n,2.0NRT,298.6,4.73,D
31.04052,75.96597,336.31,0.36,0.58,2026-05-12,0720,N21,VIIRS,n,2.0NRT,297.32,4.84,D
31.0756,76.04158,334.05,0.36,0.57,2026-05-12,0720,N21,VIIRS,n,2.0NRT,297.36,3.55,D
31.11443,76.11098,331.22,0.36,0.57,2026-05-12,0720,N21,VIIRS,n,2.0NRT,296.06,1.96,D
30.97847,75.53316,330.24,0.39,0.59,2026-05-12,0720,N21,VIIRS,n,2.0NRT,297.52,1.55,D
31.13917,76.14556,330.37,0.35,0.57,2026-05-12,0720,N21,VIIRS,n,2.0NRT,299.07,2.64,D
30.96454,75.3847,331.83,0.4,0.6,2026-05-12,0720,N21,VIIRS,n,2.0NRT,298.4,3.44,D
30.96356,75.38073,337.87,0.4,0.6,2026-05-12,0720,N21,VIIRS,n,2.0NRT,298.59,4.18,D
30.96258,75.37675,330.76,0.4,0.6,2026-05-12,0720,N21,VIIRS,n,2.0NRT,299.06,4.18,D
31.03605,75.65244,338.95,0.38,0.59,2026-05-12,0720,N21,VIIRS,n,2.0NRT,298.48,6.63,D
31.03512,75.6486,346.68,0.38,0.59,2026-05-12,0720,N21,VIIRS,n,2.0NRT,298.18,6.63,D
31.03418,75.64476,343.85,0.38,0.59,2026-05-12,0720,N21,VIIRS,n,2.0NRT,297.58,8.86,D
31.04127,75.65077,331.08,0.38,0.59,2026-05-12,0720,N21,VIIRS,n,2.0NRT,297.91,2.44,D
31.14206,76.04401,330.22,0.36,0.57,2026-05-12,0720,N21,VIIRS,n,2.0NRT,298.99,2.83,D
31.10142,75.87537,334.47,0.37,0.58,2026-05-12,0720,N21,VIIRS,n,2.0NRT,297.68,6.09,D
31.10052,75.87165,348.83,0.37,0.58,2026-05-12,0720,N21,VIIRS,n,2.0NRT,298.76,6.09,D
31.02054,75.51974,333.2,0.39,0.59,2026-05-12,0720,N21,VIIRS,n,2.0NRT,298.46,2.48,D
31.17951,76.06325,340.03,0.36,0.57,2026-05-12,0720,N21,VIIRS,n,2.0NRT,299.26,3.79,D
31.16035,75.95977,330.15,0.36,0.58,2026-05-12,0720,N21,VIIRS,l,2.0NRT,300.38,2.24,D
31.04733,75.49004,337.77,0.39,0.59,2026-05-12,0720,N21,VIIRS,n,2.0NRT,300.05,3.61,D
31.17592,76.06457,338.18,0.36,0.57,2026-05-12,0720,N21,VIIRS,n,2.0NRT,300.24,4.54,D
31.04524,75.49161,336.15,0.39,0.59,2026-05-12,0720,N21,VIIRS,n,2.0NRT,299.89,2.94,D
31.16605,75.93459,344.99,0.36,0.58,2026-05-12,0720,N21,VIIRS,n,2.0NRT,300.92,4.29,D
31.19901,75.97929,330.05,0.36,0.57,2026-05-12,0720,N21,VIIRS,n,2.0NRT,298.9,2.19,D
31.17551,75.86016,331.62,0.37,0.58,2026-05-12,0720,N21,VIIRS,n,2.0NRT,299.77,1.77,D
31.1722,75.80107,351.9,0.37,0.58,2026-05-12,0720,N21,VIIRS,n,2.0NRT,300.7,5.75,D
31.18642,75.83669,367,0.37,0.58,2026-05-12,0720,N21,VIIRS,h,2.0NRT,300.24,8.78,D
31.25599,76.12444,337.74,0.35,0.57,2026-05-12,0720,N21,VIIRS,n,2.0NRT,301.32,4.31,D
31.22012,75.95294,339.72,0.36,0.57,2026-05-12,0720,N21,VIIRS,n,2.0NRT,299.26,3.08,D
31.19012,75.78329,343.55,0.37,0.58,2026-05-12,0720,N21,VIIRS,n,2.0NRT,298.16,3.58,D
31.17303,75.66685,334.67,0.38,0.58,2026-05-12,0720,N21,VIIRS,n,2.0NRT,300.18,1.92,D
31.25558,75.89421,351.48,0.36,0.58,2026-05-12,0720,N21,VIIRS,n,2.0NRT,301,5.73,D
31.18331,75.59351,334.96,0.38,0.59,2026-05-12,0720,N21,VIIRS,n,2.0NRT,299.45,3.36,D
31.28078,75.97684,332.03,0.36,0.57,2026-05-12,0720,N21,VIIRS,n,2.0NRT,299.57,2.45,D
31.17922,75.55331,331.54,0.38,0.59,2026-05-12,0720,N21,VIIRS,n,2.0NRT,298.98,2.28,D
31.25575,75.89284,355.56,0.36,0.58,2026-05-12,0720,N21,VIIRS,n,2.0NRT,300.73,5.91,D
31.18157,75.593,331.49,0.38,0.59,2026-05-12,0720,N21,VIIRS,n,2.0NRT,299.15,3.49,D
31.28147,75.97519,331.03,0.36,0.57,2026-05-12,0720,N21,VIIRS,n,2.0NRT,299.21,1.6,D
31.27804,75.89367,338.81,0.36,0.58,2026-05-12,0720,N21,VIIRS,n,2.0NRT,299.21,5.13,D
31.27714,75.89,341.11,0.36,0.58,2026-05-12,0720,N21,VIIRS,n,2.0NRT,300.33,5.3,D
31.27625,75.88632,342.61,0.36,0.58,2026-05-12,0720,N21,VIIRS,n,2.0NRT,300.08,5.3,D
31.30896,75.99787,336.83,0.36,0.57,2026-05-12,0720,N21,VIIRS,n,2.0NRT,298.74,2.71,D
31.31989,75.79281,330.05,0.37,0.58,2026-05-12,0720,N21,VIIRS,n,2.0NRT,299.49,3.89,D
31.30961,75.66071,332.82,0.37,0.58,2026-05-12,0720,N21,VIIRS,n,2.0NRT,296.1,2.35,D
31.29568,75.3997,330.79,0.39,0.59,2026-05-12,0720,N21,VIIRS,n,2.0NRT,296.5,3.21,D
30.44924,75.87214,355.2,0.66,0.73,2026-05-12,0900,N21,VIIRS,n,2.0NRT,295.27,16.57,D
30.45261,75.87348,341.41,0.66,0.73,2026-05-12,0900,N21,VIIRS,n,2.0NRT,294.76,11.33,D
30.56797,76.04021,330.53,0.67,0.74,2026-05-12,0900,N21,VIIRS,n,2.0NRT,294.52,4.78,D
30.56989,76.03972,330.93,0.68,0.74,2026-05-12,0900,N21,VIIRS,n,2.0NRT,294.63,4.88,D
30.59078,75.56775,352.36,0.63,0.72,2026-05-12,0900,N21,VIIRS,n,2.0NRT,296.91,14.42,D
30.65256,76.06303,330.02,0.68,0.74,2026-05-12,0900,N21,VIIRS,n,2.0NRT,295.41,4.98,D
30.68249,75.96974,331.34,0.67,0.74,2026-05-12,0900,N21,VIIRS,n,2.0NRT,295.19,3.17,D
30.65434,76.06217,330.8,0.68,0.74,2026-05-12,0900,N21,VIIRS,n,2.0NRT,295.16,2.79,D
30.7468,75.53678,331.21,0.63,0.72,2026-05-12,0900,N21,VIIRS,n,2.0NRT,295.61,5.89,D
30.76359,75.75671,341.75,0.65,0.73,2026-05-12,0900,N21,VIIRS,n,2.0NRT,296.05,10.62,D
30.77029,75.75632,341.82,0.65,0.73,2026-05-12,0900,N21,VIIRS,n,2.0NRT,294.49,10.62,D
30.76535,75.37242,349.74,0.62,0.71,2026-05-12,0900,N21,VIIRS,n,2.0NRT,296.51,14.12,D
30.79324,75.67387,341.77,0.64,0.72,2026-05-12,0900,N21,VIIRS,n,2.0NRT,295.44,7.91,D
30.76721,75.7585,367,0.65,0.73,2026-05-12,0900,N21,VIIRS,h,2.0NRT,296.16,20.19,D
30.76456,75.37393,347.1,0.62,0.71,2026-05-12,0900,N21,VIIRS,n,2.0NRT,296.4,13.99,D
30.79066,75.67576,331.94,0.64,0.72,2026-05-12,0900,N21,VIIRS,n,2.0NRT,294.63,8.03,D
30.78682,75.43085,333.88,0.62,0.72,2026-05-12,0900,N21,VIIRS,n,2.0NRT,295.24,5.32,D
30.82283,75.80303,331.34,0.66,0.73,2026-05-12,0900,N21,VIIRS,n,2.0NRT,294.35,6.78,D
30.81766,75.38341,338.68,0.62,0.71,2026-05-12,0900,N21,VIIRS,n,2.0NRT,297.03,5.07,D
31.02105,75.88706,331.04,0.67,0.73,2026-05-12,0900,N21,VIIRS,n,2.0NRT,293.39,3.97,D
31.01313,75.38189,344.5,0.62,0.71,2026-05-12,0900,N21,VIIRS,n,2.0NRT,295.1,9.26,D
31.03758,75.48524,331.65,0.63,0.72,2026-05-12,0900,N21,VIIRS,n,2.0NRT,295.86,4.79,D
31.07596,76.06767,367,0.68,0.74,2026-05-12,0900,N21,VIIRS,h,2.0NRT,296.82,32.71,D
31.07759,76.06963,367,0.68,0.74,2026-05-12,0900,N21,VIIRS,h,2.0NRT,297.51,27.21,D
31.12616,75.9106,330.27,0.67,0.74,2026-05-12,0900,N21,VIIRS,n,2.0NRT,293.96,4.37,D
31.13182,75.71613,350.91,0.65,0.73,2026-05-12,0900,N21,VIIRS,n,2.0NRT,294.73,10.74,D
31.24397,75.91699,338.02,0.67,0.74,2026-05-12,0900,N21,VIIRS,n,2.0NRT,296.44,5.28,D
30.48897,76.36476,331.41,0.67,0.74,2026-05-13,0659,N21,VIIRS,n,2.0NRT,296.95,4.52,D
30.98237,75.91517,351.01,0.69,0.74,2026-05-13,0659,N21,VIIRS,n,2.0NRT,295.53,13.58,D
30.98643,75.91868,346.57,0.69,0.74,2026-05-13,0659,N21,VIIRS,n,2.0NRT,295.45,21.62,D
30.98445,75.91186,339.69,0.69,0.74,2026-05-13,0659,N21,VIIRS,n,2.0NRT,295.14,16.93,D
30.84662,75.39008,332.89,0.75,0.77,2026-05-13,0659,N21,VIIRS,n,2.0NRT,298.86,4.91,D
31.09986,75.93745,333.43,0.68,0.74,2026-05-13,0659,N21,VIIRS,n,2.0NRT,295.78,6.11,D
30.42902,75.99319,344.39,0.71,0.75,2026-05-13,0659,N21,VIIRS,n,2.0NRT,301.99,12.06,D
30.51555,76.10299,339.85,0.69,0.75,2026-05-13,0659,N21,VIIRS,n,2.0NRT,299.22,8.31,D
30.54725,76.39484,332.56,0.67,0.73,2026-05-13,0659,N21,VIIRS,n,2.0NRT,297.93,3.17,D
30.42593,75.99067,341.37,0.71,0.75,2026-05-13,0659,N21,VIIRS,n,2.0NRT,301.92,10.13,D
30.45591,76.14712,333.63,0.69,0.74,2026-05-13,0659,N21,VIIRS,n,2.0NRT,300.16,5.48,D
30.98432,75.92202,331.01,0.69,0.74,2026-05-13,0659,N21,VIIRS,n,2.0NRT,295.28,13.58,D
30.92159,76.07963,336.03,0.68,0.74,2026-05-13,0659,N21,VIIRS,n,2.0NRT,293.69,7.3,D
30.91818,76.08173,331.58,0.68,0.74,2026-05-13,0659,N21,VIIRS,n,2.0NRT,293.75,6.56,D
30.83943,75.62001,346.01,0.72,0.76,2026-05-13,0659,N21,VIIRS,n,2.0NRT,297.87,21.57,D
30.95366,75.94091,333.06,0.69,0.74,2026-05-13,0659,N21,VIIRS,n,2.0NRT,294.69,9.76,D
30.78378,75.71169,352.01,0.72,0.75,2026-05-13,0659,N21,VIIRS,n,2.0NRT,298.09,21.69,D
30.81694,75.87792,338.32,0.7,0.75,2026-05-13,0659,N21,VIIRS,n,2.0NRT,297.43,7.08,D
30.66196,75.44443,331.11,0.75,0.77,2026-05-13,0659,N21,VIIRS,n,2.0NRT,298.39,5.25,D
30.67639,75.54451,336.97,0.74,0.76,2026-05-13,0659,N21,VIIRS,n,2.0NRT,300.26,7.1,D
30.74718,75.88787,333.91,0.7,0.75,2026-05-13,0659,N21,VIIRS,n,2.0NRT,298.07,4.48,D
30.64934,75.57852,335.43,0.74,0.76,2026-05-13,0659,N21,VIIRS,n,2.0NRT,299.67,4.81,D
30.75044,75.80507,338.31,0.71,0.75,2026-05-13,0659,N21,VIIRS,n,2.0NRT,298.95,4.36,D
30.77353,75.91216,333.92,0.7,0.75,2026-05-13,0659,N21,VIIRS,n,2.0NRT,297.53,3.55,D
30.74397,75.88465,336.17,0.7,0.75,2026-05-13,0659,N21,VIIRS,n,2.0NRT,298.25,9.49,D
30.64983,75.58139,330.89,0.74,0.76,2026-05-13,0659,N21,VIIRS,n,2.0NRT,299.04,5.68,D
30.63227,75.57178,337.21,0.74,0.76,2026-05-13,0659,N21,VIIRS,n,2.0NRT,300.44,9.41,D
30.63437,75.57904,334.81,0.74,0.76,2026-05-13,0659,N21,VIIRS,n,2.0NRT,301.38,10.72,D
30.73416,75.92658,343.43,0.7,0.75,2026-05-13,0659,N21,VIIRS,n,2.0NRT,296.99,11.45,D
30.75297,76.34296,330.37,0.66,0.73,2026-05-13,0659,N21,VIIRS,n,2.0NRT,298.78,5.06,D
30.70649,76.06895,338.44,0.69,0.74,2026-05-13,0659,N21,VIIRS,n,2.0NRT,297.71,7.4,D
30.65089,76.12656,335.35,0.69,0.74,2026-05-13,0659,N21,VIIRS,n,2.0NRT,297.02,4.68,D
30.61511,76.02663,331.55,0.7,0.75,2026-05-13,0659,N21,VIIRS,n,2.0NRT,298.55,9.15,D
30.5578,75.97868,335.74,0.7,0.75,2026-05-13,0659,N21,VIIRS,n,2.0NRT,300.93,6.17,D
30.55553,75.97824,330.7,0.7,0.75,2026-05-13,0659,N21,VIIRS,n,2.0NRT,300.6,3.85,D
30.51938,76.10535,334.3,0.69,0.74,2026-05-13,0659,N21,VIIRS,n,2.0NRT,298.61,4.49,D
31.09649,75.9875,330.13,0.68,0.74,2026-05-13,0701,N21,VIIRS,n,2.0NRT,295.05,4.02,D
31.13377,75.71631,332.37,0.7,0.75,2026-05-13,0701,N21,VIIRS,n,2.0NRT,295.01,9.93,D
31.10354,75.611,337.79,0.71,0.75,2026-05-13,0701,N21,VIIRS,n,2.0NRT,297.06,9.57,D
31.12938,75.71836,334.4,0.7,0.75,2026-05-13,0701,N21,VIIRS,n,2.0NRT,295.52,6.08,D
31.13797,75.72286,330.78,0.7,0.75,2026-05-13,0701,N21,VIIRS,n,2.0NRT,294.3,8.11,D
31.10516,75.61099,332.99,0.71,0.75,2026-05-13,0701,N21,VIIRS,n,2.0NRT,296.22,4.55,D
30.7466,75.98638,337.54,0.34,0.56,2026-05-13,0839,N21,VIIRS,n,2.0NRT,303.84,2.67,D
30.74764,75.93217,344.53,0.34,0.56,2026-05-13,0839,N21,VIIRS,n,2.0NRT,304.91,2.83,D
30.71111,75.40757,341.14,0.64,0.54,2026-05-13,0839,N21,VIIRS,n,2.0NRT,306.95,6.26,D
30.73067,75.58642,332.51,0.33,0.55,2026-05-13,0839,N21,VIIRS,l,2.0NRT,305.79,2.98,D
30.71678,75.41529,347.64,0.32,0.54,2026-05-13,0839,N21,VIIRS,n,2.0NRT,308.71,8.8,D
30.7161,75.40701,336.64,0.64,0.54,2026-05-13,0839,N21,VIIRS,n,2.0NRT,305.83,6.26,D
30.75767,75.79562,347.39,0.34,0.56,2026-05-13,0839,N21,VIIRS,n,2.0NRT,305.84,6.55,D
30.77203,75.91159,338.66,0.34,0.56,2026-05-13,0839,N21,VIIRS,n,2.0NRT,304.9,2.87,D
30.76279,75.79506,338.64,0.34,0.56,2026-05-13,0839,N21,VIIRS,n,2.0NRT,308.51,2.39,D
30.76322,75.61032,338.51,0.33,0.55,2026-05-13,0839,N21,VIIRS,n,2.0NRT,305.41,5.66,D
30.78406,75.49805,342.24,0.32,0.55,2026-05-13,0839,N21,VIIRS,n,2.0NRT,303.89,3.71,D
30.80154,75.52672,346.1,0.32,0.55,2026-05-13,0839,N21,VIIRS,n,2.0NRT,306.19,5.24,D
30.79832,75.42221,367,0.32,0.55,2026-05-13,0839,N21,VIIRS,h,2.0NRT,307.78,4.77,D
30.86962,76.35755,344.15,0.36,0.58,2026-05-13,0839,N21,VIIRS,n,2.0NRT,303.87,4.9,D
30.79859,75.42554,333.21,0.32,0.55,2026-05-13,0839,N21,VIIRS,n,2.0NRT,303.93,4.77,D
30.82535,75.70011,367,0.33,0.55,2026-05-13,0839,N21,VIIRS,h,2.0NRT,307.09,8.04,D
30.83099,75.7065,336.69,0.33,0.55,2026-05-13,0839,N21,VIIRS,l,2.0NRT,308.37,4.1,D
30.84018,75.75817,334.11,0.33,0.56,2026-05-13,0839,N21,VIIRS,n,2.0NRT,303.77,3.64,D
30.83435,75.61919,333.27,0.33,0.55,2026-05-13,0839,N21,VIIRS,l,2.0NRT,306.78,3.03,D
30.82051,75.44669,335.89,0.32,0.55,2026-05-13,0839,N21,VIIRS,n,2.0NRT,304.62,2.47,D
30.83942,75.61862,340.1,0.33,0.55,2026-05-13,0839,N21,VIIRS,n,2.0NRT,307.86,3.03,D
30.85228,75.4028,355.38,0.32,0.54,2026-05-13,0839,N21,VIIRS,n,2.0NRT,311.64,17.96,D
30.9188,76.03027,332.68,0.35,0.57,2026-05-13,0839,N21,VIIRS,l,2.0NRT,303.26,1.31,D
30.95999,76.28918,338.57,0.36,0.58,2026-05-13,0839,N21,VIIRS,n,2.0NRT,304.7,3.73,D
30.91602,75.69827,332.28,0.33,0.55,2026-05-13,0839,N21,VIIRS,l,2.0NRT,303.91,0.92,D
30.95353,76.12783,345.33,0.35,0.57,2026-05-13,0839,N21,VIIRS,n,2.0NRT,306.8,3.81,D
30.95195,75.96597,330.53,0.35,0.56,2026-05-13,0839,N21,VIIRS,l,2.0NRT,302.37,1.1,D
30.96066,75.94324,332.37,0.34,0.56,2026-05-13,0839,N21,VIIRS,l,2.0NRT,303.21,2.14,D
30.96749,75.96432,338.41,0.35,0.56,2026-05-13,0839,N21,VIIRS,n,2.0NRT,301.05,2.4,D
30.94732,75.6391,367,0.33,0.55,2026-05-13,0839,N21,VIIRS,h,2.0NRT,307.14,6.81,D
30.9476,75.64256,343.77,0.33,0.55,2026-05-13,0839,N21,VIIRS,n,2.0NRT,306.36,6.81,D
30.94514,75.6116,334.13,0.33,0.55,2026-05-13,0839,N21,VIIRS,l,2.0NRT,304.86,1.93,D
30.94637,75.56312,333.9,0.33,0.55,2026-05-13,0839,N21,VIIRS,l,2.0NRT,305.25,3.76,D
30.94117,75.49856,348.94,0.32,0.55,2026-05-13,0839,N21,VIIRS,n,2.0NRT,308.55,6.28,D
30.94621,75.498,367,0.32,0.55,2026-05-13,0839,N21,VIIRS,h,2.0NRT,310.1,6.28,D
30.94978,75.54208,337.14,0.33,0.55,2026-05-13,0839,N21,VIIRS,n,2.0NRT,306.76,2.83,D
30.98598,75.93334,339.91,0.34,0.56,2026-05-13,0839,N21,VIIRS,n,2.0NRT,303.92,5.09,D
30.9857,75.92975,340.74,0.34,0.56,2026-05-13,0839,N21,VIIRS,n,2.0NRT,302.59,6.41,D
30.95152,75.50083,331.34,0.32,0.55,2026-05-13,0839,N21,VIIRS,n,2.0NRT,305.74,2.06,D
30.95877,75.52739,339.32,0.32,0.55,2026-05-13,0839,N21,VIIRS,n,2.0NRT,306.65,4.82,D
31.01926,76.09129,338.52,0.35,0.57,2026-05-13,0839,N21,VIIRS,n,2.0NRT,303.71,2.33,D
30.96693,75.38067,367,0.32,0.54,2026-05-13,0839,N21,VIIRS,h,2.0NRT,306.44,8.17,D
30.97056,75.42406,334.14,0.32,0.55,2026-05-13,0839,N21,VIIRS,l,2.0NRT,307.17,4.53,D
30.96888,75.404,339.19,0.32,0.55,2026-05-13,0839,N21,VIIRS,n,2.0NRT,308.35,3.86,D
30.9686,75.40066,336.01,0.32,0.55,2026-05-13,0839,N21,VIIRS,l,2.0NRT,307.18,3.72,D
30.96832,75.39732,338.78,0.32,0.55,2026-05-13,0839,N21,VIIRS,n,2.0NRT,307.57,3.72,D
30.96721,75.384,335.32,0.32,0.54,2026-05-13,0839,N21,VIIRS,n,2.0NRT,308.69,6.53,D
31.01932,75.95892,334,0.35,0.56,2026-05-13,0839,N21,VIIRS,n,2.0NRT,303.28,3.49,D
31.01845,75.94809,336.07,0.35,0.56,2026-05-13,0839,N21,VIIRS,n,2.0NRT,302.99,2.91,D
31.03872,76.1377,337.92,0.35,0.57,2026-05-13,0839,N21,VIIRS,n,2.0NRT,303.63,5.36,D
31.03377,76.07497,345.68,0.35,0.57,2026-05-13,0839,N21,VIIRS,n,2.0NRT,305.68,7,D
31.03348,76.0713,333.18,0.35,0.57,2026-05-13,0839,N21,VIIRS,l,2.0NRT,304.75,5.4,D
30.96706,75.37984,367,0.32,0.54,2026-05-13,0839,N21,VIIRS,h,2.0NRT,306.78,7.57,D
31.01987,76.09113,336.87,0.35,0.57,2026-05-13,0839,N21,VIIRS,n,2.0NRT,303.01,1.84,D
30.97066,75.42666,336.34,0.32,0.55,2026-05-13,0839,N21,VIIRS,l,2.0NRT,307.48,3.68,D
30.96886,75.40322,342.89,0.32,0.55,2026-05-13,0839,N21,VIIRS,n,2.0NRT,308.29,5.51,D
30.96861,75.39986,343.47,0.32,0.55,2026-05-13,0839,N21,VIIRS,n,2.0NRT,307.52,7.88,D
31.01998,75.94764,335.71,0.35,0.56,2026-05-13,0839,N21,VIIRS,n,2.0NRT,303.35,1.75,D
31.03901,76.13757,336.85,0.35,0.57,2026-05-13,0839,N21,VIIRS,n,2.0NRT,303.74,4.72,D
31.03447,76.07473,344.9,0.35,0.57,2026-05-13,0839,N21,VIIRS,n,2.0NRT,305.15,6.44,D
31.03421,76.07104,332.92,0.35,0.57,2026-05-13,0839,N21,VIIRS,l,2.0NRT,304.84,4.49,D
30.99747,75.57754,341.27,0.33,0.55,2026-05-13,0839,N21,VIIRS,n,2.0NRT,304.38,2.47,D
31.04318,76.12217,331.64,0.35,0.57,2026-05-13,0839,N21,VIIRS,l,2.0NRT,303.39,1.82,D
31.05582,76.15082,335.31,0.36,0.57,2026-05-13,0839,N21,VIIRS,n,2.0NRT,304.34,3.78,D
31.05555,76.14709,338.54,0.36,0.57,2026-05-13,0839,N21,VIIRS,n,2.0NRT,303.94,3.78,D
31.09812,76.22168,336.5,0.36,0.57,2026-05-13,0839,N21,VIIRS,n,2.0NRT,306.05,4.43,D
31.07797,75.88692,339.18,0.34,0.56,2026-05-13,0839,N21,VIIRS,n,2.0NRT,302.9,4.9,D
31.02276,75.50938,336.39,0.32,0.55,2026-05-13,0839,N21,VIIRS,n,2.0NRT,302.71,1.53,D
30.42854,76.33688,339.79,0.36,0.57,2026-05-13,0839,N21,VIIRS,n,2.0NRT,304,4.74,D
30.43587,75.63011,339.79,0.33,0.55,2026-05-13,0839,N21,VIIRS,l,2.0NRT,312.38,5.55,D
30.50727,76.39315,334.66,0.36,0.58,2026-05-13,0839,N21,VIIRS,n,2.0NRT,303.44,4.52,D
30.44535,75.50063,336.55,0.32,0.55,2026-05-13,0839,N21,VIIRS,l,2.0NRT,310.15,2.23,D
30.44543,75.49957,335.53,0.32,0.55,2026-05-13,0839,N21,VIIRS,l,2.0NRT,309.3,1.33,D
30.52143,76.15913,333.12,0.35,0.57,2026-05-13,0839,N21,VIIRS,l,2.0NRT,304.07,4.12,D
30.55029,75.98846,334.47,0.34,0.56,2026-05-13,0839,N21,VIIRS,l,2.0NRT,305.69,4.16,D
30.55002,75.9849,349.11,0.34,0.56,2026-05-13,0839,N21,VIIRS,n,2.0NRT,308.02,4.16,D
30.57022,76.10984,340.76,0.35,0.57,2026-05-13,0839,N21,VIIRS,n,2.0NRT,307.69,3.67,D
30.60516,76.02235,336.32,0.35,0.56,2026-05-13,0839,N21,VIIRS,l,2.0NRT,307.98,5.68,D
30.60487,76.01876,338.2,0.35,0.56,2026-05-13,0839,N21,VIIRS,n,2.0NRT,307.14,4.55,D
30.60646,76.01996,337.81,0.35,0.56,2026-05-13,0839,N21,VIIRS,l,2.0NRT,308.86,6.24,D
30.6154,76.06995,331.21,0.35,0.57,2026-05-13,0839,N21,VIIRS,l,2.0NRT,302.56,3.32,D
30.61514,76.06634,345.27,0.35,0.57,2026-05-13,0839,N21,VIIRS,n,2.0NRT,302.9,3.32,D
30.61622,75.54882,333.51,0.32,0.55,2026-05-13,0839,N21,VIIRS,l,2.0NRT,305.99,3.92,D
30.61499,75.4713,349.62,0.32,0.55,2026-05-13,0839,N21,VIIRS,n,2.0NRT,312.1,6.65,D
30.62931,75.58484,340.26,0.32,0.55,2026-05-13,0839,N21,VIIRS,n,2.0NRT,307.22,5.47,D
30.64182,75.67624,337,0.33,0.55,2026-05-13,0839,N21,VIIRS,n,2.0NRT,304.92,1.92,D
30.63271,75.56401,350.12,0.32,0.55,2026-05-13,0839,N21,VIIRS,n,2.0NRT,306.84,7.14,D
30.64578,75.662,367,0.33,0.55,2026-05-13,0839,N21,VIIRS,h,2.0NRT,308.56,8.64,D
30.64634,75.66884,335.19,0.33,0.55,2026-05-13,0839,N21,VIIRS,l,2.0NRT,306.9,4.23,D
30.64606,75.66541,351.24,0.33,0.55,2026-05-13,0839,N21,VIIRS,n,2.0NRT,308.56,4.23,D
30.65113,75.66486,336.35,0.33,0.55,2026-05-13,0839,N21,VIIRS,n,2.0NRT,306.96,4.23,D
30.65425,75.6404,338.43,0.33,0.55,2026-05-13,0839,N21,VIIRS,n,2.0NRT,308.16,2.39,D
30.64727,75.5556,337.94,0.32,0.55,2026-05-13,0839,N21,VIIRS,l,2.0NRT,309.02,3.07,D
30.65258,75.55841,340.74,0.32,0.55,2026-05-13,0839,N21,VIIRS,n,2.0NRT,308.41,3.07,D
30.6951,76.01783,334.28,0.35,0.56,2026-05-13,0839,N21,VIIRS,n,2.0NRT,303.56,1.98,D
30.70866,76.12251,330.54,0.35,0.57,2026-05-13,0839,N21,VIIRS,l,2.0NRT,301.18,2.59,D
30.69508,75.88823,336.05,0.34,0.56,2026-05-13,0839,N21,VIIRS,l,2.0NRT,306.45,3.47,D
30.69234,75.88786,335.45,0.34,0.56,2026-05-13,0839,N21,VIIRS,l,2.0NRT,305.95,1.05,D
30.71447,75.97541,344.73,0.34,0.56,2026-05-13,0839,N21,VIIRS,n,2.0NRT,303.99,3.44,D
30.7027,75.81921,336.66,0.34,0.56,2026-05-13,0839,N21,VIIRS,n,2.0NRT,304.1,2.78,D
30.68389,75.57448,344.49,0.33,0.55,2026-05-13,0839,N21,VIIRS,n,2.0NRT,307.29,3.43,D
30.68362,75.57109,338.17,0.32,0.55,2026-05-13,0839,N21,VIIRS,l,2.0NRT,308.36,3.43,D
30.72103,75.92421,337.42,0.34,0.56,2026-05-13,0839,N21,VIIRS,n,2.0NRT,304.06,1.93,D
30.73243,75.93738,333.53,0.34,0.56,2026-05-13,0839,N21,VIIRS,n,2.0NRT,302.72,1.33,D
30.73189,75.93026,336.71,0.34,0.56,2026-05-13,0839,N21,VIIRS,n,2.0NRT,304.1,3.76,D
30.73896,75.95469,344.07,0.34,0.56,2026-05-13,0839,N21,VIIRS,n,2.0NRT,300.8,3.99,D
30.73705,75.92972,346.47,0.34,0.56,2026-05-13,0839,N21,VIIRS,n,2.0NRT,304,3.76,D
30.7365,75.92257,344.38,0.34,0.56,2026-05-13,0839,N21,VIIRS,n,2.0NRT,305.3,8.31,D
30.71451,75.63979,332.6,0.33,0.55,2026-05-13,0839,N21,VIIRS,l,2.0NRT,304.26,4.66,D
31.1818,75.72466,367,0.34,0.56,2026-05-13,0841,N21,VIIRS,h,2.0NRT,303.72,10.05,D
31.18153,75.72114,343.82,0.34,0.56,2026-05-13,0841,N21,VIIRS,n,2.0NRT,302.73,7.03,D
31.19941,75.75122,336.16,0.34,0.56,2026-05-13,0841,N21,VIIRS,n,2.0NRT,301.68,2.87,D
31.18068,75.51845,330.08,0.33,0.55,2026-05-13,0841,N21,VIIRS,l,2.0NRT,303.24,2.51,D
31.19866,75.55106,335.41,0.33,0.55,2026-05-13,0841,N21,VIIRS,n,2.0NRT,303.04,2.91,D
31.24437,76.05604,332.33,0.35,0.57,2026-05-13,0841,N21,VIIRS,n,2.0NRT,301.66,3.07,D
31.23052,75.88106,342.04,0.34,0.56,2026-05-13,0841,N21,VIIRS,n,2.0NRT,301.39,3.08,D
31.20515,75.56779,335.69,0.33,0.55,2026-05-13,0841,N21,VIIRS,n,2.0NRT,302.68,5.94,D
31.20487,75.56435,353.84,0.33,0.55,2026-05-13,0841,N21,VIIRS,n,2.0NRT,301.97,6.61,D
31.21056,75.7981,333.57,0.34,0.56,2026-05-13,0841,N21,VIIRS,n,2.0NRT,302.16,1.97,D
31.19751,75.55247,335.78,0.33,0.55,2026-05-13,0841,N21,VIIRS,n,2.0NRT,302.48,3.23,D
31.20362,75.56575,367,0.33,0.55,2026-05-13,0841,N21,VIIRS,h,2.0NRT,303.07,8.25,D
31.20634,75.53425,367,0.33,0.55,2026-05-13,0841,N21,VIIRS,h,2.0NRT,304.59,5.94,D
31.23233,75.88256,349.65,0.34,0.56,2026-05-13,0841,N21,VIIRS,n,2.0NRT,300.59,4.59,D
31.23989,75.91455,337.78,0.35,0.56,2026-05-13,0841,N21,VIIRS,n,2.0NRT,303.57,6.24,D
31.23857,75.89644,336.36,0.34,0.56,2026-05-13,0841,N21,VIIRS,n,2.0NRT,303.91,2.96,D
31.25282,75.67258,337.93,0.33,0.56,2026-05-13,0841,N21,VIIRS,n,2.0NRT,302.57,2.45,D
31.28543,75.89514,331.92,0.34,0.56,2026-05-13,0841,N21,VIIRS,l,2.0NRT,302.68,2.13,D
31.29829,75.92662,338.86,0.35,0.56,2026-05-13,0841,N21,VIIRS,n,2.0NRT,303.59,2.32,D
31.15786,75.552,332.41,0.33,0.55,2026-05-13,0841,N21,VIIRS,l,2.0NRT,303.8,2.75,D
31.17653,75.78937,348.58,0.34,0.56,2026-05-13,0841,N21,VIIRS,n,2.0NRT,303.65,4.87,D
31.19427,76.02037,337.4,0.35,0.57,2026-05-13,0841,N21,VIIRS,n,2.0NRT,301.93,2.59,D
31.16179,75.66673,367,0.33,0.56,2026-05-13,0841,N21,VIIRS,h,2.0NRT,305.65,7.51,D
31.1836,76.08839,342.23,0.35,0.57,2026-05-13,0841,N21,VIIRS,n,2.0NRT,302.31,3.82,D
31.15678,75.80223,342.8,0.34,0.56,2026-05-13,0841,N21,VIIRS,n,2.0NRT,305.33,7.69,D
31.15705,75.80579,339.67,0.34,0.56,2026-05-13,0841,N21,VIIRS,n,2.0NRT,304.05,5.99,D
31.16522,75.91331,345.78,0.34,0.56,2026-05-13,0841,N21,VIIRS,n,2.0NRT,303.05,3.5,D
31.15137,75.79922,343.33,0.34,0.56,2026-05-13,0841,N21,VIIRS,n,2.0NRT,304.54,3.1,D
31.15164,75.80278,332.95,0.34,0.56,2026-05-13,0841,N21,VIIRS,l,2.0NRT,303.7,3.1,D
31.17669,76.13777,340.82,0.36,0.57,2026-05-13,0841,N21,VIIRS,n,2.0NRT,304.37,3.09,D
31.13736,75.68345,336.23,0.33,0.56,2026-05-13,0841,N21,VIIRS,n,2.0NRT,302.6,3.61,D
31.14699,75.87888,350.61,0.34,0.56,2026-05-13,0841,N21,VIIRS,n,2.0NRT,302.9,4.86,D
31.11654,75.5461,335.75,0.33,0.55,2026-05-13,0841,N21,VIIRS,n,2.0NRT,301.35,2.65,D
31.12396,75.64272,341.13,0.33,0.55,2026-05-13,0841,N21,VIIRS,n,2.0NRT,302.03,1.93,D
31.13827,75.9016,335.1,0.34,0.56,2026-05-13,0841,N21,VIIRS,n,2.0NRT,304.02,2.89,D
31.12671,75.95753,367,0.35,0.56,2026-05-13,0841,N21,VIIRS,h,2.0NRT,303.34,6.09,D
31.10979,75.86842,350.91,0.34,0.56,2026-05-13,0841,N21,VIIRS,n,2.0NRT,304.18,5.61,D
31.12531,75.95835,367,0.35,0.56,2026-05-13,0841,N21,VIIRS,h,2.0NRT,303.25,7.19,D
31.11298,75.86882,346.94,0.34,0.56,2026-05-13,0841,N21,VIIRS,n,2.0NRT,303.51,5.13,D
31.09904,75.75925,340.75,0.34,0.56,2026-05-13,0841,N21,VIIRS,n,2.0NRT,304.48,2.83,D
31.09391,75.7598,338.26,0.34,0.56,2026-05-13,0841,N21,VIIRS,n,2.0NRT,303.78,2.57,D
31.05768,75.37651,331.06,0.32,0.54,2026-05-13,0841,N21,VIIRS,l,2.0NRT,304.54,1.7,D
31.05795,75.37985,330.41,0.32,0.55,2026-05-13,0841,N21,VIIRS,l,2.0NRT,303.06,1.73,D
31.08879,75.76034,338.38,0.34,0.56,2026-05-13,0841,N21,VIIRS,n,2.0NRT,303.03,2.57,D
31.07197,75.61441,345.15,0.33,0.55,2026-05-13,0841,N21,VIIRS,n,2.0NRT,303.25,2.93,D
30.65613,76.31714,305.19,0.39,0.44,2026-05-13,2104,N21,VIIRS,n,2.0NRT,292.3,0.49,N
30.97322,75.98322,341.59,0.55,0.43,2026-05-14,0822,N21,VIIRS,l,2.0NRT,314.23,11,D
31.0068,76.1731,348.67,0.56,0.43,2026-05-14,0822,N21,VIIRS,n,2.0NRT,317.23,17.53,D
31.02212,76.24726,341.6,0.57,0.43,2026-05-14,0822,N21,VIIRS,l,2.0NRT,312.47,7.07,D
30.99858,75.88448,348.2,0.55,0.42,2026-05-14,0822,N21,VIIRS,n,2.0NRT,315.74,10.23,D
30.99795,75.87881,341.85,0.54,0.42,2026-05-14,0822,N21,VIIRS,l,2.0NRT,315.98,7,D
30.94822,75.40353,337.15,0.52,0.41,2026-05-14,0822,N21,VIIRS,l,2.0NRT,311.16,7.05,D
31.04285,76.14204,348.39,0.56,0.43,2026-05-14,0822,N21,VIIRS,n,2.0NRT,317.38,17.56,D
31.02971,75.81056,341.25,0.54,0.42,2026-05-14,0822,N21,VIIRS,l,2.0NRT,313.84,17.51,D
31.01316,75.63147,340.33,0.53,0.42,2026-05-14,0822,N21,VIIRS,l,2.0NRT,315.17,9.59,D
31.00619,75.57103,346.23,0.53,0.42,2026-05-14,0822,N21,VIIRS,l,2.0NRT,316.85,22.56,D
31.04259,75.75135,340.65,0.54,0.42,2026-05-14,0822,N21,VIIRS,l,2.0NRT,315.03,10.5,D
31.05226,75.80135,341.38,0.54,0.42,2026-05-14,0822,N21,VIIRS,l,2.0NRT,315.81,22.31,D
31.07891,75.96516,345.17,0.55,0.43,2026-05-14,0822,N21,VIIRS,n,2.0NRT,320.04,52.59,D
31.03348,75.50562,344.46,0.52,0.42,2026-05-14,0822,N21,VIIRS,n,2.0NRT,315.24,9.67,D
31.05145,75.6255,349.57,0.53,0.42,2026-05-14,0822,N21,VIIRS,n,2.0NRT,318.4,20.76,D
31.08319,75.79655,341.89,0.54,0.42,2026-05-14,0822,N21,VIIRS,l,2.0NRT,316.24,11.06,D
31.04984,75.62486,348.39,0.53,0.42,2026-05-14,0822,N21,VIIRS,n,2.0NRT,318,18.3,D
31.06455,75.61694,347.6,0.53,0.42,2026-05-14,0822,N21,VIIRS,n,2.0NRT,318.55,15.76,D
31.07583,75.68289,345.24,0.53,0.42,2026-05-14,0822,N21,VIIRS,l,2.0NRT,317.79,15.54,D
31.12773,76.0454,345.85,0.56,0.43,2026-05-14,0822,N21,VIIRS,n,2.0NRT,315.9,10.56,D
31.11948,75.97007,344.26,0.55,0.43,2026-05-14,0822,N21,VIIRS,l,2.0NRT,316.32,18.45,D
31.14969,76.17334,341.6,0.57,0.43,2026-05-14,0822,N21,VIIRS,n,2.0NRT,310.7,7.52,D
31.11657,75.83667,342.23,0.54,0.42,2026-05-14,0822,N21,VIIRS,l,2.0NRT,315.98,10.5,D
31.12489,75.87589,344.01,0.55,0.42,2026-05-14,0822,N21,VIIRS,l,2.0NRT,317.11,10.65,D
31.12426,75.8702,348.18,0.55,0.42,2026-05-14,0822,N21,VIIRS,n,2.0NRT,317.62,10.65,D
31.09273,75.55649,343.08,0.53,0.42,2026-05-14,0822,N21,VIIRS,l,2.0NRT,317.84,10.53,D
31.11689,75.59752,341.32,0.53,0.42,2026-05-14,0822,N21,VIIRS,l,2.0NRT,315.52,13.98,D
31.1093,75.49821,344.95,0.52,0.42,2026-05-14,0822,N21,VIIRS,n,2.0NRT,315.75,13.81,D
31.19116,76.04169,340.63,0.56,0.43,2026-05-14,0822,N21,VIIRS,l,2.0NRT,313.99,12.18,D
31.16502,75.81191,348.06,0.54,0.42,2026-05-14,0822,N21,VIIRS,n,2.0NRT,316.61,19.47,D
31.15014,75.68268,343.86,0.53,0.42,2026-05-14,0822,N21,VIIRS,l,2.0NRT,316.17,9.42,D
31.15252,75.53593,342.41,0.53,0.42,2026-05-14,0822,N21,VIIRS,l,2.0NRT,316.48,14.08,D
31.21044,75.88985,342.74,0.55,0.43,2026-05-14,0822,N21,VIIRS,l,2.0NRT,314.14,13.75,D
31.21244,75.87207,348.42,0.55,0.42,2026-05-14,0822,N21,VIIRS,n,2.0NRT,317.88,14.99,D
30.42472,75.99934,344.76,0.54,0.42,2026-05-14,0822,N21,VIIRS,l,2.0NRT,318.6,8.36,D
31.21263,75.80247,340.35,0.54,0.42,2026-05-14,0822,N21,VIIRS,l,2.0NRT,314.59,9.7,D
31.25604,76.16131,338.74,0.57,0.43,2026-05-14,0822,N21,VIIRS,l,2.0NRT,312.3,11.48,D
31.2046,75.66066,345.34,0.53,0.42,2026-05-14,0822,N21,VIIRS,l,2.0NRT,319.19,16.54,D
31.25108,76.04254,342.45,0.56,0.43,2026-05-14,0822,N21,VIIRS,l,2.0NRT,314.91,8.54,D
31.21364,75.60269,344.86,0.53,0.42,2026-05-14,0822,N21,VIIRS,l,2.0NRT,318.21,10.65,D
31.29557,76.01194,339.88,0.56,0.43,2026-05-14,0822,N21,VIIRS,l,2.0NRT,314.3,6.18,D
31.29826,75.74712,338.59,0.54,0.42,2026-05-14,0822,N21,VIIRS,l,2.0NRT,313.35,11.61,D
31.30725,75.75724,347.94,0.54,0.42,2026-05-14,0822,N21,VIIRS,n,2.0NRT,312.82,8.7,D
31.31445,75.7159,353.4,0.54,0.42,2026-05-14,0822,N21,VIIRS,n,2.0NRT,317.48,18.25,D
31.23856,76.07421,343.98,0.56,0.43,2026-05-14,0822,N21,VIIRS,n,2.0NRT,314.09,9.04,D
30.42859,75.99876,342.18,0.54,0.42,2026-05-14,0822,N21,VIIRS,l,2.0NRT,316.91,8.36,D
30.48502,76.31776,343.74,0.57,0.43,2026-05-14,0822,N21,VIIRS,l,2.0NRT,316.52,14.32,D
30.51684,75.96705,345.48,0.54,0.42,2026-05-14,0822,N21,VIIRS,n,2.0NRT,316.86,11.6,D
30.64582,75.94521,340.04,0.54,0.42,2026-05-14,0822,N21,VIIRS,l,2.0NRT,313.97,13,D
30.66527,75.97678,342.59,0.55,0.42,2026-05-14,0822,N21,VIIRS,l,2.0NRT,313.86,9.03,D
30.64305,75.78632,339.68,0.53,0.42,2026-05-14,0822,N21,VIIRS,l,2.0NRT,313.8,9.2,D
30.6288,75.66543,341.31,0.53,0.42,2026-05-14,0822,N21,VIIRS,l,2.0NRT,314.29,11.15,D
30.63708,75.6697,339.34,0.53,0.42,2026-05-14,0822,N21,VIIRS,l,2.0NRT,312.56,6.98,D
30.66068,75.99895,338.66,0.55,0.43,2026-05-14,0822,N21,VIIRS,l,2.0NRT,313.21,8.34,D
30.641,75.78485,341.81,0.53,0.42,2026-05-14,0822,N21,VIIRS,l,2.0NRT,316.17,8.99,D
30.62746,75.66373,344.18,0.53,0.42,2026-05-14,0822,N21,VIIRS,l,2.0NRT,314.9,14.28,D
30.66595,75.97501,341.99,0.55,0.42,2026-05-14,0822,N21,VIIRS,l,2.0NRT,315.44,13,D
30.63953,75.6674,347.74,0.53,0.42,2026-05-14,0822,N21,VIIRS,n,2.0NRT,314.71,14.25,D
30.627,75.4224,338.16,0.51,0.41,2026-05-14,0822,N21,VIIRS,l,2.0NRT,312.67,5.58,D
30.66696,75.63531,347.75,0.52,0.42,2026-05-14,0822,N21,VIIRS,n,2.0NRT,312.92,11.12,D
30.71391,75.94458,339.12,0.54,0.42,2026-05-14,0822,N21,VIIRS,l,2.0NRT,313.59,8.78,D
30.77704,76.29401,338.49,0.57,0.43,2026-05-14,0822,N21,VIIRS,l,2.0NRT,312.06,10.32,D
30.72558,75.80564,349.1,0.54,0.42,2026-05-14,0822,N21,VIIRS,n,2.0NRT,316.54,19.94,D
30.81596,75.6218,337.22,0.53,0.42,2026-05-14,0822,N21,VIIRS,l,2.0NRT,309.99,5.01,D
30.90903,76.36755,344.9,0.38,0.43,2026-05-14,0822,N21,VIIRS,l,2.0NRT,316.43,9.14,D
30.82633,75.38157,341.06,0.51,0.41,2026-05-14,0822,N21,VIIRS,l,2.0NRT,314.93,12.85,D
30.86901,75.72359,339.44,0.53,0.42,2026-05-14,0822,N21,VIIRS,l,2.0NRT,312.84,5.77,D
30.85205,75.40466,348.97,0.51,0.41,2026-05-14,0822,N21,VIIRS,n,2.0NRT,318.69,16.31,D
30.95242,75.97473,343.01,0.55,0.43,2026-05-14,0822,N21,VIIRS,l,2.0NRT,314.08,14.38,D
30.90751,75.48347,344.4,0.52,0.41,2026-05-14,0822,N21,VIIRS,n,2.0NRT,313.51,14.87,D
30.96932,75.98382,347.54,0.55,0.43,2026-05-14,0822,N21,VIIRS,n,2.0NRT,315.7,11,D
30.97158,75.82923,337.69,0.38,0.36,2026-05-15,0805,N21,VIIRS,l,2.0NRT,310.5,2.21,D
31.0308,76.15909,339.44,0.39,0.36,2026-05-15,0805,N21,VIIRS,l,2.0NRT,311.59,9.07,D
31.04023,76.12881,338.62,0.39,0.36,2026-05-15,0805,N21,VIIRS,l,2.0NRT,313.28,4.57,D
31.07035,76.1724,336.07,0.39,0.36,2026-05-15,0805,N21,VIIRS,l,2.0NRT,309.29,2.83,D
31.00052,75.67999,336.87,0.38,0.36,2026-05-15,0805,N21,VIIRS,n,2.0NRT,301.41,4.37,D
31.082,76.1825,334.05,0.39,0.36,2026-05-15,0805,N21,VIIRS,l,2.0NRT,308.54,30.8,D
31.10555,76.22749,338.11,0.39,0.36,2026-05-15,0805,N21,VIIRS,n,2.0NRT,308.05,4.38,D
31.08857,76.02006,341.77,0.39,0.36,2026-05-15,0805,N21,VIIRS,l,2.0NRT,312.49,9.76,D
31.13945,76.20418,340.96,0.39,0.36,2026-05-15,0805,N21,VIIRS,n,2.0NRT,311.17,2.89,D
31.14402,76.16603,337.37,0.39,0.36,2026-05-15,0805,N21,VIIRS,l,2.0NRT,309.78,2.39,D
31.13334,76.0937,348.79,0.39,0.36,2026-05-15,0805,N21,VIIRS,n,2.0NRT,311.99,9.5,D
31.15105,76.16486,344.34,0.39,0.36,2026-05-15,0805,N21,VIIRS,n,2.0NRT,311.02,4.4,D
31.1109,75.75632,334.34,0.38,0.36,2026-05-15,0805,N21,VIIRS,n,2.0NRT,288.8,3.34,D
31.17372,76.06517,341.5,0.39,0.36,2026-05-15,0805,N21,VIIRS,l,2.0NRT,312.14,5.78,D
31.19542,76.14359,341.16,0.39,0.36,2026-05-15,0805,N21,VIIRS,n,2.0NRT,311.86,4.98,D
31.17926,75.91951,332.43,0.39,0.36,2026-05-15,0805,N21,VIIRS,l,2.0NRT,306.03,2.84,D
31.18255,75.91885,344.53,0.39,0.36,2026-05-15,0805,N21,VIIRS,n,2.0NRT,307.29,2.84,D
31.18585,75.8275,344.96,0.38,0.36,2026-05-15,0805,N21,VIIRS,n,2.0NRT,298.99,15.82,D
31.23356,76.05733,346.75,0.39,0.36,2026-05-15,0805,N21,VIIRS,n,2.0NRT,313.55,6.56,D
31.02156,76.28088,336.12,0.39,0.36,2026-05-15,0805,N21,VIIRS,l,2.0NRT,309.89,5.33,D
30.98011,76.20635,335.77,0.39,0.36,2026-05-15,0805,N21,VIIRS,n,2.0NRT,301.93,1.99,D
30.98035,76.23111,348.19,0.39,0.36,2026-05-15,0805,N21,VIIRS,n,2.0NRT,310.62,8.76,D
30.92722,76.31086,350.4,0.39,0.36,2026-05-15,0805,N21,VIIRS,n,2.0NRT,319.08,16.93,D
30.46558,76.24743,338.11,0.39,0.36,2026-05-15,0805,N21,VIIRS,l,2.0NRT,312.35,7.01,D
30.44342,76.12074,346.4,0.39,0.36,2026-05-15,0805,N21,VIIRS,l,2.0NRT,318.08,9.2,D
30.45604,76.34373,339.49,0.39,0.36,2026-05-15,0805,N21,VIIRS,l,2.0NRT,313.99,9.46,D
30.96915,76.27055,340.5,0.39,0.36,2026-05-15,0805,N21,VIIRS,l,2.0NRT,312.36,5.13,D
31.24355,75.68924,342.67,0.38,0.36,2026-05-15,0805,N21,VIIRS,n,2.0NRT,301.86,5.84,D
31.20448,75.81248,330.76,0.38,0.36,2026-05-15,0805,N21,VIIRS,n,2.0NRT,300.55,3.61,D
30.48605,76.31728,351.98,0.39,0.36,2026-05-15,0805,N21,VIIRS,n,2.0NRT,317.93,16.18,D
30.45787,76.03607,344.81,0.38,0.36,2026-05-15,0805,N21,VIIRS,l,2.0NRT,316.41,7.29,D
30.44302,75.89205,339.36,0.38,0.36,2026-05-15,0805,N21,VIIRS,l,2.0NRT,310.77,3.66,D
30.49843,76.12231,348.36,0.39,0.36,2026-05-15,0805,N21,VIIRS,n,2.0NRT,314.05,9.41,D
30.54665,76.4044,339.1,0.39,0.36,2026-05-15,0805,N21,VIIRS,l,2.0NRT,313.11,8.54,D
30.53745,76.2951,347.8,0.39,0.36,2026-05-15,0805,N21,VIIRS,n,2.0NRT,312.51,12.26,D
30.53452,76.27513,343.37,0.39,0.36,2026-05-15,0805,N21,VIIRS,n,2.0NRT,313.36,5.3,D
30.56569,76.25665,343.75,0.39,0.36,2026-05-15,0805,N21,VIIRS,n,2.0NRT,313.38,4.6,D
30.53499,76.04951,341.08,0.39,0.36,2026-05-15,0805,N21,VIIRS,l,2.0NRT,315.61,7.2,D
30.58651,76.30598,345.8,0.39,0.36,2026-05-15,0805,N21,VIIRS,n,2.0NRT,314.99,4.94,D
30.5538,76.06213,341.83,0.39,0.36,2026-05-15,0805,N21,VIIRS,l,2.0NRT,316.77,4.51,D
30.60544,76.38875,343.87,0.39,0.36,2026-05-15,0805,N21,VIIRS,l,2.0NRT,314.81,6.18,D
30.55708,76.06147,338.81,0.39,0.36,2026-05-15,0805,N21,VIIRS,l,2.0NRT,312.04,4.51,D
30.55266,76.00915,343.39,0.38,0.36,2026-05-15,0805,N21,VIIRS,n,2.0NRT,317.17,9.45,D
30.48192,75.54144,339.62,0.38,0.36,2026-05-15,0805,N21,VIIRS,n,2.0NRT,306.08,3.4,D
30.52164,75.75793,343.61,0.38,0.36,2026-05-15,0805,N21,VIIRS,n,2.0NRT,309.72,3.93,D
30.55419,75.95156,350.91,0.38,0.36,2026-05-15,0805,N21,VIIRS,n,2.0NRT,316.66,7.86,D
30.49044,75.48662,338.37,0.38,0.36,2026-05-15,0805,N21,VIIRS,l,2.0NRT,308.92,3.08,D
30.61557,76.29614,339.34,0.39,0.36,2026-05-15,0805,N21,VIIRS,l,2.0NRT,312.9,2.82,D
30.59464,76.13187,343.96,0.39,0.36,2026-05-15,0805,N21,VIIRS,l,2.0NRT,315.87,6.11,D
30.62408,76.05326,337.29,0.39,0.36,2026-05-15,0805,N21,VIIRS,l,2.0NRT,311.81,4.3,D
30.58268,75.70979,347.47,0.38,0.36,2026-05-15,0805,N21,VIIRS,n,2.0NRT,308.58,7.65,D
30.69967,76.35901,340.4,0.39,0.36,2026-05-15,0805,N21,VIIRS,l,2.0NRT,313.52,2.78,D
30.69791,76.34698,337.66,0.39,0.36,2026-05-15,0805,N21,VIIRS,l,2.0NRT,311,3.02,D
30.69732,76.34297,338.38,0.39,0.36,2026-05-15,0805,N21,VIIRS,l,2.0NRT,312.18,3.02,D
30.71756,76.38852,339.33,0.39,0.36,2026-05-15,0805,N21,VIIRS,l,2.0NRT,311.95,5.05,D
30.66622,76.04074,337.14,0.39,0.36,2026-05-15,0805,N21,VIIRS,l,2.0NRT,309.89,4.51,D
30.72299,76.3792,339.47,0.39,0.36,2026-05-15,0805,N21,VIIRS,l,2.0NRT,313.59,4.05,D
30.62473,75.69717,343.78,0.38,0.36,2026-05-15,0805,N21,VIIRS,n,2.0NRT,313.21,10.83,D
30.67878,76.03413,345.4,0.39,0.36,2026-05-15,0805,N21,VIIRS,n,2.0NRT,309.54,6.96,D
30.64027,75.71037,341.12,0.38,0.36,2026-05-15,0805,N21,VIIRS,n,2.0NRT,313.47,6.2,D
30.63052,75.6186,335.69,0.38,0.36,2026-05-15,0805,N21,VIIRS,n,2.0NRT,305.04,3.65,D
30.68937,75.98726,340.35,0.39,0.36,2026-05-15,0805,N21,VIIRS,l,2.0NRT,313.27,6.68,D
30.6548,75.7118,338.04,0.38,0.36,2026-05-15,0805,N21,VIIRS,l,2.0NRT,311.21,2.63,D
30.65956,75.69856,332.85,0.38,0.36,2026-05-15,0805,N21,VIIRS,l,2.0NRT,307.45,2.17,D
30.64753,75.61922,335.44,0.38,0.36,2026-05-15,0805,N21,VIIRS,l,2.0NRT,305.44,2.31,D
30.7533,76.28286,339.66,0.39,0.36,2026-05-15,0805,N21,VIIRS,l,2.0NRT,313.23,5.97,D
30.75271,76.27885,340.4,0.39,0.36,2026-05-15,0805,N21,VIIRS,l,2.0NRT,315.16,7.56,D
30.70881,75.95876,344.23,0.38,0.36,2026-05-15,0805,N21,VIIRS,n,2.0NRT,313.59,7.67,D
30.77864,76.41006,341.07,0.39,0.36,2026-05-15,0805,N21,VIIRS,l,2.0NRT,315.28,5.09,D
30.71269,75.96208,340.33,0.38,0.36,2026-05-15,0805,N21,VIIRS,l,2.0NRT,312.52,7.1,D
30.7121,75.95811,349.73,0.38,0.36,2026-05-15,0805,N21,VIIRS,n,2.0NRT,314.66,7.67,D
30.74766,75.90178,344.66,0.38,0.36,2026-05-15,0805,N21,VIIRS,n,2.0NRT,313.34,10,D
30.83159,76.35415,344.5,0.39,0.36,2026-05-15,0805,N21,VIIRS,l,2.0NRT,314.99,7.39,D
30.83846,76.2375,336.78,0.39,0.36,2026-05-15,0805,N21,VIIRS,l,2.0NRT,310.42,2.88,D
30.91096,76.3389,336.72,0.39,0.36,2026-05-15,0805,N21,VIIRS,l,2.0NRT,310.86,4.02,D
30.92781,76.31489,339.8,0.39,0.36,2026-05-15,0805,N21,VIIRS,l,2.0NRT,314.27,5.74,D
31.00394,76.1149,367,0.39,0.36,2026-05-15,0805,N21,VIIRS,h,2.0NRT,316.15,14.54,D
30.94007,76.32903,338.38,0.39,0.36,2026-05-15,0805,N21,VIIRS,l,2.0NRT,310.44,4.28,D
30.96314,76.27588,344.3,0.39,0.36,2026-05-15,0805,N21,VIIRS,n,2.0NRT,310.59,7.41,D
30.95705,76.21093,348.34,0.39,0.36,2026-05-15,0805,N21,VIIRS,n,2.0NRT,313.57,6.77,D
30.44796,76.08303,340.08,0.39,0.36,2026-05-15,0805,N21,VIIRS,l,2.0NRT,314.52,7.02,D
30.48804,76.35389,352.54,0.39,0.36,2026-05-15,0805,N21,VIIRS,n,2.0NRT,320.49,20.09,D
30.4591,76.20362,348.63,0.39,0.36,2026-05-15,0805,N21,VIIRS,n,2.0NRT,314.74,7.55,D
31.31585,75.7451,337.66,0.5,0.41,2026-05-16,0744,N21,VIIRS,l,2.0NRT,311.86,10.66,D
31.30519,75.68864,339.08,0.5,0.41,2026-05-16,0744,N21,VIIRS,l,2.0NRT,310.95,9.17,D
30.84525,75.45901,341.42,0.52,0.42,2026-05-16,0744,N21,VIIRS,l,2.0NRT,316.02,6.75,D
30.83607,75.4108,340.67,0.52,0.42,2026-05-16,0744,N21,VIIRS,l,2.0NRT,310.94,6.96,D
30.97147,76.09132,339.35,0.49,0.4,2026-05-16,0744,N21,VIIRS,l,2.0NRT,311.23,10.92,D
30.9751,76.09042,348.43,0.49,0.4,2026-05-16,0744,N21,VIIRS,n,2.0NRT,313.76,12.54,D
30.96201,75.97829,340.54,0.49,0.4,2026-05-16,0744,N21,VIIRS,l,2.0NRT,313.2,5.68,D
30.97309,76.01764,341.31,0.49,0.4,2026-05-16,0744,N21,VIIRS,l,2.0NRT,315.23,10.83,D
30.96565,75.97737,340.4,0.49,0.4,2026-05-16,0744,N21,VIIRS,l,2.0NRT,314.21,5.68,D
31.01051,76.18022,338.01,0.48,0.4,2026-05-16,0744,N21,VIIRS,l,2.0NRT,310,9.92,D
30.98866,76.06094,338.91,0.49,0.4,2026-05-16,0744,N21,VIIRS,l,2.0NRT,312.85,6.93,D
30.97186,76.01491,345.79,0.49,0.4,2026-05-16,0744,N21,VIIRS,n,2.0NRT,314.54,11.43,D
30.96518,75.97975,345.19,0.49,0.4,2026-05-16,0744,N21,VIIRS,n,2.0NRT,314.76,10.3,D
31.02567,76.21972,346.15,0.48,0.4,2026-05-16,0744,N21,VIIRS,l,2.0NRT,310.13,7.15,D
31.04935,76.32637,337.11,0.47,0.4,2026-05-16,0744,N21,VIIRS,n,2.0NRT,311.29,9.99,D
31.03019,76.22374,339.49,0.48,0.4,2026-05-16,0744,N21,VIIRS,l,2.0NRT,312.18,9.78,D
31.02927,76.21883,345.19,0.48,0.4,2026-05-16,0744,N21,VIIRS,l,2.0NRT,311.51,7.15,D
30.92485,75.66817,344.76,0.51,0.41,2026-05-16,0744,N21,VIIRS,n,2.0NRT,311.75,10.72,D
30.9084,75.56255,336.75,0.51,0.41,2026-05-16,0744,N21,VIIRS,l,2.0NRT,310.07,10.61,D
30.95155,75.72666,336.61,0.5,0.41,2026-05-16,0744,N21,VIIRS,l,2.0NRT,309.99,7.01,D
30.98156,75.8643,342.52,0.5,0.41,2026-05-16,0744,N21,VIIRS,l,2.0NRT,314.72,5.58,D
30.9806,75.85919,340.26,0.5,0.41,2026-05-16,0744,N21,VIIRS,l,2.0NRT,311.45,5.58,D
31.0138,76.01499,341.78,0.49,0.4,2026-05-16,0744,N21,VIIRS,l,2.0NRT,312.59,5.13,D
30.98523,75.86338,344.68,0.5,0.41,2026-05-16,0744,N21,VIIRS,n,2.0NRT,311.68,5.58,D
30.98426,75.85828,341.62,0.5,0.41,2026-05-16,0744,N21,VIIRS,n,2.0NRT,311.13,5.58,D
30.95301,75.69373,337.7,0.51,0.41,2026-05-16,0744,N21,VIIRS,l,2.0NRT,311.93,7.09,D
30.9542,75.63889,342.38,0.51,0.41,2026-05-16,0744,N21,VIIRS,l,2.0NRT,313.06,7.97,D
30.9589,75.64317,344.18,0.51,0.41,2026-05-16,0744,N21,VIIRS,n,2.0NRT,312.32,7.97,D
30.96558,75.65788,347.41,0.51,0.41,2026-05-16,0744,N21,VIIRS,n,2.0NRT,312.99,19.53,D
30.95465,75.60039,340.54,0.51,0.41,2026-05-16,0744,N21,VIIRS,l,2.0NRT,315.22,30.7,D
30.94563,75.55309,346.83,0.51,0.41,2026-05-16,0744,N21,VIIRS,n,2.0NRT,313.51,13.66,D
30.92637,75.45241,335.67,0.52,0.42,2026-05-16,0744,N21,VIIRS,l,2.0NRT,309.89,6.12,D
31.02718,75.96429,340.37,0.49,0.4,2026-05-16,0744,N21,VIIRS,l,2.0NRT,312.92,11.43,D
30.9673,75.64651,338.47,0.51,0.41,2026-05-16,0744,N21,VIIRS,l,2.0NRT,311.27,9.05,D
30.93113,75.45678,336.33,0.52,0.41,2026-05-16,0744,N21,VIIRS,l,2.0NRT,311,4.02,D
30.97002,75.64037,343.21,0.51,0.41,2026-05-16,0744,N21,VIIRS,n,2.0NRT,315.37,6.89,D
31.01647,75.86623,341.45,0.5,0.41,2026-05-16,0744,N21,VIIRS,l,2.0NRT,312.17,6.07,D
30.99916,75.77411,347.31,0.5,0.41,2026-05-16,0744,N21,VIIRS,n,2.0NRT,311.99,14.06,D
30.97372,75.63942,345.92,0.51,0.41,2026-05-16,0744,N21,VIIRS,n,2.0NRT,314.34,6.89,D
31.05206,76.01597,346.36,0.49,0.4,2026-05-16,0744,N21,VIIRS,n,2.0NRT,315.03,12.78,D
30.96923,75.57468,340.18,0.51,0.41,2026-05-16,0744,N21,VIIRS,l,2.0NRT,312.45,10.34,D
30.95318,75.49018,339.56,0.52,0.41,2026-05-16,0744,N21,VIIRS,l,2.0NRT,313.96,9.87,D
31.06035,76.04014,340.79,0.49,0.4,2026-05-16,0744,N21,VIIRS,l,2.0NRT,313.62,5.49,D
30.9417,75.40928,342.68,0.52,0.42,2026-05-16,0744,N21,VIIRS,n,2.0NRT,311.99,6.66,D
30.94544,75.40832,340.54,0.52,0.42,2026-05-16,0744,N21,VIIRS,l,2.0NRT,312.65,6.66,D
31.07775,76.09318,338.33,0.48,0.4,2026-05-16,0744,N21,VIIRS,l,2.0NRT,310.55,6.22,D
30.95833,75.45543,339.47,0.52,0.41,2026-05-16,0744,N21,VIIRS,l,2.0NRT,312.5,13.33,D
30.99498,75.62858,348.09,0.51,0.41,2026-05-16,0744,N21,VIIRS,n,2.0NRT,314.55,13.5,D
30.9841,75.57091,340.97,0.51,0.41,2026-05-16,0744,N21,VIIRS,l,2.0NRT,313.26,7.03,D
30.99868,75.62764,338.61,0.51,0.41,2026-05-16,0744,N21,VIIRS,l,2.0NRT,312.49,9.92,D
31.05134,75.86818,347.14,0.5,0.41,2026-05-16,0744,N21,VIIRS,n,2.0NRT,315.37,17.77,D
31.07638,75.94149,345.05,0.49,0.4,2026-05-16,0744,N21,VIIRS,n,2.0NRT,313.69,6.29,D
30.9724,75.38454,340.77,0.52,0.42,2026-05-16,0744,N21,VIIRS,l,2.0NRT,313.34,9.58,D
31.01166,75.62776,339.92,0.51,0.41,2026-05-16,0744,N21,VIIRS,l,2.0NRT,313,9.34,D
31.07622,75.94457,338.85,0.49,0.4,2026-05-16,0744,N21,VIIRS,l,2.0NRT,311.75,3.43,D
31.03433,75.72533,340.52,0.5,0.41,2026-05-16,0744,N21,VIIRS,l,2.0NRT,314.66,9.63,D
30.97193,75.38274,340.75,0.52,0.42,2026-05-16,0744,N21,VIIRS,l,2.0NRT,313,9.81,D
30.98504,75.42986,348.76,0.52,0.42,2026-05-16,0744,N21,VIIRS,n,2.0NRT,314.5,12.81,D
31.10517,76.03713,341,0.49,0.4,2026-05-16,0744,N21,VIIRS,l,2.0NRT,313.39,7.34,D
31.0665,75.79269,340.9,0.5,0.41,2026-05-16,0744,N21,VIIRS,l,2.0NRT,313.68,10.44,D
31.0379,75.64299,346.95,0.51,0.41,2026-05-16,0744,N21,VIIRS,n,2.0NRT,315.56,11.82,D
31.0872,75.841,344.7,0.5,0.41,2026-05-16,0744,N21,VIIRS,l,2.0NRT,317.39,11.15,D
31.15104,76.16064,339.72,0.48,0.4,2026-05-16,0744,N21,VIIRS,l,2.0NRT,310.19,6.49,D
31.09087,75.84009,353.81,0.5,0.41,2026-05-16,0744,N21,VIIRS,n,2.0NRT,318.92,11.15,D
31.07708,75.74702,340.4,0.5,0.41,2026-05-16,0744,N21,VIIRS,l,2.0NRT,314.46,7.56,D
31.05043,75.60703,348.84,0.51,0.41,2026-05-16,0744,N21,VIIRS,n,2.0NRT,312.83,15.04,D
31.17014,76.2228,338.69,0.48,0.4,2026-05-16,0744,N21,VIIRS,l,2.0NRT,309.05,4.47,D
31.16553,76.17767,338.97,0.48,0.4,2026-05-16,0744,N21,VIIRS,l,2.0NRT,309.4,4.5,D
31.1084,75.85167,339.04,0.49,0.41,2026-05-16,0744,N21,VIIRS,l,2.0NRT,313.96,5.81,D
31.10649,75.8415,350.83,0.5,0.41,2026-05-16,0744,N21,VIIRS,n,2.0NRT,315.31,14.85,D
31.08324,75.71846,339.37,0.5,0.41,2026-05-16,0744,N21,VIIRS,l,2.0NRT,312.55,6.9,D
31.08693,75.71752,344.4,0.5,0.41,2026-05-16,0744,N21,VIIRS,l,2.0NRT,316.05,15.83,D
31.13657,75.96111,336.87,0.49,0.4,2026-05-16,0744,N21,VIIRS,l,2.0NRT,311.26,3.79,D
31.15143,76.02036,348.45,0.49,0.4,2026-05-16,0744,N21,VIIRS,n,2.0NRT,311.74,11.99,D
31.14103,75.94418,341.22,0.49,0.4,2026-05-16,0744,N21,VIIRS,n,2.0NRT,311.1,8.43,D
31.13307,75.84014,342.72,0.5,0.41,2026-05-16,0744,N21,VIIRS,l,2.0NRT,316.48,10.86,D
31.15561,75.94052,337.43,0.49,0.4,2026-05-16,0744,N21,VIIRS,l,2.0NRT,310.06,4.01,D
31.18866,76.01629,336.48,0.49,0.4,2026-05-16,0744,N21,VIIRS,l,2.0NRT,306.79,3.93,D
31.1522,75.81931,347.42,0.5,0.41,2026-05-16,0744,N21,VIIRS,n,2.0NRT,315.45,10.83,D
31.19499,76.00948,340.69,0.49,0.4,2026-05-16,0744,N21,VIIRS,n,2.0NRT,309.97,6.23,D
31.19503,76.0116,345.26,0.49,0.4,2026-05-16,0744,N21,VIIRS,n,2.0NRT,310.07,7.03,D
31.16321,75.82419,341.8,0.5,0.41,2026-05-16,0744,N21,VIIRS,l,2.0NRT,314.98,7.22,D
31.14208,75.67355,342.48,0.5,0.41,2026-05-16,0744,N21,VIIRS,l,2.0NRT,313.55,9.17,D
31.11361,75.50555,337.43,0.51,0.41,2026-05-16,0744,N21,VIIRS,l,2.0NRT,311.61,7.86,D
31.1798,75.8307,341.97,0.49,0.41,2026-05-16,0744,N21,VIIRS,l,2.0NRT,315.27,7.35,D
31.22475,75.96751,341.16,0.49,0.4,2026-05-16,0744,N21,VIIRS,l,2.0NRT,311.66,6.76,D
31.14702,75.55767,340.01,0.51,0.41,2026-05-16,0744,N21,VIIRS,l,2.0NRT,313.81,8.78,D
31.24873,76.03474,338.51,0.48,0.4,2026-05-16,0744,N21,VIIRS,l,2.0NRT,311.85,11.3,D
31.17478,75.62177,339.13,0.51,0.41,2026-05-16,0744,N21,VIIRS,l,2.0NRT,312.07,6.76,D
31.21831,75.83167,341.4,0.49,0.41,2026-05-16,0744,N21,VIIRS,l,2.0NRT,314.29,5.39,D
31.21736,75.82658,340.23,0.49,0.41,2026-05-16,0744,N21,VIIRS,l,2.0NRT,315.16,5.39,D
31.21297,75.74205,344.86,0.5,0.41,2026-05-16,0744,N21,VIIRS,n,2.0NRT,314.86,13.45,D
31.26846,75.97756,342.69,0.49,0.4,2026-05-16,0744,N21,VIIRS,n,2.0NRT,310.75,6.33,D
31.1908,75.563,339.44,0.51,0.41,2026-05-16,0744,N21,VIIRS,l,2.0NRT,309.77,6.94,D
31.27209,75.97665,346.63,0.49,0.4,2026-05-16,0744,N21,VIIRS,n,2.0NRT,313.3,6.33,D
31.24282,75.67509,337.98,0.5,0.41,2026-05-16,0744,N21,VIIRS,l,2.0NRT,312.75,13.7,D
31.24041,75.67261,344.54,0.5,0.41,2026-05-16,0744,N21,VIIRS,n,2.0NRT,312.41,7.86,D
31.23443,75.64159,343.06,0.5,0.41,2026-05-16,0744,N21,VIIRS,l,2.0NRT,315.44,9.58,D
31.24409,75.67167,340.67,0.5,0.41,2026-05-16,0744,N21,VIIRS,l,2.0NRT,312.86,8.72,D
31.27602,75.71759,341.87,0.5,0.41,2026-05-16,0744,N21,VIIRS,l,2.0NRT,314.88,11.43,D
30.93719,75.94748,339.39,0.49,0.4,2026-05-16,0744,N21,VIIRS,l,2.0NRT,312.77,5.84,D
30.93824,75.97366,345.58,0.49,0.4,2026-05-16,0744,N21,VIIRS,n,2.0NRT,313.44,10.57,D
30.95781,76.07906,337.9,0.49,0.4,2026-05-16,0744,N21,VIIRS,l,2.0NRT,311.07,7.62,D
30.96258,76.16626,345.1,0.48,0.4,2026-05-16,0744,N21,VIIRS,n,2.0NRT,314.49,13.42,D
30.93396,76.03264,341.13,0.49,0.4,2026-05-16,0744,N21,VIIRS,l,2.0NRT,311.18,7.33,D
30.91482,76.03217,342.31,0.49,0.4,2026-05-16,0744,N21,VIIRS,l,2.0NRT,313.34,6.59,D
30.96369,76.29449,341.85,0.48,0.4,2026-05-16,0744,N21,VIIRS,l,2.0NRT,312.03,8.5,D
30.96462,76.3401,346.8,0.47,0.4,2026-05-16,0744,N21,VIIRS,n,2.0NRT,312.02,12.17,D
30.80442,75.61371,335.46,0.51,0.41,2026-05-16,0744,N21,VIIRS,l,2.0NRT,309.25,6.2,D
30.79562,75.58835,336.78,0.51,0.41,2026-05-16,0744,N21,VIIRS,l,2.0NRT,310.58,5.16,D
30.76407,75.44597,343.88,0.52,0.42,2026-05-16,0744,N21,VIIRS,n,2.0NRT,310.79,7.17,D
30.79698,75.61559,337.99,0.51,0.41,2026-05-16,0744,N21,VIIRS,l,2.0NRT,310.48,9.99,D
30.7769,75.53214,337.1,0.52,0.41,2026-05-16,0744,N21,VIIRS,l,2.0NRT,308.98,4.83,D
30.79055,75.62271,341.04,0.51,0.41,2026-05-16,0744,N21,VIIRS,l,2.0NRT,314.11,14.21,D
30.76481,75.44875,336.25,0.52,0.42,2026-05-16,0744,N21,VIIRS,l,2.0NRT,306.47,4.81,D
30.79578,75.6134,346.09,0.51,0.41,2026-05-16,0744,N21,VIIRS,n,2.0NRT,315.5,10.31,D
30.77616,75.52976,340.92,0.52,0.41,2026-05-16,0744,N21,VIIRS,n,2.0NRT,308.73,4.5,D
30.79031,75.62581,340.8,0.51,0.41,2026-05-16,0744,N21,VIIRS,l,2.0NRT,314.48,14.33,D
30.80152,75.72698,338.37,0.51,0.41,2026-05-16,0744,N21,VIIRS,l,2.0NRT,312.22,7.03,D
30.90597,76.29156,339.93,0.48,0.4,2026-05-16,0744,N21,VIIRS,l,2.0NRT,309.69,7.38,D
30.75859,75.70508,341.08,0.51,0.41,2026-05-16,0744,N21,VIIRS,n,2.0NRT,307.48,8.71,D
30.71056,75.47375,346.29,0.52,0.42,2026-05-16,0744,N21,VIIRS,n,2.0NRT,312.27,8.45,D
30.7667,75.76836,339.44,0.51,0.41,2026-05-16,0744,N21,VIIRS,l,2.0NRT,313.68,7.88,D
30.74822,75.77297,342.32,0.51,0.41,2026-05-16,0744,N21,VIIRS,l,2.0NRT,312.85,5.36,D
30.7492,75.77814,336.69,0.5,0.41,2026-05-16,0744,N21,VIIRS,l,2.0NRT,309.99,5.36,D
30.67975,75.4366,338.85,0.53,0.42,2026-05-16,0744,N21,VIIRS,l,2.0NRT,312.18,5.78,D
30.67846,75.47066,340.28,0.52,0.42,2026-05-16,0744,N21,VIIRS,l,2.0NRT,312.8,7.11,D
30.73416,75.76022,340.9,0.51,0.41,2026-05-16,0744,N21,VIIRS,l,2.0NRT,311.9,9.79,D
30.76502,75.98304,339.74,0.49,0.41,2026-05-16,0744,N21,VIIRS,l,2.0NRT,313.19,5.77,D
30.67493,75.59418,346.44,0.52,0.41,2026-05-16,0744,N21,VIIRS,n,2.0NRT,313.43,7.37,D
30.6526,75.49962,339.58,0.52,0.42,2026-05-16,0744,N21,VIIRS,l,2.0NRT,313.37,9.39,D
30.74383,75.97238,349.59,0.49,0.41,2026-05-16,0744,N21,VIIRS,n,2.0NRT,314.98,20.42,D
30.67489,75.59587,339.74,0.52,0.41,2026-05-16,0744,N21,VIIRS,l,2.0NRT,312.16,8.5,D
30.74449,75.96882,343.04,0.5,0.41,2026-05-16,0744,N21,VIIRS,n,2.0NRT,310.58,7.25,D
30.6531,75.50111,339.05,0.52,0.42,2026-05-16,0744,N21,VIIRS,l,2.0NRT,313.16,10.23,D
30.74083,75.96973,340.62,0.5,0.41,2026-05-16,0744,N21,VIIRS,l,2.0NRT,312.55,7.25,D
30.74177,75.9748,342.13,0.49,0.41,2026-05-16,0744,N21,VIIRS,l,2.0NRT,315.88,14.16,D
30.67137,75.70139,346.51,0.51,0.41,2026-05-16,0744,N21,VIIRS,n,2.0NRT,315.18,12.5,D
30.6637,75.68139,339.06,0.51,0.41,2026-05-16,0744,N21,VIIRS,l,2.0NRT,313.15,5.76,D
30.6969,75.85779,343.89,0.5,0.41,2026-05-16,0744,N21,VIIRS,l,2.0NRT,313.92,7.49,D
30.62988,75.52377,348.44,0.52,0.42,2026-05-16,0744,N21,VIIRS,n,2.0NRT,316.5,12.49,D
30.6309,75.52909,340.63,0.52,0.42,2026-05-16,0744,N21,VIIRS,l,2.0NRT,313.42,12.49,D
30.73118,76.06194,341,0.49,0.4,2026-05-16,0744,N21,VIIRS,l,2.0NRT,314.59,6.09,D
30.73584,76.08702,346.15,0.49,0.4,2026-05-16,0744,N21,VIIRS,n,2.0NRT,312.4,9.06,D
30.6433,75.61489,341.23,0.52,0.41,2026-05-16,0744,N21,VIIRS,l,2.0NRT,314.31,6.33,D
30.76259,76.27251,338.49,0.48,0.4,2026-05-16,0744,N21,VIIRS,l,2.0NRT,310.25,7.11,D
30.70515,75.98389,347.91,0.49,0.41,2026-05-16,0744,N21,VIIRS,n,2.0NRT,317.08,25.85,D
30.58132,75.43489,337.06,0.53,0.42,2026-05-16,0744,N21,VIIRS,l,2.0NRT,310.03,4.67,D
30.68698,76.00958,343.93,0.49,0.41,2026-05-16,0744,N21,VIIRS,l,2.0NRT,316.06,10.51,D
30.75006,76.38802,342.74,0.47,0.4,2026-05-16,0744,N21,VIIRS,l,2.0NRT,314.72,6.7,D
30.57947,75.54766,341.86,0.52,0.42,2026-05-16,0744,N21,VIIRS,l,2.0NRT,314.45,18.33,D
30.57159,75.52731,337.83,0.52,0.42,2026-05-16,0744,N21,VIIRS,l,2.0NRT,312.22,7.06,D
30.53143,75.40219,338.48,0.53,0.42,2026-05-16,0744,N21,VIIRS,l,2.0NRT,310.58,5.1,D
30.61827,75.85043,334.54,0.5,0.41,2026-05-16,0744,N21,VIIRS,l,2.0NRT,309.27,6.28,D
30.66217,76.12092,344.18,0.49,0.4,2026-05-16,0744,N21,VIIRS,l,2.0NRT,318.21,28.46,D
30.61616,75.84872,338.13,0.5,0.41,2026-05-16,0744,N21,VIIRS,l,2.0NRT,311.28,10.28,D
30.529,75.40578,338.99,0.53,0.42,2026-05-16,0744,N21,VIIRS,l,2.0NRT,311.1,5.72,D
30.66324,76.12393,349.12,0.49,0.4,2026-05-16,0744,N21,VIIRS,n,2.0NRT,320.12,23.09,D
30.49235,75.48295,340.13,0.53,0.42,2026-05-16,0744,N21,VIIRS,l,2.0NRT,311.52,7.25,D
30.48858,75.48389,337.02,0.53,0.42,2026-05-16,0744,N21,VIIRS,l,2.0NRT,310.21,5.01,D
30.62255,76.2121,339.55,0.48,0.4,2026-05-16,0744,N21,VIIRS,l,2.0NRT,313.62,4.73,D
30.57276,75.96677,343.97,0.5,0.41,2026-05-16,0744,N21,VIIRS,l,2.0NRT,314.76,8.71,D
30.51722,75.85717,336.19,0.5,0.41,2026-05-16,0744,N21,VIIRS,l,2.0NRT,308.11,0.49,D
30.54742,76.01556,336.69,0.5,0.41,2026-05-16,0744,N21,VIIRS,l,2.0NRT,310.88,4.67,D
30.50316,75.84446,336.53,0.51,0.41,2026-05-16,0744,N21,VIIRS,l,2.0NRT,309.27,2.72,D
30.60128,76.36143,342.21,0.48,0.4,2026-05-16,0744,N21,VIIRS,l,2.0NRT,315.54,6.47,D
30.4363,75.51956,338.86,0.53,0.42,2026-05-16,0744,N21,VIIRS,l,2.0NRT,308.88,7.44,D
30.52014,75.95311,340.05,0.5,0.41,2026-05-16,0744,N21,VIIRS,l,2.0NRT,314.98,6.69,D
30.5051,75.84159,337.67,0.51,0.41,2026-05-16,0744,N21,VIIRS,l,2.0NRT,308.57,3.02,D
30.43732,75.52216,338.46,0.53,0.42,2026-05-16,0744,N21,VIIRS,l,2.0NRT,309.15,4.36,D
30.53545,76.27285,340.84,0.48,0.4,2026-05-16,0744,N21,VIIRS,l,2.0NRT,311.95,7.12,D
30.43722,75.91243,340.82,0.5,0.41,2026-05-16,0744,N21,VIIRS,l,2.0NRT,314.28,5.39,D
30.44403,75.9483,339.79,0.5,0.41,2026-05-16,0744,N21,VIIRS,l,2.0NRT,312.21,7.13,D
30.47495,76.15247,338.75,0.49,0.4,2026-05-16,0744,N21,VIIRS,l,2.0NRT,313.51,8.74,D
30.44941,76.03757,339.93,0.5,0.41,2026-05-16,0744,N21,VIIRS,l,2.0NRT,314.42,8.26,D
30.4713,76.15337,345.73,0.49,0.4,2026-05-16,0744,N21,VIIRS,n,2.0NRT,312.58,8.74,D
30.50664,76.34166,338.91,0.48,0.4,2026-05-16,0744,N21,VIIRS,l,2.0NRT,313.79,9.38,D
30.43124,75.96217,339.01,0.5,0.41,2026-05-16,0744,N21,VIIRS,l,2.0NRT,311.84,8.32,D
30.50124,76.35322,339.93,0.48,0.4,2026-05-16,0744,N21,VIIRS,l,2.0NRT,313.44,5.97,D
30.44426,75.62723,344.28,0.64,0.54,2026-05-17,0726,N21,VIIRS,n,2.0NRT,311.83,8.72,D
30.54233,76.00375,337.1,0.6,0.53,2026-05-17,0726,N21,VIIRS,l,2.0NRT,311.04,3.76,D
30.53671,75.97948,336.71,0.6,0.53,2026-05-17,0726,N21,VIIRS,l,2.0NRT,309.4,3.37,D
30.63236,76.33102,335.02,0.57,0.52,2026-05-17,0726,N21,VIIRS,l,2.0NRT,308.61,3.46,D
30.60235,76.13341,354.7,0.59,0.53,2026-05-17,0726,N21,VIIRS,n,2.0NRT,310.61,22.58,D
30.52168,75.75976,341.66,0.62,0.54,2026-05-17,0726,N21,VIIRS,n,2.0NRT,310.62,6.95,D
30.49027,75.51186,354.94,0.32,0.55,2026-05-17,0726,N21,VIIRS,n,2.0NRT,311.33,8.64,D
30.6393,76.14156,337.86,0.59,0.53,2026-05-17,0726,N21,VIIRS,l,2.0NRT,310.67,4.86,D
30.6217,76.01905,341.76,0.6,0.53,2026-05-17,0726,N21,VIIRS,n,2.0NRT,310.07,4.95,D
30.48414,75.39475,367,0.33,0.55,2026-05-17,0726,N21,VIIRS,h,2.0NRT,309.93,6.15,D
30.60303,75.91421,343.25,0.61,0.53,2026-05-17,0726,N21,VIIRS,n,2.0NRT,312.24,6.57,D
30.5083,75.4995,338.36,0.32,0.55,2026-05-17,0726,N21,VIIRS,n,2.0NRT,307.73,2.77,D
30.48905,75.39326,346.7,0.33,0.55,2026-05-17,0726,N21,VIIRS,n,2.0NRT,309.79,4.59,D
30.61018,75.83315,342.55,0.61,0.54,2026-05-17,0726,N21,VIIRS,n,2.0NRT,310.94,7.58,D
30.60752,75.91659,342.13,0.61,0.53,2026-05-17,0726,N21,VIIRS,n,2.0NRT,313.37,8.93,D
30.60799,75.83109,338.73,0.61,0.54,2026-05-17,0726,N21,VIIRS,l,2.0NRT,309.83,5.69,D
30.75177,76.39105,336.64,0.56,0.52,2026-05-17,0726,N21,VIIRS,l,2.0NRT,308.27,3.38,D
30.64754,75.89169,343.09,0.61,0.53,2026-05-17,0726,N21,VIIRS,n,2.0NRT,312.11,7.37,D
30.71895,76.15927,335.42,0.58,0.52,2026-05-17,0726,N21,VIIRS,l,2.0NRT,306.17,3.4,D
30.67247,75.9559,335.22,0.6,0.53,2026-05-17,0726,N21,VIIRS,l,2.0NRT,308.5,5.41,D
30.57936,75.53097,354.3,0.32,0.55,2026-05-17,0726,N21,VIIRS,n,2.0NRT,309.78,3.98,D
30.61193,75.51421,349.42,0.32,0.55,2026-05-17,0726,N21,VIIRS,n,2.0NRT,310.15,5.22,D
30.65401,75.5617,348.84,0.63,0.54,2026-05-17,0726,N21,VIIRS,n,2.0NRT,308.91,12.58,D
30.70757,75.77486,335.09,0.61,0.54,2026-05-17,0726,N21,VIIRS,l,2.0NRT,308.18,6.84,D
30.72325,75.93826,339.74,0.6,0.53,2026-05-17,0726,N21,VIIRS,n,2.0NRT,311.02,5.71,D
30.65498,75.55919,344.82,0.63,0.54,2026-05-17,0726,N21,VIIRS,n,2.0NRT,310.11,8.41,D
30.65787,75.50512,344.17,0.32,0.55,2026-05-17,0726,N21,VIIRS,n,2.0NRT,310.87,4.62,D
30.69956,75.66122,333.6,0.62,0.54,2026-05-17,0726,N21,VIIRS,l,2.0NRT,305.87,3.38,D
30.69703,75.62821,335.62,0.63,0.54,2026-05-17,0726,N21,VIIRS,l,2.0NRT,308.78,7.06,D
30.88175,76.36835,335.11,0.56,0.52,2026-05-17,0726,N21,VIIRS,l,2.0NRT,309.82,5.1,D
30.88047,76.36264,339.85,0.56,0.52,2026-05-17,0726,N21,VIIRS,n,2.0NRT,308.15,5.1,D
30.70456,75.57159,334.31,0.63,0.54,2026-05-17,0726,N21,VIIRS,l,2.0NRT,308.47,5.43,D
30.71971,75.61462,336.52,0.63,0.54,2026-05-17,0726,N21,VIIRS,l,2.0NRT,307.14,5.42,D
30.82244,76.01822,354.36,0.59,0.53,2026-05-17,0726,N21,VIIRS,n,2.0NRT,313.48,10.25,D
30.90605,76.36707,341.06,0.56,0.52,2026-05-17,0726,N21,VIIRS,n,2.0NRT,310.79,3.07,D
30.82851,76.0228,341.64,0.59,0.53,2026-05-17,0726,N21,VIIRS,l,2.0NRT,312.76,10.25,D
30.82715,76.01682,345.14,0.59,0.53,2026-05-17,0726,N21,VIIRS,n,2.0NRT,312.65,10.25,D
30.90684,76.3486,343.27,0.56,0.52,2026-05-17,0726,N21,VIIRS,n,2.0NRT,310.13,7.44,D
30.90762,76.33012,334.04,0.56,0.52,2026-05-17,0726,N21,VIIRS,l,2.0NRT,306.81,8.15,D
30.70274,75.38383,338.63,0.32,0.55,2026-05-17,0726,N21,VIIRS,l,2.0NRT,309.91,3.72,D
30.83439,75.93751,341.03,0.6,0.53,2026-05-17,0726,N21,VIIRS,l,2.0NRT,313.92,15.31,D
30.72413,75.45393,341.15,0.32,0.55,2026-05-17,0726,N21,VIIRS,n,2.0NRT,311.06,4.93,D
30.7588,75.58247,333.07,0.63,0.54,2026-05-17,0726,N21,VIIRS,l,2.0NRT,306.9,5.24,D
30.78718,75.66175,334.32,0.62,0.54,2026-05-17,0726,N21,VIIRS,l,2.0NRT,308.53,3.77,D
30.93487,76.29754,333.65,0.57,0.52,2026-05-17,0726,N21,VIIRS,l,2.0NRT,308.48,4.01,D
30.79395,75.64624,343.81,0.62,0.54,2026-05-17,0726,N21,VIIRS,n,2.0NRT,309.86,16.23,D
30.9403,76.39767,337.56,0.56,0.51,2026-05-17,0726,N21,VIIRS,l,2.0NRT,311.36,8.71,D
30.83378,75.93636,344.78,0.6,0.53,2026-05-17,0726,N21,VIIRS,n,2.0NRT,315.66,17.68,D
30.83237,75.93033,337.02,0.6,0.53,2026-05-17,0726,N21,VIIRS,l,2.0NRT,310.64,17.68,D
30.76071,75.58091,339.93,0.63,0.54,2026-05-17,0726,N21,VIIRS,n,2.0NRT,307.79,6.82,D
30.78481,75.66147,333.45,0.62,0.54,2026-05-17,0726,N21,VIIRS,l,2.0NRT,307.72,5.33,D
30.91276,76.14777,340.74,0.58,0.52,2026-05-17,0726,N21,VIIRS,n,2.0NRT,306.87,3.93,D
30.7963,75.64458,343.67,0.62,0.54,2026-05-17,0726,N21,VIIRS,n,2.0NRT,311.11,8.52,D
30.80697,75.66823,334.91,0.62,0.54,2026-05-17,0726,N21,VIIRS,l,2.0NRT,309.4,4.17,D
30.80111,75.64313,343.28,0.62,0.54,2026-05-17,0726,N21,VIIRS,n,2.0NRT,310.37,8.52,D
30.83633,75.77245,344.16,0.61,0.53,2026-05-17,0726,N21,VIIRS,n,2.0NRT,311.97,12.02,D
30.80593,75.64168,336.25,0.62,0.54,2026-05-17,0726,N21,VIIRS,l,2.0NRT,309.26,2.5,D
30.76234,75.45538,351.56,0.32,0.55,2026-05-17,0726,N21,VIIRS,n,2.0NRT,307.7,4.02,D
30.93476,76.135,342.55,0.58,0.52,2026-05-17,0726,N21,VIIRS,n,2.0NRT,309.93,17.76,D
30.90841,75.99751,345.17,0.59,0.53,2026-05-17,0726,N21,VIIRS,n,2.0NRT,310.79,8.18,D
30.94543,76.13811,342.89,0.58,0.52,2026-05-17,0726,N21,VIIRS,n,2.0NRT,308.8,6.5,D
30.91447,76.00205,339.29,0.59,0.53,2026-05-17,0726,N21,VIIRS,l,2.0NRT,312,8.18,D
30.91917,76.00065,339.19,0.59,0.53,2026-05-17,0726,N21,VIIRS,l,2.0NRT,312.53,6.45,D
30.7952,75.37246,367,0.32,0.55,2026-05-17,0726,N21,VIIRS,h,2.0NRT,310.28,7.48,D
30.95212,76.03531,344.25,0.59,0.53,2026-05-17,0726,N21,VIIRS,n,2.0NRT,313.09,15.07,D
30.86461,75.65084,338.38,0.62,0.54,2026-05-17,0726,N21,VIIRS,l,2.0NRT,312.16,8.74,D
30.82109,75.46174,339.42,0.32,0.54,2026-05-17,0726,N21,VIIRS,l,2.0NRT,309.46,3.41,D
31.00698,76.21306,340.82,0.57,0.52,2026-05-17,0726,N21,VIIRS,n,2.0NRT,306.97,3.42,D
30.97157,76.01042,348.48,0.59,0.53,2026-05-17,0726,N21,VIIRS,n,2.0NRT,312.01,8.73,D
30.97626,76.00903,345.93,0.59,0.53,2026-05-17,0726,N21,VIIRS,n,2.0NRT,312.84,8.73,D
31.03323,76.24224,344.05,0.57,0.52,2026-05-17,0726,N21,VIIRS,n,2.0NRT,312.69,14.93,D
31.03195,76.23647,343.52,0.57,0.52,2026-05-17,0726,N21,VIIRS,n,2.0NRT,311.47,14.93,D
31.03658,76.23508,337.46,0.57,0.52,2026-05-17,0726,N21,VIIRS,l,2.0NRT,309.94,14.93,D
31.00785,76.20985,341.13,0.57,0.52,2026-05-17,0726,N21,VIIRS,n,2.0NRT,307.8,1.62,D
30.97114,76.00773,343.48,0.59,0.53,2026-05-17,0726,N21,VIIRS,n,2.0NRT,311.95,12.23,D
31.02971,76.24036,341.1,0.57,0.52,2026-05-17,0726,N21,VIIRS,n,2.0NRT,310.27,7.49,D
30.97584,76.00635,340.46,0.59,0.53,2026-05-17,0726,N21,VIIRS,l,2.0NRT,312.27,12.23,D
31.03435,76.239,352.78,0.57,0.52,2026-05-17,0726,N21,VIIRS,n,2.0NRT,313.13,29.79,D
31.03303,76.23323,337.18,0.57,0.52,2026-05-17,0726,N21,VIIRS,l,2.0NRT,310.48,7.11,D
30.98502,75.959,335.13,0.59,0.53,2026-05-17,0726,N21,VIIRS,l,2.0NRT,310.01,5.52,D
30.97726,75.90349,345.79,0.6,0.53,2026-05-17,0726,N21,VIIRS,n,2.0NRT,313.67,13,D
31.0357,76.11462,354.13,0.58,0.52,2026-05-17,0726,N21,VIIRS,n,2.0NRT,312.43,13.55,D
30.94154,75.70499,343.77,0.61,0.54,2026-05-17,0726,N21,VIIRS,n,2.0NRT,314.64,19.25,D
30.9401,75.69878,341.15,0.61,0.54,2026-05-17,0726,N21,VIIRS,l,2.0NRT,313.72,14.43,D
30.87397,75.37051,338.28,0.32,0.55,2026-05-17,0726,N21,VIIRS,l,2.0NRT,310.24,2.36,D
30.94483,75.63066,354.25,0.62,0.54,2026-05-17,0726,N21,VIIRS,n,2.0NRT,313.08,20.58,D
31.04165,76.03111,336.43,0.58,0.52,2026-05-17,0726,N21,VIIRS,l,2.0NRT,310.38,4.06,D
30.95055,75.58859,345.32,0.62,0.54,2026-05-17,0726,N21,VIIRS,n,2.0NRT,313,12.81,D
31.00848,75.79675,344.92,0.6,0.53,2026-05-17,0726,N21,VIIRS,n,2.0NRT,313.73,10.05,D
31.01323,75.79535,344.68,0.6,0.53,2026-05-17,0726,N21,VIIRS,n,2.0NRT,312.93,10.71,D
31.08832,76.1053,345.16,0.58,0.52,2026-05-17,0726,N21,VIIRS,n,2.0NRT,310.98,9.45,D
31.01937,75.80003,340.87,0.6,0.53,2026-05-17,0726,N21,VIIRS,l,2.0NRT,312.62,13.09,D
31.0393,75.86558,350.66,0.6,0.53,2026-05-17,0726,N21,VIIRS,n,2.0NRT,314.35,13.39,D
31.02964,75.82298,353.55,0.6,0.53,2026-05-17,0726,N21,VIIRS,n,2.0NRT,314.13,14.74,D
31.11716,76.18989,336.54,0.57,0.52,2026-05-17,0726,N21,VIIRS,l,2.0NRT,308.74,3.31,D
31.03439,75.82155,342.7,0.6,0.53,2026-05-17,0726,N21,VIIRS,l,2.0NRT,313.6,14.74,D
31.00083,75.67376,342.64,0.61,0.54,2026-05-17,0726,N21,VIIRS,n,2.0NRT,310.91,15.24,D
30.99516,75.64886,338.73,0.62,0.54,2026-05-17,0726,N21,VIIRS,l,2.0NRT,309.79,6.01,D
30.9823,75.59251,342.12,0.62,0.54,2026-05-17,0726,N21,VIIRS,n,2.0NRT,311.8,6.28,D
30.95321,75.46544,343.03,0.63,0.54,2026-05-17,0726,N21,VIIRS,n,2.0NRT,310.5,17.06,D
30.94399,75.4253,346.64,0.32,0.54,2026-05-17,0726,N21,VIIRS,n,2.0NRT,309.68,15.84,D
30.94325,75.42208,333.84,0.32,0.54,2026-05-17,0726,N21,VIIRS,l,2.0NRT,307.42,5.62,D
31.02248,75.74659,335.08,0.61,0.53,2026-05-17,0726,N21,VIIRS,l,2.0NRT,309.67,5.95,D
31.12514,76.1813,335.46,0.57,0.52,2026-05-17,0726,N21,VIIRS,l,2.0NRT,309.07,5.31,D
31.11234,76.0793,338.67,0.58,0.52,2026-05-17,0726,N21,VIIRS,l,2.0NRT,310.86,2.79,D
31.03973,75.86911,343.42,0.6,0.53,2026-05-17,0726,N21,VIIRS,n,2.0NRT,312.13,15.61,D
31.02981,75.82665,337.07,0.6,0.53,2026-05-17,0726,N21,VIIRS,l,2.0NRT,310.57,9.6,D
31.11962,76.19226,337.07,0.57,0.52,2026-05-17,0726,N21,VIIRS,l,2.0NRT,309.4,2.74,D
31.03313,75.81916,349.6,0.6,0.53,2026-05-17,0726,N21,VIIRS,n,2.0NRT,314.07,31.63,D
31.01741,75.75195,344.47,0.61,0.53,2026-05-17,0726,N21,VIIRS,n,2.0NRT,313.24,9.26,D
30.98101,75.597,340.01,0.62,0.54,2026-05-17,0726,N21,VIIRS,l,2.0NRT,311.89,3.67,D
30.94959,75.464,345.34,0.63,0.54,2026-05-17,0726,N21,VIIRS,n,2.0NRT,310.38,14.99,D
31.1216,76.17934,338.39,0.57,0.52,2026-05-17,0726,N21,VIIRS,l,2.0NRT,309.94,4,D
31.02073,75.74437,336.49,0.61,0.53,2026-05-17,0726,N21,VIIRS,l,2.0NRT,309.55,3.77,D
31.00338,75.6703,343.76,0.61,0.54,2026-05-17,0726,N21,VIIRS,n,2.0NRT,313.07,10.28,D
30.98582,75.59557,338.63,0.62,0.54,2026-05-17,0726,N21,VIIRS,l,2.0NRT,312.16,7.86,D
30.94534,75.42413,336.48,0.64,0.54,2026-05-17,0726,N21,VIIRS,l,2.0NRT,308.77,11.76,D
31.1128,76.07623,339.24,0.58,0.52,2026-05-17,0726,N21,VIIRS,l,2.0NRT,311.28,4.51,D
30.95983,75.39733,345.13,0.32,0.54,2026-05-17,0726,N21,VIIRS,n,2.0NRT,311.21,6.34,D
30.95374,75.37148,339.56,0.32,0.55,2026-05-17,0726,N21,VIIRS,l,2.0NRT,311.21,5.84,D
31.03741,75.70652,337.17,0.61,0.53,2026-05-17,0726,N21,VIIRS,l,2.0NRT,311.87,6.4,D
31.00581,75.54903,337.99,0.62,0.54,2026-05-17,0726,N21,VIIRS,l,2.0NRT,310.07,5.49,D
31.07947,75.84429,343.01,0.6,0.53,2026-05-17,0726,N21,VIIRS,n,2.0NRT,314.07,7.2,D
31.05409,75.73446,341.48,0.61,0.53,2026-05-17,0726,N21,VIIRS,l,2.0NRT,312.34,8.25,D
31.05884,75.73303,341.46,0.61,0.53,2026-05-17,0726,N21,VIIRS,l,2.0NRT,314.92,11.95,D
31.1541,76.08266,342.04,0.58,0.52,2026-05-17,0726,N21,VIIRS,n,2.0NRT,310.44,8.32,D
31.06602,75.69789,349.37,0.61,0.53,2026-05-17,0726,N21,VIIRS,n,2.0NRT,316.14,29.62,D
31.08072,75.73961,338.54,0.61,0.53,2026-05-17,0726,N21,VIIRS,l,2.0NRT,312.76,6.99,D
31.11809,75.85851,347.82,0.59,0.53,2026-05-17,0726,N21,VIIRS,n,2.0NRT,313.66,9.54,D
31.12281,75.85709,337.82,0.59,0.53,2026-05-17,0726,N21,VIIRS,l,2.0NRT,312.63,9.54,D
31.14789,75.90098,341.99,0.59,0.53,2026-05-17,0726,N21,VIIRS,n,2.0NRT,310.22,7.11,D
31.12734,75.81042,342.45,0.6,0.53,2026-05-17,0726,N21,VIIRS,n,2.0NRT,311.82,3.5,D
31.10644,75.71864,346.46,0.61,0.53,2026-05-17,0726,N21,VIIRS,n,2.0NRT,312.12,10.89,D
31.22601,76.20411,340.71,0.57,0.52,2026-05-17,0726,N21,VIIRS,l,2.0NRT,311.5,5.53,D
31.22247,76.0996,343.3,0.57,0.52,2026-05-17,0726,N21,VIIRS,n,2.0NRT,310.87,7.73,D
31.18217,75.897,367,0.59,0.53,2026-05-17,0726,N21,VIIRS,h,2.0NRT,313.2,17.85,D
31.22712,76.09821,340.41,0.57,0.52,2026-05-17,0726,N21,VIIRS,n,2.0NRT,311.43,7.73,D
31.21798,76.05721,338.1,0.58,0.52,2026-05-17,0726,N21,VIIRS,l,2.0NRT,312.7,9.27,D
31.22831,76.14046,336.47,0.57,0.52,2026-05-17,0726,N21,VIIRS,l,2.0NRT,310.42,3.85,D
31.22361,76.09842,342.92,0.57,0.52,2026-05-17,0726,N21,VIIRS,n,2.0NRT,311.31,9.51,D
31.18202,75.89642,367,0.59,0.53,2026-05-17,0726,N21,VIIRS,h,2.0NRT,313.5,19.15,D
31.18672,75.895,343.74,0.59,0.53,2026-05-17,0726,N21,VIIRS,n,2.0NRT,309.88,5.92,D
31.14503,75.69336,339.23,0.61,0.53,2026-05-17,0726,N21,VIIRS,l,2.0NRT,314.2,7.58,D
31.19255,75.8548,345.75,0.59,0.53,2026-05-17,0726,N21,VIIRS,n,2.0NRT,312.51,17.98,D
31.25017,76.08435,338.29,0.57,0.52,2026-05-17,0726,N21,VIIRS,l,2.0NRT,312.18,5.32,D
31.22118,75.93568,344.32,0.59,0.53,2026-05-17,0726,N21,VIIRS,n,2.0NRT,313.75,14.79,D
31.21982,75.92974,342.18,0.59,0.53,2026-05-17,0726,N21,VIIRS,n,2.0NRT,310.06,14.79,D
31.20611,75.86997,342.93,0.59,0.53,2026-05-17,0726,N21,VIIRS,n,2.0NRT,311.08,6.36,D
31.24881,76.03474,354.76,0.58,0.52,2026-05-17,0726,N21,VIIRS,n,2.0NRT,314.7,20.36,D
31.22238,75.89708,339.88,0.59,0.53,2026-05-17,0726,N21,VIIRS,l,2.0NRT,311.85,10.53,D
31.23661,75.9374,343.93,0.59,0.52,2026-05-17,0726,N21,VIIRS,n,2.0NRT,312.62,9.63,D
31.21886,75.85972,341.63,0.59,0.53,2026-05-17,0726,N21,VIIRS,n,2.0NRT,311.5,4.35,D
31.24599,75.93459,341.65,0.59,0.52,2026-05-17,0726,N21,VIIRS,l,2.0NRT,313.06,8.55,D
31.15052,75.5183,336.84,0.62,0.54,2026-05-17,0726,N21,VIIRS,n,2.0NRT,311.45,17.77,D
31.15532,75.51682,367,0.62,0.54,2026-05-17,0726,N21,VIIRS,h,2.0NRT,315.75,17.77,D
31.24932,75.92722,347.04,0.59,0.53,2026-05-17,0726,N21,VIIRS,n,2.0NRT,312.98,14.21,D
31.25464,75.90649,339.75,0.59,0.53,2026-05-17,0726,N21,VIIRS,l,2.0NRT,311.5,11.8,D
31.24377,75.8586,341.78,0.59,0.53,2026-05-17,0726,N21,VIIRS,l,2.0NRT,312.33,12.68,D
31.21059,75.71292,336.98,0.6,0.53,2026-05-17,0726,N21,VIIRS,l,2.0NRT,311.13,5.5,D
31.2605,75.82134,347.05,0.59,0.53,2026-05-17,0726,N21,VIIRS,n,2.0NRT,313.62,10.95,D
31.20861,75.54761,345.61,0.62,0.54,2026-05-17,0726,N21,VIIRS,n,2.0NRT,314.93,17.8,D
31.25452,75.83949,338.49,0.59,0.53,2026-05-17,0726,N21,VIIRS,l,2.0NRT,311.18,4.46,D
31.19023,75.54379,340.22,0.62,0.54,2026-05-17,0726,N21,VIIRS,l,2.0NRT,313.3,10.5,D
31.25974,75.81861,343.97,0.59,0.53,2026-05-17,0726,N21,VIIRS,n,2.0NRT,313.36,10.67,D
31.20607,75.54563,344.42,0.62,0.54,2026-05-17,0726,N21,VIIRS,n,2.0NRT,312.73,10.27,D
31.21086,75.54415,342.34,0.62,0.54,2026-05-17,0726,N21,VIIRS,n,2.0NRT,307.46,10.27,D
31.30384,75.85674,345.24,0.59,0.53,2026-05-17,0726,N21,VIIRS,n,2.0NRT,313.95,18.98,D
31.29576,75.75598,337.71,0.6,0.53,2026-05-17,0726,N21,VIIRS,l,2.0NRT,310.74,6.03,D
31.29436,75.7499,335.56,0.6,0.53,2026-05-17,0726,N21,VIIRS,l,2.0NRT,310.37,5.11,D
31.31023,75.79693,350.16,0.59,0.53,2026-05-17,0726,N21,VIIRS,n,2.0NRT,315.14,27.1,D
30.58112,76.25916,343.48,0.58,0.52,2026-05-17,0726,N21,VIIRS,n,2.0NRT,310.51,8.7,D
30.54335,76.00426,336.99,0.6,0.53,2026-05-17,0726,N21,VIIRS,l,2.0NRT,310.6,5.34,D
30.44294,75.62807,344.35,0.64,0.54,2026-05-17,0726,N21,VIIRS,n,2.0NRT,311.91,13.73,D
30.58051,76.26044,344.17,0.58,0.52,2026-05-17,0726,N21,VIIRS,n,2.0NRT,310.7,9.98,D
30.55089,76.34985,343.81,0.57,0.52,2026-05-17,0726,N21,VIIRS,n,2.0NRT,312.84,10.48,D
30.44414,75.90307,343.62,0.61,0.54,2026-05-17,0726,N21,VIIRS,n,2.0NRT,310.68,9.06,D
30.5263,76.35083,341.7,0.57,0.52,2026-05-17,0726,N21,VIIRS,n,2.0NRT,309.87,5.77,D
30.42023,75.91012,338.02,0.61,0.54,2026-05-17,0726,N21,VIIRS,l,2.0NRT,310.55,6.03,D
30.44258,76.07276,347.04,0.6,0.53,2026-05-17,0726,N21,VIIRS,n,2.0NRT,314.92,24.58,D
30.42664,76.02579,340.01,0.6,0.53,2026-05-17,0726,N21,VIIRS,n,2.0NRT,309.17,11.18,D
30.49436,76.38475,344.17,0.57,0.52,2026-05-17,0726,N21,VIIRS,n,2.0NRT,311.65,43.05,D
30.44364,76.07532,344.99,0.6,0.53,2026-05-17,0726,N21,VIIRS,n,2.0NRT,315.93,23.17,D
30.42666,76.02218,347.48,0.6,0.53,2026-05-17,0726,N21,VIIRS,n,2.0NRT,312.3,13.48,D
30.49678,76.38103,354.14,0.57,0.52,2026-05-17,0726,N21,VIIRS,n,2.0NRT,313.82,33.14,D
30.83899,75.59388,334.29,0.79,0.78,2026-05-17,0905,N21,VIIRS,n,2.0NRT,300.49,9.18,D
31.19192,75.55718,338.06,0.79,0.78,2026-05-17,0905,N21,VIIRS,n,2.0NRT,304.7,8.69,D
31.11936,75.54384,330.58,0.79,0.78,2026-05-17,0905,N21,VIIRS,l,2.0NRT,303.43,4.18,D
30.70908,75.53336,331.94,0.79,0.78,2026-05-17,0905,N21,VIIRS,n,2.0NRT,300.15,5.09,D
30.84382,75.5933,331.9,0.79,0.78,2026-05-17,0905,N21,VIIRS,n,2.0NRT,300.16,4.73,D
30.71211,75.53341,331.4,0.79,0.78,2026-05-17,0905,N21,VIIRS,n,2.0NRT,299.84,5.61,D
31.29938,76.21214,308.97,0.43,0.62,2026-05-17,2129,N21,VIIRS,n,2.0NRT,296.13,1.99,N
31.30251,76.21487,310.25,0.43,0.62,2026-05-17,2129,N21,VIIRS,n,2.0NRT,296.14,1.93,N
30.43941,76.37514,337.28,0.54,0.68,2026-05-18,0705,N21,VIIRS,l,2.0NRT,311.1,7.08,D
30.97376,75.41958,332.46,0.6,0.7,2026-05-18,0707,N21,VIIRS,l,2.0NRT,304.69,3.1,D
30.57263,76.3119,333.82,0.54,0.68,2026-05-18,0707,N21,VIIRS,l,2.0NRT,306.84,3.4,D
30.57426,76.29356,343.02,0.55,0.68,2026-05-18,0707,N21,VIIRS,n,2.0NRT,310.42,7.37,D
30.50411,76.00886,338.62,0.57,0.69,2026-05-18,0707,N21,VIIRS,l,2.0NRT,309.47,7.67,D
30.50258,76.0032,344.28,0.57,0.69,2026-05-18,0707,N21,VIIRS,n,2.0NRT,308.93,7.67,D
30.52988,75.98975,332.77,0.57,0.69,2026-05-18,0707,N21,VIIRS,l,2.0NRT,306.87,1.9,D
30.58027,75.97865,339.74,0.57,0.69,2026-05-18,0707,N21,VIIRS,n,2.0NRT,309.47,11.21,D
30.57873,75.97298,339.98,0.57,0.69,2026-05-18,0707,N21,VIIRS,n,2.0NRT,309.26,9.05,D
30.69046,76.36144,337.14,0.54,0.68,2026-05-18,0707,N21,VIIRS,l,2.0NRT,311.98,3.45,D
30.68104,76.03753,345.49,0.56,0.69,2026-05-18,0707,N21,VIIRS,n,2.0NRT,311.85,9.66,D
30.73567,75.89541,367,0.57,0.69,2026-05-18,0707,N21,VIIRS,h,2.0NRT,312.96,19.1,D
30.64561,75.53794,341.17,0.6,0.71,2026-05-18,0707,N21,VIIRS,n,2.0NRT,307.44,10.77,D
30.74174,75.84343,334.26,0.57,0.69,2026-05-18,0707,N21,VIIRS,l,2.0NRT,308.08,1.76,D
30.73324,75.89586,367,0.57,0.69,2026-05-18,0707,N21,VIIRS,h,2.0NRT,312.61,16.41,D
30.73935,75.89373,337.4,0.57,0.69,2026-05-18,0707,N21,VIIRS,n,2.0NRT,310.51,4.55,D
30.64731,75.53742,343.96,0.6,0.71,2026-05-18,0707,N21,VIIRS,n,2.0NRT,307.72,7.79,D
30.74518,75.84198,334.43,0.57,0.69,2026-05-18,0707,N21,VIIRS,l,2.0NRT,308.77,1.69,D
30.91681,76.37659,341.76,0.53,0.67,2026-05-18,0707,N21,VIIRS,n,2.0NRT,307.06,8.64,D
30.94536,76.33784,336.13,0.53,0.67,2026-05-18,0707,N21,VIIRS,l,2.0NRT,308.15,3.76,D
30.91758,76.13569,353.38,0.55,0.68,2026-05-18,0707,N21,VIIRS,n,2.0NRT,311.07,15.05,D
30.91613,76.13024,342.9,0.55,0.68,2026-05-18,0707,N21,VIIRS,n,2.0NRT,308.89,13.16,D
30.90753,76.07337,333.36,0.55,0.68,2026-05-18,0707,N21,VIIRS,l,2.0NRT,307.6,2.56,D
30.91614,76.13152,367,0.55,0.68,2026-05-18,0707,N21,VIIRS,h,2.0NRT,310.48,15.04,D
30.91763,76.13694,338.15,0.55,0.68,2026-05-18,0707,N21,VIIRS,n,2.0NRT,309.43,11.04,D
30.90723,76.07483,336.98,0.55,0.68,2026-05-18,0707,N21,VIIRS,l,2.0NRT,307.29,2.38,D
30.83881,75.70391,335.67,0.58,0.7,2026-05-18,0707,N21,VIIRS,l,2.0NRT,306.89,4.76,D
30.97692,75.89234,347.1,0.56,0.69,2026-05-18,0707,N21,VIIRS,n,2.0NRT,310.96,10.61,D
30.98299,75.89021,335.7,0.56,0.69,2026-05-18,0707,N21,VIIRS,l,2.0NRT,309.3,5.7,D
30.98172,75.89225,340.45,0.56,0.69,2026-05-18,0707,N21,VIIRS,n,2.0NRT,309.19,7.11,D
30.98018,75.88664,333.22,0.56,0.69,2026-05-18,0707,N21,VIIRS,l,2.0NRT,307.76,7.11,D
30.99845,75.90479,334.37,0.56,0.69,2026-05-18,0707,N21,VIIRS,l,2.0NRT,308.5,4.67,D
31.02575,75.95628,335.13,0.56,0.68,2026-05-18,0707,N21,VIIRS,l,2.0NRT,309.06,11.66,D
31.06763,76.08627,342.08,0.55,0.68,2026-05-18,0707,N21,VIIRS,n,2.0NRT,308.75,6.55,D
30.95542,75.60088,335.73,0.58,0.7,2026-05-18,0707,N21,VIIRS,l,2.0NRT,308.3,7.47,D
30.95382,75.59503,338.46,0.59,0.7,2026-05-18,0707,N21,VIIRS,n,2.0NRT,307.61,7.47,D
30.96158,75.59871,335.74,0.58,0.7,2026-05-18,0707,N21,VIIRS,l,2.0NRT,307.67,4.16,D
30.95998,75.59286,335.38,0.59,0.7,2026-05-18,0707,N21,VIIRS,l,2.0NRT,307.05,4.16,D
31.07407,75.96378,348.26,0.55,0.68,2026-05-18,0707,N21,VIIRS,n,2.0NRT,311.77,13.33,D
31.11413,76.06397,352.65,0.55,0.68,2026-05-18,0707,N21,VIIRS,n,2.0NRT,311.33,10.68,D
30.98942,75.6018,335.03,0.58,0.7,2026-05-18,0707,N21,VIIRS,l,2.0NRT,307.72,8.57,D
31.01115,75.63223,337.86,0.58,0.7,2026-05-18,0707,N21,VIIRS,n,2.0NRT,307.25,5.6,D
30.96356,75.54533,336.04,0.59,0.7,2026-05-18,0707,N21,VIIRS,l,2.0NRT,306.78,6.19,D
30.9471,75.48656,334.43,0.59,0.7,2026-05-18,0707,N21,VIIRS,l,2.0NRT,307.06,7.85,D
31.11349,76.06242,367,0.55,0.68,2026-05-18,0707,N21,VIIRS,h,2.0NRT,311.1,12.18,D
31.09246,75.98586,337.93,0.55,0.68,2026-05-18,0707,N21,VIIRS,l,2.0NRT,312.02,4.47,D
30.9922,75.59945,340.11,0.58,0.7,2026-05-18,0707,N21,VIIRS,n,2.0NRT,308.6,6.37,D
31.01414,75.62987,340.24,0.58,0.7,2026-05-18,0707,N21,VIIRS,n,2.0NRT,307.06,4.61,D
31.04847,75.68101,342.95,0.58,0.69,2026-05-18,0707,N21,VIIRS,n,2.0NRT,310.73,7.94,D
30.97563,75.41791,341.66,0.6,0.7,2026-05-18,0707,N21,VIIRS,n,2.0NRT,305.8,6.66,D
31.17764,76.10529,344.94,0.54,0.68,2026-05-18,0707,N21,VIIRS,n,2.0NRT,313.05,9.62,D
31.06368,75.66305,367,0.58,0.69,2026-05-18,0707,N21,VIIRS,h,2.0NRT,312.11,9.14,D
31.06525,75.66877,348.74,0.58,0.69,2026-05-18,0707,N21,VIIRS,n,2.0NRT,309.54,9.14,D
31.07137,75.66661,335.65,0.58,0.69,2026-05-18,0707,N21,VIIRS,n,2.0NRT,309.5,9.14,D
31.0698,75.66086,336.03,0.58,0.69,2026-05-18,0707,N21,VIIRS,n,2.0NRT,310.66,9.14,D
31.16175,75.9495,339.63,0.55,0.68,2026-05-18,0707,N21,VIIRS,l,2.0NRT,311.65,7.09,D
31.14825,75.89969,344.3,0.56,0.69,2026-05-18,0707,N21,VIIRS,n,2.0NRT,311.51,9.86,D
31.15429,75.89754,367,0.56,0.69,2026-05-18,0707,N21,VIIRS,h,2.0NRT,313.18,19.97,D
31.07713,75.61398,338.09,0.58,0.7,2026-05-18,0707,N21,VIIRS,l,2.0NRT,309.22,5.07,D
31.09271,75.64642,367,0.58,0.69,2026-05-18,0707,N21,VIIRS,h,2.0NRT,310.75,14.74,D
31.10652,75.64783,337.87,0.58,0.69,2026-05-18,0707,N21,VIIRS,l,2.0NRT,311.24,12.65,D
31.21105,76.01034,341.03,0.55,0.68,2026-05-18,0707,N21,VIIRS,l,2.0NRT,311.77,7.92,D
31.14355,75.73502,340.07,0.57,0.69,2026-05-18,0707,N21,VIIRS,l,2.0NRT,311.9,5.53,D
31.12932,75.60808,337.44,0.58,0.7,2026-05-18,0707,N21,VIIRS,l,2.0NRT,311.48,9.42,D
31.08652,75.45018,330.96,0.59,0.7,2026-05-18,0707,N21,VIIRS,l,2.0NRT,305.64,4.35,D
31.20656,76.02021,335.44,0.55,0.68,2026-05-18,0707,N21,VIIRS,l,2.0NRT,309.84,3.95,D
31.10446,75.65148,349.26,0.58,0.69,2026-05-18,0707,N21,VIIRS,n,2.0NRT,312.1,10.43,D
31.21107,76.01268,336.34,0.55,0.68,2026-05-18,0707,N21,VIIRS,l,2.0NRT,310.57,6.38,D
31.13325,75.60981,351.42,0.58,0.7,2026-05-18,0707,N21,VIIRS,n,2.0NRT,313.33,11.72,D
31.13752,75.57654,367,0.58,0.7,2026-05-18,0707,N21,VIIRS,h,2.0NRT,311.37,16.56,D
31.26049,76.02528,339.64,0.54,0.68,2026-05-18,0707,N21,VIIRS,l,2.0NRT,309.9,5.56,D
31.14366,75.57437,367,0.58,0.7,2026-05-18,0707,N21,VIIRS,h,2.0NRT,310.6,16.56,D
31.12601,75.51044,334,0.59,0.7,2026-05-18,0707,N21,VIIRS,l,2.0NRT,306.72,4.85,D
31.26066,75.95333,367,0.55,0.68,2026-05-18,0707,N21,VIIRS,h,2.0NRT,314.59,22.02,D
31.26518,75.94572,339.42,0.55,0.68,2026-05-18,0707,N21,VIIRS,n,2.0NRT,312.93,9.04,D
31.19499,75.66345,339.78,0.57,0.69,2026-05-18,0707,N21,VIIRS,l,2.0NRT,310.95,5.75,D
31.24258,75.72299,339.23,0.57,0.69,2026-05-18,0707,N21,VIIRS,l,2.0NRT,313.38,6.57,D
31.26657,75.66476,337.47,0.57,0.69,2026-05-18,0707,N21,VIIRS,l,2.0NRT,309.22,7.29,D
31.30964,75.74875,340.02,0.56,0.69,2026-05-18,0707,N21,VIIRS,l,2.0NRT,310.69,8.16,D
31.07055,75.92105,338.56,0.43,0.62,2026-05-18,0848,N21,VIIRS,l,2.0NRT,309.02,3.73,D
31.08165,75.66209,346.34,0.41,0.61,2026-05-18,0848,N21,VIIRS,n,2.0NRT,309.16,8.71,D
31.1156,75.82702,338.61,0.42,0.61,2026-05-18,0848,N21,VIIRS,l,2.0NRT,308.83,3.64,D
31.11972,75.80429,335.59,0.42,0.61,2026-05-18,0848,N21,VIIRS,l,2.0NRT,309.25,2.16,D
31.11026,75.66821,352.85,0.42,0.61,2026-05-18,0848,N21,VIIRS,n,2.0NRT,310.36,8.43,D
31.08575,75.66286,340.03,0.42,0.61,2026-05-18,0848,N21,VIIRS,n,2.0NRT,307.95,5.23,D
31.08548,75.6585,338.47,0.41,0.61,2026-05-18,0848,N21,VIIRS,l,2.0NRT,309.79,5.17,D
31.09656,75.48037,337.07,0.4,0.6,2026-05-18,0848,N21,VIIRS,l,2.0NRT,308.92,4.67,D
31.13159,75.94426,339.26,0.43,0.62,2026-05-18,0848,N21,VIIRS,l,2.0NRT,310.04,2.52,D
31.12294,75.80521,345.37,0.42,0.61,2026-05-18,0848,N21,VIIRS,n,2.0NRT,310.76,6.67,D
31.11431,75.6689,343.7,0.42,0.61,2026-05-18,0848,N21,VIIRS,n,2.0NRT,310.78,6.55,D
31.13729,75.94376,355.18,0.43,0.62,2026-05-18,0848,N21,VIIRS,n,2.0NRT,309.56,8.74,D
31.12889,75.72031,343.54,0.42,0.61,2026-05-18,0848,N21,VIIRS,n,2.0NRT,308.42,7.14,D
31.12608,75.67657,344.54,0.42,0.61,2026-05-18,0848,N21,VIIRS,n,2.0NRT,309.43,6.74,D
31.15152,75.89706,335.87,0.43,0.62,2026-05-18,0848,N21,VIIRS,l,2.0NRT,310.26,4.12,D
31.16973,75.91358,367,0.43,0.62,2026-05-18,0848,N21,VIIRS,h,2.0NRT,313.13,12.22,D
31.15394,75.58678,344.2,0.41,0.61,2026-05-18,0848,N21,VIIRS,n,2.0NRT,310.38,6.27,D
31.16796,75.71235,353.15,0.42,0.61,2026-05-18,0848,N21,VIIRS,n,2.0NRT,309.78,11.71,D
31.23096,76.14816,336.88,0.45,0.63,2026-05-18,0848,N21,VIIRS,l,2.0NRT,310.73,2.5,D
31.2274,75.83621,355.7,0.43,0.62,2026-05-18,0848,N21,VIIRS,n,2.0NRT,308.9,4.88,D
31.23052,75.83698,346.39,0.43,0.62,2026-05-18,0848,N21,VIIRS,n,2.0NRT,310.05,5.37,D
31.23024,75.8325,336.4,0.43,0.62,2026-05-18,0848,N21,VIIRS,l,2.0NRT,309.28,4.28,D
31.25423,76.0357,367,0.44,0.62,2026-05-18,0848,N21,VIIRS,h,2.0NRT,313.63,26.52,D
31.26284,75.98873,344.05,0.44,0.62,2026-05-18,0848,N21,VIIRS,n,2.0NRT,312.82,5.33,D
31.26623,75.86082,334.49,0.43,0.62,2026-05-18,0848,N21,VIIRS,l,2.0NRT,309.2,2.89,D
31.29538,75.95827,337.47,0.43,0.62,2026-05-18,0848,N21,VIIRS,l,2.0NRT,311.6,8.06,D
31.29509,75.95374,345.68,0.43,0.62,2026-05-18,0848,N21,VIIRS,n,2.0NRT,313.31,8.67,D
30.42717,76.02148,336.24,0.43,0.62,2026-05-18,0848,N21,VIIRS,l,2.0NRT,308.68,5.5,D
30.48179,75.94155,338.2,0.43,0.62,2026-05-18,0848,N21,VIIRS,l,2.0NRT,309.57,4.53,D
30.59061,75.9954,341.06,0.43,0.62,2026-05-18,0848,N21,VIIRS,l,2.0NRT,311.38,6.44,D
30.73556,75.90061,367,0.43,0.62,2026-05-18,0848,N21,VIIRS,h,2.0NRT,310.35,11.81,D
30.73382,75.87402,336.74,0.42,0.61,2026-05-18,0848,N21,VIIRS,l,2.0NRT,310.16,7.39,D
30.82843,75.87961,338.3,0.43,0.62,2026-05-18,0848,N21,VIIRS,l,2.0NRT,309.48,5.28,D
30.85122,75.96751,333.82,0.43,0.62,2026-05-18,0848,N21,VIIRS,l,2.0NRT,308,2.16,D
30.89285,75.99107,339.52,0.43,0.62,2026-05-18,0848,N21,VIIRS,l,2.0NRT,312.27,7.33,D
30.90425,75.9901,340.25,0.43,0.62,2026-05-18,0848,N21,VIIRS,l,2.0NRT,310.75,6.17,D
30.91947,76.13123,367,0.44,0.62,2026-05-18,0848,N21,VIIRS,h,2.0NRT,310.85,12.49,D
30.92521,76.13075,340.03,0.44,0.62,2026-05-18,0848,N21,VIIRS,n,2.0NRT,310.68,6,D
30.90082,75.99203,344.66,0.43,0.62,2026-05-18,0848,N21,VIIRS,n,2.0NRT,311.15,10.84,D
30.92085,76.13283,343.52,0.44,0.62,2026-05-18,0848,N21,VIIRS,n,2.0NRT,310.11,11.01,D
30.92057,76.1282,355.24,0.44,0.62,2026-05-18,0848,N21,VIIRS,n,2.0NRT,310.52,10.7,D
30.93357,76.05779,335.98,0.44,0.62,2026-05-18,0848,N21,VIIRS,l,2.0NRT,310.65,7.54,D
30.9494,75.52058,334.97,0.41,0.6,2026-05-18,0848,N21,VIIRS,l,2.0NRT,309.67,6.57,D
31.02922,76.19807,349.07,0.45,0.63,2026-05-18,0848,N21,VIIRS,n,2.0NRT,313.45,11,D
31.03499,76.19756,341.71,0.45,0.63,2026-05-18,0848,N21,VIIRS,l,2.0NRT,312.37,5.72,D
31.00097,75.6974,346.34,0.42,0.61,2026-05-18,0848,N21,VIIRS,n,2.0NRT,308.12,11.73,D
31.02957,76.28696,333.9,0.45,0.63,2026-05-18,0848,N21,VIIRS,l,2.0NRT,307.28,1.85,D
31.0301,76.19702,367,0.45,0.63,2026-05-18,0848,N21,VIIRS,h,2.0NRT,314.23,10.51,D
30.99961,75.70048,341.96,0.42,0.61,2026-05-18,0848,N21,VIIRS,n,2.0NRT,307.17,5.59,D
30.99933,75.69611,335.02,0.42,0.61,2026-05-18,0848,N21,VIIRS,l,2.0NRT,307.47,5.59,D
31.01167,75.62507,334.82,0.41,0.61,2026-05-18,0848,N21,VIIRS,l,2.0NRT,307.63,5.11,D
31.0495,75.68692,335.57,0.42,0.61,2026-05-18,0848,N21,VIIRS,l,2.0NRT,308.9,6.87,D
31.05163,75.63433,367,0.41,0.61,2026-05-18,0848,N21,VIIRS,h,2.0NRT,310.86,12.95,D
31.0253,76.17445,338.71,0.46,0.47,2026-05-19,0828,N21,VIIRS,l,2.0NRT,313.37,7.66,D
31.02626,76.09671,349.02,0.46,0.47,2026-05-19,0828,N21,VIIRS,n,2.0NRT,314.76,14.6,D
30.98264,75.58961,351.5,0.43,0.46,2026-05-19,0828,N21,VIIRS,n,2.0NRT,319.3,12.54,D
30.99764,75.69204,346.25,0.43,0.46,2026-05-19,0828,N21,VIIRS,l,2.0NRT,319.13,10.96,D
31.27271,75.65483,348.09,0.43,0.46,2026-05-19,0828,N21,VIIRS,l,2.0NRT,322.9,14.58,D
31.28187,75.78818,343.57,0.44,0.46,2026-05-19,0828,N21,VIIRS,l,2.0NRT,318.37,3.94,D
31.29999,75.9704,347.71,0.45,0.47,2026-05-19,0828,N21,VIIRS,n,2.0NRT,316.34,7.94,D
31.24935,75.89635,353.35,0.45,0.47,2026-05-19,0828,N21,VIIRS,n,2.0NRT,322.63,9.09,D
31.26526,76.06195,343.93,0.46,0.47,2026-05-19,0828,N21,VIIRS,n,2.0NRT,313.64,9.07,D
31.26572,76.06673,345.99,0.46,0.47,2026-05-19,0828,N21,VIIRS,l,2.0NRT,316.32,9.07,D
31.23606,75.80389,345.01,0.44,0.46,2026-05-19,0828,N21,VIIRS,l,2.0NRT,317.44,2.64,D
31.25088,75.89882,351.75,0.45,0.47,2026-05-19,0828,N21,VIIRS,n,2.0NRT,320.47,7.85,D
31.26788,76.06419,367,0.46,0.47,2026-05-19,0828,N21,VIIRS,h,2.0NRT,316.64,16.85,D
31.23697,75.80647,345.69,0.44,0.46,2026-05-19,0828,N21,VIIRS,l,2.0NRT,317.65,2.73,D
31.24101,76.01477,344.13,0.45,0.47,2026-05-19,0828,N21,VIIRS,l,2.0NRT,314.64,7.17,D
31.24584,76.10605,345.3,0.46,0.47,2026-05-19,0828,N21,VIIRS,l,2.0NRT,316.56,10.82,D
31.21812,75.91753,350.41,0.45,0.47,2026-05-19,0828,N21,VIIRS,n,2.0NRT,322.01,15.37,D
31.22565,76.12344,339.08,0.46,0.47,2026-05-19,0828,N21,VIIRS,l,2.0NRT,313.07,6.4,D
31.22613,76.12825,344.58,0.46,0.47,2026-05-19,0828,N21,VIIRS,n,2.0NRT,315.3,6.4,D
31.16478,75.56328,347.93,0.43,0.46,2026-05-19,0828,N21,VIIRS,n,2.0NRT,318.92,12.44,D
31.22133,76.12404,340.14,0.46,0.47,2026-05-19,0828,N21,VIIRS,l,2.0NRT,312.59,5.98,D
31.16198,75.57726,346.52,0.43,0.46,2026-05-19,0828,N21,VIIRS,l,2.0NRT,319.58,13.75,D
31.20646,76.10658,340.89,0.46,0.47,2026-05-19,0828,N21,VIIRS,l,2.0NRT,312.3,7.53,D
31.20858,76.21876,339.63,0.47,0.47,2026-05-19,0828,N21,VIIRS,l,2.0NRT,309.7,4.51,D
30.98682,75.58902,347.38,0.43,0.46,2026-05-19,0828,N21,VIIRS,l,2.0NRT,317.68,12.54,D
31.00558,75.68637,348.56,0.43,0.46,2026-05-19,0828,N21,VIIRS,l,2.0NRT,322.01,16.83,D
31.05806,75.77837,345.62,0.44,0.46,2026-05-19,0828,N21,VIIRS,l,2.0NRT,317.99,12.28,D
31.03638,75.44131,346,0.42,0.45,2026-05-19,0828,N21,VIIRS,l,2.0NRT,319.58,12.16,D
31.07698,75.54727,367,0.42,0.46,2026-05-19,0828,N21,VIIRS,h,2.0NRT,319.92,13.19,D
31.12312,75.95254,346.59,0.45,0.47,2026-05-19,0828,N21,VIIRS,l,2.0NRT,318.91,8.82,D
31.15713,76.0725,343.67,0.46,0.47,2026-05-19,0828,N21,VIIRS,l,2.0NRT,315.54,7.17,D
31.0996,75.48128,345.12,0.42,0.45,2026-05-19,0828,N21,VIIRS,l,2.0NRT,318.83,9.89,D
31.09736,75.4828,344.09,0.42,0.45,2026-05-19,0828,N21,VIIRS,l,2.0NRT,318.31,10.37,D
31.15956,76.0741,342.08,0.46,0.47,2026-05-19,0828,N21,VIIRS,l,2.0NRT,315.94,7.07,D
31.13044,75.68671,347.15,0.43,0.46,2026-05-19,0828,N21,VIIRS,l,2.0NRT,320.33,11.68,D
31.15568,75.85519,343.75,0.44,0.46,2026-05-19,0828,N21,VIIRS,l,2.0NRT,318.34,5.13,D
31.2047,76.22419,336.62,0.47,0.47,2026-05-19,0828,N21,VIIRS,l,2.0NRT,308.66,1.73,D
30.54207,76.34467,343.36,0.46,0.47,2026-05-19,0828,N21,VIIRS,l,2.0NRT,315.61,15.95,D
30.54642,76.34409,356.17,0.46,0.47,2026-05-19,0828,N21,VIIRS,n,2.0NRT,322.48,15.95,D
30.54361,76.34666,349.42,0.47,0.47,2026-05-19,0828,N21,VIIRS,n,2.0NRT,317.43,12.77,D
30.54314,76.34183,345.58,0.47,0.47,2026-05-19,0828,N21,VIIRS,l,2.0NRT,317.21,11.41,D
30.54796,76.34608,346.07,0.47,0.47,2026-05-19,0828,N21,VIIRS,l,2.0NRT,317.61,12.77,D
30.54749,76.34124,350.89,0.47,0.47,2026-05-19,0828,N21,VIIRS,n,2.0NRT,318.1,11.41,D
30.56086,76.38862,343.99,0.47,0.48,2026-05-19,0828,N21,VIIRS,l,2.0NRT,318.67,9.7,D
30.54593,75.84385,342.48,0.44,0.46,2026-05-19,0828,N21,VIIRS,l,2.0NRT,316.57,2.58,D
30.59975,75.69693,342.81,0.43,0.46,2026-05-19,0828,N21,VIIRS,l,2.0NRT,315.86,7.29,D
30.74311,75.88539,346.41,0.44,0.46,2026-05-19,0828,N21,VIIRS,l,2.0NRT,321.21,7.94,D
30.87436,76.12961,343.68,0.46,0.47,2026-05-19,0828,N21,VIIRS,l,2.0NRT,315.5,8.36,D
30.91638,76.3343,337.35,0.47,0.48,2026-05-19,0828,N21,VIIRS,l,2.0NRT,311.43,6.6,D
30.9547,76.03445,349.12,0.45,0.47,2026-05-19,0828,N21,VIIRS,n,2.0NRT,318.06,16.75,D
30.9831,76.28322,344.06,0.47,0.48,2026-05-19,0828,N21,VIIRS,l,2.0NRT,314.14,17,D
30.97193,76.16705,344.28,0.46,0.47,2026-05-19,0828,N21,VIIRS,l,2.0NRT,317.91,10.31,D
30.96652,76.06634,342.65,0.45,0.47,2026-05-19,0828,N21,VIIRS,l,2.0NRT,317.18,8.6,D
30.97802,76.05038,344.88,0.45,0.47,2026-05-19,0828,N21,VIIRS,l,2.0NRT,318.31,10.36,D
30.95522,75.61156,348.09,0.43,0.46,2026-05-19,0828,N21,VIIRS,l,2.0NRT,320.85,17.74,D
30.95941,75.61097,350.62,0.43,0.46,2026-05-19,0828,N21,VIIRS,l,2.0NRT,320.78,12.44,D
31.13413,75.832,306.33,0.41,0.37,2026-05-19,2053,N21,VIIRS,n,2.0NRT,294.41,0.46,N
31.01171,75.66397,354.99,0.4,0.37,2026-05-20,0809,N21,VIIRS,l,2.0NRT,326.87,18.25,D
31.08158,75.94536,349.13,0.41,0.37,2026-05-20,0809,N21,VIIRS,l,2.0NRT,322.74,7.74,D
31.08496,75.94473,367,0.41,0.37,2026-05-20,0809,N21,VIIRS,l,2.0NRT,326.09,7.74,D
31.08438,75.94048,367,0.41,0.37,2026-05-20,0809,N21,VIIRS,l,2.0NRT,325.15,10.88,D
31.16623,75.79626,349.53,0.41,0.37,2026-05-20,0809,N21,VIIRS,l,2.0NRT,323.43,3.65,D
31.16564,75.79204,367,0.41,0.37,2026-05-20,0809,N21,VIIRS,l,2.0NRT,326.81,3.65,D
31.27626,75.9602,351.53,0.41,0.37,2026-05-20,0809,N21,VIIRS,n,2.0NRT,322.89,5.86,D
31.27966,75.95956,349.6,0.41,0.37,2026-05-20,0809,N21,VIIRS,l,2.0NRT,323.81,9.93,D
31.01561,76.02319,367,0.41,0.37,2026-05-20,0809,N21,VIIRS,l,2.0NRT,325.58,8.97,D
31.02382,75.90378,367,0.41,0.37,2026-05-20,0809,N21,VIIRS,l,2.0NRT,326.46,9.44,D
31.02778,75.90738,367,0.41,0.37,2026-05-20,0809,N21,VIIRS,h,2.0NRT,327.86,4.7,D
31.0272,75.90314,367,0.41,0.37,2026-05-20,0809,N21,VIIRS,l,2.0NRT,325.32,4.7,D
31.03174,75.911,367,0.41,0.37,2026-05-20,0809,N21,VIIRS,l,2.0NRT,327.1,9.6,D
31.03116,75.90675,367,0.41,0.37,2026-05-20,0809,N21,VIIRS,l,2.0NRT,325.8,4.7,D
31.03059,75.90251,367,0.41,0.37,2026-05-20,0809,N21,VIIRS,l,2.0NRT,328.24,4.7,D
30.69422,76.02631,345.84,0.41,0.37,2026-05-20,0809,N21,VIIRS,l,2.0NRT,320.78,1.94,D
30.75031,75.49444,343.69,0.4,0.37,2026-05-20,0809,N21,VIIRS,l,2.0NRT,317.95,10.32,D
30.80476,75.37001,348.38,0.4,0.37,2026-05-20,0809,N21,VIIRS,l,2.0NRT,322.11,10.18,D
30.96927,76.07008,349.34,0.41,0.37,2026-05-20,0809,N21,VIIRS,l,2.0NRT,323.31,12.43,D
30.98661,76.17257,348.47,0.41,0.37,2026-05-20,0809,N21,VIIRS,l,2.0NRT,323.29,9.42,D
31.01673,76.03504,346.38,0.41,0.37,2026-05-20,0809,N21,VIIRS,l,2.0NRT,319.64,10.28,D
31.03555,75.81219,340.17,0.43,0.38,2026-05-21,0750,N21,VIIRS,l,2.0NRT,314.59,6.54,D
30.5475,76.33787,341.67,0.42,0.38,2026-05-21,0750,N21,VIIRS,l,2.0NRT,313.69,8.51,D
30.54808,76.19841,346.73,0.42,0.38,2026-05-21,0750,N21,VIIRS,n,2.0NRT,313.74,5.11,D
30.5622,75.97198,340.34,0.43,0.38,2026-05-21,0750,N21,VIIRS,l,2.0NRT,314.43,4.64,D
30.67643,75.97865,341.07,0.43,0.38,2026-05-21,0750,N21,VIIRS,l,2.0NRT,314.26,8,D
30.70955,76.03136,340.72,0.43,0.38,2026-05-21,0750,N21,VIIRS,l,2.0NRT,314.58,9.75,D
30.68566,75.44823,337.28,0.45,0.39,2026-05-21,0750,N21,VIIRS,l,2.0NRT,310.97,5.87,D
30.90188,76.09776,346.54,0.42,0.38,2026-05-21,0750,N21,VIIRS,l,2.0NRT,318.29,12.04,D
30.79349,75.37682,340.03,0.45,0.39,2026-05-21,0750,N21,VIIRS,l,2.0NRT,311.68,5.29,D
30.98489,76.3532,336.79,0.41,0.37,2026-05-21,0750,N21,VIIRS,n,2.0NRT,309.82,1.89,D
30.88067,75.69872,341.76,0.44,0.38,2026-05-21,0750,N21,VIIRS,l,2.0NRT,312.15,6.56,D
30.83879,75.42489,336.27,0.45,0.39,2026-05-21,0750,N21,VIIRS,l,2.0NRT,310.68,4.1,D
31.00127,76.12077,342.02,0.42,0.38,2026-05-21,0750,N21,VIIRS,l,2.0NRT,315.03,8.22,D
30.99604,76.04948,348.03,0.42,0.38,2026-05-21,0750,N21,VIIRS,n,2.0NRT,314.31,10.35,D
30.99033,75.67872,340.82,0.44,0.38,2026-05-21,0750,N21,VIIRS,n,2.0NRT,313.32,6.93,D
30.99964,75.69054,342.56,0.43,0.38,2026-05-21,0750,N21,VIIRS,l,2.0NRT,311.98,9.33,D
31.09462,75.98662,345.64,0.42,0.38,2026-05-21,0750,N21,VIIRS,l,2.0NRT,314.17,56.84,D
31.05825,75.40458,339.48,0.44,0.39,2026-05-21,0750,N21,VIIRS,l,2.0NRT,311.87,5.3,D
31.15529,75.76726,340.07,0.43,0.38,2026-05-21,0750,N21,VIIRS,l,2.0NRT,313.49,6.02,D
31.22822,76.08417,341.48,0.42,0.38,2026-05-21,0750,N21,VIIRS,l,2.0NRT,316.08,9.81,D
31.22747,76.07982,345.07,0.42,0.38,2026-05-21,0750,N21,VIIRS,l,2.0NRT,315.3,10.56,D
31.19065,75.84666,342.74,0.43,0.38,2026-05-21,0750,N21,VIIRS,l,2.0NRT,314.87,6.2,D
31.22004,75.87192,339.59,0.43,0.38,2026-05-21,0750,N21,VIIRS,l,2.0NRT,311.92,5.45,D
31.18054,75.57586,342.21,0.44,0.38,2026-05-21,0750,N21,VIIRS,l,2.0NRT,314.53,13.26,D
31.19687,75.64697,340.94,0.43,0.38,2026-05-21,0750,N21,VIIRS,l,2.0NRT,313.39,14.21,D
31.18529,75.54178,346.66,0.44,0.38,2026-05-21,0750,N21,VIIRS,n,2.0NRT,313.68,17.7,D
31.14075,75.86371,300.56,0.48,0.48,2026-05-21,2014,N21,VIIRS,n,2.0NRT,276.8,1.19,N
31.07911,75.99184,338.1,0.47,0.48,2026-05-22,0731,N21,VIIRS,n,2.0NRT,305.1,1.39,D
30.92512,75.68345,339.31,0.5,0.49,2026-05-22,0731,N21,VIIRS,n,2.0NRT,306.37,5.34,D
30.91515,75.65935,331.97,0.5,0.49,2026-05-22,0731,N21,VIIRS,l,2.0NRT,305.05,1.93,D
30.91627,75.66442,331.73,0.5,0.49,2026-05-22,0731,N21,VIIRS,l,2.0NRT,305.37,2.27,D
30.93733,75.76012,332.58,0.49,0.49,2026-05-22,0731,N21,VIIRS,l,2.0NRT,306.17,1.93,D
30.92551,75.68023,344.07,0.5,0.49,2026-05-22,0731,N21,VIIRS,n,2.0NRT,307.55,7.7,D
30.91679,75.66115,339.95,0.5,0.49,2026-05-22,0731,N21,VIIRS,n,2.0NRT,304.87,5,D
30.93725,75.75722,331.21,0.49,0.49,2026-05-22,0731,N21,VIIRS,l,2.0NRT,305.25,1.47,D
30.87291,75.69525,334.33,0.5,0.49,2026-05-22,0731,N21,VIIRS,l,2.0NRT,306.25,3.56,D
30.96348,76.24446,332.03,0.46,0.47,2026-05-22,0731,N21,VIIRS,l,2.0NRT,306.1,3.93,D
30.95924,76.24564,342.1,0.46,0.47,2026-05-22,0731,N21,VIIRS,n,2.0NRT,307.03,3.93,D
30.94489,76.19963,333.69,0.46,0.47,2026-05-22,0731,N21,VIIRS,n,2.0NRT,303.04,3.95,D
30.75541,75.91807,338.12,0.49,0.48,2026-05-22,0731,N21,VIIRS,l,2.0NRT,308.42,3.33,D
30.75508,75.91665,342.24,0.49,0.48,2026-05-22,0731,N21,VIIRS,n,2.0NRT,308.37,4.52,D
30.61923,75.50077,340.23,0.52,0.5,2026-05-22,0731,N21,VIIRS,n,2.0NRT,308.32,4.51,D
30.66717,75.93617,331.29,0.49,0.48,2026-05-22,0731,N21,VIIRS,l,2.0NRT,304.75,1.68,D
30.61347,75.71125,337.28,0.5,0.49,2026-05-22,0731,N21,VIIRS,n,2.0NRT,305.58,3.12,D
30.63125,75.79248,342.94,0.5,0.49,2026-05-22,0731,N21,VIIRS,n,2.0NRT,305.66,9.44,D
30.55859,75.66457,342.6,0.51,0.49,2026-05-22,0731,N21,VIIRS,n,2.0NRT,305.99,5.67,D
30.71041,76.4006,337.67,0.46,0.47,2026-05-22,0731,N21,VIIRS,l,2.0NRT,308.13,4.5,D
30.46951,75.45101,340.55,0.52,0.5,2026-05-22,0731,N21,VIIRS,n,2.0NRT,308.06,5.56,D
30.51015,75.97541,338.82,0.49,0.48,2026-05-22,0731,N21,VIIRS,n,2.0NRT,306.39,6.32,D
30.51121,75.98036,339.12,0.49,0.48,2026-05-22,0731,N21,VIIRS,n,2.0NRT,307.12,5.21,D
30.43192,75.91279,332.29,0.49,0.49,2026-05-22,0731,N21,VIIRS,l,2.0NRT,305.03,2.88,D
31.17349,76.00264,336.77,0.47,0.48,2026-05-22,0731,N21,VIIRS,n,2.0NRT,305.87,2.18,D
31.04506,75.42748,343.07,0.51,0.49,2026-05-22,0731,N21,VIIRS,n,2.0NRT,306.89,4.29,D
31.04913,75.61782,335.89,0.5,0.49,2026-05-22,0731,N21,VIIRS,l,2.0NRT,309.34,2.53,D
31.03597,75.62158,336.28,0.5,0.49,2026-05-22,0731,N21,VIIRS,l,2.0NRT,309.76,4.01,D
30.97466,75.38658,346,0.52,0.5,2026-05-22,0731,N21,VIIRS,n,2.0NRT,309.05,12.15,D
31.01257,75.55772,332.82,0.5,0.49,2026-05-22,0731,N21,VIIRS,l,2.0NRT,305.65,2.17,D
31.03186,75.7086,353.29,0.49,0.49,2026-05-22,0731,N21,VIIRS,n,2.0NRT,309.93,10.39,D
30.97268,75.38467,349.17,0.52,0.5,2026-05-22,0731,N21,VIIRS,n,2.0NRT,311.28,17.04,D
31.00953,75.55634,343.09,0.5,0.49,2026-05-22,0731,N21,VIIRS,n,2.0NRT,308.74,3.96,D
31.03227,75.70647,343.39,0.49,0.49,2026-05-22,0731,N21,VIIRS,n,2.0NRT,308.63,12.8,D
31.01917,75.71015,335.68,0.49,0.49,2026-05-22,0731,N21,VIIRS,l,2.0NRT,307.98,4.78,D
31.02024,75.71518,337.34,0.49,0.49,2026-05-22,0731,N21,VIIRS,l,2.0NRT,308.06,4.78,D
31.01047,75.69122,336.01,0.5,0.49,2026-05-22,0731,N21,VIIRS,l,2.0NRT,308.09,6.11,D
31.01264,75.70132,343.61,0.49,0.49,2026-05-22,0731,N21,VIIRS,n,2.0NRT,309.73,12.11,D
31.01769,75.83247,342.83,0.49,0.48,2026-05-22,0731,N21,VIIRS,n,2.0NRT,306.99,6.81,D
30.90905,75.37511,334.32,0.52,0.5,2026-05-22,0731,N21,VIIRS,n,2.0NRT,303.24,2.88,D
31.04016,76.04372,337.65,0.47,0.48,2026-05-22,0731,N21,VIIRS,n,2.0NRT,307.04,3.85,D
30.98183,75.87932,367,0.48,0.48,2026-05-22,0731,N21,VIIRS,h,2.0NRT,309.88,16.63,D
31.10389,75.67741,342.44,0.49,0.49,2026-05-22,0731,N21,VIIRS,n,2.0NRT,306.96,5.74,D
31.12668,75.71885,331.96,0.49,0.49,2026-05-22,0731,N21,VIIRS,l,2.0NRT,304.67,1.43,D
31.13432,75.71134,333.02,0.49,0.49,2026-05-22,0731,N21,VIIRS,l,2.0NRT,305.71,1.33,D
31.1269,75.63326,335.27,0.5,0.49,2026-05-22,0731,N21,VIIRS,l,2.0NRT,307.32,2.96,D
31.17391,75.81094,332.29,0.48,0.48,2026-05-22,0731,N21,VIIRS,l,2.0NRT,306.09,4.18,D
31.1734,75.8073,333.86,0.48,0.48,2026-05-22,0731,N21,VIIRS,l,2.0NRT,307.67,3.25,D
31.20039,75.8258,337.68,0.48,0.48,2026-05-22,0731,N21,VIIRS,n,2.0NRT,306.43,4.37,D
31.27803,75.75961,336.52,0.48,0.48,2026-05-22,0731,N21,VIIRS,n,2.0NRT,302.5,3.67,D
30.96093,76.01298,367,0.45,0.63,2026-05-23,0714,N21,VIIRS,h,2.0NRT,314.2,18,D
30.98569,75.8268,350.62,0.46,0.63,2026-05-23,0714,N21,VIIRS,n,2.0NRT,306.37,9.18,D
30.94786,75.58481,340,0.48,0.64,2026-05-23,0714,N21,VIIRS,l,2.0NRT,312.23,8.35,D
30.94986,75.56855,336.09,0.48,0.64,2026-05-23,0714,N21,VIIRS,l,2.0NRT,310.7,4.4,D
30.96417,75.60003,340.22,0.47,0.64,2026-05-23,0714,N21,VIIRS,l,2.0NRT,313.08,4.68,D
31.05078,75.9146,340.06,0.45,0.63,2026-05-23,0714,N21,VIIRS,l,2.0NRT,313.05,5.86,D
30.9929,75.68785,342.19,0.47,0.64,2026-05-23,0714,N21,VIIRS,n,2.0NRT,306.73,6.94,D
31.13614,76.20508,367,0.43,0.62,2026-05-23,0714,N21,VIIRS,h,2.0NRT,315.07,37.87,D
31.13504,76.20068,342.84,0.43,0.62,2026-05-23,0714,N21,VIIRS,n,2.0NRT,308.48,14.57,D
31.13394,76.19629,347.71,0.43,0.62,2026-05-23,0714,N21,VIIRS,n,2.0NRT,310.02,14.57,D
31.00182,75.67463,336.34,0.47,0.64,2026-05-23,0714,N21,VIIRS,l,2.0NRT,307.84,10.31,D
31.04681,75.91534,338.89,0.45,0.63,2026-05-23,0714,N21,VIIRS,l,2.0NRT,311.21,6.52,D
30.96387,75.59979,343.26,0.47,0.64,2026-05-23,0714,N21,VIIRS,l,2.0NRT,313.31,5.25,D
30.99316,75.68742,340.88,0.47,0.64,2026-05-23,0714,N21,VIIRS,n,2.0NRT,306.65,4.4,D
31.13401,76.2049,341,0.43,0.62,2026-05-23,0714,N21,VIIRS,n,2.0NRT,308.34,20.94,D
31.13288,76.20052,344.62,0.43,0.62,2026-05-23,0714,N21,VIIRS,n,2.0NRT,309.3,12.86,D
31.13176,76.19616,337.99,0.43,0.62,2026-05-23,0714,N21,VIIRS,l,2.0NRT,309.04,12.86,D
31.13951,76.20308,367,0.43,0.62,2026-05-23,0714,N21,VIIRS,h,2.0NRT,316.98,20.94,D
31.00204,75.67426,337.58,0.47,0.64,2026-05-23,0714,N21,VIIRS,l,2.0NRT,308.37,5.4,D
31.08857,75.93589,336.52,0.45,0.63,2026-05-23,0714,N21,VIIRS,l,2.0NRT,308.27,4.04,D
31.03128,75.71543,337.79,0.46,0.64,2026-05-23,0714,N21,VIIRS,n,2.0NRT,306.82,4.11,D
31.00674,75.62157,347.59,0.47,0.64,2026-05-23,0714,N21,VIIRS,n,2.0NRT,312.8,12.84,D
31.11617,76.01936,337.95,0.44,0.63,2026-05-23,0714,N21,VIIRS,l,2.0NRT,310.23,1.76,D
31.03694,75.71362,335.87,0.46,0.64,2026-05-23,0714,N21,VIIRS,n,2.0NRT,305.17,4.11,D
30.95832,75.41349,334.43,0.49,0.65,2026-05-23,0714,N21,VIIRS,l,2.0NRT,308.01,4.6,D
31.04624,75.72572,334.02,0.46,0.64,2026-05-23,0714,N21,VIIRS,l,2.0NRT,306.19,2.49,D
31.0353,75.68369,337.12,0.47,0.64,2026-05-23,0714,N21,VIIRS,l,2.0NRT,307.84,6.58,D
31.03408,75.67901,348.04,0.47,0.64,2026-05-23,0714,N21,VIIRS,n,2.0NRT,308.27,6.58,D
31.07587,75.81633,343.89,0.46,0.63,2026-05-23,0714,N21,VIIRS,n,2.0NRT,312.33,8.14,D
30.97046,75.38818,367,0.49,0.65,2026-05-23,0714,N21,VIIRS,h,2.0NRT,309.28,15.4,D
31.07195,75.7776,353.6,0.46,0.64,2026-05-23,0714,N21,VIIRS,n,2.0NRT,310.93,8.26,D
31.17224,76.12096,335.2,0.44,0.62,2026-05-23,0714,N21,VIIRS,l,2.0NRT,308.17,2.07,D
31.08252,75.72368,347.34,0.46,0.64,2026-05-23,0714,N21,VIIRS,n,2.0NRT,308.81,6.49,D
31.10833,75.70484,342.8,0.46,0.64,2026-05-23,0714,N21,VIIRS,n,2.0NRT,306.47,16.58,D
31.10714,75.70016,355.67,0.46,0.64,2026-05-23,0714,N21,VIIRS,n,2.0NRT,311,26.89,D
31.11278,75.69827,367,0.46,0.64,2026-05-23,0714,N21,VIIRS,h,2.0NRT,310.63,22.84,D
31.05005,75.4299,347.29,0.48,0.65,2026-05-23,0714,N21,VIIRS,n,2.0NRT,310.78,5.69,D
31.0488,75.42505,334.37,0.48,0.65,2026-05-23,0714,N21,VIIRS,l,2.0NRT,307.73,5.69,D
31.24616,76.15363,340.73,0.43,0.62,2026-05-23,0714,N21,VIIRS,n,2.0NRT,304.07,2.99,D
31.10842,75.70277,367,0.46,0.64,2026-05-23,0714,N21,VIIRS,h,2.0NRT,308.76,20.36,D
31.10719,75.69812,367,0.46,0.64,2026-05-23,0714,N21,VIIRS,h,2.0NRT,310.82,20.36,D
31.11284,75.69624,367,0.46,0.64,2026-05-23,0714,N21,VIIRS,h,2.0NRT,310.33,14.73,D
31.28364,76.33154,335.49,0.42,0.61,2026-05-23,0714,N21,VIIRS,n,2.0NRT,306.28,2.93,D
31.0485,75.42867,345.99,0.48,0.65,2026-05-23,0714,N21,VIIRS,n,2.0NRT,310.15,6.64,D
31.24349,76.15213,337.53,0.43,0.62,2026-05-23,0714,N21,VIIRS,n,2.0NRT,303.65,4.87,D
31.05423,75.42673,338.68,0.48,0.65,2026-05-23,0714,N21,VIIRS,n,2.0NRT,309.13,4.61,D
31.08541,75.47409,334.74,0.48,0.65,2026-05-23,0714,N21,VIIRS,l,2.0NRT,308.13,3.18,D
31.23686,75.98646,340.9,0.44,0.63,2026-05-23,0714,N21,VIIRS,l,2.0NRT,312.69,5.16,D
31.14219,75.62022,337.43,0.47,0.64,2026-05-23,0714,N21,VIIRS,l,2.0NRT,311.83,4.37,D
31.15674,75.60508,338.14,0.47,0.64,2026-05-23,0714,N21,VIIRS,l,2.0NRT,312.1,3.87,D
31.14817,75.57204,339.62,0.47,0.64,2026-05-23,0714,N21,VIIRS,l,2.0NRT,313.13,6.06,D
31.17332,75.64537,339.25,0.47,0.64,2026-05-23,0714,N21,VIIRS,l,2.0NRT,311.22,6.65,D
31.27391,75.87147,336.53,0.45,0.63,2026-05-23,0714,N21,VIIRS,l,2.0NRT,310.96,4.29,D
31.21045,75.62247,345.05,0.47,0.64,2026-05-23,0714,N21,VIIRS,n,2.0NRT,312,7.75,D
31.28161,75.85411,338.62,0.45,0.63,2026-05-23,0714,N21,VIIRS,l,2.0NRT,310.53,5.85,D
31.20519,75.62399,344.07,0.47,0.64,2026-05-23,0714,N21,VIIRS,n,2.0NRT,311.63,8.04,D
31.28341,75.853,341.38,0.45,0.63,2026-05-23,0714,N21,VIIRS,n,2.0NRT,310.82,5.35,D
30.70535,75.91202,335.22,0.46,0.64,2026-05-23,0714,N21,VIIRS,l,2.0NRT,307.9,4.64,D
30.56861,76.00256,335.4,0.46,0.63,2026-05-23,0714,N21,VIIRS,l,2.0NRT,307.44,1.54,D
30.60492,76.35487,337.97,0.44,0.62,2026-05-23,0714,N21,VIIRS,l,2.0NRT,312.51,4.77,D
30.53498,76.09023,336.14,0.46,0.63,2026-05-23,0714,N21,VIIRS,l,2.0NRT,310.99,4.32,D
30.49339,76.36547,350.15,0.44,0.62,2026-05-23,0714,N21,VIIRS,n,2.0NRT,315.22,9.4,D
30.5,76.39185,342.49,0.44,0.62,2026-05-23,0714,N21,VIIRS,n,2.0NRT,312.23,5.42,D
30.44996,76.26458,336.78,0.45,0.63,2026-05-23,0714,N21,VIIRS,l,2.0NRT,309.05,2.33,D
30.70417,75.9074,346.22,0.46,0.64,2026-05-23,0714,N21,VIIRS,n,2.0NRT,309.7,4.64,D
30.73046,75.9387,337.35,0.46,0.63,2026-05-23,0714,N21,VIIRS,l,2.0NRT,309.2,3.39,D
30.63696,75.60198,333.4,0.48,0.65,2026-05-23,0714,N21,VIIRS,l,2.0NRT,306.75,4.87,D
30.82449,75.58424,355.17,0.48,0.65,2026-05-23,0714,N21,VIIRS,n,2.0NRT,308.82,7.69,D
30.9591,76.01354,342.54,0.45,0.63,2026-05-23,0714,N21,VIIRS,l,2.0NRT,313.85,8.07,D
30.96468,76.0117,349.62,0.45,0.63,2026-05-23,0714,N21,VIIRS,n,2.0NRT,312.93,8.07,D
31.09658,75.95557,335.27,0.54,0.68,2026-05-23,0854,N21,VIIRS,l,2.0NRT,307.43,2.78,D
31.30919,75.89322,354.24,0.54,0.68,2026-05-23,0854,N21,VIIRS,n,2.0NRT,314.52,18.87,D
31.30947,75.89886,352.55,0.54,0.68,2026-05-23,0854,N21,VIIRS,n,2.0NRT,311.76,18.87,D
31.31029,75.91576,341.91,0.54,0.68,2026-05-23,0854,N21,VIIRS,n,2.0NRT,310.08,3.65,D
31.31066,75.89556,367,0.54,0.68,2026-05-23,0854,N21,VIIRS,h,2.0NRT,314.46,13.4,D
31.30444,75.89603,367,0.54,0.68,2026-05-23,0854,N21,VIIRS,h,2.0NRT,313.31,20.19,D
31.17383,75.65029,338.87,0.52,0.67,2026-05-23,0854,N21,VIIRS,l,2.0NRT,312.32,5.72,D
31.2111,75.65772,339.44,0.52,0.67,2026-05-23,0854,N21,VIIRS,l,2.0NRT,312.47,3.58,D
31.16725,75.64456,337.81,0.52,0.67,2026-05-23,0854,N21,VIIRS,l,2.0NRT,310.77,8.25,D
31.16755,75.64999,348.62,0.52,0.67,2026-05-23,0854,N21,VIIRS,n,2.0NRT,311.71,16.2,D
31.15141,75.58071,341.07,0.51,0.66,2026-05-23,0854,N21,VIIRS,l,2.0NRT,311.43,6.55,D
31.15485,76.11789,336.13,0.55,0.68,2026-05-23,0854,N21,VIIRS,l,2.0NRT,306.3,4.49,D
31.09784,75.95223,335.53,0.54,0.68,2026-05-23,0854,N21,VIIRS,l,2.0NRT,307.84,5.05,D
31.04648,75.69454,355.6,0.52,0.67,2026-05-23,0854,N21,VIIRS,n,2.0NRT,310.28,11.4,D
31.04827,75.72729,334.65,0.52,0.67,2026-05-23,0854,N21,VIIRS,l,2.0NRT,308.32,3.21,D
31.05571,75.86523,348.72,0.53,0.67,2026-05-23,0854,N21,VIIRS,n,2.0NRT,309.11,9.58,D
30.97175,75.55991,344.6,0.51,0.66,2026-05-23,0854,N21,VIIRS,n,2.0NRT,307.6,2.74,D
30.95794,75.41264,335.53,0.5,0.66,2026-05-23,0854,N21,VIIRS,l,2.0NRT,309.38,6.99,D
31.01703,76.04549,332.52,0.54,0.68,2026-05-23,0854,N21,VIIRS,l,2.0NRT,306.43,4.18,D
30.97096,75.56202,338.91,0.51,0.66,2026-05-23,0854,N21,VIIRS,n,2.0NRT,307.48,6.04,D
30.95625,75.41486,339.03,0.5,0.66,2026-05-23,0854,N21,VIIRS,l,2.0NRT,309.9,7.46,D
30.97808,75.90663,335.83,0.53,0.67,2026-05-23,0854,N21,VIIRS,l,2.0NRT,309.47,5.17,D
30.92999,75.38035,342.11,0.5,0.65,2026-05-23,0854,N21,VIIRS,n,2.0NRT,306.62,1.97,D
30.93481,76.0343,344.29,0.54,0.68,2026-05-23,0854,N21,VIIRS,n,2.0NRT,308.74,7.68,D
30.93262,76.24303,336.86,0.56,0.69,2026-05-23,0854,N21,VIIRS,n,2.0NRT,307.34,5.17,D
30.91891,76.09279,332.04,0.55,0.68,2026-05-23,0854,N21,VIIRS,l,2.0NRT,306.35,1.36,D
30.91204,76.34511,344.44,0.57,0.69,2026-05-23,0854,N21,VIIRS,n,2.0NRT,307.2,9.95,D
30.92933,76.24269,330.56,0.56,0.69,2026-05-23,0854,N21,VIIRS,l,2.0NRT,304.51,5.26,D
30.91571,76.34409,338.28,0.57,0.69,2026-05-23,0854,N21,VIIRS,n,2.0NRT,308,8.49,D
30.91602,76.35003,332.07,0.57,0.69,2026-05-23,0854,N21,VIIRS,l,2.0NRT,306.89,5.31,D
30.84715,75.66282,331.51,0.51,0.66,2026-05-23,0854,N21,VIIRS,l,2.0NRT,305.77,1.46,D
30.82581,75.61062,334.05,0.51,0.66,2026-05-23,0854,N21,VIIRS,l,2.0NRT,306.56,4.66,D
30.64299,75.65724,330.21,0.51,0.66,2026-05-23,0854,N21,VIIRS,l,2.0NRT,303.49,2.4,D
30.58856,75.56026,330.64,0.5,0.66,2026-05-23,0854,N21,VIIRS,l,2.0NRT,303.55,1.59,D
30.58034,76.11042,341.93,0.55,0.68,2026-05-23,0854,N21,VIIRS,n,2.0NRT,308.55,5.53,D
30.58242,76.10885,347.01,0.55,0.68,2026-05-23,0854,N21,VIIRS,n,2.0NRT,308.41,8.44,D
30.7489,75.73916,345.37,0.53,0.5,2026-05-24,0835,N21,VIIRS,n,2.0NRT,309.55,10.13,D
31.05064,75.74287,338.98,0.54,0.51,2026-05-24,0835,N21,VIIRS,l,2.0NRT,309.82,4.66,D
31.07154,76.07825,343.16,0.56,0.52,2026-05-24,0835,N21,VIIRS,n,2.0NRT,309.32,10.4,D
31.04791,76.02773,344.32,0.56,0.51,2026-05-24,0835,N21,VIIRS,n,2.0NRT,311.92,13.17,D
31.02923,75.92423,344.53,0.55,0.51,2026-05-24,0835,N21,VIIRS,n,2.0NRT,310.59,10.73,D
30.97138,75.88668,339.48,0.55,0.51,2026-05-24,0835,N21,VIIRS,l,2.0NRT,310.63,5.61,D
30.95862,75.55233,338.59,0.52,0.5,2026-05-24,0835,N21,VIIRS,n,2.0NRT,308.16,7.86,D
30.95881,75.50267,339.36,0.52,0.5,2026-05-24,0835,N21,VIIRS,l,2.0NRT,310.93,8.52,D
31.02156,76.05464,337.73,0.56,0.52,2026-05-24,0835,N21,VIIRS,n,2.0NRT,306.56,6.69,D
31.02644,76.00079,343.15,0.56,0.51,2026-05-24,0835,N21,VIIRS,n,2.0NRT,304.69,9.74,D
31.02692,75.43933,338.85,0.52,0.5,2026-05-24,0835,N21,VIIRS,n,2.0NRT,308.69,7.58,D
30.75226,75.73698,343.91,0.53,0.5,2026-05-24,0835,N21,VIIRS,n,2.0NRT,308.04,8.89,D
30.92629,76.2418,338.12,0.58,0.52,2026-05-24,0835,N21,VIIRS,n,2.0NRT,306.91,7.5,D
31.02593,75.99495,339.94,0.56,0.51,2026-05-24,0835,N21,VIIRS,n,2.0NRT,308.57,10.83,D
30.93057,76.23522,338.38,0.57,0.52,2026-05-24,0835,N21,VIIRS,l,2.0NRT,308.85,10.55,D
31.24596,75.64832,343.79,0.53,0.5,2026-05-24,0835,N21,VIIRS,n,2.0NRT,311.28,14.39,D
31.23619,75.64387,341.63,0.53,0.5,2026-05-24,0835,N21,VIIRS,n,2.0NRT,311.17,9.35,D
31.23257,75.65563,336.19,0.53,0.5,2026-05-24,0835,N21,VIIRS,l,2.0NRT,308.6,2.25,D
31.2233,75.65677,344.04,0.53,0.5,2026-05-24,0835,N21,VIIRS,n,2.0NRT,310.48,4.99,D
31.20626,75.67584,343.48,0.54,0.51,2026-05-24,0835,N21,VIIRS,n,2.0NRT,309.97,6.66,D
31.16623,75.54023,333.77,0.53,0.5,2026-05-24,0835,N21,VIIRS,l,2.0NRT,307.83,3.77,D
31.16794,75.61277,337.82,0.53,0.5,2026-05-24,0835,N21,VIIRS,n,2.0NRT,305.22,5.74,D
31.16879,75.61308,342.9,0.53,0.5,2026-05-24,0835,N21,VIIRS,n,2.0NRT,304.78,8.06,D
31.1658,76.1012,333.13,0.57,0.52,2026-05-24,0835,N21,VIIRS,l,2.0NRT,304.33,3.36,D
31.16104,76.10175,333.58,0.57,0.52,2026-05-24,0835,N21,VIIRS,l,2.0NRT,304.5,3.36,D
31.10239,75.706,343.64,0.54,0.51,2026-05-24,0835,N21,VIIRS,n,2.0NRT,310.48,9.37,D
31.07476,75.6585,338.23,0.53,0.5,2026-05-24,0835,N21,VIIRS,l,2.0NRT,308.65,4.46,D
31.08015,75.93946,334.73,0.55,0.51,2026-05-24,0835,N21,VIIRS,l,2.0NRT,307.21,2.6,D
31.02739,75.437,348.11,0.52,0.5,2026-05-24,0835,N21,VIIRS,n,2.0NRT,308.85,8.25,D
30.44108,75.63013,343.2,0.44,0.39,2026-05-25,0816,N21,VIIRS,l,2.0NRT,317.05,3.21,D
30.63458,76.07995,346.27,0.46,0.39,2026-05-25,0816,N21,VIIRS,l,2.0NRT,318.29,9.69,D
30.94108,76.33231,345.07,0.48,0.4,2026-05-25,0816,N21,VIIRS,l,2.0NRT,316.22,9.14,D
30.94474,76.33171,343.85,0.48,0.4,2026-05-25,0816,N21,VIIRS,l,2.0NRT,317.96,11.72,D
31.03874,75.62209,349.88,0.45,0.39,2026-05-25,0816,N21,VIIRS,l,2.0NRT,321.02,17.43,D
31.05988,75.56115,348.4,0.45,0.39,2026-05-25,0816,N21,VIIRS,n,2.0NRT,318.05,16.04,D
31.16008,75.92979,348.54,0.46,0.39,2026-05-25,0816,N21,VIIRS,n,2.0NRT,317.23,6.27,D
31.19427,75.90921,348.99,0.46,0.39,2026-05-25,0816,N21,VIIRS,l,2.0NRT,319.45,9.01,D
31.22336,75.98592,347.75,0.47,0.39,2026-05-25,0816,N21,VIIRS,l,2.0NRT,320.94,4.54,D
31.21092,75.91361,349.09,0.46,0.39,2026-05-25,0816,N21,VIIRS,l,2.0NRT,323.93,21.32,D
30.72608,75.52238,344.63,0.4,0.37,2026-05-26,0756,N21,VIIRS,n,2.0NRT,315.76,7.58,D
30.9695,76.41837,328.53,0.55,0.43,2026-05-26,2019,N21,VIIRS,n,2.0NRT,294.68,3.61,N
30.70477,76.18534,308.3,0.56,0.43,2026-05-26,2019,N21,VIIRS,n,2.0NRT,293.72,1.18,N
30.44377,76.08401,344.43,0.39,0.44,2026-05-27,0737,N21,VIIRS,l,2.0NRT,316.9,9.3,D
30.42923,75.88194,340.75,0.4,0.45,2026-05-27,0737,N21,VIIRS,l,2.0NRT,314.03,3.22,D
30.52653,76.25854,342.08,0.39,0.44,2026-05-27,0737,N21,VIIRS,l,2.0NRT,316.44,4.46,D
30.53045,76.25751,343.71,0.39,0.44,2026-05-27,0737,N21,VIIRS,l,2.0NRT,315.26,7.58,D
30.51459,75.92858,349.24,0.4,0.44,2026-05-27,0737,N21,VIIRS,n,2.0NRT,315.42,8.56,D
30.65146,76.10505,346.81,0.39,0.44,2026-05-27,0737,N21,VIIRS,l,2.0NRT,320.22,9.06,D
30.61359,75.62331,340.84,0.41,0.45,2026-05-27,0737,N21,VIIRS,l,2.0NRT,314.17,5.75,D
30.70852,75.6116,340.61,0.41,0.45,2026-05-27,0737,N21,VIIRS,l,2.0NRT,313.28,5.87,D
30.81799,76.00297,340.02,0.39,0.44,2026-05-27,0737,N21,VIIRS,l,2.0NRT,314.99,5.45,D
30.93658,75.50275,340.03,0.42,0.45,2026-05-27,0737,N21,VIIRS,l,2.0NRT,314.74,10.62,D
31.04371,75.88448,344.06,0.39,0.44,2026-05-27,0737,N21,VIIRS,n,2.0NRT,316.62,6.71,D
30.98167,75.53521,341.18,0.41,0.45,2026-05-27,0737,N21,VIIRS,l,2.0NRT,315.7,5.85,D
31.12816,76.10124,343.01,0.38,0.43,2026-05-27,0737,N21,VIIRS,n,2.0NRT,314.86,4.1,D
31.12714,76.101,341.81,0.38,0.43,2026-05-27,0737,N21,VIIRS,n,2.0NRT,314.1,5.29,D
31.0948,75.81925,345.39,0.4,0.44,2026-05-27,0737,N21,VIIRS,l,2.0NRT,319.46,14.2,D
31.07478,75.72116,345.03,0.4,0.44,2026-05-27,0737,N21,VIIRS,n,2.0NRT,316.98,8.6,D
31.1703,75.60838,348.45,0.41,0.45,2026-05-27,0737,N21,VIIRS,n,2.0NRT,318.27,12.38,D
31.24926,75.76933,344.01,0.4,0.44,2026-05-27,0737,N21,VIIRS,l,2.0NRT,317.38,4.02,D
30.95889,76.08208,311.39,0.36,0.58,2026-05-27,2002,N21,VIIRS,n,2.0NRT,295.64,1,N
31.031,75.91066,351.62,0.37,0.58,2026-05-28,0720,N21,VIIRS,n,2.0NRT,308.92,8.9,D
30.91788,76.17556,367,0.36,0.57,2026-05-28,0720,N21,VIIRS,h,2.0NRT,306.23,8.99,D
30.91603,76.14512,332.72,0.36,0.57,2026-05-28,0720,N21,VIIRS,l,2.0NRT,305.97,1.32,D
30.97722,76.37775,332.39,0.35,0.56,2026-05-28,0720,N21,VIIRS,n,2.0NRT,302.67,2.5,D
30.75691,75.42307,331.28,0.4,0.6,2026-05-28,0720,N21,VIIRS,l,2.0NRT,305.63,1.05,D
30.82955,75.64997,333.06,0.38,0.59,2026-05-28,0720,N21,VIIRS,l,2.0NRT,306.7,2.11,D
30.92736,76.03211,342.8,0.36,0.58,2026-05-28,0720,N21,VIIRS,n,2.0NRT,308.62,3.39,D
31.03114,75.9109,348.15,0.37,0.58,2026-05-28,0720,N21,VIIRS,n,2.0NRT,308.48,7.47,D
30.98942,75.37415,334.6,0.39,0.6,2026-05-28,0720,N21,VIIRS,l,2.0NRT,306.83,2.76,D
31.19153,76.09042,342.95,0.35,0.57,2026-05-28,0720,N21,VIIRS,n,2.0NRT,306.18,3.31,D
31.30075,75.92514,334.41,0.36,0.57,2026-05-28,0720,N21,VIIRS,l,2.0NRT,305.83,4.44,D
31.27386,75.81469,331.66,0.37,0.58,2026-05-28,0720,N21,VIIRS,l,2.0NRT,304.46,1.92,D
31.30586,75.92355,346.49,0.36,0.57,2026-05-28,0720,N21,VIIRS,n,2.0NRT,306.7,4.44,D
31.30741,75.81596,334.62,0.37,0.58,2026-05-28,0720,N21,VIIRS,l,2.0NRT,307.06,0.97,D
30.4611,76.39909,334.72,0.35,0.57,2026-05-28,0720,N21,VIIRS,l,2.0NRT,308.21,1.51,D
30.49815,76.0195,334.52,0.37,0.58,2026-05-28,0720,N21,VIIRS,l,2.0NRT,305.8,1.4,D
30.49882,76.11521,337.57,0.37,0.58,2026-05-28,0720,N21,VIIRS,n,2.0NRT,304.83,2.58,D
30.54036,76.19685,334.43,0.36,0.58,2026-05-28,0720,N21,VIIRS,l,2.0NRT,306.14,2.03,D
30.54053,76.19556,338.99,0.36,0.58,2026-05-28,0720,N21,VIIRS,n,2.0NRT,306.46,2.02,D
30.4972,76.01875,335.92,0.37,0.58,2026-05-28,0720,N21,VIIRS,n,2.0NRT,305.47,1.3,D
30.62077,75.63267,333.44,0.39,0.59,2026-05-28,0720,N21,VIIRS,l,2.0NRT,305.74,1.78,D
30.62752,75.61361,336.17,0.39,0.59,2026-05-28,0720,N21,VIIRS,l,2.0NRT,307.13,2.76,D
30.63024,75.61395,338.54,0.39,0.59,2026-05-28,0720,N21,VIIRS,n,2.0NRT,306.17,2.67,D
30.91691,76.39645,334.47,0.35,0.56,2026-05-28,0720,N21,VIIRS,l,2.0NRT,307.47,2.39,D
30.92354,76.35683,334.32,0.35,0.56,2026-05-28,0720,N21,VIIRS,l,2.0NRT,307.39,1.6,D
30.75034,75.65007,331.69,0.39,0.59,2026-05-28,0720,N21,VIIRS,l,2.0NRT,303.88,1.84,D
30.94282,76.32442,346.63,0.35,0.57,2026-05-28,0720,N21,VIIRS,n,2.0NRT,306.35,5.15,D
30.4507,76.00235,343.03,0.67,0.73,2026-05-28,0900,N21,VIIRS,n,2.0NRT,303.77,4.81,D
30.45291,76.00134,340.61,0.67,0.74,2026-05-28,0900,N21,VIIRS,n,2.0NRT,303.3,6.55,D
31.23065,75.70505,332.82,0.65,0.73,2026-05-28,0900,N21,VIIRS,l,2.0NRT,303.54,1.58,D
30.78066,76.05247,345.04,0.68,0.74,2026-05-28,0900,N21,VIIRS,n,2.0NRT,303.82,12.41,D
30.77886,76.054,334.76,0.68,0.74,2026-05-28,0900,N21,VIIRS,n,2.0NRT,303.28,8.01,D
30.77855,76.04697,333.51,0.68,0.74,2026-05-28,0900,N21,VIIRS,n,2.0NRT,301.36,5.81,D
30.80202,75.43275,335.33,0.62,0.71,2026-05-28,0900,N21,VIIRS,n,2.0NRT,302.44,3.27,D
31.21127,76.22338,299.45,0.69,0.74,2026-05-28,1942,N21,VIIRS,n,2.0NRT,274.91,1.7,N
31.01716,75.61771,336.68,0.71,0.75,2026-05-29,0659,N21,VIIRS,n,2.0NRT,297.8,5.24,D
31.03495,76.08239,332.27,0.67,0.74,2026-05-29,0659,N21,VIIRS,n,2.0NRT,300.24,5,D
30.97119,76.16418,331.27,0.67,0.73,2026-05-29,0659,N21,VIIRS,n,2.0NRT,299.68,5.34,D
31.23076,76.25297,339.26,0.36,0.57,2026-05-29,0839,N21,VIIRS,n,2.0NRT,304.28,4.65,D
30.95615,75.77795,339.48,0.34,0.56,2026-05-29,0839,N21,VIIRS,n,2.0NRT,305.89,3.05,D
31.20823,76.38277,367,0.37,0.58,2026-05-29,0839,N21,VIIRS,h,2.0NRT,304.76,7.35,D
30.91805,76.31915,333.25,0.36,0.58,2026-05-29,0839,N21,VIIRS,n,2.0NRT,301.64,1.38,D
30.95103,75.7785,336.53,0.34,0.56,2026-05-29,0839,N21,VIIRS,n,2.0NRT,305.01,2.58,D
30.84466,75.45487,337.19,0.32,0.55,2026-05-29,0839,N21,VIIRS,n,2.0NRT,305.18,3.15,D
30.52025,76.17137,342.52,0.35,0.57,2026-05-29,0839,N21,VIIRS,n,2.0NRT,302.55,4.56,D
30.44278,76.01491,332.81,0.38,0.36,2026-05-31,0805,N21,VIIRS,l,2.0NRT,303.32,0.99,D
30.90633,75.41167,331.7,0.38,0.36,2026-05-31,0805,N21,VIIRS,l,2.0NRT,302.97,1.76,D
30.89894,75.55276,337.66,0.51,0.41,2026-06-01,0744,N21,VIIRS,n,2.0NRT,305.43,4.05,D
31.16692,75.74743,333.75,0.5,0.41,2026-06-01,0744,N21,VIIRS,l,2.0NRT,305.14,4.14,D
31.16324,75.74836,338.96,0.5,0.41,2026-06-01,0744,N21,VIIRS,n,2.0NRT,304.48,4.14,D
31.09469,75.92872,338.21,0.49,0.4,2026-06-01,0744,N21,VIIRS,l,2.0NRT,308.5,4.75,D
30.89449,76.01795,332.46,0.49,0.4,2026-06-01,0744,N21,VIIRS,l,2.0NRT,303.71,2.21,D
30.99392,75.87356,335.94,0.6,0.53,2026-06-02,0726,N21,VIIRS,n,2.0NRT,304.14,3.86,D
30.99287,75.8711,331.8,0.6,0.53,2026-06-02,0726,N21,VIIRS,l,2.0NRT,303.98,3.59,D
30.80423,76.11818,332.84,0.44,0.62,2026-06-03,0845,N21,VIIRS,n,2.0NRT,292.95,5.86,D
31.03961,75.87905,330.77,0.43,0.62,2026-06-03,0848,N21,VIIRS,n,2.0NRT,295.54,2.82,D
31.12511,76.00107,334.37,0.45,0.47,2026-06-04,0828,N21,VIIRS,l,2.0NRT,305.83,5.98,D
31.1034,75.95637,337.68,0.45,0.47,2026-06-04,0828,N21,VIIRS,n,2.0NRT,307.53,6.65,D
31.0913,75.70097,335.05,0.43,0.46,2026-06-04,0828,N21,VIIRS,n,2.0NRT,304.5,3.69,D
30.45316,75.91032,339.53,0.4,0.37,2026-06-05,0809,N21,VIIRS,n,2.0NRT,309,6.26,D
30.48501,75.53075,348.18,0.4,0.37,2026-06-05,0809,N21,VIIRS,n,2.0NRT,311.87,9.85,D
30.55042,75.46763,336.12,0.52,0.5,2026-06-07,0731,N21,VIIRS,l,2.0NRT,308.17,5.87,D
30.50863,76.28852,345.04,0.47,0.48,2026-06-07,0731,N21,VIIRS,n,2.0NRT,309.1,13.58,D
30.83046,75.56414,339.52,0.51,0.49,2026-06-07,0731,N21,VIIRS,l,2.0NRT,312.57,7.1,D
30.60594,75.94969,336.02,0.49,0.48,2026-06-07,0731,N21,VIIRS,l,2.0NRT,309.46,5.42,D
31.02846,76.27931,331.63,0.43,0.62,2026-06-08,0714,N21,VIIRS,l,2.0NRT,304.34,5.42,D
31.02075,76.31946,332.71,0.43,0.62,2026-06-08,0714,N21,VIIRS,l,2.0NRT,306.31,5.21,D
31.29471,75.79115,308.57,0.53,0.5,2026-06-08,2116,N21,VIIRS,n,2.0NRT,296.26,1.26,N
31.29688,75.79276,339.04,0.54,0.51,2026-06-09,0835,N21,VIIRS,n,2.0NRT,309.03,8.62,D
31.29471,75.791,339.97,0.54,0.51,2026-06-09,0835,N21,VIIRS,l,2.0NRT,310.01,6.28,D
30.43073,75.51704,339.27,0.51,0.5,2026-06-09,0835,N21,VIIRS,l,2.0NRT,311.81,9.04,D
30.58853,75.46151,346.25,0.51,0.49,2026-06-09,0835,N21,VIIRS,l,2.0NRT,316.49,37.45,D
31.29537,75.79272,315.8,0.46,0.39,2026-06-09,2057,N21,VIIRS,n,2.0NRT,296.45,1.97,N
31.20761,75.44586,340.63,0.44,0.39,2026-06-10,0816,N21,VIIRS,n,2.0NRT,312.16,7.2,D
31.03111,76.19139,342.68,0.47,0.4,2026-06-10,0816,N21,VIIRS,l,2.0NRT,315.8,11.38,D
31.15047,76.13354,340.72,0.47,0.4,2026-06-10,0816,N21,VIIRS,l,2.0NRT,313.33,8.47,D
30.62749,76.15386,346.38,0.47,0.4,2026-06-10,0816,N21,VIIRS,n,2.0NRT,310.68,14.83,D
30.74356,76.33716,341.41,0.48,0.4,2026-06-10,0816,N21,VIIRS,l,2.0NRT,315.99,8.55,D
30.73595,75.90929,342.94,0.46,0.39,2026-06-10,0816,N21,VIIRS,l,2.0NRT,316.28,17.27,D
30.78653,76.29191,339.77,0.48,0.4,2026-06-10,0816,N21,VIIRS,l,2.0NRT,312.8,8.37,D
30.777,76.18306,337.2,0.47,0.4,2026-06-10,0816,N21,VIIRS,l,2.0NRT,309.53,5.07,D
30.83743,76.16301,340.74,0.47,0.4,2026-06-10,0816,N21,VIIRS,l,2.0NRT,314.55,13.68,D
30.74095,75.38152,341.34,0.44,0.38,2026-06-10,0816,N21,VIIRS,l,2.0NRT,314.98,6.72,D
30.90496,76.10503,345.94,0.47,0.4,2026-06-10,0816,N21,VIIRS,l,2.0NRT,319.77,26.86,D
31.0366,76.26634,339.51,0.48,0.4,2026-06-10,0816,N21,VIIRS,l,2.0NRT,311.54,11.44,D
30.69799,75.94252,331.48,0.4,0.44,2026-06-12,0737,N21,VIIRS,n,2.0NRT,298.8,2.72,D
30.562,75.66887,333.98,0.41,0.45,2026-06-12,0737,N21,VIIRS,n,2.0NRT,297.51,1.87,D
30.61657,76.25159,333.01,0.68,0.74,2026-06-14,0659,N21,VIIRS,n,2.0NRT,296.64,6.34,D
30.99369,75.53594,333.73,0.32,0.55,2026-06-14,0839,N21,VIIRS,l,2.0NRT,304.88,2.82,D
30.59883,76.33866,355.45,0.36,0.57,2026-06-14,0839,N21,VIIRS,n,2.0NRT,303.15,8.28,D
30.76561,75.72968,330,0.33,0.55,2026-06-14,0839,N21,VIIRS,l,2.0NRT,301.59,1.69,D
30.62405,76.25542,335.05,0.36,0.57,2026-06-14,0839,N21,VIIRS,n,2.0NRT,301.16,2.38,D
30.57775,75.84641,344.42,0.34,0.56,2026-06-14,0839,N21,VIIRS,n,2.0NRT,307.06,3.24,D
30.59814,76.33711,367,0.36,0.57,2026-06-14,0839,N21,VIIRS,h,2.0NRT,305.88,14.66,D
30.59854,76.33492,355.8,0.36,0.57,2026-06-14,0839,N21,VIIRS,n,2.0NRT,300.85,8.28,D
30.98123,75.50658,330.72,0.32,0.55,2026-06-14,0839,N21,VIIRS,l,2.0NRT,301.37,1.7,D
30.78144,75.56141,342.02,0.52,0.42,2026-06-15,0822,N21,VIIRS,n,2.0NRT,302.2,8.25,D
30.43888,76.19455,345.27,0.56,0.43,2026-06-15,0822,N21,VIIRS,n,2.0NRT,293.11,19.73,D
30.78177,76.09116,331.11,0.55,0.43,2026-06-15,0822,N21,VIIRS,n,2.0NRT,296.11,4.02,D
30.78183,76.0903,334.34,0.55,0.43,2026-06-15,0822,N21,VIIRS,n,2.0NRT,296.21,4.82,D
30.76393,75.41098,333.93,0.51,0.41,2026-06-15,0822,N21,VIIRS,l,2.0NRT,304.12,7.02,D
30.76331,75.40565,335.32,0.51,0.41,2026-06-15,0822,N21,VIIRS,n,2.0NRT,303.12,5.47,D
30.90908,76.01672,335.39,0.55,0.43,2026-06-15,0822,N21,VIIRS,n,2.0NRT,298.5,10.25,D
30.88311,75.57672,335.17,0.52,0.42,2026-06-15,0822,N21,VIIRS,n,2.0NRT,302.9,4.27,D
31.00948,75.77409,350.75,0.54,0.42,2026-06-15,0822,N21,VIIRS,n,2.0NRT,302.7,13.5,D
31.02241,75.4805,330.06,0.52,0.41,2026-06-15,0822,N21,VIIRS,l,2.0NRT,302.96,3.48,D
31.17863,75.43584,333.77,0.52,0.41,2026-06-15,0822,N21,VIIRS,n,2.0NRT,301.29,5.05,D
31.21534,75.41895,333.6,0.52,0.41,2026-06-15,0822,N21,VIIRS,n,2.0NRT,300.35,5.85,D
31.21471,75.41354,332.59,0.52,0.41,2026-06-15,0822,N21,VIIRS,n,2.0NRT,299.47,4.48,D
31.3196,75.38926,333.15,0.52,0.41,2026-06-15,0822,N21,VIIRS,n,2.0NRT,299.79,4.3,D
30.47011,75.86729,331.88,0.38,0.36,2026-06-16,0803,N21,VIIRS,l,2.0NRT,303.55,1.95,D
30.83467,75.79958,347.08,0.38,0.36,2026-06-16,0803,N21,VIIRS,n,2.0NRT,305.25,8.54,D
30.78538,75.5635,334.34,0.38,0.36,2026-06-16,0803,N21,VIIRS,n,2.0NRT,301.74,3.21,D
30.78769,75.69014,337.91,0.38,0.36,2026-06-16,0803,N21,VIIRS,n,2.0NRT,303.61,5.33,D
30.76474,75.69866,335.27,0.38,0.36,2026-06-16,0803,N21,VIIRS,l,2.0NRT,305.82,12.23,D
30.81804,76.21383,346.78,0.39,0.36,2026-06-16,0803,N21,VIIRS,n,2.0NRT,302.56,5.41,D
30.81169,76.23984,330.77,0.39,0.36,2026-06-16,0803,N21,VIIRS,n,2.0NRT,300.52,2.08,D
30.50133,76.1434,330.17,0.39,0.36,2026-06-16,0803,N21,VIIRS,l,2.0NRT,302.62,1.23,D
30.5058,76.15071,335.03,0.39,0.36,2026-06-16,0803,N21,VIIRS,n,2.0NRT,301.85,4.77,D
30.59274,76.1624,336.87,0.39,0.36,2026-06-16,0803,N21,VIIRS,n,2.0NRT,301.05,4.78,D
30.61427,76.17044,333.76,0.39,0.36,2026-06-16,0803,N21,VIIRS,n,2.0NRT,303.1,3.33,D
30.55705,75.69563,333.85,0.38,0.36,2026-06-16,0803,N21,VIIRS,n,2.0NRT,303.43,2.11,D
30.69561,76.12257,330.94,0.39,0.36,2026-06-16,0803,N21,VIIRS,l,2.0NRT,301.99,1.3,D
30.65064,75.79945,340.71,0.38,0.36,2026-06-16,0803,N21,VIIRS,n,2.0NRT,306.02,6.52,D
30.66291,75.85841,332.39,0.38,0.36,2026-06-16,0803,N21,VIIRS,l,2.0NRT,304.3,1.96,D
30.68112,75.95714,344.6,0.38,0.36,2026-06-16,0803,N21,VIIRS,n,2.0NRT,306.33,10.25,D
30.72004,76.19588,330.27,0.39,0.36,2026-06-16,0803,N21,VIIRS,l,2.0NRT,303.02,0.93,D
30.68441,75.95648,337.81,0.38,0.36,2026-06-16,0803,N21,VIIRS,n,2.0NRT,304.33,1.74,D
30.99982,75.3853,336.09,0.38,0.36,2026-06-16,0803,N21,VIIRS,n,2.0NRT,303.12,3.54,D
31.00043,75.38928,331.01,0.38,0.36,2026-06-16,0803,N21,VIIRS,l,2.0NRT,301.29,3.55,D
30.93304,75.70666,334.47,0.38,0.36,2026-06-16,0803,N21,VIIRS,n,2.0NRT,301.71,1.17,D
30.76473,76.05974,337.39,0.39,0.36,2026-06-16,0803,N21,VIIRS,n,2.0NRT,307.2,4.47,D
30.93364,75.71065,331.58,0.38,0.36,2026-06-16,0803,N21,VIIRS,l,2.0NRT,302.41,1.17,D
30.92622,76.16376,333.69,0.39,0.36,2026-06-16,0803,N21,VIIRS,n,2.0NRT,299.74,2.6,D
30.79756,75.5323,346.98,0.38,0.36,2026-06-16,0803,N21,VIIRS,n,2.0NRT,306.91,11.04,D
30.80397,75.5966,334.46,0.38,0.36,2026-06-16,0803,N21,VIIRS,n,2.0NRT,300.63,2.69,D
30.7683,75.56096,331.14,0.52,0.41,2026-06-17,0744,N21,VIIRS,n,2.0NRT,300.68,1.9,D
31.30744,75.38215,334.38,0.52,0.41,2026-06-17,0744,N21,VIIRS,n,2.0NRT,298.89,6.21,D
31.2387,75.37177,335.74,0.52,0.41,2026-06-17,0744,N21,VIIRS,n,2.0NRT,297,7.43,D
31.17083,75.44806,345.27,0.52,0.41,2026-06-17,0744,N21,VIIRS,n,2.0NRT,300.25,24.48,D
30.98989,75.42625,336.6,0.52,0.42,2026-06-17,0744,N21,VIIRS,n,2.0NRT,297.02,9.79,D
31.02752,75.74741,336.19,0.5,0.41,2026-06-17,0744,N21,VIIRS,n,2.0NRT,301.95,5.44,D
30.89516,75.46426,335.46,0.52,0.42,2026-06-17,0744,N21,VIIRS,n,2.0NRT,299.86,7.18,D
30.79548,75.55965,336.49,0.52,0.41,2026-06-17,0744,N21,VIIRS,n,2.0NRT,301.94,5,D
30.89255,76.1586,334.54,0.48,0.4,2026-06-17,0744,N21,VIIRS,n,2.0NRT,300.46,3.2,D
30.784,75.684,330.39,0.51,0.41,2026-06-17,0744,N21,VIIRS,l,2.0NRT,300.59,11.49,D
30.73118,75.75923,331.35,0.51,0.41,2026-06-17,0744,N21,VIIRS,l,2.0NRT,301.57,2.1,D
30.82706,76.27522,335.59,0.48,0.4,2026-06-17,0744,N21,VIIRS,n,2.0NRT,299.2,4.98,D
30.68754,75.61088,343.26,0.52,0.41,2026-06-17,0744,N21,VIIRS,n,2.0NRT,300.29,15.24,D
30.79263,76.23212,334.4,0.48,0.4,2026-06-17,0744,N21,VIIRS,n,2.0NRT,302.37,5.18,D
30.78718,76.22311,330.16,0.48,0.4,2026-06-17,0744,N21,VIIRS,l,2.0NRT,303.21,3.54,D
30.61641,75.4044,334.65,0.53,0.42,2026-06-17,0744,N21,VIIRS,n,2.0NRT,301.32,20.85,D
30.68596,75.78688,332,0.51,0.41,2026-06-17,0744,N21,VIIRS,l,2.0NRT,302.47,3.79,D
30.74147,76.32517,340.78,0.48,0.4,2026-06-17,0744,N21,VIIRS,n,2.0NRT,302.87,6.2,D
30.65677,75.96954,334.91,0.5,0.41,2026-06-17,0744,N21,VIIRS,n,2.0NRT,303.8,3.31,D
30.70802,76.26646,334.11,0.48,0.4,2026-06-17,0744,N21,VIIRS,n,2.0NRT,301.94,4.15,D
30.6433,76.02075,338.65,0.49,0.41,2026-06-17,0744,N21,VIIRS,n,2.0NRT,304.44,16.83,D
30.62625,75.95042,345.71,0.5,0.41,2026-06-17,0744,N21,VIIRS,n,2.0NRT,300.5,7.52,D
30.64694,76.18291,336.51,0.49,0.4,2026-06-17,0744,N21,VIIRS,n,2.0NRT,304.7,4.83,D
30.55925,75.82158,343.06,0.51,0.41,2026-06-17,0744,N21,VIIRS,n,2.0NRT,302.61,6.72,D
30.61676,76.16421,332.83,0.49,0.4,2026-06-17,0744,N21,VIIRS,n,2.0NRT,300.43,2.93,D
30.57543,76.24512,341.72,0.48,0.4,2026-06-17,0744,N21,VIIRS,n,2.0NRT,303.82,7.09,D
30.49573,76.04429,341.61,0.5,0.41,2026-06-17,0744,N21,VIIRS,n,2.0NRT,303.7,16.65,D
30.56302,75.76259,331.3,0.62,0.54,2026-06-18,0726,N21,VIIRS,n,2.0NRT,298.17,4.61,D
30.75687,75.72169,334.88,0.62,0.54,2026-06-18,0726,N21,VIIRS,n,2.0NRT,296.21,5.55,D
30.76182,75.73144,338.89,0.62,0.54,2026-06-18,0726,N21,VIIRS,n,2.0NRT,296.05,3.48,D
30.6995,76.11374,337.03,0.59,0.53,2026-06-18,0726,N21,VIIRS,n,2.0NRT,297.2,3.29,D
30.88019,76.19929,335.82,0.58,0.52,2026-06-18,0726,N21,VIIRS,n,2.0NRT,298.23,5.78,D
30.91076,75.65221,343,0.62,0.54,2026-06-18,0726,N21,VIIRS,n,2.0NRT,296.39,9.51,D
31.08066,76.17299,330.33,0.57,0.52,2026-06-18,0726,N21,VIIRS,n,2.0NRT,297.98,3.94,D
31.23285,75.38562,338.59,0.63,0.54,2026-06-18,0726,N21,VIIRS,n,2.0NRT,296.17,7.54,D
31.2292,75.38413,333.07,0.63,0.54,2026-06-18,0726,N21,VIIRS,n,2.0NRT,295.29,6.06,D
31.3111,75.37959,340.2,0.63,0.54,2026-06-18,0726,N21,VIIRS,n,2.0NRT,296.88,8.73,D
30.7503,76.15876,330.77,0.58,0.52,2026-06-18,0726,N21,VIIRS,n,2.0NRT,298,2.91,D
30.55821,75.76402,341.22,0.62,0.54,2026-06-18,0726,N21,VIIRS,n,2.0NRT,298.11,4.61,D
30.56584,76.12233,338.28,0.59,0.53,2026-06-18,0726,N21,VIIRS,n,2.0NRT,297.03,9.47,D
30.61262,75.68717,341.84,0.63,0.54,2026-06-18,0726,N21,VIIRS,n,2.0NRT,295.4,8.94,D
30.50509,75.51152,334.47,0.78,0.78,2026-06-18,0905,N21,VIIRS,n,2.0NRT,291.1,11.05,D
30.92452,75.44686,331.31,0.77,0.78,2026-06-18,0905,N21,VIIRS,n,2.0NRT,293.15,9.68,D
31.30818,75.37939,330.38,0.77,0.77,2026-06-18,0905,N21,VIIRS,n,2.0NRT,291.71,5.79,D
30.45845,76.1954,333.49,0.56,0.69,2026-06-19,0705,N21,VIIRS,n,2.0NRT,290.81,6.07,D
30.45944,76.19283,331.37,0.56,0.69,2026-06-19,0705,N21,VIIRS,n,2.0NRT,290.93,4.52,D
30.58319,76.2908,333.22,0.55,0.68,2026-06-19,0705,N21,VIIRS,n,2.0NRT,290.46,5.48,D
30.60706,75.45473,342.54,0.4,0.6,2026-06-19,0845,N21,VIIRS,n,2.0NRT,296.29,4.17,D
31.11851,75.45118,330.22,0.4,0.6,2026-06-19,0845,N21,VIIRS,n,2.0NRT,294.31,2.53,D
31.21104,75.50703,345.65,0.41,0.6,2026-06-19,0845,N21,VIIRS,n,2.0NRT,294.25,4.42,D
31.18356,75.51393,332.22,0.41,0.6,2026-06-19,0845,N21,VIIRS,n,2.0NRT,294.07,2.94,D
30.63712,76.215,332.89,0.46,0.47,2026-06-20,0828,N21,VIIRS,n,2.0NRT,301.97,4.11,D
31.29719,75.38828,341.29,0.42,0.45,2026-06-20,0828,N21,VIIRS,n,2.0NRT,299.97,5.1,D
31.21761,75.39076,339.68,0.42,0.45,2026-06-20,0828,N21,VIIRS,n,2.0NRT,301.63,5.24,D
31.24609,75.71686,342.53,0.43,0.46,2026-06-20,0828,N21,VIIRS,n,2.0NRT,304.49,23.93,D
31.21552,75.45331,333.29,0.42,0.45,2026-06-20,0828,N21,VIIRS,n,2.0NRT,299.31,3.21,D
31.19275,75.45541,338.89,0.42,0.45,2026-06-20,0828,N21,VIIRS,n,2.0NRT,302.28,3.89,D
31.22841,76.13976,340.89,0.46,0.47,2026-06-20,0828,N21,VIIRS,n,2.0NRT,302.69,2.58,D
31.10137,75.46835,339.14,0.42,0.45,2026-06-20,0828,N21,VIIRS,n,2.0NRT,305.08,2.61,D
31.09972,75.47063,331.59,0.42,0.45,2026-06-20,0828,N21,VIIRS,l,2.0NRT,302.7,3.48,D
31.03474,75.45328,335.72,0.42,0.45,2026-06-20,0828,N21,VIIRS,n,2.0NRT,303.03,2.13,D
31.02903,75.5208,334.19,0.42,0.45,2026-06-20,0828,N21,VIIRS,n,2.0NRT,301.16,4.38,D
30.98364,75.4684,353.8,0.42,0.45,2026-06-20,0828,N21,VIIRS,n,2.0NRT,301.38,13.82,D
30.92486,75.3887,342.55,0.41,0.45,2026-06-20,0828,N21,VIIRS,n,2.0NRT,303.55,3.66,D
30.91015,75.40833,341.32,0.41,0.45,2026-06-20,0828,N21,VIIRS,n,2.0NRT,301.97,11.43,D
30.87977,75.57959,343,0.42,0.45,2026-06-20,0828,N21,VIIRS,n,2.0NRT,303.83,7.23,D
30.85849,75.53799,342.29,0.42,0.45,2026-06-20,0828,N21,VIIRS,n,2.0NRT,303.86,7.83,D
30.84032,76.27888,340.38,0.46,0.47,2026-06-20,0828,N21,VIIRS,n,2.0NRT,302.35,9.22,D
30.66407,75.42706,351.55,0.41,0.45,2026-06-20,0828,N21,VIIRS,n,2.0NRT,303.61,17.6,D
30.74046,76.09264,332.21,0.45,0.47,2026-06-20,0828,N21,VIIRS,l,2.0NRT,304.39,2.55,D
30.66538,75.42579,343.1,0.41,0.45,2026-06-20,0828,N21,VIIRS,n,2.0NRT,303.1,12.08,D
30.66126,75.42638,332.1,0.41,0.45,2026-06-20,0828,N21,VIIRS,l,2.0NRT,305.14,2.25,D
30.69041,76.11372,338.67,0.45,0.47,2026-06-20,0828,N21,VIIRS,n,2.0NRT,301.92,4.15,D
30.54797,75.41136,342.9,0.41,0.45,2026-06-20,0828,N21,VIIRS,n,2.0NRT,304.89,5.41,D
30.59433,76.31277,334.96,0.46,0.47,2026-06-20,0828,N21,VIIRS,n,2.0NRT,302.06,1.62,D
30.47753,76.21422,332.55,0.45,0.47,2026-06-20,0828,N21,VIIRS,n,2.0NRT,301.54,4.31,D
30.47799,76.21894,341.05,0.45,0.47,2026-06-20,0828,N21,VIIRS,n,2.0NRT,303.78,8.31,D
30.46376,75.86877,339.12,0.4,0.37,2026-06-21,0807,N21,VIIRS,n,2.0NRT,309.46,6.61,D
30.46039,75.86939,337.83,0.4,0.37,2026-06-21,0807,N21,VIIRS,l,2.0NRT,309.67,6.61,D
30.50377,75.99969,335.55,0.41,0.37,2026-06-21,0807,N21,VIIRS,l,2.0NRT,306.98,5.7,D
30.42788,75.88398,335.74,0.4,0.37,2026-06-21,0807,N21,VIIRS,l,2.0NRT,309.91,6.25,D
30.74112,76.30707,335.76,0.42,0.37,2026-06-21,0809,N21,VIIRS,l,2.0NRT,306.33,4.13,D
30.72873,76.19045,341.16,0.41,0.37,2026-06-21,0809,N21,VIIRS,n,2.0NRT,311.35,5.51,D
30.72814,76.18618,336.19,0.41,0.37,2026-06-21,0809,N21,VIIRS,l,2.0NRT,306.94,4.38,D
30.77248,76.33361,337.02,0.42,0.37,2026-06-21,0809,N21,VIIRS,l,2.0NRT,307.25,4.49,D
30.7859,76.19872,330.29,0.41,0.37,2026-06-21,0809,N21,VIIRS,l,2.0NRT,304.59,1.89,D
30.80206,76.2928,339.53,0.42,0.37,2026-06-21,0809,N21,VIIRS,l,2.0NRT,309.72,3.94,D
30.79721,76.17908,331.45,0.41,0.37,2026-06-21,0809,N21,VIIRS,l,2.0NRT,303.52,2.14,D
30.73957,75.7092,339.35,0.4,0.37,2026-06-21,0809,N21,VIIRS,n,2.0NRT,313.54,5.38,D
30.81957,76.24103,346.4,0.41,0.37,2026-06-21,0809,N21,VIIRS,n,2.0NRT,307.5,8.01,D
30.85361,76.36331,335.49,0.42,0.38,2026-06-21,0809,N21,VIIRS,l,2.0NRT,309.42,3.77,D
30.78047,75.7058,342.27,0.4,0.37,2026-06-21,0809,N21,VIIRS,n,2.0NRT,313.06,16.53,D
30.78225,75.70615,343.56,0.4,0.37,2026-06-21,0809,N21,VIIRS,n,2.0NRT,310.42,13.75,D
30.88739,76.19876,335.54,0.41,0.37,2026-06-21,0809,N21,VIIRS,l,2.0NRT,305.99,4.11,D
30.81714,75.60994,338.78,0.4,0.37,2026-06-21,0809,N21,VIIRS,l,2.0NRT,310.11,3.66,D
30.85096,75.55675,332.57,0.4,0.37,2026-06-21,0809,N21,VIIRS,l,2.0NRT,306.6,1.17,D
30.94606,76.21897,337.87,0.41,0.37,2026-06-21,0809,N21,VIIRS,n,2.0NRT,306.92,4.6,D
30.96907,76.26091,336.19,0.42,0.37,2026-06-21,0809,N21,VIIRS,n,2.0NRT,305.61,2.03,D
30.8909,75.65726,343.61,0.4,0.37,2026-06-21,0809,N21,VIIRS,n,2.0NRT,313.25,8.66,D
30.89033,75.65309,341.44,0.4,0.37,2026-06-21,0809,N21,VIIRS,l,2.0NRT,311.49,8.66,D
30.88563,75.5942,346.41,0.4,0.37,2026-06-21,0809,N21,VIIRS,n,2.0NRT,311.58,4.28,D
30.88217,75.56928,347.15,0.4,0.37,2026-06-21,0809,N21,VIIRS,n,2.0NRT,312.36,8.03,D
30.89754,75.50682,339.44,0.4,0.37,2026-06-21,0809,N21,VIIRS,n,2.0NRT,305.56,3.56,D
30.93799,75.55021,342.49,0.4,0.37,2026-06-21,0809,N21,VIIRS,n,2.0NRT,312.68,5.91,D
30.94082,75.37569,337.83,0.4,0.37,2026-06-21,0809,N21,VIIRS,l,2.0NRT,308.56,4.04,D
31.05785,75.88113,337.3,0.41,0.37,2026-06-21,0809,N21,VIIRS,l,2.0NRT,308.73,7.41,D
30.99828,75.4501,334.95,0.4,0.37,2026-06-21,0809,N21,VIIRS,l,2.0NRT,306.42,11.72,D
30.99249,75.40877,341.72,0.4,0.37,2026-06-21,0809,N21,VIIRS,n,2.0NRT,308.47,8.31,D
31.01746,75.48895,337.52,0.4,0.37,2026-06-21,0809,N21,VIIRS,n,2.0NRT,306.37,2.69,D
31.02081,75.48831,334.21,0.4,0.37,2026-06-21,0809,N21,VIIRS,l,2.0NRT,306.28,2.69,D
31.01732,75.46346,335.41,0.4,0.37,2026-06-21,0809,N21,VIIRS,l,2.0NRT,308.95,1.27,D
31.11478,75.99271,336.11,0.41,0.37,2026-06-21,0809,N21,VIIRS,l,2.0NRT,307.97,4.47,D
31.16457,75.37246,335.07,0.4,0.37,2026-06-21,0809,N21,VIIRS,l,2.0NRT,305.76,2.29,D
31.18492,75.4921,346.26,0.4,0.37,2026-06-21,0809,N21,VIIRS,n,2.0NRT,309.95,22.8,D
31.18707,75.49295,330.63,0.4,0.37,2026-06-21,0809,N21,VIIRS,l,2.0NRT,305.05,3.58,D
31.18569,75.43346,334.38,0.4,0.37,2026-06-21,0809,N21,VIIRS,l,2.0NRT,308.01,3.55,D
31.21376,75.58645,341.58,0.4,0.37,2026-06-21,0809,N21,VIIRS,n,2.0NRT,309.56,2.18,D
31.20082,75.44337,336.41,0.4,0.37,2026-06-21,0809,N21,VIIRS,l,2.0NRT,307.67,6.53,D
31.21169,75.49682,335.62,0.4,0.37,2026-06-21,0809,N21,VIIRS,l,2.0NRT,305.94,6.14,D
31.21111,75.49265,347.39,0.4,0.37,2026-06-21,0809,N21,VIIRS,n,2.0NRT,307.97,6.14,D
31.20229,75.40471,335.9,0.4,0.37,2026-06-21,0809,N21,VIIRS,l,2.0NRT,306.19,5.27,D
31.23077,75.5103,337.81,0.4,0.37,2026-06-21,0809,N21,VIIRS,l,2.0NRT,310.48,2.49,D
31.21393,75.38972,338.2,0.4,0.37,2026-06-21,0809,N21,VIIRS,n,2.0NRT,312.14,14.35,D
31.23993,75.55143,338.32,0.4,0.37,2026-06-21,0809,N21,VIIRS,l,2.0NRT,309.31,5.4,D
31.24418,75.40949,334.78,0.4,0.37,2026-06-21,0809,N21,VIIRS,l,2.0NRT,305.03,3.73,D
31.27306,75.56662,336.22,0.4,0.37,2026-06-21,0809,N21,VIIRS,l,2.0NRT,307.46,4.56,D
31.27248,75.56243,338.25,0.4,0.37,2026-06-21,0809,N21,VIIRS,l,2.0NRT,309.96,5.23,D
31.26074,75.38076,333.59,0.4,0.37,2026-06-21,0809,N21,VIIRS,n,2.0NRT,306.45,1.54,D
31.31726,75.42625,332.77,0.4,0.37,2026-06-21,0809,N21,VIIRS,l,2.0NRT,304.86,0.85,D
31.2892,75.39745,333.61,0.4,0.37,2026-06-21,0809,N21,VIIRS,l,2.0NRT,307.75,2.36,D
30.62776,76.22042,331.19,0.41,0.37,2026-06-21,0809,N21,VIIRS,l,2.0NRT,305.38,1.77,D
30.63117,76.2198,334.33,0.41,0.37,2026-06-21,0809,N21,VIIRS,l,2.0NRT,308.21,3.41,D
30.59303,75.91856,340.37,0.4,0.37,2026-06-21,0809,N21,VIIRS,l,2.0NRT,311.34,15.35,D
30.5945,75.91972,338.72,0.41,0.37,2026-06-21,0809,N21,VIIRS,l,2.0NRT,310.9,12.19,D
30.71721,76.31142,331.88,0.42,0.37,2026-06-21,0809,N21,VIIRS,l,2.0NRT,305.75,2.43,D
30.70461,76.1161,338.13,0.41,0.37,2026-06-21,0809,N21,VIIRS,n,2.0NRT,307.02,3.22,D
31.1795,75.44719,334.06,0.44,0.39,2026-06-22,0750,N21,VIIRS,l,2.0NRT,302.27,8.31,D
31.17869,75.44261,340.24,0.44,0.39,2026-06-22,0750,N21,VIIRS,l,2.0NRT,302.03,8.31,D
31.19822,75.4748,334.92,0.51,0.49,2026-06-23,0731,N21,VIIRS,n,2.0NRT,299.96,3.41,D
30.54425,76.17072,339.9,0.48,0.48,2026-06-23,0731,N21,VIIRS,n,2.0NRT,288.97,7.47,D
30.68265,76.19511,333.28,0.47,0.48,2026-06-23,0731,N21,VIIRS,n,2.0NRT,302.94,3.46,D
30.71245,76.31309,344.27,0.46,0.47,2026-06-23,0731,N21,VIIRS,n,2.0NRT,302.97,8.98,D
30.72815,76.23827,342.35,0.47,0.48,2026-06-23,0731,N21,VIIRS,n,2.0NRT,303.88,4.46,D
30.66306,75.73857,345.56,0.5,0.49,2026-06-23,0731,N21,VIIRS,n,2.0NRT,301.07,8.94,D
30.66191,75.74061,331.23,0.5,0.49,2026-06-23,0731,N21,VIIRS,n,2.0NRT,300.76,3,D
30.6974,75.8806,331.81,0.49,0.49,2026-06-23,0731,N21,VIIRS,n,2.0NRT,301.67,4.66,D
30.66631,75.73937,336.6,0.5,0.49,2026-06-23,0731,N21,VIIRS,n,2.0NRT,301.55,3,D
30.76704,76.13706,333.07,0.47,0.48,2026-06-23,0731,N21,VIIRS,l,2.0NRT,305.68,3.41,D
30.78686,76.20786,336.38,0.47,0.48,2026-06-23,0731,N21,VIIRS,n,2.0NRT,300.78,2.04,D
30.77979,76.15395,336.33,0.47,0.48,2026-06-23,0731,N21,VIIRS,n,2.0NRT,303.57,4.32,D
30.79233,76.19114,332.13,0.47,0.48,2026-06-23,0731,N21,VIIRS,n,2.0NRT,300.92,3.15,D
30.81754,76.11781,341.87,0.47,0.48,2026-06-23,0731,N21,VIIRS,n,2.0NRT,303.55,5.46,D
30.92571,76.17163,340.47,0.47,0.48,2026-06-23,0731,N21,VIIRS,n,2.0NRT,301.49,2.76,D
30.92488,76.14649,333.71,0.47,0.48,2026-06-23,0731,N21,VIIRS,n,2.0NRT,301.76,2.13,D
30.86019,75.531,332.48,0.51,0.49,2026-06-23,0731,N21,VIIRS,n,2.0NRT,300.48,3.52,D
31.05038,76.23849,339.18,0.46,0.47,2026-06-23,0731,N21,VIIRS,n,2.0NRT,304.59,5.43,D
31.02754,75.44653,340.41,0.51,0.5,2026-06-23,0731,N21,VIIRS,n,2.0NRT,301.44,5.21,D
31.14586,75.5042,334.06,0.51,0.49,2026-06-23,0731,N21,VIIRS,n,2.0NRT,302.84,2.71,D
31.20198,75.55573,331.67,0.5,0.49,2026-06-23,0731,N21,VIIRS,l,2.0NRT,302.97,8.56,D
31.18726,75.48898,339.23,0.51,0.49,2026-06-23,0731,N21,VIIRS,n,2.0NRT,302.21,9.27,D
31.18612,75.48382,341.45,0.51,0.49,2026-06-23,0731,N21,VIIRS,n,2.0NRT,302.33,9.27,D
31.20637,75.55445,342.74,0.5,0.49,2026-06-23,0731,N21,VIIRS,n,2.0NRT,305.49,8.56,D
31.19508,75.50315,341.46,0.5,0.49,2026-06-23,0731,N21,VIIRS,n,2.0NRT,302.13,7.87,D
31.19394,75.49801,331.63,0.51,0.49,2026-06-23,0731,N21,VIIRS,n,2.0NRT,301.22,4.68,D
31.24921,75.53668,331.64,0.5,0.49,2026-06-23,0731,N21,VIIRS,n,2.0NRT,300.57,3.56,D
31.27374,75.42194,335.67,0.51,0.49,2026-06-23,0731,N21,VIIRS,n,2.0NRT,301.33,4.72,D
30.77331,76.2219,331.79,0.44,0.63,2026-06-24,0712,N21,VIIRS,n,2.0NRT,294.28,1.94,D
30.6582,75.75742,332.39,0.47,0.64,2026-06-24,0712,N21,VIIRS,n,2.0NRT,294.39,2.67,D
30.83138,76.28423,350.82,0.44,0.62,2026-06-24,0712,N21,VIIRS,n,2.0NRT,295.21,8.97,D
30.80363,76.10532,330.31,0.45,0.63,2026-06-24,0712,N21,VIIRS,n,2.0NRT,294.52,4.94,D
30.92444,76.14293,353.18,0.44,0.63,2026-06-24,0712,N21,VIIRS,n,2.0NRT,293.87,8.08,D
30.97144,76.25676,339.24,0.44,0.62,2026-06-24,0712,N21,VIIRS,n,2.0NRT,294.18,3.67,D
30.89729,75.63206,367,0.48,0.64,2026-06-24,0712,N21,VIIRS,h,2.0NRT,295.44,13.42,D
30.91611,75.53709,367,0.48,0.65,2026-06-24,0712,N21,VIIRS,h,2.0NRT,294.58,16.67,D
30.53029,76.12397,367,0.46,0.63,2026-06-24,0712,N21,VIIRS,h,2.0NRT,295.83,13.46,D
30.53171,76.12379,354.42,0.45,0.63,2026-06-24,0712,N21,VIIRS,n,2.0NRT,295.61,13.83,D
30.53054,76.11924,333.03,0.45,0.63,2026-06-24,0712,N21,VIIRS,n,2.0NRT,294.56,10.59,D
30.9024,75.43603,343.24,0.49,0.65,2026-06-24,0712,N21,VIIRS,n,2.0NRT,295,5.64,D
31.24369,75.41951,337.66,0.48,0.65,2026-06-24,0712,N21,VIIRS,n,2.0NRT,293.49,9.96,D
31.24786,75.41602,345.17,0.48,0.65,2026-06-24,0712,N21,VIIRS,n,2.0NRT,294.32,8.12,D
30.73855,76.33129,330.56,0.44,0.62,2026-06-24,0712,N21,VIIRS,n,2.0NRT,295.09,3.2,D
30.7256,76.16257,336.58,0.45,0.63,2026-06-24,0712,N21,VIIRS,n,2.0NRT,293.25,9.83,D
30.56882,76.04893,367,0.54,0.68,2026-06-24,0852,N21,VIIRS,h,2.0NRT,294.95,15.48,D
30.57372,76.05222,333.32,0.54,0.68,2026-06-24,0852,N21,VIIRS,n,2.0NRT,294.74,10.24,D
30.57343,76.04662,339.55,0.54,0.68,2026-06-24,0852,N21,VIIRS,n,2.0NRT,294.78,10.24,D
30.70674,76.11376,343.85,0.54,0.68,2026-06-24,0852,N21,VIIRS,n,2.0NRT,292.41,7.26,D
30.7497,76.21408,334.81,0.55,0.68,2026-06-24,0852,N21,VIIRS,n,2.0NRT,292.48,5.62,D
30.76055,76.3007,334.89,0.56,0.69,2026-06-24,0852,N21,VIIRS,n,2.0NRT,295.13,7.31,D
30.88746,75.45283,342.57,0.5,0.66,2026-06-24,0854,N21,VIIRS,n,2.0NRT,290.51,7.55,D
31.19549,75.4395,367,0.5,0.66,2026-06-24,0854,N21,VIIRS,h,2.0NRT,296.77,44.21,D
31.19886,76.06924,336.94,0.55,0.68,2026-06-24,0854,N21,VIIRS,n,2.0NRT,291.21,6.02,D
31.05324,75.53802,331.65,0.51,0.66,2026-06-24,0854,N21,VIIRS,n,2.0NRT,291.88,3.55,D
31.0519,75.53822,330.04,0.51,0.66,2026-06-24,0854,N21,VIIRS,n,2.0NRT,291.94,6.59,D
30.92099,75.40322,330.29,0.49,0.65,2026-06-24,0854,N21,VIIRS,n,2.0NRT,294.85,4.48,D
30.76002,75.94059,334.66,0.53,0.67,2026-06-24,0854,N21,VIIRS,n,2.0NRT,292.68,5.47,D
30.79738,75.50478,336.78,0.5,0.66,2026-06-24,0854,N21,VIIRS,n,2.0NRT,294.19,3.52,D
30.83461,75.51764,349.46,0.5,0.66,2026-06-24,0854,N21,VIIRS,n,2.0NRT,293.83,10.07,D
30.73322,76.21344,339.02,0.57,0.52,2026-06-25,0835,N21,VIIRS,n,2.0NRT,299.08,4.25,D
30.73394,76.21341,335.88,0.57,0.52,2026-06-25,0835,N21,VIIRS,n,2.0NRT,298.89,6.92,D
30.75357,76.33173,333.81,0.58,0.52,2026-06-25,0835,N21,VIIRS,n,2.0NRT,298.23,4.78,D
30.76557,76.24558,341.6,0.57,0.52,2026-06-25,0835,N21,VIIRS,n,2.0NRT,299.08,8.51,D
30.77151,76.2029,335.98,0.57,0.52,2026-06-25,0835,N21,VIIRS,n,2.0NRT,299.05,4.96,D
30.77947,76.18404,334.07,0.57,0.52,2026-06-25,0835,N21,VIIRS,n,2.0NRT,298.57,4.74,D
30.78073,75.77791,337.15,0.53,0.5,2026-06-25,0835,N21,VIIRS,n,2.0NRT,296.31,4.48,D
30.85305,76.19147,341.26,0.57,0.52,2026-06-25,0835,N21,VIIRS,n,2.0NRT,299.47,9.63,D
31.29897,75.5135,332.24,0.52,0.5,2026-06-25,0835,N21,VIIRS,n,2.0NRT,290.68,3.75,D
31.29917,75.51406,337.61,0.52,0.5,2026-06-25,0835,N21,VIIRS,n,2.0NRT,292.34,7.01,D
31.3189,75.8814,339.5,0.55,0.51,2026-06-25,0835,N21,VIIRS,n,2.0NRT,296.61,6.9,D
31.21169,75.46983,333.8,0.52,0.5,2026-06-25,0835,N21,VIIRS,n,2.0NRT,294.92,4.05,D
31.06274,75.98631,346.05,0.55,0.51,2026-06-25,0835,N21,VIIRS,n,2.0NRT,298.92,17.83,D
30.98393,75.47116,332.13,0.52,0.5,2026-06-25,0835,N21,VIIRS,n,2.0NRT,294.98,4.2,D
30.97421,76.30875,332.39,0.58,0.52,2026-06-25,0835,N21,VIIRS,n,2.0NRT,297.54,5.99,D
30.89175,75.47183,330.24,0.51,0.5,2026-06-25,0835,N21,VIIRS,n,2.0NRT,296.1,4.81,D
30.6188,76.16772,331.21,0.56,0.52,2026-06-25,0835,N21,VIIRS,n,2.0NRT,298.15,4.88,D
30.61772,76.16998,334.99,0.56,0.52,2026-06-25,0835,N21,VIIRS,n,2.0NRT,298.47,5.87,D
30.86543,76.2804,338.8,0.57,0.52,2026-06-25,0835,N21,VIIRS,n,2.0NRT,298.91,7.75,D
30.63675,76.15367,332.56,0.56,0.52,2026-06-25,0835,N21,VIIRS,n,2.0NRT,298.54,4.45,D
30.6511,75.73269,331.81,0.53,0.5,2026-06-25,0835,N21,VIIRS,n,2.0NRT,295.89,11.02,D
30.70073,75.56974,332.17,0.44,0.39,2026-06-26,0816,N21,VIIRS,n,2.0NRT,301.1,5.27,D
30.4788,75.89355,342.34,0.45,0.39,2026-06-26,0816,N21,VIIRS,n,2.0NRT,302.63,9.04,D
30.58521,76.26524,338.08,0.47,0.4,2026-06-26,0816,N21,VIIRS,n,2.0NRT,305.7,11.18,D
30.5716,76.15328,331.5,0.47,0.39,2026-06-26,0816,N21,VIIRS,l,2.0NRT,304.85,3.49,D
30.60331,76.29225,333.2,0.47,0.4,2026-06-26,0816,N21,VIIRS,l,2.0NRT,305.76,4.43,D
30.59041,75.89152,335.05,0.45,0.39,2026-06-26,0816,N21,VIIRS,n,2.0NRT,301.39,5.48,D
30.71737,76.10142,339.51,0.47,0.39,2026-06-26,0816,N21,VIIRS,n,2.0NRT,303.57,3.28,D
30.67148,75.73577,337.18,0.45,0.39,2026-06-26,0816,N21,VIIRS,n,2.0NRT,301.04,5.13,D
30.75418,76.21944,337.44,0.47,0.4,2026-06-26,0816,N21,VIIRS,n,2.0NRT,305.54,2.67,D
30.77121,76.29691,333.08,0.47,0.4,2026-06-26,0816,N21,VIIRS,l,2.0NRT,304.8,1.57,D
30.6705,75.42081,331.86,0.44,0.38,2026-06-26,0816,N21,VIIRS,l,2.0NRT,302.71,7.99,D
30.78086,76.25508,341.76,0.47,0.4,2026-06-26,0816,N21,VIIRS,n,2.0NRT,303.5,10.2,D
31.30604,75.39591,336.55,0.44,0.39,2026-06-26,0816,N21,VIIRS,n,2.0NRT,302.81,4.21,D
30.70545,75.57833,333.47,0.44,0.39,2026-06-26,0816,N21,VIIRS,n,2.0NRT,301.15,1.94,D
30.70107,75.57137,337.43,0.44,0.39,2026-06-26,0816,N21,VIIRS,n,2.0NRT,302.22,2.79,D
30.70517,75.57536,332.39,0.44,0.39,2026-06-26,0816,N21,VIIRS,n,2.0NRT,301.56,2.79,D
30.79642,76.10518,333.86,0.47,0.39,2026-06-26,0816,N21,VIIRS,n,2.0NRT,302.04,2.22,D
30.82107,76.15565,337,0.47,0.4,2026-06-26,0816,N21,VIIRS,n,2.0NRT,302.2,4.41,D
30.79117,75.68367,333.74,0.45,0.39,2026-06-26,0816,N21,VIIRS,n,2.0NRT,301.16,8.66,D
30.864,76.23355,338.86,0.47,0.4,2026-06-26,0816,N21,VIIRS,n,2.0NRT,309.89,16.27,D
30.86339,76.22862,331.73,0.47,0.4,2026-06-26,0816,N21,VIIRS,l,2.0NRT,305.37,10.64,D
30.91506,76.19312,338.02,0.47,0.4,2026-06-26,0816,N21,VIIRS,n,2.0NRT,305.8,6.07,D
30.9187,76.19252,336.19,0.47,0.4,2026-06-26,0816,N21,VIIRS,n,2.0NRT,305.82,6.07,D
30.88302,75.58492,330.59,0.45,0.39,2026-06-26,0816,N21,VIIRS,l,2.0NRT,302.03,1.7,D
30.8841,75.50918,336.52,0.44,0.39,2026-06-26,0816,N21,VIIRS,n,2.0NRT,301.88,2.73,D
30.91031,75.68492,331.12,0.45,0.39,2026-06-26,0816,N21,VIIRS,l,2.0NRT,301.39,3.34,D
31.18073,75.48717,336.24,0.44,0.39,2026-06-26,0816,N21,VIIRS,n,2.0NRT,301.59,3.76,D
31.16832,75.39016,332.26,0.44,0.38,2026-06-26,0816,N21,VIIRS,n,2.0NRT,299.99,4.54,D
31.18426,75.48656,335.98,0.44,0.39,2026-06-26,0816,N21,VIIRS,n,2.0NRT,301.95,3.76,D
31.2121,75.59138,336.38,0.45,0.39,2026-06-26,0816,N21,VIIRS,n,2.0NRT,302.81,3.04,D
31.20533,75.42609,330.29,0.44,0.39,2026-06-26,0816,N21,VIIRS,n,2.0NRT,300.05,2.16,D
31.23032,75.42332,333.87,0.44,0.39,2026-06-26,0816,N21,VIIRS,n,2.0NRT,300.44,4.01,D
31.26315,75.56989,342.95,0.45,0.39,2026-06-26,0816,N21,VIIRS,n,2.0NRT,305.14,13,D
31.2485,75.45327,338.74,0.44,0.39,2026-06-26,0816,N21,VIIRS,n,2.0NRT,300.78,6.01,D
31.26789,75.40729,330.7,0.44,0.39,2026-06-26,0816,N21,VIIRS,n,2.0NRT,300.24,1.69,D
31.29255,75.40298,339.78,0.44,0.39,2026-06-26,0816,N21,VIIRS,n,2.0NRT,302.78,7.31,D
31.31031,75.48528,335.11,0.45,0.39,2026-06-26,0816,N21,VIIRS,n,2.0NRT,303.36,3.73,D
30.88405,75.48098,332.26,0.44,0.38,2026-06-26,0816,N21,VIIRS,n,2.0NRT,301.54,1.65,D
30.89532,75.54023,339.67,0.44,0.39,2026-06-26,0816,N21,VIIRS,n,2.0NRT,301.52,4.17,D
31.16425,75.52802,341.77,0.45,0.39,2026-06-26,0816,N21,VIIRS,n,2.0NRT,303.8,6.05,D
31.15249,75.37883,337.72,0.44,0.38,2026-06-26,0816,N21,VIIRS,n,2.0NRT,300.1,4.42,D
31.25661,75.54658,343.05,0.4,0.37,2026-06-27,0756,N21,VIIRS,n,2.0NRT,301.71,6.48,D
30.88927,76.07999,330.3,0.39,0.36,2026-06-27,0756,N21,VIIRS,l,2.0NRT,301.98,2.87,D
30.76627,76.14264,336.37,0.39,0.36,2026-06-27,0756,N21,VIIRS,l,2.0NRT,304.75,3.33,D
30.63482,76.00351,334.63,0.39,0.36,2026-06-27,0756,N21,VIIRS,l,2.0NRT,301.88,3.68,D
30.73065,76.19608,334.73,0.39,0.44,2026-06-28,0737,N21,VIIRS,n,2.0NRT,299.54,2.08,D
30.93141,75.51936,337.98,0.42,0.45,2026-06-28,0737,N21,VIIRS,n,2.0NRT,296.32,3.5,D
30.94281,76.23653,335.3,0.57,0.43,2026-06-28,0737,N21,VIIRS,n,2.0NRT,298.39,3.8,D
30.94379,76.23749,335.45,0.57,0.43,2026-06-28,0737,N21,VIIRS,n,2.0NRT,298.39,6.71,D
30.91027,76.23401,336.57,0.57,0.43,2026-06-28,0737,N21,VIIRS,n,2.0NRT,297.39,3.21,D
30.80762,76.25121,339.35,0.57,0.43,2026-06-28,0737,N21,VIIRS,n,2.0NRT,298.77,7.3,D
30.79418,76.22489,338.55,0.38,0.43,2026-06-28,0737,N21,VIIRS,n,2.0NRT,299.98,6.04,D
30.75963,76.13444,335.81,0.39,0.44,2026-06-28,0737,N21,VIIRS,n,2.0NRT,300.42,2.34,D
30.76598,76.2075,331.15,0.38,0.44,2026-06-28,0737,N21,VIIRS,n,2.0NRT,298.89,1.88,D
30.73989,76.11872,330.6,0.39,0.44,2026-06-28,0737,N21,VIIRS,n,2.0NRT,299.42,1.55,D
30.73361,76.12874,331.06,0.39,0.44,2026-06-28,0737,N21,VIIRS,n,2.0NRT,298.13,2.65,D
30.66274,75.86266,330.6,0.4,0.44,2026-06-28,0737,N21,VIIRS,n,2.0NRT,295.71,2.09,D
30.92147,75.4093,339.78,0.42,0.45,2026-06-28,0737,N21,VIIRS,n,2.0NRT,297.24,4.91,D
30.5739,76.14071,340.88,0.39,0.44,2026-06-28,0737,N21,VIIRS,n,2.0NRT,298.65,5.09,D
30.50604,76.31213,342.14,0.38,0.43,2026-06-28,0737,N21,VIIRS,n,2.0NRT,301.5,9.01,D
31.24164,75.58346,337.04,0.41,0.45,2026-06-28,0737,N21,VIIRS,n,2.0NRT,296.94,3.84,D
31.22367,75.55747,339.89,0.41,0.45,2026-06-28,0737,N21,VIIRS,n,2.0NRT,298.04,4.5,D
31.01614,75.47889,340.67,0.42,0.45,2026-06-28,0737,N21,VIIRS,n,2.0NRT,296.04,7.77,D
31.01713,75.47815,347.83,0.42,0.45,2026-06-28,0737,N21,VIIRS,n,2.0NRT,296.02,7.11,D
30.93583,75.43713,335.38,0.42,0.45,2026-06-28,0737,N21,VIIRS,n,2.0NRT,296.44,3.02,D
30.4335,76.23489,333.49,0.36,0.58,2026-06-29,0718,N21,VIIRS,n,2.0NRT,288.14,2.98,D
31.06942,76.31576,305.6,0.39,0.44,2026-06-30,2104,N21,VIIRS,n,2.0NRT,290.42,2.72,N
31.1708,75.48145,337.89,0.52,0.42,2026-07-01,0822,N21,VIIRS,n,2.0NRT,296.16,11.51,D
31.02306,75.49795,332.16,0.52,0.42,2026-07-01,0822,N21,VIIRS,n,2.0NRT,289.79,5.02,D
31.07858,75.44832,335.85,0.52,0.41,2026-07-01,0822,N21,VIIRS,n,2.0NRT,294.2,5.95,D
30.97915,75.47494,334.73,0.52,0.41,2026-07-03,0744,N21,VIIRS,n,2.0NRT,297.57,6.14,D
30.89344,76.02016,333.41,0.49,0.4,2026-07-03,0744,N21,VIIRS,n,2.0NRT,296.39,3.35,D
30.59958,76.29333,334.32,0.48,0.4,2026-07-03,0744,N21,VIIRS,n,2.0NRT,296.72,6.42,D
30.93374,76.22095,346.85,0.45,0.63,2026-07-05,0845,N21,VIIRS,n,2.0NRT,290.52,6.26,D
30.93439,76.21989,349.6,0.45,0.63,2026-07-05,0845,N21,VIIRS,n,2.0NRT,290.47,6.79,D
30.90917,75.45639,342.13,0.42,0.45,2026-07-06,0828,N21,VIIRS,n,2.0NRT,296.9,4.35,D
30.88305,75.44634,334.11,0.4,0.37,2026-07-07,0809,N21,VIIRS,n,2.0NRT,299.94,3.24,D
30.90497,75.57843,345.27,0.4,0.37,2026-07-07,0809,N21,VIIRS,n,2.0NRT,301.09,13.48,D
30.93144,75.40876,331.75,0.4,0.37,2026-07-07,0809,N21,VIIRS,n,2.0NRT,299.9,2.98,D
31.24845,75.54182,332.55,0.5,0.49,2026-07-09,0731,N21,VIIRS,n,2.0NRT,293.92,3.98,D
30.91605,75.51606,341.17,0.51,0.49,2026-07-09,0731,N21,VIIRS,n,2.0NRT,294.08,8.33,D
30.94148,75.56867,332.19,0.5,0.49,2026-07-09,0731,N21,VIIRS,n,2.0NRT,293.94,6.8,D
31.06997,75.50892,335.68,0.5,0.49,2026-07-09,0731,N21,VIIRS,n,2.0NRT,294.31,4.69,D
30.84485,75.56007,337.01,0.48,0.64,2026-07-10,0714,N21,VIIRS,n,2.0NRT,293.28,5.41,D
31.07811,75.43894,332.69,0.48,0.65,2026-07-10,0714,N21,VIIRS,n,2.0NRT,293.15,4.08,D
30.88651,75.90694,309.37,0.39,0.44,2026-07-13,2019,N21,VIIRS,n,2.0NRT,295.65,0.91,N
30.9042,76.18103,342.51,0.57,0.43,2026-07-14,0737,N21,VIIRS,n,2.0NRT,300.17,13.57,D
30.89252,76.1841,342.17,0.57,0.43,2026-07-14,0737,N21,VIIRS,n,2.0NRT,301.2,13.31,D
30.9081,76.18001,346.63,0.57,0.43,2026-07-14,0737,N21,VIIRS,n,2.0NRT,299.93,13.57,D
31.19349,75.4631,340.35,0.38,0.59,2026-07-15,0720,N21,VIIRS,n,2.0NRT,295.07,3.83,D
30.90496,76.17193,340.1,0.35,0.57,2026-07-15,0720,N21,VIIRS,n,2.0NRT,296.39,4.24,D
30.92257,75.53016,367,0.33,0.55,2026-07-16,0839,N21,VIIRS,h,2.0NRT,296.62,7.67,D
30.91895,75.42068,331.32,0.32,0.55,2026-07-16,0839,N21,VIIRS,n,2.0NRT,296.61,2.11,D
31.1908,75.49377,331.05,0.53,0.42,2026-07-17,0822,N21,VIIRS,n,2.0NRT,299.17,3.1,D
30.92359,75.50766,334.56,0.53,0.42,2026-07-17,0822,N21,VIIRS,n,2.0NRT,300.93,6.95,D
30.57939,76.16514,331.12,0.56,0.43,2026-07-17,0822,N21,VIIRS,n,2.0NRT,296.3,4.25,D
30.68534,75.73537,331.11,0.54,0.42,2026-07-17,0822,N21,VIIRS,n,2.0NRT,299.64,3.08,D
30.81996,75.44285,335.75,0.52,0.42,2026-07-17,0822,N21,VIIRS,n,2.0NRT,299.95,6.74,D
30.92296,75.50218,331.91,0.53,0.42,2026-07-17,0822,N21,VIIRS,n,2.0NRT,300.22,6.95,D
30.98536,75.53713,335.12,0.53,0.42,2026-07-17,0822,N21,VIIRS,n,2.0NRT,298.44,8.86,D
30.98471,75.53164,333.71,0.53,0.42,2026-07-17,0822,N21,VIIRS,n,2.0NRT,298.41,5.75,D
30.9878,75.53455,349.5,0.53,0.42,2026-07-17,0822,N21,VIIRS,n,2.0NRT,300.42,23.16,D
31.18844,75.49638,334.81,0.53,0.42,2026-07-17,0822,N21,VIIRS,n,2.0NRT,299.11,4.78,D
31.19149,75.48223,346.88,0.38,0.36,2026-07-18,0805,N21,VIIRS,n,2.0NRT,299,9.39,D
30.88951,75.90565,310.41,0.38,0.43,2026-07-29,2019,N21,VIIRS,n,2.0NRT,292.4,2.51,N
30.8752,76.01562,331.42,0.47,0.4,2026-08-13,0816,N21,VIIRS,n,2.0NRT,299.34,3.37,D
