latitude,longitude,brightness,scan,track,acq_date,acq_time,satellite,instrument,confidence,version,bright_t31,frp,daynight,type
31.14276,76.02511,332.44,0.39,0.36,2024-09-17,0754,N20,VIIRS,n,2,300.29,2.19,D,0
30.99957,76.25867,328.68,0.36,0.57,2024-09-20,0838,N20,VIIRS,n,2,297.38,1.74,D,0
31.09829,76.02007,367,0.35,0.56,2024-09-20,0838,N20,VIIRS,h,2,297.25,5.57,D,0
31.0749,76.21963,335.33,0.57,0.43,2024-09-21,0819,N20,VIIRS,n,2,300.2,5.72,D,0
31.07393,76.22383,333.23,0.57,0.43,2024-09-21,0819,N20,VIIRS,n,2,299.65,3.71,D,0
31.14052,76.08961,332.15,0.39,0.36,2024-09-22,0800,N20,VIIRS,n,2,298.68,3.22,D,0
31.05871,76.2169,333.23,0.57,0.52,2024-09-24,0723,N20,VIIRS,n,2,296.65,3.66,D,0
31.0674,76.1916,345.88,0.44,0.62,2024-09-25,0844,N20,VIIRS,n,2,293.69,6.09,D,0
30.85719,75.90854,305.75,0.41,0.37,2024-09-26,2049,N20,VIIRS,n,2,293.54,0.78,N,0
30.54038,75.91172,331.14,0.4,0.37,2024-09-27,0806,N20,VIIRS,n,2,296.87,4.38,D,0
30.90665,75.89019,304.96,0.42,0.38,2024-09-27,2030,N20,VIIRS,n,2,293.79,0.63,N,0
30.88193,75.99387,305.94,0.42,0.38,2024-09-27,2030,N20,VIIRS,n,2,292.75,0.55,N,2
30.64304,75.87984,307.28,0.47,0.4,2024-10-01,2056,N20,VIIRS,n,2,296.97,0.73,N,0
30.88392,75.99377,308.78,0.39,0.36,2024-10-02,2037,N20,VIIRS,n,2,296.36,0.86,N,2
30.54679,75.87518,333.95,0.39,0.36,2024-10-03,0754,N20,VIIRS,n,2,306.01,1.6,D,0
30.98822,75.92881,339.49,0.39,0.36,2024-10-03,0754,N20,VIIRS,n,2,304.53,2.68,D,0
31.07029,76.20796,342.72,0.39,0.36,2024-10-03,0754,N20,VIIRS,n,2,304.83,4.68,D,0
30.5049,75.8494,336.51,0.34,0.56,2024-10-06,0838,N20,VIIRS,n,2,296.12,2.11,D,0
30.49381,75.45517,330.91,0.63,0.54,2024-10-06,0838,N20,VIIRS,n,2,295.57,5.06,D,0
30.55743,76.10709,330.77,0.39,0.36,2024-10-07,2043,N20,VIIRS,n,2,298.41,5.34,N,0
30.55677,76.11111,330.83,0.39,0.36,2024-10-07,2043,N20,VIIRS,n,2,298.04,4.6,N,0
30.55347,76.11038,323.74,0.39,0.36,2024-10-07,2043,N20,VIIRS,n,2,294.65,1.91,N,0
30.50137,76.03246,335.42,0.39,0.36,2024-10-08,0800,N20,VIIRS,n,2,302.47,3.95,D,0
30.98266,75.41201,340.4,0.38,0.36,2024-10-08,0801,N20,VIIRS,n,2,301.75,2.83,D,0
30.68881,75.82951,333.27,0.5,0.41,2024-10-09,0742,N20,VIIRS,n,2,302.76,3.3,D,0
31.04088,76.19337,332.33,0.48,0.4,2024-10-09,0742,N20,VIIRS,n,2,302.08,2.37,D,0
30.99605,76.06702,339.88,0.58,0.52,2024-10-10,0723,N20,VIIRS,n,2,299.32,12.89,D,0
30.99666,76.06596,339.55,0.58,0.52,2024-10-10,0723,N20,VIIRS,n,2,299.46,6.71,D,0
30.53651,75.68592,339.38,0.41,0.61,2024-10-11,0844,N20,VIIRS,n,2,297.95,5.86,D,0
30.53622,75.68159,343.24,0.41,0.61,2024-10-11,0844,N20,VIIRS,n,2,300.15,6.77,D,0
30.96649,75.84308,341.72,0.44,0.46,2024-10-12,0826,N20,VIIRS,n,2,304.87,11.94,D,0
30.54998,75.86934,334.23,0.41,0.37,2024-10-13,0807,N20,VIIRS,n,2,305.51,3.22,D,0
30.65962,76.18678,332.59,0.41,0.37,2024-10-13,0807,N20,VIIRS,n,2,301.96,4.05,D,0
30.88406,75.99612,302.73,0.42,0.37,2024-10-13,2031,N20,VIIRS,n,2,292.08,0.38,N,2
30.42369,76.23619,333.67,0.42,0.38,2024-10-14,0748,N20,VIIRS,n,2,301.97,3.67,D,0
30.57875,76.38062,331.3,0.42,0.37,2024-10-14,0748,N20,VIIRS,n,2,301.1,1.94,D,0
30.54727,75.87379,345.25,0.43,0.38,2024-10-14,0748,N20,VIIRS,n,2,306.73,11.22,D,0
30.57136,75.82662,330.37,0.43,0.38,2024-10-14,0748,N20,VIIRS,n,2,301.63,2.91,D,0
30.55083,75.66846,333.17,0.44,0.38,2024-10-14,0748,N20,VIIRS,n,2,303.02,2.6,D,0
30.70964,75.86953,330.95,0.43,0.38,2024-10-14,0748,N20,VIIRS,n,2,300.01,2.72,D,0
30.58752,76.25146,336.87,0.46,0.47,2024-10-15,0729,N20,VIIRS,n,2,303.36,3.91,D,0
30.5921,75.68541,339.57,0.5,0.49,2024-10-15,0729,N20,VIIRS,n,2,300.16,4.79,D,0
31.14453,76.21889,331.65,0.45,0.47,2024-10-15,0729,N20,VIIRS,n,2,303.2,3.26,D,0
30.50496,76.06463,333.59,0.54,0.68,2024-10-16,0851,N20,VIIRS,n,2,299.37,3.71,D,0
31.05868,76.21424,332.2,0.8,0.78,2024-10-17,0652,N20,VIIRS,n,2,296.21,5.93,D,0
30.58011,76.33664,342.31,0.58,0.52,2024-10-17,0832,N20,VIIRS,n,2,301.74,8.36,D,0
30.59351,76.32289,330.46,0.58,0.52,2024-10-17,0832,N20,VIIRS,n,2,302.55,3.23,D,0
30.57902,76.33559,336.14,0.58,0.52,2024-10-17,0832,N20,VIIRS,n,2,302.09,3.91,D,0
30.58386,76.33506,330.26,0.58,0.52,2024-10-17,0832,N20,VIIRS,n,2,301.17,3.91,D,0
30.59251,76.32178,330.16,0.58,0.52,2024-10-17,0832,N20,VIIRS,n,2,302.28,4.12,D,0
31.05714,76.21382,340.31,0.58,0.52,2024-10-17,0832,N20,VIIRS,n,2,301.7,4.16,D,0
31.01299,75.40363,331.59,0.52,0.5,2024-10-17,0832,N20,VIIRS,n,2,302.24,2.9,D,0
30.44777,75.89485,331.48,0.54,0.51,2024-10-17,0832,N20,VIIRS,n,2,301.54,2.8,D,0
30.47376,75.81686,334.55,0.46,0.39,2024-10-18,0813,N20,VIIRS,n,2,304.33,6.94,D,0
31.10518,75.40644,332.79,0.45,0.39,2024-10-18,0813,N20,VIIRS,n,2,304.41,2.68,D,0
30.61709,76.41325,333.25,0.39,0.36,2024-10-19,0754,N20,VIIRS,n,2,303.57,2.49,D,0
30.61647,76.40926,331.48,0.39,0.36,2024-10-19,0754,N20,VIIRS,n,2,302.75,2.25,D,0
30.67342,76.29465,333.77,0.39,0.36,2024-10-19,0754,N20,VIIRS,l,2,304.16,2.66,D,0
30.68458,76.30056,343.17,0.39,0.36,2024-10-19,0754,N20,VIIRS,n,2,305.41,5.64,D,0
30.72794,76.38216,334.25,0.39,0.36,2024-10-19,0754,N20,VIIRS,n,2,303.71,3.05,D,0
30.85616,76.33108,338.14,0.39,0.36,2024-10-19,0754,N20,VIIRS,n,2,305.29,6.59,D,0
30.85946,76.33038,336.18,0.39,0.36,2024-10-19,0754,N20,VIIRS,n,2,302.14,6.59,D,0
30.82855,75.92077,346.09,0.39,0.36,2024-10-19,0754,N20,VIIRS,n,2,304.94,11.07,D,0
30.81439,75.74741,331.71,0.39,0.36,2024-10-19,0754,N20,VIIRS,n,2,301.35,2.09,D,0
30.95368,75.9152,336.6,0.39,0.36,2024-10-19,0754,N20,VIIRS,n,2,305.01,4.84,D,0
30.98547,76.0505,334.59,0.39,0.36,2024-10-19,0754,N20,VIIRS,n,2,302.4,1.82,D,0
30.98877,76.04978,335.69,0.39,0.36,2024-10-19,0754,N20,VIIRS,n,2,302.26,5.55,D,0
30.43543,76.05298,334.92,0.39,0.44,2024-10-20,0735,N20,VIIRS,n,2,300.89,3.29,D,0
30.54955,76.41972,339.2,0.56,0.43,2024-10-20,0735,N20,VIIRS,n,2,304.36,12.73,D,0
30.47477,75.91551,330.03,0.4,0.44,2024-10-20,0735,N20,VIIRS,n,2,299.69,1.88,D,0
30.55276,75.92413,334.47,0.4,0.44,2024-10-20,0735,N20,VIIRS,n,2,300.84,2.96,D,0
30.64664,76.35532,333.84,0.56,0.43,2024-10-20,0735,N20,VIIRS,n,2,303.12,3.98,D,0
30.59099,75.75616,331.11,0.4,0.44,2024-10-20,0735,N20,VIIRS,n,2,299.81,2.64,D,0
30.94786,76.21062,334.56,0.56,0.43,2024-10-20,0736,N20,VIIRS,n,2,303.51,4.26,D,0
30.98787,76.05869,334.21,0.57,0.43,2024-10-20,0736,N20,VIIRS,n,2,302.69,9.79,D,0
30.99004,76.05633,336.67,0.57,0.43,2024-10-20,0736,N20,VIIRS,n,2,300.56,8.28,D,0
30.582,76.17587,346.02,0.36,0.57,2024-10-21,0717,N20,VIIRS,n,2,299.48,3.84,D,0
30.58311,76.17616,336.03,0.36,0.57,2024-10-21,0717,N20,VIIRS,n,2,299.17,3.83,D,0
30.65214,76.35362,330.01,0.65,0.73,2024-10-22,0658,N20,VIIRS,n,2,295.4,3.24,D,0
30.6497,76.35332,330.87,0.65,0.73,2024-10-22,0658,N20,VIIRS,n,2,295.64,4.68,D,0
30.48756,76.37062,342.38,0.36,0.58,2024-10-22,0838,N20,VIIRS,n,2,297.5,3.83,D,0
30.48726,76.36681,335.64,0.36,0.58,2024-10-22,0838,N20,VIIRS,n,2,298.22,3.83,D,0
30.49104,76.36715,352.61,0.36,0.58,2024-10-22,0838,N20,VIIRS,n,2,298.42,7.21,D,0
30.58739,76.29278,330.94,0.36,0.57,2024-10-22,0838,N20,VIIRS,n,2,299.38,2.25,D,0
30.46472,76.10544,335.25,0.56,0.43,2024-10-23,0819,N20,VIIRS,n,2,301.73,13.04,D,0
30.47419,75.79485,332.18,0.54,0.42,2024-10-23,0819,N20,VIIRS,n,2,301.67,6.05,D,0
30.57704,76.33285,340.97,0.38,0.43,2024-10-23,0819,N20,VIIRS,n,2,302.87,9.89,D,0
30.58194,76.26636,338.54,0.57,0.43,2024-10-23,0819,N20,VIIRS,n,2,304.9,29.68,D,0
30.60014,76.32141,339.94,0.38,0.43,2024-10-23,0819,N20,VIIRS,n,2,302.52,4.38,D,0
30.58543,75.93961,331.5,0.55,0.43,2024-10-23,0819,N20,VIIRS,n,2,300.42,2.47,D,0
30.98225,76.30038,330.52,0.39,0.44,2024-10-23,0820,N20,VIIRS,n,2,301.71,2.42,D,0
30.9946,76.33984,330.02,0.39,0.44,2024-10-23,0820,N20,VIIRS,n,2,299.93,4.62,D,0
31.16312,76.26614,345.02,0.39,0.44,2024-10-23,0820,N20,VIIRS,n,2,304.86,12.22,D,0
31.15749,75.37434,332.04,0.52,0.42,2024-10-23,0820,N20,VIIRS,l,2,302.87,5.89,D,0
30.58258,76.26381,339.21,0.39,0.36,2024-10-23,2043,N20,VIIRS,n,2,294.67,10.19,N,0
30.45144,76.16921,339.37,0.39,0.36,2024-10-24,0801,N20,VIIRS,n,2,305.44,3.93,D,0
30.47347,76.29673,337.39,0.39,0.36,2024-10-24,0801,N20,VIIRS,n,2,304.38,3.55,D,0
30.5155,76.30508,332.54,0.39,0.36,2024-10-24,0801,N20,VIIRS,n,2,303.55,2.2,D,0
30.57425,76.3844,332.2,0.39,0.36,2024-10-24,0801,N20,VIIRS,n,2,305.8,2.05,D,0
30.64927,76.3616,340.04,0.39,0.36,2024-10-24,0801,N20,VIIRS,n,2,308.03,8.19,D,0
30.66586,76.31361,336.03,0.39,0.36,2024-10-24,0801,N20,VIIRS,n,2,307.95,4.96,D,0
30.83669,75.6752,330.32,0.38,0.36,2024-10-24,0801,N20,VIIRS,l,2,303.42,2.64,D,0
30.97657,76.23408,334.14,0.39,0.36,2024-10-24,0801,N20,VIIRS,n,2,306.62,8.36,D,0
31.00111,75.50259,332.97,0.38,0.36,2024-10-24,0801,N20,VIIRS,l,2,303.86,2.46,D,0
30.99711,75.40875,336.36,0.38,0.36,2024-10-24,0801,N20,VIIRS,n,2,304.84,5.96,D,0
31.18356,76.21088,335.2,0.39,0.36,2024-10-24,0801,N20,VIIRS,n,2,307.03,3.07,D,0
30.88356,75.99498,301.59,0.48,0.4,2024-10-24,2024,N20,VIIRS,n,2,290.65,0.83,N,2
30.50756,75.84309,339.03,0.5,0.41,2024-10-25,0742,N20,VIIRS,n,2,308.83,19.89,D,0
30.50871,75.83975,343.26,0.5,0.41,2024-10-25,0742,N20,VIIRS,n,2,308.6,22.92,D,0
30.63884,76.37409,332.27,0.47,0.4,2024-10-25,0742,N20,VIIRS,n,2,305.66,3.54,D,0
30.67912,75.3984,342.66,0.52,0.42,2024-10-25,0742,N20,VIIRS,n,2,303.92,5.59,D,0
30.9412,76.2105,331.65,0.47,0.4,2024-10-25,0742,N20,VIIRS,n,2,304.96,2.29,D,0
30.54288,76.36801,335.11,0.56,0.52,2024-10-26,0723,N20,VIIRS,n,2,301.1,4.7,D,0
30.69228,76.38907,341.02,0.56,0.51,2024-10-26,0723,N20,VIIRS,n,2,302.35,7.5,D,0
30.61186,75.82874,330.86,0.6,0.53,2024-10-26,0723,N20,VIIRS,n,2,300.03,2.83,D,0
30.79623,76.15339,348.37,0.57,0.52,2024-10-26,0723,N20,VIIRS,n,2,303.47,18.55,D,0
30.92651,75.90945,337.83,0.59,0.53,2024-10-26,0723,N20,VIIRS,n,2,304.74,5.81,D,0
30.92637,75.90863,340.06,0.59,0.53,2024-10-26,0723,N20,VIIRS,n,2,304.98,5.62,D,0
30.79899,76.14934,327.52,0.54,0.68,2024-10-26,1947,N20,VIIRS,n,2,292.37,3.66,N,0
30.79433,76.1486,340.06,0.45,0.63,2024-10-26,2127,N20,VIIRS,n,2,291.96,4.04,N,0
30.53298,76.32637,338.07,0.53,0.67,2024-10-27,0704,N20,VIIRS,n,2,296,4.48,D,0
30.63859,76.38202,367,0.53,0.67,2024-10-27,0704,N20,VIIRS,h,2,295.74,13.2,D,0
30.63722,76.37673,354.19,0.53,0.67,2024-10-27,0704,N20,VIIRS,n,2,297.87,13.2,D,0
30.63902,76.38068,367,0.53,0.67,2024-10-27,0704,N20,VIIRS,h,2,296,18.32,D,0
30.63761,76.37542,346.27,0.53,0.67,2024-10-27,0704,N20,VIIRS,n,2,297.28,16.57,D,0
30.77004,76.38403,340.65,0.52,0.67,2024-10-27,0704,N20,VIIRS,n,2,296.12,5.33,D,0
30.50676,76.33218,349.9,0.45,0.63,2024-10-27,0845,N20,VIIRS,n,2,297.85,5.74,D,0
30.52061,76.3648,331.14,0.45,0.63,2024-10-27,0845,N20,VIIRS,n,2,296.76,3.85,D,0
30.56801,76.38673,351.43,0.46,0.63,2024-10-27,0845,N20,VIIRS,n,2,296.78,7.05,D,0
30.58646,76.30334,330.94,0.45,0.63,2024-10-27,0845,N20,VIIRS,n,2,296.74,3.45,D,0
30.60233,76.36956,332.11,0.46,0.63,2024-10-27,0845,N20,VIIRS,n,2,295.16,2.53,D,0
30.60413,75.69608,332.24,0.41,0.61,2024-10-27,0845,N20,VIIRS,n,2,297.98,2.61,D,0
30.59233,75.45051,352.56,0.4,0.6,2024-10-27,0845,N20,VIIRS,n,2,299.88,6.86,D,0
30.64318,76.37889,335.35,0.46,0.63,2024-10-27,0845,N20,VIIRS,n,2,297.25,3.37,D,0
30.59169,75.45199,355.04,0.4,0.6,2024-10-27,0845,N20,VIIRS,n,2,299.85,5.18,D,0
30.69915,75.96426,351.52,0.43,0.62,2024-10-27,0845,N20,VIIRS,n,2,297.93,8.19,D,0
30.81643,75.4948,335.81,0.41,0.6,2024-10-27,0845,N20,VIIRS,n,2,299.95,2.32,D,0
30.92357,75.91312,330.32,0.43,0.62,2024-10-27,0845,N20,VIIRS,n,2,298.21,3.49,D,0
30.92487,75.91147,338.99,0.43,0.62,2024-10-27,0845,N20,VIIRS,n,2,299.07,4.17,D,0
31.00291,75.37016,350.2,0.4,0.6,2024-10-27,0845,N20,VIIRS,n,2,301.79,5.26,D,0
31.00236,75.3718,333.86,0.4,0.6,2024-10-27,0845,N20,VIIRS,n,2,299.83,5.06,D,0
30.43052,75.97832,334.43,0.45,0.47,2024-10-28,0826,N20,VIIRS,n,2,301.69,2.13,D,0
30.49017,75.92332,340.6,0.44,0.46,2024-10-28,0826,N20,VIIRS,n,2,302.14,4.01,D,0
30.55227,75.90781,340.02,0.44,0.46,2024-10-28,0826,N20,VIIRS,n,2,302.45,5.64,D,0
30.65066,76.41217,346.29,0.48,0.48,2024-10-28,0826,N20,VIIRS,n,2,301.28,7.71,D,0
30.62378,76.01246,335.65,0.45,0.47,2024-10-28,0826,N20,VIIRS,n,2,301.7,4.49,D,0
30.80904,75.65371,332.51,0.43,0.46,2024-10-28,0826,N20,VIIRS,n,2,300.54,2.37,D,0
30.96691,75.43863,344.86,0.42,0.45,2024-10-28,0826,N20,VIIRS,n,2,301.09,5.4,D,0
31.23231,75.85735,330.12,0.45,0.47,2024-10-28,0826,N20,VIIRS,n,2,299.88,2.6,D,0
31.22637,75.44384,301.83,0.4,0.37,2024-10-28,2049,N20,VIIRS,n,2,291.54,0.54,N,0
30.42242,76.3921,331.04,0.42,0.38,2024-10-29,0807,N20,VIIRS,l,2,303.94,2.53,D,0
30.42433,76.38831,344.38,0.42,0.38,2024-10-29,0807,N20,VIIRS,n,2,304.4,4.16,D,0
30.44793,76.04021,349.32,0.41,0.37,2024-10-29,0807,N20,VIIRS,n,2,307.3,15.8,D,0
30.53755,76.16058,332.39,0.41,0.37,2024-10-29,0807,N20,VIIRS,l,2,305.48,3.48,D,0
30.49328,75.83292,340.84,0.41,0.37,2024-10-29,0807,N20,VIIRS,n,2,302.03,5.71,D,0
30.51784,75.93668,336.81,0.41,0.37,2024-10-29,0807,N20,VIIRS,n,2,304.78,4.96,D,0
30.52123,75.93607,337.83,0.41,0.37,2024-10-29,0807,N20,VIIRS,n,2,307.71,25.97,D,0
30.50049,75.78419,336.39,0.4,0.37,2024-10-29,0807,N20,VIIRS,n,2,304.15,6.43,D,0
30.48494,75.67118,335.87,0.4,0.37,2024-10-29,0807,N20,VIIRS,n,2,302.2,3.23,D,0
30.58247,75.9511,333.43,0.41,0.37,2024-10-29,0807,N20,VIIRS,l,2,303.52,5.2,D,0
30.58224,75.94759,337.03,0.41,0.37,2024-10-29,0807,N20,VIIRS,n,2,305.54,6.64,D,0
30.66866,76.36036,338.92,0.42,0.38,2024-10-29,0807,N20,VIIRS,n,2,304.13,3.75,D,0
30.81996,75.92406,335.14,0.41,0.37,2024-10-29,0807,N20,VIIRS,n,2,304.61,3.12,D,0
30.96451,76.30323,334.05,0.42,0.38,2024-10-29,0807,N20,VIIRS,n,2,303.07,4.25,D,0
30.95982,76.13404,340.76,0.42,0.37,2024-10-29,0807,N20,VIIRS,n,2,302.46,4.15,D,0
30.96845,76.1726,330.2,0.42,0.37,2024-10-29,0807,N20,VIIRS,n,2,302.27,2,D,0
31.03737,76.24088,337.99,0.42,0.38,2024-10-29,0807,N20,VIIRS,n,2,304.9,6.47,D,0
30.92865,75.42155,336.74,0.4,0.37,2024-10-29,0807,N20,VIIRS,n,2,304.99,4.08,D,0
30.68054,76.25785,308.07,0.41,0.37,2024-10-29,2031,N20,VIIRS,n,2,292.91,0.97,N,0
30.43074,76.1031,341.36,0.42,0.38,2024-10-30,0748,N20,VIIRS,n,2,304.42,6.8,D,0
30.44206,75.90014,341.48,0.43,0.38,2024-10-30,0748,N20,VIIRS,n,2,302.71,4.29,D,0
30.43631,75.8047,331.82,0.43,0.38,2024-10-30,0748,N20,VIIRS,l,2,304.81,2.26,D,0
30.47838,75.92378,333.52,0.43,0.38,2024-10-30,0748,N20,VIIRS,n,2,302.02,3.41,D,0
30.45091,75.76424,344,0.43,0.38,2024-10-30,0748,N20,VIIRS,n,2,302.85,6.63,D,0
30.44892,75.76574,343.11,0.43,0.38,2024-10-30,0748,N20,VIIRS,n,2,302.27,6.8,D,0
30.48046,75.92421,343.59,0.43,0.38,2024-10-30,0748,N20,VIIRS,n,2,303.67,8.17,D,0
30.56194,76.37361,345.95,0.41,0.37,2024-10-30,0748,N20,VIIRS,n,2,304.17,7.04,D,0
30.43949,75.65148,332.3,0.44,0.38,2024-10-30,0748,N20,VIIRS,n,2,301.6,3.05,D,0
30.4877,75.90423,343.27,0.43,0.38,2024-10-30,0748,N20,VIIRS,n,2,305.08,8.79,D,0
30.45975,75.68412,338.51,0.44,0.38,2024-10-30,0748,N20,VIIRS,n,2,303.25,7.73,D,0
30.5106,75.82995,334.76,0.43,0.38,2024-10-30,0748,N20,VIIRS,n,2,303.63,3.8,D,0
30.50284,75.78558,336.97,0.43,0.38,2024-10-30,0748,N20,VIIRS,n,2,303.03,3.91,D,0
30.52896,75.77022,333.9,0.43,0.38,2024-10-30,0748,N20,VIIRS,n,2,302.72,3.55,D,0
30.59667,76.14247,330.33,0.42,0.38,2024-10-30,0748,N20,VIIRS,n,2,301.91,1.19,D,0
30.52622,75.73375,334.64,0.43,0.38,2024-10-30,0748,N20,VIIRS,n,2,300.8,2.31,D,0
30.66769,76.33286,344.61,0.41,0.37,2024-10-30,0748,N20,VIIRS,n,2,303.91,7.59,D,0
30.58743,75.80879,333.04,0.43,0.38,2024-10-30,0748,N20,VIIRS,n,2,304,1.61,D,0
30.54794,75.46248,339.48,0.44,0.39,2024-10-30,0748,N20,VIIRS,n,2,301.43,4.66,D,0
30.56541,75.45833,337.35,0.44,0.39,2024-10-30,0748,N20,VIIRS,n,2,301.67,3.14,D,0
30.73988,76.34304,332.66,0.41,0.37,2024-10-30,0748,N20,VIIRS,n,2,301.73,2.83,D,0
30.65395,75.46309,331.56,0.44,0.39,2024-10-30,0748,N20,VIIRS,n,2,301.01,3.42,D,0
30.65314,75.45853,333.08,0.44,0.39,2024-10-30,0748,N20,VIIRS,n,2,304.12,3.42,D,0
31.03041,75.92131,333.9,0.42,0.38,2024-10-30,0748,N20,VIIRS,n,2,302.66,2.18,D,0
31.21887,76.09138,332.94,0.42,0.37,2024-10-30,0748,N20,VIIRS,n,2,302.85,2.99,D,0
30.9608,76.17718,306.9,0.45,0.47,2024-10-30,2012,N20,VIIRS,n,2,290.24,0.99,N,0
30.4219,76.29337,338.82,0.46,0.47,2024-10-31,0729,N20,VIIRS,n,2,304.35,4.07,D,0
30.45903,76.05775,336.13,0.48,0.48,2024-10-31,0729,N20,VIIRS,n,2,302.12,2.8,D,0
30.50364,76.20254,354.72,0.47,0.47,2024-10-31,0729,N20,VIIRS,n,2,308.12,19.33,D,0
30.54653,76.31998,339.89,0.46,0.47,2024-10-31,0729,N20,VIIRS,n,2,301.48,5.98,D,0
30.54554,76.31532,338.63,0.46,0.47,2024-10-31,0729,N20,VIIRS,n,2,304.04,5.98,D,0
30.53803,76.17274,331,0.47,0.48,2024-10-31,0729,N20,VIIRS,l,2,302.49,3.09,D,0
30.51295,76.03229,339.54,0.48,0.48,2024-10-31,0729,N20,VIIRS,n,2,303.06,3.05,D,0
30.58007,76.33037,352.78,0.46,0.47,2024-10-31,0729,N20,VIIRS,n,2,310.95,36.56,D,0
30.45763,75.68491,333.72,0.5,0.49,2024-10-31,0729,N20,VIIRS,n,2,302.85,3.7,D,0
30.47826,75.73812,339.79,0.5,0.49,2024-10-31,0729,N20,VIIRS,n,2,303.04,4.63,D,0
30.42569,75.44741,331.23,0.52,0.5,2024-10-31,0729,N20,VIIRS,n,2,302.98,4.72,D,0
30.42776,75.45072,332.53,0.52,0.5,2024-10-31,0729,N20,VIIRS,n,2,300.42,2.8,D,0
30.51497,75.72038,340.65,0.5,0.49,2024-10-31,0729,N20,VIIRS,n,2,302.2,4.94,D,0
30.6774,76.4182,340.11,0.45,0.47,2024-10-31,0729,N20,VIIRS,n,2,305.88,7.18,D,0
30.64919,76.28404,330.31,0.46,0.47,2024-10-31,0729,N20,VIIRS,l,2,302.21,5.72,D,0
30.76278,76.19447,338.19,0.46,0.47,2024-10-31,0729,N20,VIIRS,n,2,302.88,3.46,D,0
30.68108,75.78702,338.37,0.49,0.48,2024-10-31,0729,N20,VIIRS,n,2,301.92,6.63,D,0
30.63017,75.54955,337.49,0.5,0.49,2024-10-31,0729,N20,VIIRS,n,2,301.79,4.7,D,0
30.68543,75.78577,340.23,0.49,0.48,2024-10-31,0729,N20,VIIRS,n,2,304.2,6.63,D,0
30.63789,75.4981,337.03,0.51,0.49,2024-10-31,0729,N20,VIIRS,n,2,303.19,2.8,D,0
30.83013,76.36752,348.55,0.45,0.47,2024-10-31,0729,N20,VIIRS,n,2,303.68,7.24,D,0
30.67426,75.55861,338.76,0.5,0.49,2024-10-31,0729,N20,VIIRS,n,2,304.66,5.01,D,0
30.80759,76.11942,338.74,0.46,0.47,2024-10-31,0729,N20,VIIRS,n,2,303.66,7.28,D,0
30.87012,76.32947,339.67,0.45,0.47,2024-10-31,0729,N20,VIIRS,n,2,302.88,7.7,D,0
30.7878,75.94209,337.09,0.48,0.48,2024-10-31,0729,N20,VIIRS,n,2,303.41,3.39,D,0
30.83058,76.05746,331.8,0.47,0.48,2024-10-31,0729,N20,VIIRS,n,2,302.56,2.87,D,0
30.87019,76.11674,339.97,0.46,0.47,2024-10-31,0729,N20,VIIRS,n,2,301.8,5.23,D,0
30.8692,76.11201,336.11,0.46,0.47,2024-10-31,0729,N20,VIIRS,n,2,302.18,5.23,D,0
30.77515,75.66779,341.21,0.49,0.49,2024-10-31,0729,N20,VIIRS,n,2,306.69,6.28,D,0
30.73907,75.43394,339.92,0.51,0.49,2024-10-31,0729,N20,VIIRS,n,2,301.96,6.72,D,0
30.73796,75.42874,339.96,0.51,0.49,2024-10-31,0729,N20,VIIRS,n,2,303.81,6.91,D,0
30.92932,76.29311,332.65,0.45,0.47,2024-10-31,0729,N20,VIIRS,n,2,301.45,5.04,D,0
30.92837,76.28848,340.44,0.45,0.47,2024-10-31,0729,N20,VIIRS,n,2,306.41,5.93,D,0
30.79299,75.39228,335.26,0.51,0.49,2024-10-31,0729,N20,VIIRS,n,2,301.35,3.97,D,0
30.87503,75.44548,340.8,0.51,0.49,2024-10-31,0729,N20,VIIRS,n,2,304.16,5.04,D,0
30.87363,75.44964,339.81,0.51,0.49,2024-10-31,0729,N20,VIIRS,n,2,302.62,8.87,D,0
31.09387,76.24005,335.54,0.45,0.47,2024-10-31,0729,N20,VIIRS,n,2,300.75,2.54,D,0
31.04839,76.0243,340.88,0.47,0.47,2024-10-31,0729,N20,VIIRS,n,2,304.37,4.44,D,0
31.12357,76.27579,336.28,0.45,0.47,2024-10-31,0729,N20,VIIRS,n,2,303.48,3,D,0
31.12559,76.22126,335.78,0.45,0.47,2024-10-31,0729,N20,VIIRS,n,2,302.12,2.97,D,0
30.97942,75.52757,335.8,0.5,0.49,2024-10-31,0729,N20,VIIRS,n,2,302.24,3.25,D,0
31.0534,75.8546,334.97,0.48,0.48,2024-10-31,0729,N20,VIIRS,n,2,302.29,4.48,D,0
30.99976,75.39381,331.24,0.51,0.49,2024-10-31,0729,N20,VIIRS,n,2,301.83,3.52,D,0
30.99863,75.38865,330.01,0.51,0.49,2024-10-31,0729,N20,VIIRS,n,2,303.99,3.52,D,0
31.11996,75.67094,330.1,0.49,0.48,2024-10-31,0729,N20,VIIRS,n,2,301.97,2.79,D,0
31.26087,75.68562,332.59,0.48,0.48,2024-10-31,0729,N20,VIIRS,n,2,303.36,2.31,D,0
31.26132,75.68804,333.7,0.48,0.48,2024-10-31,0729,N20,VIIRS,n,2,302.19,3.76,D,0
30.50123,76.18483,332.18,0.44,0.62,2024-11-01,0710,N20,VIIRS,n,2,302.37,3.56,D,0
30.46822,76.05514,334.43,0.45,0.63,2024-11-01,0710,N20,VIIRS,n,2,303.82,4.35,D,0
30.44102,75.90094,354.58,0.46,0.64,2024-11-01,0710,N20,VIIRS,n,2,303.62,5.4,D,0
30.54778,76.29784,335.39,0.43,0.62,2024-11-01,0710,N20,VIIRS,n,2,304.3,3.14,D,0
30.44665,75.89902,334.06,0.46,0.64,2024-11-01,0710,N20,VIIRS,n,2,303.1,3.91,D,0
30.44521,75.8694,336.3,0.46,0.64,2024-11-01,0710,N20,VIIRS,n,2,302.32,5.63,D,0
30.56861,76.33334,367,0.43,0.62,2024-11-01,0710,N20,VIIRS,h,2,304.68,11.21,D,0
30.51188,76.06006,335.48,0.45,0.63,2024-11-01,0710,N20,VIIRS,n,2,303.3,2.5,D,0
30.60716,76.2969,333.28,0.43,0.62,2024-11-01,0710,N20,VIIRS,n,2,302.53,2.27,D,0
30.58209,76.19602,330.37,0.44,0.62,2024-11-01,0710,N20,VIIRS,n,2,301.66,2.22,D,0
30.64559,76.29472,349.84,0.43,0.62,2024-11-01,0710,N20,VIIRS,n,2,302.1,8.6,D,0
30.6445,76.29037,341.16,0.43,0.62,2024-11-01,0710,N20,VIIRS,n,2,306.06,5.56,D,0
30.64999,76.28854,330.29,0.43,0.62,2024-11-01,0710,N20,VIIRS,l,2,301.82,5.56,D,0
30.58107,75.94494,367,0.45,0.63,2024-11-01,0710,N20,VIIRS,h,2,305.6,7.42,D,0
30.59129,75.96126,333.23,0.45,0.63,2024-11-01,0710,N20,VIIRS,n,2,302.07,2.77,D,0
30.59014,75.9567,330.65,0.45,0.63,2024-11-01,0710,N20,VIIRS,n,2,303.94,2.77,D,0
30.51554,75.66419,345.23,0.47,0.64,2024-11-01,0710,N20,VIIRS,n,2,303.09,4.87,D,0
30.59442,75.92558,348.13,0.45,0.63,2024-11-01,0710,N20,VIIRS,n,2,304.55,5.15,D,0
30.5261,75.46185,331.6,0.49,0.65,2024-11-01,0710,N20,VIIRS,l,2,302.14,3.79,D,0
30.69036,75.96255,332.19,0.45,0.63,2024-11-01,0710,N20,VIIRS,n,2,302.83,2.01,D,0
30.77967,76.26862,341.61,0.43,0.62,2024-11-01,0710,N20,VIIRS,n,2,302.02,4.08,D,0
30.5759,75.41918,334.37,0.49,0.65,2024-11-01,0710,N20,VIIRS,n,2,302.9,2.29,D,0
30.83835,76.33759,333.51,0.42,0.61,2024-11-01,0710,N20,VIIRS,n,2,302.34,2.2,D,0
30.80392,76.21001,330.78,0.43,0.62,2024-11-01,0711,N20,VIIRS,n,2,303.09,2.31,D,0
30.74174,75.53786,332.08,0.47,0.64,2024-11-01,0711,N20,VIIRS,n,2,302.75,2.69,D,0
30.73277,75.47835,367,0.48,0.65,2024-11-01,0711,N20,VIIRS,h,2,306.28,6.77,D,0
30.73848,75.47637,330.8,0.48,0.65,2024-11-01,0711,N20,VIIRS,n,2,303.61,6.77,D,0
30.96107,76.3158,334.15,0.42,0.61,2024-11-01,0711,N20,VIIRS,n,2,303.24,3.13,D,0
30.7406,75.53629,335.18,0.47,0.64,2024-11-01,0711,N20,VIIRS,n,2,304.59,2.79,D,0
30.73701,75.47502,367,0.48,0.65,2024-11-01,0711,N20,VIIRS,h,2,306.89,12.99,D,0
30.97157,75.47398,333.84,0.47,0.64,2024-11-01,0711,N20,VIIRS,n,2,303.52,4.09,D,0
31.06458,75.85841,340.54,0.45,0.63,2024-11-01,0711,N20,VIIRS,n,2,302.53,4.74,D,0
30.97068,75.4726,338.05,0.47,0.64,2024-11-01,0711,N20,VIIRS,n,2,303.93,3.93,D,0
31.05529,75.6328,367,0.46,0.64,2024-11-01,0711,N20,VIIRS,h,2,303.32,17.74,D,0
31.0541,75.62817,348.46,0.46,0.64,2024-11-01,0711,N20,VIIRS,n,2,308.78,17.74,D,0
31.18295,76.11098,332.15,0.43,0.62,2024-11-01,0711,N20,VIIRS,n,2,302.13,4.14,D,0
31.2072,75.62283,332.47,0.46,0.63,2024-11-01,0711,N20,VIIRS,n,2,301.45,3.98,D,0
30.43008,76.11459,347.27,0.55,0.68,2024-11-01,0851,N20,VIIRS,n,2,303.15,5.09,D,0
30.4367,76.00487,343.94,0.54,0.68,2024-11-01,0851,N20,VIIRS,n,2,302.3,7.18,D,0
30.43638,75.99918,341.14,0.54,0.68,2024-11-01,0851,N20,VIIRS,n,2,302.99,7.18,D,0
30.43645,75.78001,367,0.52,0.67,2024-11-01,0851,N20,VIIRS,h,2,305.7,10.18,D,0
30.43741,75.79658,342.38,0.52,0.67,2024-11-01,0851,N20,VIIRS,n,2,303.49,5.04,D,0
30.45972,76.07808,336.52,0.54,0.68,2024-11-01,0851,N20,VIIRS,n,2,302.02,4.06,D,0
30.46602,76.07771,339.67,0.54,0.68,2024-11-01,0851,N20,VIIRS,n,2,302.01,4.06,D,0
30.48866,76.37103,335.97,0.57,0.69,2024-11-01,0851,N20,VIIRS,n,2,302.81,4.89,D,0
30.48179,76.24614,345.23,0.56,0.69,2024-11-01,0851,N20,VIIRS,n,2,302.98,6.78,D,0
30.47167,76.06583,333.86,0.54,0.68,2024-11-01,0851,N20,VIIRS,n,2,301.92,4.56,D,0
30.49507,76.37068,346.78,0.57,0.69,2024-11-01,0851,N20,VIIRS,n,2,302.62,4.89,D,0
30.45569,75.68542,341.99,0.51,0.66,2024-11-01,0851,N20,VIIRS,n,2,303.55,5.7,D,0
30.43428,76.00404,355.95,0.54,0.68,2024-11-01,0851,N20,VIIRS,n,2,303.07,10.8,D,0
30.43628,75.79543,340.48,0.52,0.67,2024-11-01,0851,N20,VIIRS,n,2,304.12,4.79,D,0
30.43571,75.78437,332.72,0.52,0.67,2024-11-01,0851,N20,VIIRS,n,2,302.32,6.82,D,0
30.43542,75.77885,355.58,0.52,0.67,2024-11-01,0851,N20,VIIRS,n,2,305.5,6.82,D,0
30.46314,76.07687,367,0.54,0.68,2024-11-01,0851,N20,VIIRS,h,2,303.66,9.95,D,0
30.49036,76.37016,356.08,0.57,0.69,2024-11-01,0851,N20,VIIRS,n,2,304.31,8.22,D,0
30.48422,76.24509,335.93,0.56,0.69,2024-11-01,0851,N20,VIIRS,n,2,302.85,4.02,D,0
30.50393,76.01102,367,0.54,0.68,2024-11-01,0851,N20,VIIRS,h,2,303.68,8.81,D,0
30.53345,75.86179,350.78,0.53,0.67,2024-11-01,0851,N20,VIIRS,n,2,302.97,5.5,D,0
30.51726,75.47511,367,0.5,0.66,2024-11-01,0851,N20,VIIRS,h,2,303.86,11.54,D,0
30.57142,76.32327,335.38,0.56,0.69,2024-11-01,0851,N20,VIIRS,n,2,301.66,2.97,D,0
30.55902,75.87144,367,0.53,0.67,2024-11-01,0851,N20,VIIRS,h,2,303.23,8.32,D,0
30.57639,75.95524,333,0.54,0.68,2024-11-01,0851,N20,VIIRS,n,2,301.94,6.41,D,0
30.5315,75.85898,342.5,0.53,0.67,2024-11-01,0851,N20,VIIRS,n,2,303,4.8,D,0
30.51768,75.47186,367,0.5,0.66,2024-11-01,0851,N20,VIIRS,h,2,305.86,13.28,D,0
30.56324,75.86813,335.08,0.53,0.67,2024-11-01,0851,N20,VIIRS,n,2,301.76,6.54,D,0
30.58041,75.95766,335.88,0.54,0.68,2024-11-01,0851,N20,VIIRS,n,2,301.91,6.05,D,0
30.58011,75.95198,351.38,0.54,0.68,2024-11-01,0851,N20,VIIRS,n,2,304.2,6.05,D,0
30.55565,75.38461,331.85,0.5,0.65,2024-11-01,0851,N20,VIIRS,n,2,303.81,2.53,D,0
30.5862,75.60148,330.44,0.51,0.66,2024-11-01,0851,N20,VIIRS,l,2,301.27,3.23,D,0
30.63417,76.38923,332.76,0.57,0.69,2024-11-01,0851,N20,VIIRS,n,2,301.49,3.59,D,0
30.59234,75.60108,340.3,0.51,0.66,2024-11-01,0851,N20,VIIRS,n,2,301.73,8.07,D,0
30.78668,75.97245,337.8,0.54,0.68,2024-11-01,0851,N20,VIIRS,n,2,303.53,3.83,D,0
30.78383,75.96954,331.77,0.54,0.68,2024-11-01,0851,N20,VIIRS,n,2,303.22,4.2,D,0
30.81244,76.29104,345.58,0.56,0.69,2024-11-01,0851,N20,VIIRS,n,2,301.94,5.86,D,0
30.84519,75.82365,341.27,0.53,0.67,2024-11-01,0851,N20,VIIRS,n,2,303.74,4.55,D,0
30.87765,76.31145,335.08,0.57,0.69,2024-11-01,0851,N20,VIIRS,n,2,301.4,6.88,D,0
30.87907,76.09744,353.59,0.55,0.68,2024-11-01,0851,N20,VIIRS,n,2,304.15,7.12,D,0
30.86422,75.61154,337.9,0.51,0.66,2024-11-01,0851,N20,VIIRS,n,2,302.27,5.7,D,0
30.87952,76.31386,367,0.57,0.69,2024-11-01,0851,N20,VIIRS,h,2,302.81,8.29,D,0
30.8822,76.09939,341.65,0.55,0.68,2024-11-01,0851,N20,VIIRS,n,2,301.63,7.98,D,0
30.86372,75.60752,333.04,0.51,0.66,2024-11-01,0851,N20,VIIRS,l,2,304.82,5.25,D,0
30.95032,76.31619,335.67,0.57,0.69,2024-11-01,0851,N20,VIIRS,n,2,299.53,6.2,D,0
30.97103,76.21878,343.32,0.56,0.69,2024-11-01,0851,N20,VIIRS,n,2,302.38,7.99,D,0
30.98921,76.19986,353.18,0.56,0.69,2024-11-01,0851,N20,VIIRS,n,2,303.07,8.81,D,0
30.97313,76.22199,335.66,0.56,0.69,2024-11-01,0851,N20,VIIRS,n,2,300.88,5.67,D,0
30.99115,76.19701,340.63,0.56,0.69,2024-11-01,0851,N20,VIIRS,n,2,303.03,9.88,D,0
31.03458,76.17068,339.61,0.56,0.69,2024-11-01,0851,N20,VIIRS,n,2,301.68,3.63,D,0
31.04212,76.19393,331.29,0.56,0.69,2024-11-01,0851,N20,VIIRS,n,2,300.92,2.56,D,0
31.05647,75.86062,367,0.53,0.67,2024-11-01,0851,N20,VIIRS,h,2,303.06,14.19,D,0
31.05439,75.85975,367,0.53,0.67,2024-11-01,0851,N20,VIIRS,h,2,304.3,14.94,D,0
31.16088,76.22213,335.57,0.56,0.69,2024-11-01,0851,N20,VIIRS,n,2,300.51,3.36,D,0
30.91654,76.12836,313.33,0.58,0.52,2024-11-01,2115,N20,VIIRS,n,2,289.06,3.21,N,0
30.91612,76.12627,314.91,0.58,0.52,2024-11-01,2115,N20,VIIRS,n,2,288.63,2.51,N,0
30.80091,75.88528,324.92,0.56,0.52,2024-11-01,2115,N20,VIIRS,n,2,290.16,3.99,N,0
30.424,75.81274,340.34,0.54,0.51,2024-11-02,0832,N20,VIIRS,n,2,304.05,4.26,D,0
30.50441,76.29619,331.97,0.58,0.52,2024-11-02,0832,N20,VIIRS,n,2,303.53,2.25,D,0
30.46923,75.84203,339.24,0.54,0.51,2024-11-02,0832,N20,VIIRS,n,2,302.47,3.93,D,0
30.48387,75.74299,348.94,0.54,0.51,2024-11-02,0832,N20,VIIRS,n,2,304.34,12.26,D,0
30.51794,76.06492,341.35,0.56,0.52,2024-11-02,0832,N20,VIIRS,n,2,303.7,4.12,D,0
30.50055,75.87318,342.75,0.55,0.51,2024-11-02,0832,N20,VIIRS,n,2,306.75,5.78,D,0
30.50727,75.79174,331,0.54,0.51,2024-11-02,0832,N20,VIIRS,n,2,304.82,3.57,D,0
30.52557,75.83562,331.55,0.54,0.51,2024-11-02,0832,N20,VIIRS,n,2,305.02,3.3,D,0
30.52734,75.83299,334.6,0.54,0.51,2024-11-02,0832,N20,VIIRS,n,2,304.78,3.67,D,0
30.60729,75.52401,337.62,0.52,0.5,2024-11-02,0832,N20,VIIRS,n,2,303.81,4.98,D,0
30.98196,76.2797,335.85,0.59,0.53,2024-11-02,0832,N20,VIIRS,n,2,304.06,8.78,D,0
30.98075,76.28406,341.91,0.59,0.53,2024-11-02,0832,N20,VIIRS,n,2,303.17,6.07,D,0
31.01244,76.31188,336.7,0.59,0.53,2024-11-02,0832,N20,VIIRS,n,2,303.86,5.61,D,0
31.02001,75.83767,331.93,0.55,0.51,2024-11-02,0832,N20,VIIRS,n,2,301.01,2.48,D,0
30.98099,75.4088,330.58,0.52,0.5,2024-11-02,0832,N20,VIIRS,n,2,303.26,3.79,D,0
31.06543,76.24356,334.5,0.58,0.52,2024-11-02,0832,N20,VIIRS,n,2,302.13,6.36,D,0
31.0384,75.37819,352.89,0.52,0.5,2024-11-02,0832,N20,VIIRS,n,2,309.82,23.97,D,0
31.043,75.37766,341.69,0.52,0.5,2024-11-02,0832,N20,VIIRS,n,2,306.09,23.97,D,0
31.13013,75.66649,342.84,0.54,0.51,2024-11-02,0832,N20,VIIRS,n,2,302.43,5.36,D,0
31.22986,75.85756,337.11,0.56,0.51,2024-11-02,0832,N20,VIIRS,n,2,303.02,3.29,D,0
30.93016,75.90403,307.74,0.47,0.4,2024-11-02,2056,N20,VIIRS,n,2,290.03,0.84,N,0
30.7493,76.14046,302.6,0.49,0.4,2024-11-02,2056,N20,VIIRS,n,2,289.25,1.44,N,0
30.74835,76.14545,313.69,0.49,0.4,2024-11-02,2056,N20,VIIRS,n,2,289.84,1.64,N,0
30.42529,75.83577,340.12,0.46,0.39,2024-11-03,0813,N20,VIIRS,n,2,303.37,8.97,D,0
30.49609,76.37148,333.99,0.48,0.4,2024-11-03,0813,N20,VIIRS,n,2,303.78,6.18,D,0
30.49485,76.36147,337.07,0.48,0.4,2024-11-03,0813,N20,VIIRS,n,2,304.85,3.85,D,0
30.53896,76.36137,333.98,0.48,0.4,2024-11-03,0813,N20,VIIRS,n,2,304.68,2.44,D,0
30.47986,75.84758,333.77,0.46,0.39,2024-11-03,0813,N20,VIIRS,n,2,300.91,5.68,D,0
30.42751,75.40402,337.79,0.44,0.38,2024-11-03,0813,N20,VIIRS,n,2,303.19,6.47,D,0
30.47939,75.6693,337.59,0.45,0.39,2024-11-03,0813,N20,VIIRS,n,2,301.11,3.8,D,0
30.49961,75.7427,332.98,0.45,0.39,2024-11-03,0813,N20,VIIRS,n,2,301.02,3.67,D,0
30.49365,75.69566,333.02,0.45,0.39,2024-11-03,0813,N20,VIIRS,n,2,301.65,3.93,D,0
30.51156,75.80838,333.22,0.46,0.39,2024-11-03,0813,N20,VIIRS,n,2,300.85,2.4,D,0
30.6021,76.32572,333.47,0.48,0.4,2024-11-03,0813,N20,VIIRS,n,2,303.26,2.66,D,0
30.60141,76.32807,335.73,0.48,0.4,2024-11-03,0813,N20,VIIRS,n,2,302.13,5.05,D,0
30.61569,76.25951,333.75,0.48,0.4,2024-11-03,0813,N20,VIIRS,n,2,304.19,2.46,D,0
30.56888,75.87366,347.24,0.46,0.39,2024-11-03,0813,N20,VIIRS,n,2,303.74,7.57,D,0
30.63434,76.38439,331.67,0.48,0.4,2024-11-03,0813,N20,VIIRS,n,2,302.87,2.7,D,0
30.57312,75.84856,341.24,0.46,0.39,2024-11-03,0813,N20,VIIRS,n,2,304.27,6.9,D,0
30.54684,75.40856,339.44,0.44,0.38,2024-11-03,0813,N20,VIIRS,n,2,304.32,4.94,D,0
30.56744,75.45673,330.25,0.44,0.39,2024-11-03,0813,N20,VIIRS,n,2,303.39,1.97,D,0
30.69089,76.38567,335.83,0.49,0.4,2024-11-03,0813,N20,VIIRS,n,2,303.55,3.57,D,0
30.63183,75.84863,330.16,0.46,0.39,2024-11-03,0813,N20,VIIRS,n,2,302.08,2.86,D,0
30.60527,75.52595,332.19,0.45,0.39,2024-11-03,0813,N20,VIIRS,n,2,300.69,5.28,D,0
30.60467,75.52132,331.29,0.45,0.39,2024-11-03,0813,N20,VIIRS,l,2,302.06,4.84,D,0
30.6491,75.78248,331.85,0.46,0.39,2024-11-03,0813,N20,VIIRS,n,2,301.34,1.44,D,0
30.60807,75.46596,331.39,0.44,0.39,2024-11-03,0813,N20,VIIRS,n,2,301.51,2.16,D,0
30.6506,75.77959,331.22,0.46,0.39,2024-11-03,0813,N20,VIIRS,n,2,303.39,3.03,D,0
30.7212,76.24016,332.56,0.48,0.4,2024-11-03,0813,N20,VIIRS,n,2,302.88,2.55,D,0
30.64054,75.38048,332.11,0.44,0.38,2024-11-03,0813,N20,VIIRS,n,2,303.69,2.45,D,0
30.68595,75.62408,330.34,0.45,0.39,2024-11-03,0813,N20,VIIRS,n,2,301.41,2.58,D,0
30.75599,75.88931,333.84,0.46,0.39,2024-11-03,0813,N20,VIIRS,n,2,303.09,2.44,D,0
30.8103,76.11654,331.89,0.47,0.4,2024-11-03,0813,N20,VIIRS,n,2,301.79,2.82,D,0
30.73914,75.50697,341.6,0.45,0.39,2024-11-03,0813,N20,VIIRS,n,2,302.62,4.46,D,0
30.80239,75.49153,339.31,0.45,0.39,2024-11-03,0813,N20,VIIRS,n,2,303.13,4,D,0
30.93233,76.29856,338.6,0.48,0.4,2024-11-03,0813,N20,VIIRS,n,2,302.51,4.34,D,0
30.94406,76.27093,332.26,0.48,0.4,2024-11-03,0813,N20,VIIRS,l,2,302.98,3.09,D,0
30.86533,75.39284,336.37,0.44,0.39,2024-11-03,0813,N20,VIIRS,n,2,302.13,6.41,D,0
31.0097,76.25526,330.44,0.48,0.4,2024-11-03,0813,N20,VIIRS,n,2,302.05,2.27,D,0
31.03958,76.20053,333.38,0.48,0.4,2024-11-03,0813,N20,VIIRS,n,2,303.35,3.12,D,0
30.98281,75.58393,332.18,0.45,0.39,2024-11-03,0813,N20,VIIRS,n,2,300.02,2.19,D,0
31.17211,75.85352,339.92,0.47,0.39,2024-11-03,0813,N20,VIIRS,n,2,305.75,5.63,D,0
31.19014,75.82075,337.12,0.46,0.39,2024-11-03,0813,N20,VIIRS,n,2,304.47,11.46,D,0
31.25385,75.88201,345.12,0.47,0.4,2024-11-03,0813,N20,VIIRS,n,2,304.45,8.57,D,0
31.26653,75.835,330.98,0.47,0.39,2024-11-03,0813,N20,VIIRS,n,2,302.27,1.97,D,0
31.28706,75.85157,335.89,0.47,0.39,2024-11-03,0813,N20,VIIRS,n,2,305.22,2.72,D,0
31.31488,75.74013,338.55,0.46,0.39,2024-11-03,0813,N20,VIIRS,n,2,302.99,5.17,D,0
30.9365,75.95502,313.2,0.39,0.36,2024-11-03,2037,N20,VIIRS,n,2,288.54,0.65,N,0
30.48854,76.23883,330.16,0.38,0.36,2024-11-03,2037,N20,VIIRS,n,2,291.82,6.68,N,0
30.45168,75.90299,331.88,0.39,0.36,2024-11-04,0754,N20,VIIRS,l,2,305.3,3.46,D,0
30.45103,75.89895,332.53,0.39,0.36,2024-11-04,0754,N20,VIIRS,l,2,305.15,3.46,D,0
30.43201,75.73937,332.51,0.39,0.37,2024-11-04,0754,N20,VIIRS,n,2,304.15,2.66,D,0
30.53164,76.31814,331.87,0.39,0.36,2024-11-04,0754,N20,VIIRS,l,2,305.48,3.57,D,0
30.44921,75.80293,333.86,0.39,0.36,2024-11-04,0754,N20,VIIRS,n,2,304.89,3.94,D,0
30.44394,75.77045,345.29,0.39,0.36,2024-11-04,0754,N20,VIIRS,n,2,305.58,7,D,0
30.43534,75.71759,332.93,0.4,0.37,2024-11-04,0754,N20,VIIRS,n,2,302.04,2.5,D,0
30.43867,75.71687,333.82,0.4,0.37,2024-11-04,0754,N20,VIIRS,n,2,303.73,2.5,D,0
30.46128,75.70775,334.92,0.4,0.37,2024-11-04,0754,N20,VIIRS,n,2,306.09,5.51,D,0
30.47125,75.70559,330.83,0.4,0.37,2024-11-04,0754,N20,VIIRS,n,2,303.31,2.06,D,0
30.44664,75.55441,346.22,0.4,0.37,2024-11-04,0754,N20,VIIRS,n,2,309.13,8.32,D,0
30.5158,75.93939,343.77,0.39,0.36,2024-11-04,0754,N20,VIIRS,n,2,305.48,4.05,D,0
30.48781,75.74413,335.32,0.39,0.37,2024-11-04,0754,N20,VIIRS,n,2,304.25,3.13,D,0
30.47593,75.67081,336.47,0.4,0.37,2024-11-04,0754,N20,VIIRS,n,2,304.82,2.39,D,0
30.5545,76.13937,338.9,0.39,0.36,2024-11-04,0754,N20,VIIRS,n,2,303.71,3.01,D,0
30.48258,75.66936,332.89,0.4,0.37,2024-11-04,0754,N20,VIIRS,n,2,302.32,2.42,D,0
30.48857,75.66383,340.57,0.4,0.37,2024-11-04,0754,N20,VIIRS,n,2,303.64,3.03,D,0
30.47397,75.45586,333.11,0.4,0.37,2024-11-04,0754,N20,VIIRS,n,2,303.68,2.16,D,0
30.55974,75.96006,335.3,0.39,0.36,2024-11-04,0754,N20,VIIRS,n,2,304.69,3.13,D,0
30.52764,75.7196,334.16,0.39,0.37,2024-11-04,0754,N20,VIIRS,n,2,302.57,3.13,D,0
30.5593,75.87234,336.91,0.39,0.36,2024-11-04,0754,N20,VIIRS,n,2,304.81,3.21,D,0
30.55934,75.85139,332.71,0.39,0.36,2024-11-04,0754,N20,VIIRS,l,2,304.14,3.39,D,0
30.554,75.37415,330.1,0.4,0.37,2024-11-04,0754,N20,VIIRS,n,2,302.48,1.55,D,0
30.71946,76.38651,332.81,0.39,0.36,2024-11-04,0754,N20,VIIRS,n,2,304.67,2.24,D,0
30.58549,75.53347,333.33,0.4,0.37,2024-11-04,0754,N20,VIIRS,n,2,300.59,4.83,D,0
30.60282,75.53391,343.15,0.4,0.37,2024-11-04,0754,N20,VIIRS,n,2,304.6,5.09,D,0
30.75035,76.38828,336.57,0.39,0.36,2024-11-04,0754,N20,VIIRS,n,2,304.92,2.48,D,0
30.74451,75.89925,343.25,0.39,0.36,2024-11-04,0754,N20,VIIRS,n,2,305.55,6.36,D,0
30.66529,75.38806,334.93,0.4,0.37,2024-11-04,0754,N20,VIIRS,n,2,304.08,3.52,D,0
30.6857,75.49973,332.59,0.4,0.37,2024-11-04,0754,N20,VIIRS,l,2,304.56,2.27,D,0
30.71448,75.56985,349.01,0.4,0.37,2024-11-04,0754,N20,VIIRS,n,2,305.2,9.34,D,0
30.73116,75.60856,337.81,0.4,0.37,2024-11-04,0754,N20,VIIRS,n,2,304.73,3.04,D,0
30.70757,75.44383,332.13,0.4,0.37,2024-11-04,0754,N20,VIIRS,n,2,301.91,3.32,D,0
30.70689,75.43971,332.32,0.4,0.37,2024-11-04,0754,N20,VIIRS,n,2,305.36,3.32,D,0
30.76637,75.67693,333.05,0.39,0.36,2024-11-04,0754,N20,VIIRS,n,2,303.33,2.34,D,0
30.8679,76.16128,336.78,0.39,0.36,2024-11-04,0754,N20,VIIRS,n,2,306.69,3.56,D,0
30.82687,75.90331,332.16,0.39,0.36,2024-11-04,0754,N20,VIIRS,n,2,305.04,2,D,0
30.83694,75.85925,333.07,0.39,0.36,2024-11-04,0754,N20,VIIRS,n,2,303.7,0.82,D,0
30.97768,76.27527,333.21,0.39,0.36,2024-11-04,0754,N20,VIIRS,n,2,305.14,2.71,D,0
30.96694,76.20705,344.41,0.39,0.36,2024-11-04,0754,N20,VIIRS,n,2,305.08,5.28,D,0
30.98062,75.61051,331.1,0.39,0.37,2024-11-04,0754,N20,VIIRS,n,2,304.24,1.25,D,0
31.12849,76.28146,341.95,0.39,0.36,2024-11-04,0754,N20,VIIRS,n,2,310.49,19.41,D,0
31.0139,75.42121,332.36,0.4,0.37,2024-11-04,0754,N20,VIIRS,l,2,304.73,5.08,D,0
31.17581,76.19297,333.21,0.39,0.36,2024-11-04,0754,N20,VIIRS,l,2,304.75,1.64,D,0
31.17848,76.18825,341.15,0.39,0.36,2024-11-04,0754,N20,VIIRS,n,2,309.8,17.72,D,0
31.27973,76.39918,334.74,0.39,0.36,2024-11-04,0754,N20,VIIRS,n,2,301.63,1.77,D,0
31.28302,76.39848,331.74,0.39,0.36,2024-11-04,0754,N20,VIIRS,n,2,302.82,1.77,D,0
31.21514,75.8525,309.69,0.39,0.44,2024-11-04,2018,N20,VIIRS,n,2,288.52,0.75,N,0
31.00032,75.62661,312.73,0.4,0.44,2024-11-04,2018,N20,VIIRS,n,2,289.8,1.48,N,0
31.00001,75.62827,313.89,0.4,0.44,2024-11-04,2018,N20,VIIRS,n,2,289.38,1.73,N,0
30.99892,75.45285,319.95,0.41,0.45,2024-11-04,2018,N20,VIIRS,n,2,290.41,1.7,N,0
30.45094,75.95203,340.49,0.39,0.44,2024-11-05,0735,N20,VIIRS,n,2,301.34,2.68,D,0
30.42771,75.74896,340.93,0.4,0.45,2024-11-05,0735,N20,VIIRS,n,2,300.65,4.75,D,0
30.51216,76.04218,330.47,0.39,0.44,2024-11-05,0735,N20,VIIRS,n,2,301.41,2.37,D,0
30.45832,75.75383,337.69,0.4,0.45,2024-11-05,0735,N20,VIIRS,n,2,300.19,3.91,D,0
30.45748,75.74972,340.03,0.4,0.45,2024-11-05,0735,N20,VIIRS,n,2,301.19,3.91,D,0
30.51125,75.9752,339.95,0.39,0.44,2024-11-05,0735,N20,VIIRS,n,2,299.87,8.71,D,0
30.51045,75.9712,336.7,0.39,0.44,2024-11-05,0735,N20,VIIRS,n,2,300.76,7.23,D,0
30.49431,75.89062,332,0.4,0.44,2024-11-05,0735,N20,VIIRS,n,2,300.12,2.81,D,0
30.49902,75.87227,338.08,0.4,0.44,2024-11-05,0735,N20,VIIRS,n,2,301.75,3.65,D,0
30.54215,76.0677,342.03,0.39,0.44,2024-11-05,0735,N20,VIIRS,n,2,302.77,6.66,D,0
30.48582,75.78551,330.15,0.4,0.44,2024-11-05,0735,N20,VIIRS,n,2,300.35,2.47,D,0
30.59996,76.34019,335.11,0.56,0.43,2024-11-05,0735,N20,VIIRS,n,2,300.44,4.8,D,0
30.47241,75.69775,330.15,0.41,0.45,2024-11-05,0735,N20,VIIRS,l,2,301.25,2.38,D,0
30.59821,76.31041,333.22,0.56,0.43,2024-11-05,0735,N20,VIIRS,n,2,300.63,4.48,D,0
30.51171,75.85177,330.34,0.4,0.44,2024-11-05,0735,N20,VIIRS,n,2,299.57,2.47,D,0
30.51138,75.76563,339.54,0.4,0.44,2024-11-05,0735,N20,VIIRS,n,2,299.45,5.44,D,0
30.55322,75.93442,338.1,0.39,0.44,2024-11-05,0735,N20,VIIRS,n,2,301.25,2.44,D,0
30.47446,75.45277,346.35,0.42,0.45,2024-11-05,0735,N20,VIIRS,n,2,304.9,23.34,D,0
30.47274,75.44418,336.18,0.42,0.45,2024-11-05,0735,N20,VIIRS,n,2,299.97,3.72,D,0
30.47257,75.45326,352.47,0.42,0.45,2024-11-05,0735,N20,VIIRS,n,2,302.92,17.12,D,0
30.4708,75.44471,338.34,0.42,0.45,2024-11-05,0735,N20,VIIRS,n,2,300.05,4.4,D,0
30.47665,75.45216,331.79,0.42,0.45,2024-11-05,0735,N20,VIIRS,n,2,300.78,3.11,D,0
30.59556,75.93116,332.8,0.39,0.44,2024-11-05,0735,N20,VIIRS,n,2,301.65,3.11,D,0
30.6767,76.21387,331.82,0.57,0.43,2024-11-05,0735,N20,VIIRS,n,2,300.54,4.51,D,0
30.80886,76.34737,332.04,0.56,0.43,2024-11-05,0736,N20,VIIRS,n,2,300.21,3.65,D,0
30.63163,75.4612,344.94,0.42,0.45,2024-11-05,0736,N20,VIIRS,n,2,304.31,15.14,D,0
30.63888,75.45475,331.56,0.42,0.45,2024-11-05,0736,N20,VIIRS,n,2,300.63,2.02,D,0
30.6963,75.50616,340.97,0.41,0.45,2024-11-05,0736,N20,VIIRS,n,2,301.83,8.54,D,0
30.78102,75.91232,341.26,0.39,0.44,2024-11-05,0736,N20,VIIRS,n,2,300.82,3.62,D,0
30.92919,75.90764,332.48,0.39,0.44,2024-11-05,0736,N20,VIIRS,n,2,302.89,2.43,D,0
30.9959,76.11872,334.78,0.57,0.43,2024-11-05,0736,N20,VIIRS,n,2,299.76,3.81,D,0
30.9998,76.11768,337.94,0.57,0.43,2024-11-05,0736,N20,VIIRS,n,2,299.19,8.91,D,0
31.07208,76.17605,334.78,0.56,0.43,2024-11-05,0736,N20,VIIRS,n,2,299.61,5.28,D,0
31.07596,76.17502,332.61,0.56,0.43,2024-11-05,0736,N20,VIIRS,n,2,298.96,5.28,D,0
30.94772,75.41426,339.96,0.41,0.45,2024-11-05,0736,N20,VIIRS,n,2,300.99,4.22,D,0
30.99478,75.41475,334.73,0.41,0.45,2024-11-05,0736,N20,VIIRS,n,2,300.38,4.35,D,0
31.18449,75.83533,342.77,0.39,0.44,2024-11-05,0736,N20,VIIRS,n,2,302.82,8.45,D,0
31.05297,75.3744,304.25,0.39,0.59,2024-11-05,1959,N20,VIIRS,n,2,289.11,0.55,N,0
30.92929,75.9019,302.7,0.65,0.73,2024-11-05,2139,N20,VIIRS,n,2,290.03,1.24,N,0
30.97061,75.42734,330.01,0.39,0.59,2024-11-06,0717,N20,VIIRS,n,2,296.86,2.18,D,0
30.48497,75.86903,331.25,0.37,0.58,2024-11-06,0717,N20,VIIRS,n,2,298.86,2,D,0
30.47648,75.71633,331.53,0.38,0.59,2024-11-06,0717,N20,VIIRS,n,2,297.97,2.24,D,0
30.47435,75.71732,331.86,0.38,0.59,2024-11-06,0717,N20,VIIRS,n,2,298.04,2.2,D,0
30.59692,75.82921,344.66,0.37,0.58,2024-11-06,0717,N20,VIIRS,n,2,298.39,4.64,D,0
30.55847,75.40055,331.36,0.4,0.6,2024-11-06,0717,N20,VIIRS,n,2,297.65,1.94,D,0
30.60282,75.53511,334.57,0.39,0.59,2024-11-06,0717,N20,VIIRS,n,2,298.25,3.05,D,0
30.43291,75.75769,348.01,0.65,0.73,2024-11-06,0857,N20,VIIRS,n,2,295.61,10.3,D,0
30.50028,75.39011,346.9,0.62,0.71,2024-11-06,0857,N20,VIIRS,n,2,296.35,6.42,D,0
30.65021,75.81532,329.88,0.65,0.73,2024-11-06,0857,N20,VIIRS,n,2,295.33,3.62,D,0
31.07818,76.29764,300.74,0.66,0.73,2024-11-06,1940,N20,VIIRS,n,2,288.92,1.03,N,0
30.92826,75.90441,306.19,0.35,0.57,2024-11-06,2121,N20,VIIRS,n,2,291.13,0.81,N,0
30.96201,75.53982,315.84,0.33,0.55,2024-11-06,2121,N20,VIIRS,n,2,290.22,1.01,N,0
30.74446,76.38707,328.16,0.64,0.72,2024-11-07,0658,N20,VIIRS,n,2,295.1,4.95,D,0
30.74972,76.38576,332.06,0.64,0.72,2024-11-07,0658,N20,VIIRS,n,2,293.88,5.66,D,0
30.43143,75.75441,338.24,0.33,0.56,2024-11-07,0838,N20,VIIRS,n,2,298.46,2.73,D,0
30.42283,75.64291,341.79,0.33,0.55,2024-11-07,0838,N20,VIIRS,n,2,299.44,2.69,D,0
30.44634,75.81335,341.95,0.34,0.56,2024-11-07,0838,N20,VIIRS,n,2,296.97,4.23,D,0
30.45343,75.83772,346.01,0.34,0.56,2024-11-07,0838,N20,VIIRS,n,2,298.56,3.24,D,0
30.44032,75.66906,350.37,0.33,0.55,2024-11-07,0838,N20,VIIRS,n,2,299.06,3.95,D,0
30.48692,75.67143,335.79,0.33,0.55,2024-11-07,0838,N20,VIIRS,n,2,297.75,2.02,D,0
30.51745,75.79216,331.43,0.34,0.56,2024-11-07,0838,N20,VIIRS,n,2,297.83,3.83,D,0
30.5654,76.32828,342.55,0.36,0.58,2024-11-07,0838,N20,VIIRS,n,2,298.18,5.6,D,0
31.00538,75.52985,330.21,0.33,0.55,2024-11-07,0838,N20,VIIRS,n,2,296.41,1.9,D,0
31.15138,76.18344,367,0.36,0.57,2024-11-07,0838,N20,VIIRS,h,2,297.32,7.63,D,0
31.108,75.55099,343.77,0.33,0.55,2024-11-07,0838,N20,VIIRS,n,2,298.98,6.07,D,0
31.21694,75.86007,334.33,0.35,0.56,2024-11-07,0838,N20,VIIRS,n,2,296.55,2,D,0
30.51405,75.79136,336.55,0.34,0.56,2024-11-07,0838,N20,VIIRS,n,2,298.45,2.97,D,0
30.56364,76.32773,341.89,0.36,0.58,2024-11-07,0838,N20,VIIRS,n,2,298.38,5.72,D,0
30.53002,75.40069,344.59,0.32,0.55,2024-11-07,0838,N20,VIIRS,n,2,298.79,3.26,D,0
30.52948,75.39399,330.62,0.32,0.54,2024-11-07,0838,N20,VIIRS,n,2,299.58,2.96,D,0
30.56425,75.76853,342.91,0.34,0.56,2024-11-07,0838,N20,VIIRS,n,2,299.33,2.8,D,0
30.59183,75.99012,349.47,0.35,0.56,2024-11-07,0838,N20,VIIRS,n,2,299.13,4.9,D,0
30.58389,75.82021,335.56,0.34,0.56,2024-11-07,0838,N20,VIIRS,n,2,299.28,2.93,D,0
30.60862,75.61256,331.86,0.33,0.55,2024-11-07,0838,N20,VIIRS,n,2,298.12,1.51,D,0
30.58878,75.37446,341.82,0.32,0.54,2024-11-07,0838,N20,VIIRS,n,2,300,3.19,D,0
30.65223,76.02125,332.68,0.35,0.57,2024-11-07,0838,N20,VIIRS,n,2,297.18,2.63,D,0
30.58837,75.37408,341.95,0.32,0.54,2024-11-07,0838,N20,VIIRS,n,2,300.13,3,D,0
30.61172,75.61204,332.33,0.33,0.55,2024-11-07,0838,N20,VIIRS,n,2,297.71,2.29,D,0
30.66362,75.61731,336.29,0.33,0.55,2024-11-07,0838,N20,VIIRS,n,2,299.35,2.62,D,0
30.66295,75.41724,351.33,0.32,0.55,2024-11-07,0838,N20,VIIRS,n,2,300.02,3.85,D,0
30.77655,75.44868,331.03,0.32,0.55,2024-11-07,0838,N20,VIIRS,n,2,297.64,2.69,D,0
31.13272,76.06686,306.68,0.57,0.43,2024-11-07,2102,N20,VIIRS,n,2,290.01,1.06,N,0
30.43061,76.25468,332.69,0.57,0.43,2024-11-08,0819,N20,VIIRS,n,2,300.75,5.6,D,0
30.453,76.16773,331.67,0.56,0.43,2024-11-08,0819,N20,VIIRS,n,2,299.67,3.39,D,0
30.44381,75.98443,336.67,0.55,0.43,2024-11-08,0819,N20,VIIRS,n,2,299.85,5.82,D,0
30.4437,75.80573,332.69,0.54,0.42,2024-11-08,0819,N20,VIIRS,n,2,298.94,8.8,D,0
30.44307,75.80012,331.02,0.54,0.42,2024-11-08,0819,N20,VIIRS,l,2,301.23,10.68,D,0
30.45977,75.84336,338.79,0.54,0.42,2024-11-08,0819,N20,VIIRS,n,2,299.74,7.6,D,0
30.42961,75.4449,332.15,0.52,0.41,2024-11-08,0819,N20,VIIRS,n,2,300.32,4.28,D,0
30.44477,75.5416,330.35,0.52,0.42,2024-11-08,0819,N20,VIIRS,n,2,298.72,2.32,D,0
30.48052,75.78314,345.44,0.54,0.42,2024-11-08,0819,N20,VIIRS,n,2,298.66,10.44,D,0
30.47345,75.72179,332.86,0.53,0.42,2024-11-08,0819,N20,VIIRS,n,2,298.24,5.57,D,0
30.48761,75.74231,333.22,0.53,0.42,2024-11-08,0819,N20,VIIRS,n,2,299.17,4.75,D,0
30.52211,76.00796,340.63,0.55,0.43,2024-11-08,0819,N20,VIIRS,n,2,299.73,3.94,D,0
30.52604,76.00738,335.66,0.55,0.43,2024-11-08,0819,N20,VIIRS,n,2,299.76,8.14,D,0
30.55257,75.99616,330.74,0.55,0.43,2024-11-08,0819,N20,VIIRS,n,2,299.51,2.87,D,0
30.60471,76.36514,340.99,0.39,0.44,2024-11-08,0819,N20,VIIRS,n,2,301.25,8.9,D,0
30.5847,75.92723,330.35,0.55,0.43,2024-11-08,0819,N20,VIIRS,n,2,298.78,2.82,D,0
30.53395,75.41608,334.81,0.52,0.41,2024-11-08,0819,N20,VIIRS,n,2,300.96,6.51,D,0
30.60035,75.82089,331.09,0.54,0.42,2024-11-08,0819,N20,VIIRS,n,2,298.28,1.91,D,0
30.6238,75.95641,333.38,0.55,0.43,2024-11-08,0819,N20,VIIRS,n,2,300.49,5.6,D,0
30.61773,75.73257,342.45,0.54,0.42,2024-11-08,0819,N20,VIIRS,n,2,298.56,7.29,D,0
30.61856,75.72915,332.02,0.54,0.42,2024-11-08,0819,N20,VIIRS,n,2,298.67,6.85,D,0
30.71148,76.36125,333.93,0.39,0.44,2024-11-08,0819,N20,VIIRS,n,2,299.5,2.96,D,0
30.63331,75.51331,331,0.52,0.42,2024-11-08,0819,N20,VIIRS,n,2,299.46,3.08,D,0
30.63415,75.38638,339.97,0.52,0.41,2024-11-08,0819,N20,VIIRS,n,2,300.11,9.02,D,0
30.65882,75.46511,332.29,0.52,0.42,2024-11-08,0819,N20,VIIRS,n,2,298.56,3.4,D,0
30.68484,75.42255,337.23,0.52,0.41,2024-11-08,0819,N20,VIIRS,n,2,300.92,6.98,D,0
30.68381,75.42077,335.94,0.52,0.41,2024-11-08,0819,N20,VIIRS,n,2,300.75,7.1,D,0
30.83342,76.30772,332.68,0.39,0.44,2024-11-08,0819,N20,VIIRS,n,2,297.89,3.33,D,0
30.86413,76.29106,329.92,0.38,0.44,2024-11-08,0819,N20,VIIRS,n,2,297.62,2.53,D,0
30.83297,75.37899,333.32,0.52,0.41,2024-11-08,0819,N20,VIIRS,n,2,299.42,5.42,D,0
30.92677,76.14323,332.99,0.57,0.43,2024-11-08,0819,N20,VIIRS,n,2,298.87,6.54,D,0
31.00911,75.43342,335.72,0.52,0.42,2024-11-08,0819,N20,VIIRS,n,2,299.2,3.59,D,0
31.0112,75.43066,334.99,0.52,0.42,2024-11-08,0819,N20,VIIRS,n,2,299.28,4.03,D,0
31.03952,75.54433,336.1,0.53,0.42,2024-11-08,0819,N20,VIIRS,n,2,298.8,5.48,D,0
31.15559,76.16152,334.88,0.57,0.43,2024-11-08,0819,N20,VIIRS,n,2,298.62,11.8,D,0
30.51342,76.24604,307.23,0.39,0.36,2024-11-08,2043,N20,VIIRS,n,2,290.33,0.73,N,0
30.51011,76.24531,308.37,0.39,0.36,2024-11-08,2043,N20,VIIRS,n,2,291.11,0.73,N,0
30.44038,76.20908,332.43,0.39,0.36,2024-11-09,0800,N20,VIIRS,n,2,300.83,2.6,D,0
30.44985,76.15788,336.59,0.39,0.36,2024-11-09,0800,N20,VIIRS,n,2,300.06,3.34,D,0
30.4288,75.96918,342.96,0.39,0.36,2024-11-09,0800,N20,VIIRS,n,2,300.43,3.77,D,0
30.45319,76.04226,331.41,0.39,0.36,2024-11-09,0800,N20,VIIRS,n,2,301.55,1.85,D,0
30.44797,75.9613,334.09,0.39,0.36,2024-11-09,0800,N20,VIIRS,n,2,300.62,2.13,D,0
30.44088,75.91356,335.62,0.38,0.36,2024-11-09,0800,N20,VIIRS,n,2,301.12,7.12,D,0
30.43495,75.87379,335.97,0.38,0.36,2024-11-09,0800,N20,VIIRS,n,2,301.03,6.43,D,0
30.43705,75.86519,344.86,0.38,0.36,2024-11-09,0800,N20,VIIRS,n,2,303.92,15.22,D,0
30.51293,76.31034,338.06,0.39,0.36,2024-11-09,0800,N20,VIIRS,n,2,299.48,4.24,D,0
30.44339,75.83947,334.82,0.38,0.36,2024-11-09,0800,N20,VIIRS,n,2,300.62,3.44,D,0
30.52678,76.38203,334.11,0.39,0.36,2024-11-09,0800,N20,VIIRS,n,2,300.55,10.93,D,0
30.5262,76.37801,341.36,0.39,0.36,2024-11-09,0800,N20,VIIRS,n,2,304.54,10.93,D,0
30.49217,76.1455,331.96,0.39,0.36,2024-11-09,0800,N20,VIIRS,n,2,299.21,2.46,D,0
30.44669,75.83881,333.13,0.38,0.36,2024-11-09,0800,N20,VIIRS,n,2,299.23,3.44,D,0
30.45826,75.89374,332.63,0.38,0.36,2024-11-09,0800,N20,VIIRS,n,2,300.98,1.85,D,0
30.44998,75.83816,340.63,0.38,0.36,2024-11-09,0800,N20,VIIRS,n,2,301.86,4.67,D,0
30.45239,75.80903,332.13,0.38,0.36,2024-11-09,0800,N20,VIIRS,n,2,300.22,2.56,D,0
30.47466,75.93555,334.14,0.39,0.36,2024-11-09,0800,N20,VIIRS,n,2,299.66,4.2,D,0
30.43379,75.6375,342.84,0.38,0.36,2024-11-09,0800,N20,VIIRS,n,2,301.17,3.7,D,0
30.44067,75.66066,345.76,0.38,0.36,2024-11-09,0800,N20,VIIRS,n,2,302.07,5.87,D,0
30.46302,75.78709,330.33,0.38,0.36,2024-11-09,0800,N20,VIIRS,n,2,300.41,2.06,D,0
30.44396,75.66,335.69,0.38,0.36,2024-11-09,0800,N20,VIIRS,n,2,302.17,4.6,D,0
30.44336,75.65603,333.4,0.38,0.36,2024-11-09,0800,N20,VIIRS,n,2,300.21,4.6,D,0
30.47047,75.81427,335.14,0.38,0.36,2024-11-09,0800,N20,VIIRS,n,2,299.77,2.12,D,0
30.49007,75.90037,339.93,0.38,0.36,2024-11-09,0800,N20,VIIRS,n,2,301.4,4.07,D,0
30.47737,75.79243,330.71,0.38,0.36,2024-11-09,0800,N20,VIIRS,n,2,299.26,2.48,D,0
30.46607,75.71693,332.33,0.38,0.36,2024-11-09,0800,N20,VIIRS,n,2,300.06,3.71,D,0
30.46548,75.71296,331.45,0.38,0.36,2024-11-09,0800,N20,VIIRS,n,2,300.64,2.34,D,0
30.47948,75.78382,335.68,0.38,0.36,2024-11-09,0800,N20,VIIRS,n,2,299.07,3.47,D,0
30.57319,76.39864,336.81,0.39,0.36,2024-11-09,0800,N20,VIIRS,n,2,300.8,4.14,D,0
30.47503,75.73151,336.92,0.38,0.36,2024-11-09,0800,N20,VIIRS,n,2,299.85,2.33,D,0
30.49259,75.82625,335.55,0.38,0.36,2024-11-09,0800,N20,VIIRS,n,2,299.95,2.65,D,0
30.48725,75.79046,332.36,0.38,0.36,2024-11-09,0800,N20,VIIRS,n,2,299.54,4.66,D,0
30.56914,76.30017,337.33,0.39,0.36,2024-11-09,0800,N20,VIIRS,n,2,300.07,6.56,D,0
30.47894,75.6898,334.33,0.38,0.36,2024-11-09,0800,N20,VIIRS,n,2,301.37,2.2,D,0
30.57244,76.29953,336.23,0.39,0.36,2024-11-09,0800,N20,VIIRS,n,2,299.54,2.52,D,0
30.50838,75.86396,332.32,0.38,0.36,2024-11-09,0800,N20,VIIRS,n,2,299.77,1.6,D,0
30.48223,75.68915,345.11,0.38,0.36,2024-11-09,0800,N20,VIIRS,n,2,300.92,5.06,D,0
30.4897,75.71629,337.02,0.38,0.36,2024-11-09,0800,N20,VIIRS,n,2,299.82,4.19,D,0
30.49179,75.7077,334.14,0.38,0.36,2024-11-09,0800,N20,VIIRS,n,2,302.76,6.68,D,0
30.4912,75.70372,332.18,0.38,0.36,2024-11-09,0800,N20,VIIRS,n,2,300.72,6.68,D,0
30.60554,76.3634,331.72,0.39,0.36,2024-11-09,0800,N20,VIIRS,n,2,298.86,3.1,D,0
30.54859,75.97491,333.62,0.39,0.36,2024-11-09,0800,N20,VIIRS,n,2,300.13,4.35,D,0
30.52226,75.77528,333.34,0.38,0.36,2024-11-09,0800,N20,VIIRS,n,2,300.85,2.87,D,0
30.52947,75.73289,330.41,0.38,0.36,2024-11-09,0800,N20,VIIRS,n,2,299.4,1.66,D,0
30.58076,76.0548,330.04,0.39,0.36,2024-11-09,0800,N20,VIIRS,n,2,299.53,2.03,D,0
30.50761,75.56539,332.09,0.38,0.36,2024-11-09,0800,N20,VIIRS,n,2,299.76,6.5,D,0
30.53127,75.69978,330.69,0.38,0.36,2024-11-09,0800,N20,VIIRS,n,2,299.85,1.82,D,0
30.5631,75.88998,333.02,0.38,0.36,2024-11-09,0800,N20,VIIRS,n,2,300.12,2.99,D,0
30.56672,75.86877,335.85,0.38,0.36,2024-11-09,0800,N20,VIIRS,n,2,301.14,4.73,D,0
30.56613,75.86478,337.59,0.38,0.36,2024-11-09,0800,N20,VIIRS,n,2,300.77,3.19,D,0
30.53037,75.62627,340.06,0.38,0.36,2024-11-09,0800,N20,VIIRS,n,2,301.53,5.47,D,0
30.58073,75.82529,336.07,0.38,0.36,2024-11-09,0801,N20,VIIRS,n,2,299.88,2.17,D,0
30.57183,75.76569,335.12,0.38,0.36,2024-11-09,0801,N20,VIIRS,n,2,300.84,2.86,D,0
30.52288,75.37439,345.86,0.38,0.36,2024-11-09,0801,N20,VIIRS,n,2,305.14,12.42,D,0
30.60107,75.82536,332.55,0.38,0.36,2024-11-09,0801,N20,VIIRS,n,2,299.83,2.33,D,0
30.53664,75.37568,337.46,0.38,0.36,2024-11-09,0801,N20,VIIRS,n,2,301.42,3.29,D,0
30.54356,75.39882,331.74,0.38,0.36,2024-11-09,0801,N20,VIIRS,n,2,301.08,1.88,D,0
30.54685,75.39815,346.37,0.38,0.36,2024-11-09,0801,N20,VIIRS,n,2,301.2,5.62,D,0
30.69592,76.37946,331.04,0.39,0.36,2024-11-09,0801,N20,VIIRS,n,2,297.9,1.94,D,0
30.69923,76.37881,330.07,0.39,0.36,2024-11-09,0801,N20,VIIRS,n,2,298.81,3.59,D,0
30.69865,76.37479,333.4,0.39,0.36,2024-11-09,0801,N20,VIIRS,n,2,299,5.19,D,0
30.59312,75.61397,331.46,0.38,0.36,2024-11-09,0801,N20,VIIRS,n,2,299.11,3.27,D,0
30.60688,75.6153,333.04,0.38,0.36,2024-11-09,0801,N20,VIIRS,n,2,300.47,4.6,D,0
30.64354,75.83739,333.18,0.38,0.36,2024-11-09,0801,N20,VIIRS,n,2,299.44,3.71,D,0
30.66199,75.91582,333.1,0.39,0.36,2024-11-09,0801,N20,VIIRS,n,2,299.38,2.93,D,0
30.64183,75.78041,340.28,0.38,0.36,2024-11-09,0801,N20,VIIRS,n,2,299.54,3.25,D,0
30.62871,75.64777,335.87,0.38,0.36,2024-11-09,0801,N20,VIIRS,n,2,300.93,2.5,D,0
30.5908,75.39739,344.62,0.38,0.36,2024-11-09,0801,N20,VIIRS,n,2,301.13,4.29,D,0
30.61761,75.5517,336.47,0.38,0.36,2024-11-09,0801,N20,VIIRS,n,2,299.6,3.02,D,0
30.74833,76.36517,332.4,0.39,0.36,2024-11-09,0801,N20,VIIRS,n,2,298.83,2.98,D,0
30.63977,75.60867,342.07,0.38,0.36,2024-11-09,0801,N20,VIIRS,n,2,300.23,4.17,D,0
30.66697,75.76719,336.73,0.38,0.36,2024-11-09,0801,N20,VIIRS,n,2,300.83,3.63,D,0
30.71342,75.96394,334.68,0.39,0.36,2024-11-09,0801,N20,VIIRS,n,2,299.17,2.05,D,0
30.77778,76.33537,331.77,0.39,0.36,2024-11-09,0801,N20,VIIRS,n,2,297.6,2.06,D,0
30.65994,75.51513,331.58,0.38,0.36,2024-11-09,0801,N20,VIIRS,n,2,299.43,1.59,D,0
30.65801,75.41308,331.67,0.38,0.36,2024-11-09,0801,N20,VIIRS,n,2,299.02,3.7,D,0
30.67095,75.47601,345.4,0.38,0.36,2024-11-09,0801,N20,VIIRS,n,2,302.11,6.76,D,0
30.66129,75.41241,332.26,0.38,0.36,2024-11-09,0801,N20,VIIRS,n,2,299.81,3.7,D,0
30.69827,75.63448,333.17,0.38,0.36,2024-11-09,0801,N20,VIIRS,n,2,300.16,2.42,D,0
30.67873,75.48264,333.24,0.38,0.36,2024-11-09,0801,N20,VIIRS,n,2,299.09,2.5,D,0
30.70394,75.60462,336.14,0.38,0.36,2024-11-09,0801,N20,VIIRS,n,2,299,2.53,D,0
30.70723,75.60396,339.52,0.38,0.36,2024-11-09,0801,N20,VIIRS,n,2,299.66,3.88,D,0
30.75576,75.9062,332.88,0.39,0.36,2024-11-09,0801,N20,VIIRS,n,2,298.89,3.32,D,0
30.72476,75.47329,333.48,0.38,0.36,2024-11-09,0801,N20,VIIRS,n,2,299.46,2.88,D,0
30.71355,75.37715,336.13,0.38,0.36,2024-11-09,0801,N20,VIIRS,n,2,299.9,2.51,D,0
30.72288,75.41627,345.59,0.38,0.36,2024-11-09,0801,N20,VIIRS,n,2,300.88,4.24,D,0
30.86885,75.39095,332.87,0.38,0.36,2024-11-09,0801,N20,VIIRS,n,2,298.86,4.38,D,0
31.05561,76.19047,332.04,0.39,0.36,2024-11-09,0801,N20,VIIRS,n,2,297.94,2.86,D,0
30.94427,75.44131,333.4,0.38,0.36,2024-11-09,0801,N20,VIIRS,n,2,297.62,1.85,D,0
30.97736,75.38969,331.74,0.38,0.36,2024-11-09,0801,N20,VIIRS,n,2,297.65,1.76,D,0
31.0988,75.51797,339.24,0.38,0.36,2024-11-09,0801,N20,VIIRS,n,2,302.14,11.71,D,0
31.16892,75.82527,305.6,0.49,0.4,2024-11-09,2024,N20,VIIRS,n,2,289.78,0.93,N,0
30.42918,76.12322,330.46,0.49,0.4,2024-11-10,0742,N20,VIIRS,n,2,300.46,3.61,D,0
30.54325,76.31145,333.41,0.48,0.4,2024-11-10,0742,N20,VIIRS,n,2,300.25,3.56,D,0
30.45735,75.84158,335.29,0.5,0.41,2024-11-10,0742,N20,VIIRS,n,2,299.42,3.9,D,0
30.45495,75.8401,331.04,0.5,0.41,2024-11-10,0742,N20,VIIRS,n,2,300.04,3.13,D,0
30.56042,76.29978,330.34,0.48,0.4,2024-11-10,0742,N20,VIIRS,l,2,300.35,8.38,D,0
30.45776,75.75327,345.83,0.5,0.41,2024-11-10,0742,N20,VIIRS,n,2,301.3,7.44,D,0
30.53983,76.02573,331.99,0.49,0.4,2024-11-10,0742,N20,VIIRS,n,2,299.18,2.93,D,0
30.54612,75.99791,339.12,0.49,0.4,2024-11-10,0742,N20,VIIRS,n,2,301.07,9.81,D,0
30.45261,75.47991,338.84,0.52,0.42,2024-11-10,0742,N20,VIIRS,n,2,301.51,6.31,D,0
30.52402,75.81747,333.95,0.5,0.41,2024-11-10,0742,N20,VIIRS,n,2,298.98,3.67,D,0
30.50696,75.45818,330.18,0.52,0.42,2024-11-10,0742,N20,VIIRS,n,2,299.46,3.51,D,0
30.6773,76.31918,338.06,0.47,0.4,2024-11-10,0742,N20,VIIRS,n,2,299.06,3.9,D,0
30.68626,76.34738,344.16,0.47,0.4,2024-11-10,0742,N20,VIIRS,n,2,299.2,7.74,D,0
30.61073,75.7986,332.95,0.5,0.41,2024-11-10,0742,N20,VIIRS,n,2,299.58,3.72,D,0
30.6125,75.78742,338.91,0.5,0.41,2024-11-10,0742,N20,VIIRS,n,2,298.4,5.24,D,0
30.66487,75.94468,334.6,0.49,0.4,2024-11-10,0742,N20,VIIRS,n,2,299.44,4.19,D,0
30.66743,75.89642,337.23,0.49,0.41,2024-11-10,0742,N20,VIIRS,n,2,300.03,5.48,D,0
30.69869,75.9415,334.03,0.49,0.4,2024-11-10,0742,N20,VIIRS,n,2,299.07,3.87,D,0
30.76923,76.22295,331.93,0.48,0.4,2024-11-10,0742,N20,VIIRS,n,2,298.23,4.66,D,0
30.72184,75.92831,332.46,0.49,0.4,2024-11-10,0742,N20,VIIRS,n,2,298.54,5.19,D,0
30.71791,75.88699,337.78,0.49,0.41,2024-11-10,0742,N20,VIIRS,n,2,298.52,5.74,D,0
30.65789,75.52902,331.29,0.51,0.41,2024-11-10,0742,N20,VIIRS,n,2,299.31,2.17,D,0
30.67226,75.48111,332.19,0.52,0.41,2024-11-10,0742,N20,VIIRS,n,2,299.85,5.36,D,0
30.67414,75.40821,330.43,0.52,0.42,2024-11-10,0742,N20,VIIRS,n,2,299.4,2.95,D,0
30.73599,75.44585,339.6,0.52,0.41,2024-11-10,0742,N20,VIIRS,n,2,298.34,4.88,D,0
30.74517,75.43238,333.81,0.52,0.41,2024-11-10,0742,N20,VIIRS,n,2,299.28,4.98,D,0
30.96765,76.29826,331.54,0.47,0.4,2024-11-10,0742,N20,VIIRS,n,2,298.38,5.46,D,0
30.95809,76.20409,332.61,0.47,0.4,2024-11-10,0742,N20,VIIRS,n,2,297.78,2.81,D,0
30.9558,76.02645,343.76,0.48,0.4,2024-11-10,0742,N20,VIIRS,n,2,304.18,33.85,D,0
31.02909,76.25966,331.3,0.47,0.4,2024-11-10,0742,N20,VIIRS,n,2,297.17,3.79,D,0
31.0282,76.25481,331.98,0.47,0.4,2024-11-10,0742,N20,VIIRS,n,2,298.9,3.79,D,0
30.86985,75.38663,342.53,0.52,0.41,2024-11-10,0742,N20,VIIRS,n,2,300.15,10.69,D,0
31.00718,75.55315,340.85,0.51,0.41,2024-11-10,0742,N20,VIIRS,n,2,297.97,6.02,D,0
31.14061,76.16819,334.21,0.47,0.4,2024-11-10,0742,N20,VIIRS,n,2,299.34,8.76,D,0
31.13367,76.06204,318.07,0.57,0.52,2024-11-10,2005,N20,VIIRS,n,2,290.2,3.25,N,0
30.44728,75.94488,337.19,0.6,0.53,2024-11-11,0723,N20,VIIRS,n,2,297.97,5.35,D,0
30.5839,75.99293,348.9,0.59,0.53,2024-11-11,0723,N20,VIIRS,n,2,297.12,10.05,D,0
30.51049,75.37622,349.17,0.32,0.55,2024-11-11,0723,N20,VIIRS,n,2,298.45,4.22,D,0
30.51059,75.37511,350.95,0.32,0.55,2024-11-11,0723,N20,VIIRS,n,2,299.4,4.15,D,0
30.52188,75.37859,336.38,0.32,0.55,2024-11-11,0723,N20,VIIRS,n,2,297.31,2.23,D,0
31.00337,76.27681,346.11,0.56,0.51,2024-11-11,0723,N20,VIIRS,n,2,295.86,9.06,D,0
30.87331,75.39598,343.92,0.63,0.54,2024-11-11,0723,N20,VIIRS,n,2,296.98,10.13,D,0
30.68044,75.49509,330.16,0.78,0.78,2024-11-11,0903,N20,VIIRS,n,2,293.06,6.4,D,0
30.67516,75.49422,334.41,0.78,0.78,2024-11-11,0904,N20,VIIRS,n,2,293.68,7.82,D,0
30.9425,76.3104,326.15,0.52,0.67,2024-11-12,0704,N20,VIIRS,n,2,293.03,2.82,D,0
30.9684,76.18418,328.37,0.53,0.67,2024-11-12,0704,N20,VIIRS,n,2,292.72,2.22,D,0
30.43247,75.91429,330.87,0.43,0.62,2024-11-12,0844,N20,VIIRS,n,2,294.29,4.36,D,0
30.43933,75.93182,331.01,0.43,0.62,2024-11-12,0844,N20,VIIRS,n,2,294.76,2.52,D,0
30.5334,75.84509,328.69,0.42,0.61,2024-11-12,0844,N20,VIIRS,n,2,295.03,2.41,D,0
30.55754,76.04301,329.28,0.43,0.62,2024-11-12,0844,N20,VIIRS,n,2,295.9,2.93,D,0
30.97949,76.2556,335.29,0.45,0.63,2024-11-12,0845,N20,VIIRS,n,2,293.74,4.09,D,0
31.02653,76.2569,332.6,0.45,0.63,2024-11-12,0845,N20,VIIRS,n,2,294.54,2.77,D,0
30.53425,76.41469,333.27,0.47,0.48,2024-11-13,0826,N20,VIIRS,n,2,295.06,4,D,0
30.44285,75.53825,341.02,0.42,0.45,2024-11-13,0826,N20,VIIRS,n,2,299.26,6.33,D,0
30.44431,75.53952,336.03,0.42,0.45,2024-11-13,0826,N20,VIIRS,n,2,298.43,3.86,D,0
30.53434,76.4173,331.21,0.47,0.48,2024-11-13,0826,N20,VIIRS,n,2,294.74,5.6,D,0
30.48484,75.44084,343.6,0.42,0.45,2024-11-13,0826,N20,VIIRS,n,2,300.19,5.08,D,0
30.51438,75.44124,330.43,0.42,0.45,2024-11-13,0826,N20,VIIRS,n,2,299.47,1.81,D,0
30.53508,75.39879,341.39,0.41,0.45,2024-11-13,0826,N20,VIIRS,n,2,300.79,4.93,D,0
30.53705,75.39928,335.22,0.42,0.45,2024-11-13,0826,N20,VIIRS,n,2,299.12,3.58,D,0
30.53661,75.39495,334.43,0.42,0.45,2024-11-13,0826,N20,VIIRS,n,2,302.25,4.02,D,0
30.8644,76.31043,330.56,0.42,0.38,2024-11-14,0807,N20,VIIRS,n,2,298.87,2.7,D,0
30.82865,76.0462,339.33,0.41,0.37,2024-11-14,0807,N20,VIIRS,n,2,296.94,4.1,D,0
30.80936,75.90524,331.77,0.41,0.37,2024-11-14,0807,N20,VIIRS,n,2,295.22,2.93,D,0
30.9095,76.07659,333.59,0.41,0.37,2024-11-14,0807,N20,VIIRS,n,2,298.31,2.87,D,0
30.97633,76.23939,334.07,0.42,0.38,2024-11-14,0807,N20,VIIRS,n,2,297.61,2.75,D,0
30.97856,76.1498,331.67,0.42,0.37,2024-11-14,0807,N20,VIIRS,n,2,298.4,1.56,D,0
30.98356,76.05582,327.38,0.41,0.37,2024-11-14,0807,N20,VIIRS,n,2,298.3,1.9,D,0
31.00863,76.06015,326.13,0.41,0.37,2024-11-14,0807,N20,VIIRS,n,2,298.34,1.95,D,0
31.0198,75.98752,331.08,0.41,0.37,2024-11-14,0807,N20,VIIRS,n,2,298.86,1.9,D,0
31.02711,75.47905,345.44,0.4,0.37,2024-11-14,0807,N20,VIIRS,n,2,299.83,6.58,D,0
31.19474,75.86044,338.72,0.41,0.37,2024-11-14,0807,N20,VIIRS,n,2,297.98,5.01,D,0
31.18343,75.70082,332.05,0.41,0.37,2024-11-14,0807,N20,VIIRS,n,2,298.67,2.31,D,0
31.20476,75.80599,328.81,0.41,0.37,2024-11-14,0807,N20,VIIRS,l,2,300.21,1.93,D,0
30.71927,76.1871,332.73,0.42,0.38,2024-11-15,0748,N20,VIIRS,n,2,294.76,2.5,D,0
30.71882,76.18755,332.53,0.42,0.38,2024-11-15,0748,N20,VIIRS,n,2,294.82,2.81,D,0
30.97623,76.10378,342.53,0.42,0.38,2024-11-15,0748,N20,VIIRS,n,2,298.77,6.64,D,0
30.4229,75.92973,332.9,0.49,0.48,2024-11-16,0729,N20,VIIRS,n,2,297.73,4.04,D,0
30.42185,75.92477,332.52,0.49,0.48,2024-11-16,0729,N20,VIIRS,n,2,300.8,4.04,D,0
30.42817,76.2693,329.88,0.56,0.69,2024-11-17,0851,N20,VIIRS,n,2,295.74,2.76,D,0
30.43053,75.54121,347.03,0.5,0.66,2024-11-17,0851,N20,VIIRS,n,2,295.86,6.3,D,0
30.44444,75.905,329.06,0.53,0.67,2024-11-17,0851,N20,VIIRS,n,2,294.65,2.36,D,0
30.43125,75.5396,338.54,0.5,0.66,2024-11-17,0851,N20,VIIRS,n,2,295.61,4.45,D,0
30.53913,75.70511,330.04,0.52,0.66,2024-11-17,0851,N20,VIIRS,n,2,295.48,2.89,D,0
30.53019,75.45338,328.89,0.5,0.66,2024-11-17,0851,N20,VIIRS,n,2,293.38,2.49,D,0
30.53101,75.44991,334.68,0.5,0.66,2024-11-17,0851,N20,VIIRS,n,2,294.29,3.96,D,0
30.60209,75.84707,329.65,0.53,0.67,2024-11-17,0851,N20,VIIRS,n,2,293.57,5.65,D,0
30.64555,75.52724,333.36,0.5,0.66,2024-11-17,0851,N20,VIIRS,n,2,295.08,5.26,D,0
30.65976,75.66131,343.78,0.51,0.66,2024-11-17,0851,N20,VIIRS,n,2,295.44,7.44,D,0
30.64631,75.52827,342.19,0.5,0.66,2024-11-17,0851,N20,VIIRS,n,2,295.1,5.17,D,0
30.65969,75.66253,350.45,0.51,0.66,2024-11-17,0851,N20,VIIRS,n,2,295.35,6.49,D,0
30.70519,75.93213,327.14,0.53,0.67,2024-11-17,0851,N20,VIIRS,n,2,293.59,2.6,D,0
30.71994,75.52869,328.63,0.5,0.66,2024-11-17,0851,N20,VIIRS,n,2,293.27,4.19,D,0
30.76431,75.97969,331.24,0.54,0.68,2024-11-17,0851,N20,VIIRS,n,2,292.83,3.26,D,0
30.73447,75.46371,328.98,0.5,0.66,2024-11-17,0851,N20,VIIRS,n,2,293.65,4.02,D,0
30.73097,75.73718,332.47,0.52,0.67,2024-11-17,0851,N20,VIIRS,n,2,293.81,3.76,D,0
30.72039,75.53084,329.55,0.51,0.66,2024-11-17,0851,N20,VIIRS,n,2,293.1,2.83,D,0
30.73533,75.46568,331.15,0.5,0.66,2024-11-17,0851,N20,VIIRS,n,2,293.19,3.25,D,0
30.76028,75.47463,333.82,0.5,0.66,2024-11-17,0851,N20,VIIRS,n,2,293.24,3.59,D,0
30.42435,75.89114,340.51,0.54,0.51,2024-11-18,0832,N20,VIIRS,n,2,300.98,6.86,D,0
30.43893,75.99981,338.63,0.55,0.51,2024-11-18,0832,N20,VIIRS,n,2,300.45,4.67,D,0
30.44575,75.96982,336.68,0.55,0.51,2024-11-18,0832,N20,VIIRS,n,2,301.53,3.23,D,0
30.45461,75.91076,331.37,0.55,0.51,2024-11-18,0832,N20,VIIRS,n,2,300.14,2.47,D,0
30.44934,75.85382,330.01,0.54,0.51,2024-11-18,0832,N20,VIIRS,n,2,300.23,2.15,D,0
30.44928,75.80239,333.07,0.54,0.51,2024-11-18,0832,N20,VIIRS,n,2,299.96,2.74,D,0
30.46127,75.82956,331.57,0.54,0.51,2024-11-18,0832,N20,VIIRS,n,2,300.98,2.53,D,0
30.42927,75.49274,348.48,0.52,0.5,2024-11-18,0832,N20,VIIRS,n,2,302.01,7.48,D,0
30.42934,75.49088,339.93,0.52,0.5,2024-11-18,0832,N20,VIIRS,n,2,302.16,4.75,D,0
30.48262,75.77417,345.76,0.54,0.51,2024-11-18,0832,N20,VIIRS,n,2,301.86,9.68,D,0
30.45682,75.48761,333.43,0.52,0.5,2024-11-18,0832,N20,VIIRS,n,2,300.53,3.34,D,0
30.49346,75.78999,333.31,0.54,0.51,2024-11-18,0832,N20,VIIRS,n,2,298.23,3.62,D,0
30.46956,75.47518,341.1,0.52,0.5,2024-11-18,0832,N20,VIIRS,n,2,303.54,7.3,D,0
30.49318,75.68258,330.02,0.53,0.5,2024-11-18,0832,N20,VIIRS,l,2,302.26,2.71,D,0
30.52609,75.83768,339.55,0.54,0.51,2024-11-18,0832,N20,VIIRS,n,2,298.89,6.28,D,0
30.521,75.67931,334.21,0.53,0.5,2024-11-18,0832,N20,VIIRS,n,2,299.79,3.21,D,0
30.49451,75.39627,341.97,0.51,0.49,2024-11-18,0832,N20,VIIRS,n,2,301.85,7.51,D,0
30.57215,76.03025,340.02,0.56,0.51,2024-11-18,0832,N20,VIIRS,n,2,300.19,7.12,D,0
30.52247,75.49621,332.59,0.52,0.5,2024-11-18,0832,N20,VIIRS,n,2,301.24,6.21,D,0
30.54262,75.66,332.99,0.53,0.5,2024-11-18,0832,N20,VIIRS,n,2,298.25,2.14,D,0
30.54551,75.54297,344.23,0.52,0.5,2024-11-18,0832,N20,VIIRS,n,2,300.57,5.62,D,0
30.62532,76.35037,331.98,0.58,0.52,2024-11-18,0832,N20,VIIRS,n,2,298.21,2.77,D,0
30.5728,76.02637,340.3,0.56,0.51,2024-11-18,0832,N20,VIIRS,n,2,300.72,7.07,D,0
30.5452,75.54441,342,0.52,0.5,2024-11-18,0832,N20,VIIRS,n,2,300.77,6.49,D,0
30.58876,75.9892,336.96,0.55,0.51,2024-11-18,0832,N20,VIIRS,n,2,301.13,4.14,D,0
30.62432,76.353,332.79,0.58,0.52,2024-11-18,0832,N20,VIIRS,n,2,298.08,4.25,D,0
30.58042,75.73048,341.27,0.54,0.5,2024-11-18,0832,N20,VIIRS,n,2,300.32,8.34,D,0
30.61525,75.91016,333.62,0.55,0.51,2024-11-18,0832,N20,VIIRS,n,2,300.2,2.91,D,0
30.61486,75.85233,333.39,0.54,0.51,2024-11-18,0832,N20,VIIRS,n,2,299.79,3,D,0
30.61242,75.77225,340.13,0.54,0.51,2024-11-18,0832,N20,VIIRS,n,2,302.57,6.67,D,0
30.63563,75.92529,339.76,0.55,0.51,2024-11-18,0832,N20,VIIRS,n,2,300.96,6.1,D,0
30.59843,75.46662,335.85,0.52,0.5,2024-11-18,0832,N20,VIIRS,n,2,302.5,5.77,D,0
30.64091,75.8782,339.19,0.55,0.51,2024-11-18,0832,N20,VIIRS,n,2,300.65,5.58,D,0
30.6198,75.64693,334.78,0.53,0.5,2024-11-18,0832,N20,VIIRS,n,2,300.64,2.38,D,0
30.6091,75.53131,331.33,0.52,0.5,2024-11-18,0832,N20,VIIRS,n,2,300.42,2.62,D,0
30.61065,75.44878,339.12,0.52,0.5,2024-11-18,0832,N20,VIIRS,n,2,301.51,4.66,D,0
30.6076,75.41647,334.52,0.51,0.5,2024-11-18,0832,N20,VIIRS,n,2,300.45,3.87,D,0
30.65133,75.78493,334.55,0.54,0.51,2024-11-18,0832,N20,VIIRS,n,2,298.78,3.08,D,0
30.66278,75.80654,340.95,0.54,0.51,2024-11-18,0832,N20,VIIRS,n,2,301.49,4.09,D,0
30.6398,75.5609,339.09,0.52,0.5,2024-11-18,0832,N20,VIIRS,n,2,302.32,15.61,D,0
30.64642,75.53246,342.67,0.52,0.5,2024-11-18,0832,N20,VIIRS,n,2,298.34,5.56,D,0
30.65457,75.52045,340.51,0.52,0.5,2024-11-18,0832,N20,VIIRS,n,2,299.32,8.65,D,0
30.66048,75.80526,336.37,0.54,0.51,2024-11-18,0832,N20,VIIRS,n,2,300.16,4.1,D,0
30.65999,75.79958,334.31,0.54,0.51,2024-11-18,0832,N20,VIIRS,n,2,299.63,4.1,D,0
30.63964,75.56474,340.3,0.52,0.5,2024-11-18,0832,N20,VIIRS,n,2,300,8.23,D,0
30.652,75.65275,333.59,0.53,0.5,2024-11-18,0832,N20,VIIRS,n,2,300.59,3.16,D,0
30.64596,75.53074,343.76,0.52,0.5,2024-11-18,0832,N20,VIIRS,n,2,298.36,6.01,D,0
30.75078,75.50731,330.38,0.52,0.5,2024-11-18,0832,N20,VIIRS,n,2,299.34,3.53,D,0
30.74662,75.46367,339.89,0.52,0.5,2024-11-18,0832,N20,VIIRS,n,2,298.01,5.1,D,0
30.74621,75.46108,346.81,0.52,0.5,2024-11-18,0832,N20,VIIRS,n,2,298.13,7.2,D,0
30.81898,75.59695,334.18,0.53,0.5,2024-11-18,0832,N20,VIIRS,n,2,299,4.03,D,0
30.85468,75.38248,336.4,0.51,0.5,2024-11-18,0832,N20,VIIRS,n,2,296.84,5.4,D,0
30.96696,76.06082,334.47,0.57,0.52,2024-11-18,0832,N20,VIIRS,n,2,299.28,4.41,D,0
30.97173,76.06029,346.35,0.57,0.52,2024-11-18,0832,N20,VIIRS,n,2,300.68,16.3,D,0
31.0212,76.18222,330.69,0.58,0.52,2024-11-18,0832,N20,VIIRS,n,2,298.4,3.21,D,0
30.95508,75.41257,333.83,0.52,0.5,2024-11-18,0832,N20,VIIRS,n,2,299,3.23,D,0
30.95915,75.4066,332.06,0.52,0.5,2024-11-18,0832,N20,VIIRS,n,2,299.48,3.17,D,0
30.98204,75.59881,335.34,0.53,0.5,2024-11-18,0832,N20,VIIRS,n,2,296.83,2.84,D,0
31.02044,76.18025,330.51,0.58,0.52,2024-11-18,0832,N20,VIIRS,n,2,298.29,3.99,D,0
30.98509,75.59589,340.4,0.53,0.5,2024-11-18,0832,N20,VIIRS,n,2,299.21,6.09,D,0
31.00031,75.6623,333.3,0.54,0.51,2024-11-18,0832,N20,VIIRS,n,2,299.63,2.86,D,0
31.00099,75.61671,330.42,0.53,0.5,2024-11-18,0832,N20,VIIRS,n,2,299.95,2.1,D,0
31.0202,75.56926,330.01,0.53,0.5,2024-11-18,0832,N20,VIIRS,n,2,299.17,3.7,D,0
31.03156,75.5398,330.63,0.53,0.5,2024-11-18,0832,N20,VIIRS,n,2,300.07,2.81,D,0
31.0645,75.64338,340.5,0.54,0.5,2024-11-18,0832,N20,VIIRS,n,2,301.86,5.3,D,0
31.07116,75.56326,346.99,0.53,0.5,2024-11-18,0832,N20,VIIRS,n,2,299.79,4.16,D,0
31.14136,76.28394,332.66,0.59,0.53,2024-11-18,0832,N20,VIIRS,n,2,297.12,4.98,D,0
31.0758,75.56272,330.31,0.53,0.5,2024-11-18,0832,N20,VIIRS,n,2,300.05,4.16,D,0
31.0752,75.50665,333.81,0.53,0.5,2024-11-18,0832,N20,VIIRS,n,2,300.13,4.03,D,0
31.07493,75.5654,339.68,0.53,0.5,2024-11-18,0832,N20,VIIRS,n,2,300.41,5.05,D,0
31.07444,75.55981,331.98,0.53,0.5,2024-11-18,0832,N20,VIIRS,n,2,299.8,5.05,D,0
31.13992,76.28151,333.16,0.59,0.53,2024-11-18,0832,N20,VIIRS,n,2,298.62,3.88,D,0
30.65418,75.51868,348.86,0.52,0.5,2024-11-18,0832,N20,VIIRS,n,2,300.19,6.94,D,0
30.67044,75.54444,330.17,0.52,0.5,2024-11-18,0832,N20,VIIRS,n,2,299.23,2.84,D,0
30.7105,75.94461,340.32,0.55,0.51,2024-11-18,0832,N20,VIIRS,n,2,299.89,8.88,D,0
30.68844,75.69361,333.87,0.53,0.5,2024-11-18,0832,N20,VIIRS,n,2,298.25,3.08,D,0
30.68052,75.40044,331.73,0.51,0.5,2024-11-18,0832,N20,VIIRS,n,2,300.38,1.48,D,0
30.72565,75.68928,342.61,0.53,0.5,2024-11-18,0832,N20,VIIRS,n,2,300.34,8.2,D,0
30.71144,75.48434,339.36,0.52,0.5,2024-11-18,0832,N20,VIIRS,n,2,299.37,4.68,D,0
30.83465,75.56269,297.12,0.46,0.39,2024-11-18,2056,N20,VIIRS,n,2,282.92,0.68,N,0
30.83537,75.56551,303.04,0.46,0.39,2024-11-18,2056,N20,VIIRS,n,2,282.4,0.83,N,0
30.44431,75.94474,335.72,0.46,0.39,2024-11-19,0813,N20,VIIRS,n,2,306.3,3.18,D,0
30.43802,75.8342,333.59,0.46,0.39,2024-11-19,0813,N20,VIIRS,n,2,301.51,4.52,D,0
30.43744,75.82946,332.98,0.46,0.39,2024-11-19,0813,N20,VIIRS,n,2,300.94,4.23,D,0
30.47453,76.10197,333.18,0.47,0.4,2024-11-19,0813,N20,VIIRS,n,2,302.01,2.56,D,0
30.44453,75.85728,332.99,0.46,0.39,2024-11-19,0813,N20,VIIRS,n,2,303.08,3.34,D,0
30.4416,75.8336,331.24,0.46,0.39,2024-11-19,0813,N20,VIIRS,n,2,304.11,4.52,D,0
30.44101,75.82887,346.96,0.46,0.39,2024-11-19,0813,N20,VIIRS,n,2,303.47,4.23,D,0
30.44641,75.81351,333.23,0.45,0.39,2024-11-19,0813,N20,VIIRS,n,2,303.32,1.54,D,0
30.45292,75.83656,338.4,0.46,0.39,2024-11-19,0813,N20,VIIRS,n,2,307.2,11.72,D,0
30.4488,75.80348,336.13,0.45,0.39,2024-11-19,0813,N20,VIIRS,n,2,303.67,2.41,D,0
30.43591,75.70024,343.32,0.45,0.39,2024-11-19,0813,N20,VIIRS,n,2,303.26,9.63,D,0
30.45238,75.80288,330.57,0.45,0.39,2024-11-19,0813,N20,VIIRS,n,2,303.18,2.41,D,0
30.45061,75.78874,332.91,0.45,0.39,2024-11-19,0813,N20,VIIRS,l,2,305.44,2.42,D,0
30.45536,75.79758,332.56,0.45,0.39,2024-11-19,0813,N20,VIIRS,l,2,303.85,4.65,D,0
30.45418,75.78815,332.86,0.45,0.39,2024-11-19,0813,N20,VIIRS,l,2,304.7,2.68,D,0
30.48088,75.91435,337.89,0.46,0.39,2024-11-19,0813,N20,VIIRS,n,2,304.15,3.86,D,0
30.42025,75.40638,335.5,0.44,0.38,2024-11-19,0813,N20,VIIRS,n,2,306.52,3.85,D,0
30.47917,75.8129,333.58,0.45,0.39,2024-11-19,0813,N20,VIIRS,n,2,302.62,3.14,D,0
30.43431,75.43191,333.68,0.44,0.38,2024-11-19,0813,N20,VIIRS,l,2,306.28,4.53,D,0
30.47858,75.72175,334.74,0.45,0.39,2024-11-19,0813,N20,VIIRS,l,2,305,1.99,D,0
30.48214,75.72116,336.64,0.45,0.39,2024-11-19,0813,N20,VIIRS,n,2,303.68,5.29,D,0
30.48211,75.66393,335.5,0.45,0.39,2024-11-19,0813,N20,VIIRS,n,2,302.88,2.53,D,0
30.56831,76.26173,332.7,0.48,0.4,2024-11-19,0813,N20,VIIRS,n,2,300.75,2.67,D,0
30.52327,75.81525,334.61,0.46,0.39,2024-11-19,0813,N20,VIIRS,n,2,304.43,2.89,D,0
30.53475,75.74323,330.01,0.45,0.39,2024-11-19,0813,N20,VIIRS,l,2,304.7,2.11,D,0
30.49877,75.39943,334.57,0.44,0.38,2024-11-19,0813,N20,VIIRS,n,2,302.83,1.93,D,0
30.51572,75.44789,334.4,0.44,0.38,2024-11-19,0813,N20,VIIRS,n,2,304.91,4.26,D,0
30.57214,75.80929,333.05,0.46,0.39,2024-11-19,0813,N20,VIIRS,l,2,304.64,3.81,D,0
30.53096,75.48279,335.34,0.44,0.39,2024-11-19,0813,N20,VIIRS,n,2,302.9,1.74,D,0
30.55036,75.55013,334.68,0.44,0.39,2024-11-19,0813,N20,VIIRS,n,2,304.78,3.36,D,0
30.58765,75.75845,335.3,0.45,0.39,2024-11-19,0813,N20,VIIRS,n,2,303.94,3.03,D,0
30.60075,75.77555,333.9,0.45,0.39,2024-11-19,0813,N20,VIIRS,l,2,304.31,4.26,D,0
30.59717,75.74724,339.6,0.45,0.39,2024-11-19,0813,N20,VIIRS,n,2,303.95,4.05,D,0
30.64101,76.03759,332.42,0.47,0.39,2024-11-19,0813,N20,VIIRS,n,2,299.75,2.01,D,0
30.58164,75.5685,332.6,0.45,0.39,2024-11-19,0813,N20,VIIRS,n,2,299.4,3.31,D,0
30.6307,75.89676,346.26,0.46,0.39,2024-11-19,0813,N20,VIIRS,n,2,305.71,6.07,D,0
30.61505,75.77318,331.7,0.45,0.39,2024-11-19,0813,N20,VIIRS,n,2,300.13,2.08,D,0
30.60725,75.71193,339.57,0.45,0.39,2024-11-19,0813,N20,VIIRS,n,2,300.99,2.3,D,0
30.6464,75.99226,334.71,0.46,0.39,2024-11-19,0813,N20,VIIRS,n,2,303.53,4.33,D,0
30.63188,75.87707,334.36,0.46,0.39,2024-11-19,0813,N20,VIIRS,n,2,301.99,3.12,D,0
30.60481,75.66447,337.6,0.45,0.39,2024-11-19,0813,N20,VIIRS,n,2,302.54,4.19,D,0
30.60713,75.62593,344.57,0.45,0.39,2024-11-19,0813,N20,VIIRS,n,2,303.22,4.46,D,0
30.62014,75.59205,333.65,0.45,0.39,2024-11-19,0813,N20,VIIRS,n,2,301.8,5.57,D,0
30.64183,75.70784,332.06,0.45,0.39,2024-11-19,0813,N20,VIIRS,n,2,301.09,2.46,D,0
30.64598,75.71194,343.71,0.45,0.39,2024-11-19,0813,N20,VIIRS,n,2,303.03,10.13,D,0
30.66314,75.76206,338.45,0.45,0.39,2024-11-19,0813,N20,VIIRS,n,2,302.97,8.78,D,0
30.63908,75.56986,335.37,0.45,0.39,2024-11-19,0813,N20,VIIRS,n,2,301.99,7.27,D,0
30.70479,75.95009,334.95,0.46,0.39,2024-11-19,0813,N20,VIIRS,n,2,304.05,5.44,D,0
30.65915,75.58547,345.71,0.45,0.39,2024-11-19,0813,N20,VIIRS,n,2,301.17,5.37,D,0
30.63506,75.3963,339.44,0.44,0.38,2024-11-19,0813,N20,VIIRS,n,2,302.79,2.99,D,0
30.64796,75.41282,332.92,0.44,0.38,2024-11-19,0813,N20,VIIRS,n,2,303.19,4.15,D,0
30.69646,75.65076,334.38,0.45,0.39,2024-11-19,0813,N20,VIIRS,n,2,302.03,3.38,D,0
30.72935,75.82375,330.31,0.46,0.39,2024-11-19,0813,N20,VIIRS,l,2,301.16,4.61,D,0
30.72201,75.68002,338.54,0.45,0.39,2024-11-19,0813,N20,VIIRS,n,2,305.85,12.24,D,0
30.80676,76.32475,332.9,0.48,0.4,2024-11-19,0813,N20,VIIRS,n,2,300.07,2.69,D,0
30.7382,75.74957,332.35,0.45,0.39,2024-11-19,0813,N20,VIIRS,l,2,304.45,4.84,D,0
30.71043,75.50574,338.31,0.44,0.39,2024-11-19,0813,N20,VIIRS,n,2,302.19,4.56,D,0
30.80578,76.32259,333.55,0.48,0.4,2024-11-19,0813,N20,VIIRS,n,2,299.74,3.52,D,0
30.74063,75.75137,334.11,0.45,0.39,2024-11-19,0813,N20,VIIRS,n,2,302.83,5.28,D,0
30.71041,75.50773,333.22,0.44,0.39,2024-11-19,0813,N20,VIIRS,n,2,302.81,3.39,D,0
30.81501,76.30576,332.39,0.48,0.4,2024-11-19,0813,N20,VIIRS,n,2,300.21,5.33,D,0
30.72859,75.56632,340.41,0.45,0.39,2024-11-19,0813,N20,VIIRS,n,2,303.79,7.3,D,0
30.71986,75.49666,334.65,0.44,0.39,2024-11-19,0813,N20,VIIRS,n,2,303.84,10.17,D,0
30.71928,75.49203,334.52,0.44,0.39,2024-11-19,0813,N20,VIIRS,n,2,301.08,5.8,D,0
30.78435,75.98878,339.69,0.47,0.39,2024-11-19,0813,N20,VIIRS,n,2,302.33,4.39,D,0
30.72577,75.48621,331.98,0.44,0.39,2024-11-19,0813,N20,VIIRS,n,2,299.93,1.99,D,0
30.76456,75.67986,333.07,0.45,0.39,2024-11-19,0813,N20,VIIRS,n,2,301.49,4.59,D,0
30.75581,75.4953,332.29,0.44,0.39,2024-11-19,0813,N20,VIIRS,n,2,301.27,5.77,D,0
30.75522,75.49067,330.42,0.44,0.39,2024-11-19,0813,N20,VIIRS,n,2,301.61,5.77,D,0
30.81992,75.94835,332.76,0.46,0.39,2024-11-19,0813,N20,VIIRS,n,2,301.1,3.09,D,0
30.82654,75.91273,332.1,0.46,0.39,2024-11-19,0813,N20,VIIRS,n,2,299.51,2.73,D,0
30.9068,76.07966,333.36,0.47,0.4,2024-11-19,0813,N20,VIIRS,n,2,301.46,4.27,D,0
30.83981,75.39217,341.1,0.44,0.38,2024-11-19,0813,N20,VIIRS,n,2,302.46,6.84,D,0
30.93831,76.06451,338.64,0.47,0.4,2024-11-19,0813,N20,VIIRS,n,2,300.36,4.14,D,0
30.94583,75.65529,335.38,0.45,0.39,2024-11-19,0813,N20,VIIRS,n,2,304.43,3.79,D,0
30.94845,75.65698,333.51,0.45,0.39,2024-11-19,0813,N20,VIIRS,n,2,302.62,7.33,D,0
30.9587,75.56387,346.15,0.45,0.39,2024-11-19,0813,N20,VIIRS,n,2,302.23,12.19,D,0
30.9464,75.46578,332.9,0.45,0.39,2024-11-19,0813,N20,VIIRS,n,2,303.47,2.52,D,0
30.94527,75.39969,341.86,0.44,0.39,2024-11-19,0813,N20,VIIRS,n,2,306.03,19.87,D,0
30.96704,75.42909,331.93,0.44,0.39,2024-11-19,0813,N20,VIIRS,n,2,299.68,3.78,D,0
31.01806,75.68888,336.65,0.45,0.39,2024-11-19,0813,N20,VIIRS,n,2,302.54,7.8,D,0
31.08124,75.92875,331.08,0.47,0.39,2024-11-19,0813,N20,VIIRS,l,2,301.15,2,D,0
31.06916,75.6433,338.85,0.45,0.39,2024-11-19,0813,N20,VIIRS,n,2,305.26,5.04,D,0
31.07273,75.6427,330.17,0.45,0.39,2024-11-19,0813,N20,VIIRS,n,2,303.99,5.04,D,0
31.06216,75.55767,330.54,0.45,0.39,2024-11-19,0813,N20,VIIRS,n,2,301.97,2.26,D,0
31.19927,75.88398,331.94,0.47,0.39,2024-11-19,0813,N20,VIIRS,n,2,300.74,2.77,D,0
31.20679,75.55956,332.75,0.45,0.39,2024-11-19,0813,N20,VIIRS,n,2,302.55,1.83,D,0
31.16274,75.5165,306.94,0.39,0.37,2024-11-19,2037,N20,VIIRS,n,2,282.86,0.87,N,0
30.85114,75.94741,295.31,0.39,0.36,2024-11-19,2037,N20,VIIRS,n,2,284.87,0.35,N,0
30.47205,76.32324,346.64,0.39,0.36,2024-11-20,0754,N20,VIIRS,n,2,305.6,6.64,D,0
30.42255,75.84266,331.6,0.39,0.36,2024-11-20,0754,N20,VIIRS,l,2,304.22,2.23,D,0
30.45405,75.95315,333.49,0.39,0.36,2024-11-20,0754,N20,VIIRS,n,2,303.28,5.82,D,0
30.4534,75.9491,339.03,0.39,0.36,2024-11-20,0754,N20,VIIRS,n,2,310.89,18.4,D,0
30.47761,75.93224,341.33,0.39,0.36,2024-11-20,0754,N20,VIIRS,n,2,304.59,6.66,D,0
30.4678,75.82959,332,0.39,0.36,2024-11-20,0754,N20,VIIRS,n,2,303.07,1.59,D,0
30.46583,75.7964,330.22,0.39,0.37,2024-11-20,0754,N20,VIIRS,n,2,303.06,1.29,D,0
30.49355,75.90369,337.99,0.39,0.36,2024-11-20,0754,N20,VIIRS,n,2,303.76,3.8,D,0
30.5806,76.36309,331.59,0.39,0.36,2024-11-20,0754,N20,VIIRS,n,2,299.22,1.43,D,0
30.57947,76.33441,333.2,0.39,0.36,2024-11-20,0754,N20,VIIRS,n,2,302.16,2.95,D,0
30.53378,75.96196,335.75,0.39,0.36,2024-11-20,0754,N20,VIIRS,n,2,304.29,2.11,D,0
30.51292,75.81141,331.38,0.39,0.36,2024-11-20,0754,N20,VIIRS,n,2,302.91,1.52,D,0
30.519,75.72168,333.52,0.4,0.37,2024-11-20,0754,N20,VIIRS,n,2,305.18,1.82,D,0
30.56615,75.97172,343.42,0.39,0.36,2024-11-20,0754,N20,VIIRS,n,2,304.99,5.92,D,0
30.54343,75.80901,332.68,0.39,0.36,2024-11-20,0754,N20,VIIRS,n,2,302.62,2.22,D,0
30.47877,75.41178,346.99,0.4,0.37,2024-11-20,0754,N20,VIIRS,n,2,305.82,11.7,D,0
30.47265,75.37456,331.21,0.4,0.37,2024-11-20,0754,N20,VIIRS,n,2,303.05,2.3,D,0
30.57737,75.97767,334.24,0.39,0.36,2024-11-20,0754,N20,VIIRS,n,2,304.21,5.23,D,0
30.61171,76.02434,337.74,0.39,0.36,2024-11-20,0754,N20,VIIRS,n,2,303.41,4.11,D,0
30.61041,76.01627,330.77,0.39,0.36,2024-11-20,0754,N20,VIIRS,n,2,303.93,2.13,D,0
30.5764,75.78489,344.16,0.39,0.36,2024-11-20,0754,N20,VIIRS,n,2,309.51,20.54,D,0
30.541,75.56863,332.85,0.4,0.37,2024-11-20,0754,N20,VIIRS,n,2,305.15,2.55,D,0
30.62062,75.9096,330.51,0.39,0.36,2024-11-20,0754,N20,VIIRS,l,2,304.4,5.8,D,0
30.68352,76.19616,332.89,0.39,0.36,2024-11-20,0754,N20,VIIRS,n,2,299.23,2.58,D,0
30.62541,75.8331,333.11,0.39,0.36,2024-11-20,0754,N20,VIIRS,l,2,307.18,5.34,D,0
30.63739,75.8011,332.52,0.39,0.36,2024-11-20,0754,N20,VIIRS,l,2,302.69,1.48,D,0
30.58883,75.46016,342.77,0.4,0.37,2024-11-20,0754,N20,VIIRS,n,2,305.06,6.29,D,0
30.62562,75.601,339.65,0.4,0.37,2024-11-20,0754,N20,VIIRS,n,2,303.58,4.09,D,0
30.67791,75.90652,340.05,0.39,0.36,2024-11-20,0754,N20,VIIRS,n,2,306.9,7.78,D,0
30.62807,75.60146,344.25,0.4,0.37,2024-11-20,0754,N20,VIIRS,n,2,303.88,5,D,0
30.66212,75.72507,332.4,0.39,0.37,2024-11-20,0754,N20,VIIRS,n,2,302.38,2.57,D,0
30.69315,75.89486,344.25,0.39,0.36,2024-11-20,0754,N20,VIIRS,n,2,305.13,12.48,D,0
30.63651,75.50615,336.23,0.4,0.37,2024-11-20,0754,N20,VIIRS,n,2,303.78,3.21,D,0
30.72921,76.0125,331.59,0.39,0.36,2024-11-20,0754,N20,VIIRS,n,2,300.51,2.3,D,0
30.67805,75.6963,340.84,0.4,0.37,2024-11-20,0754,N20,VIIRS,n,2,307.09,6.6,D,0
30.72775,75.79082,332.95,0.39,0.36,2024-11-20,0754,N20,VIIRS,n,2,301.7,3.26,D,0
30.73565,75.81853,343.57,0.39,0.36,2024-11-20,0754,N20,VIIRS,n,2,306.35,6.93,D,0
30.73503,75.79344,333.38,0.39,0.36,2024-11-20,0754,N20,VIIRS,n,2,304.67,5.19,D,0
30.73835,75.79272,332.26,0.39,0.36,2024-11-20,0754,N20,VIIRS,n,2,305.43,5.19,D,0
30.69381,75.47647,337.17,0.4,0.37,2024-11-20,0754,N20,VIIRS,n,2,302.87,1.48,D,0
30.72512,75.4659,333.48,0.4,0.37,2024-11-20,0754,N20,VIIRS,n,2,299.29,1.91,D,0
30.82785,76.03345,332.39,0.39,0.36,2024-11-20,0754,N20,VIIRS,n,2,300.44,1.55,D,0
30.75179,75.46002,332.98,0.4,0.37,2024-11-20,0754,N20,VIIRS,n,2,301.12,2.15,D,0
30.80923,75.79043,337.6,0.39,0.36,2024-11-20,0754,N20,VIIRS,n,2,302.23,4.87,D,0
30.82704,75.83701,334.21,0.39,0.36,2024-11-20,0754,N20,VIIRS,n,2,302.83,3.16,D,0
30.80922,75.51551,338.53,0.4,0.37,2024-11-20,0754,N20,VIIRS,n,2,299.95,2.65,D,0
30.92206,76.06823,333.05,0.39,0.36,2024-11-20,0754,N20,VIIRS,n,2,301.19,2.38,D,0
30.8172,75.40388,336.4,0.4,0.37,2024-11-20,0754,N20,VIIRS,n,2,304.73,4.92,D,0
30.96212,76.23425,344.82,0.39,0.36,2024-11-20,0754,N20,VIIRS,n,2,300.96,4.31,D,0
30.98733,76.30766,333.19,0.39,0.36,2024-11-20,0754,N20,VIIRS,n,2,299.96,2.67,D,0
30.86588,75.38453,331.22,0.4,0.37,2024-11-20,0754,N20,VIIRS,l,2,302.99,4.83,D,0
30.86922,75.3838,334.69,0.4,0.37,2024-11-20,0754,N20,VIIRS,l,2,305.63,4.83,D,0
30.87855,75.37743,335.01,0.4,0.37,2024-11-20,0754,N20,VIIRS,n,2,303.76,2.64,D,0
31.03061,76.10742,332.49,0.39,0.36,2024-11-20,0754,N20,VIIRS,n,2,301.74,1.77,D,0
31.05077,75.5956,340.44,0.4,0.37,2024-11-20,0754,N20,VIIRS,n,2,302.81,5.01,D,0
31.05232,75.44252,335.51,0.4,0.37,2024-11-20,0754,N20,VIIRS,n,2,302.37,5.7,D,0
31.08116,75.53407,330.1,0.4,0.37,2024-11-20,0754,N20,VIIRS,n,2,302.23,1.91,D,0
31.1739,75.78844,341.29,0.39,0.36,2024-11-20,0754,N20,VIIRS,n,2,306.53,8.37,D,0
30.46017,75.8562,330.19,0.4,0.44,2024-11-21,0735,N20,VIIRS,n,2,300.98,1.51,D,0
30.52088,75.7178,334.1,0.41,0.45,2024-11-21,0735,N20,VIIRS,n,2,302.08,2.99,D,0
30.46064,75.40288,340.33,0.43,0.46,2024-11-21,0735,N20,VIIRS,n,2,302.8,3.51,D,0
30.56627,75.75365,341.51,0.41,0.45,2024-11-21,0735,N20,VIIRS,n,2,303.49,7.21,D,0
30.6104,75.74177,334.77,0.41,0.45,2024-11-21,0735,N20,VIIRS,n,2,297.87,3.59,D,0
30.61079,75.74303,333.72,0.4,0.45,2024-11-21,0735,N20,VIIRS,n,2,297.43,2.61,D,0
30.64933,75.6406,340.69,0.41,0.45,2024-11-21,0735,N20,VIIRS,n,2,302.83,4.67,D,0
30.69707,75.81514,335.88,0.4,0.44,2024-11-21,0735,N20,VIIRS,n,2,300.89,2.29,D,0
30.68671,75.67884,331.09,0.41,0.45,2024-11-21,0735,N20,VIIRS,n,2,298.91,2.21,D,0
30.63374,75.39394,330,0.42,0.45,2024-11-21,0735,N20,VIIRS,n,2,300.27,2.67,D,0
30.85148,76.37103,335.6,0.56,0.43,2024-11-21,0735,N20,VIIRS,n,2,301.14,4.15,D,0
30.8512,76.36921,330.42,0.56,0.43,2024-11-21,0735,N20,VIIRS,n,2,299.9,3.87,D,0
30.72144,75.62199,331.6,0.41,0.45,2024-11-21,0735,N20,VIIRS,n,2,299.85,1.76,D,0
30.79876,75.92092,346.14,0.39,0.44,2024-11-21,0735,N20,VIIRS,n,2,299.31,5.79,D,0
30.78412,75.7014,330.29,0.4,0.45,2024-11-21,0735,N20,VIIRS,n,2,297.39,3.1,D,0
30.7777,75.3801,346.02,0.42,0.45,2024-11-21,0735,N20,VIIRS,n,2,300.61,4.91,D,0
30.8868,75.51643,340.86,0.41,0.45,2024-11-21,0735,N20,VIIRS,n,2,302.31,3.97,D,0
30.9858,75.44118,332.88,0.41,0.45,2024-11-21,0735,N20,VIIRS,n,2,298.92,3.35,D,0
30.98905,75.44075,332.13,0.41,0.45,2024-11-21,0735,N20,VIIRS,n,2,298.76,2.43,D,0
31.11434,76.0136,329.54,0.38,0.43,2024-11-21,0735,N20,VIIRS,n,2,297.88,4.69,D,0
31.11355,76.00967,337.6,0.38,0.43,2024-11-21,0735,N20,VIIRS,n,2,301.8,4.69,D,0
31.03243,75.61018,334.93,0.4,0.45,2024-11-21,0735,N20,VIIRS,n,2,300.46,2.38,D,0
31.03644,75.60908,339.14,0.4,0.45,2024-11-21,0735,N20,VIIRS,n,2,300.24,2.39,D,0
31.04609,75.53177,333.36,0.41,0.45,2024-11-21,0735,N20,VIIRS,n,2,299.37,2.18,D,0
31.14535,75.79511,330.22,0.39,0.44,2024-11-21,0735,N20,VIIRS,l,2,301.38,1.49,D,0
31.00066,75.62659,308.32,0.38,0.59,2024-11-21,1959,N20,VIIRS,n,2,283.45,1.4,N,0
30.49389,76.37716,329.1,0.35,0.57,2024-11-22,0716,N20,VIIRS,n,2,299.33,1.68,D,0
30.56733,75.61883,334.19,0.39,0.59,2024-11-22,0716,N20,VIIRS,n,2,298.27,3.16,D,0
30.71088,75.91878,349.69,0.37,0.58,2024-11-22,0716,N20,VIIRS,n,2,299.43,4.7,D,0
30.64544,75.64899,340.91,0.64,0.72,2024-11-22,0857,N20,VIIRS,n,2,295.82,7.59,D,0
31.06404,75.54755,327.85,0.63,0.72,2024-11-22,0857,N20,VIIRS,n,2,295.32,3.08,D,0
30.44441,75.59232,337.67,0.74,0.76,2024-11-23,0658,N20,VIIRS,n,2,294.87,3.93,D,0
30.52609,75.77619,341.69,0.71,0.75,2024-11-23,0658,N20,VIIRS,n,2,294.32,11.19,D,0
30.44308,75.58838,332.78,0.73,0.76,2024-11-23,0658,N20,VIIRS,n,2,295.82,6.01,D,0
30.52586,75.77182,353.72,0.71,0.75,2024-11-23,0658,N20,VIIRS,n,2,295.95,10.99,D,0
30.94379,75.5267,333.72,0.72,0.76,2024-11-23,0658,N20,VIIRS,n,2,292.34,5.83,D,0
30.47604,75.77789,367,0.33,0.56,2024-11-23,0838,N20,VIIRS,h,2,302.94,9.25,D,0
30.47869,75.7775,367,0.33,0.56,2024-11-23,0838,N20,VIIRS,h,2,301.77,8.86,D,0
30.52487,75.77293,347.17,0.33,0.56,2024-11-23,0838,N20,VIIRS,n,2,297.57,3.4,D,0
30.52456,75.45199,367,0.32,0.54,2024-11-23,0838,N20,VIIRS,h,2,297.97,7.49,D,0
30.56166,75.7165,334.3,0.33,0.55,2024-11-23,0838,N20,VIIRS,n,2,298,1.66,D,0
30.57838,75.62987,354.34,0.33,0.55,2024-11-23,0838,N20,VIIRS,n,2,297.46,3.85,D,0
30.56678,75.41587,334.46,0.32,0.54,2024-11-23,0838,N20,VIIRS,n,2,296.88,2.32,D,0
30.62416,75.49804,332.51,0.32,0.55,2024-11-23,0838,N20,VIIRS,n,2,295.84,1.28,D,0
30.65745,75.78342,332.59,0.34,0.56,2024-11-23,0838,N20,VIIRS,n,2,296.53,2.32,D,0
30.72972,75.8837,330.49,0.34,0.56,2024-11-23,0838,N20,VIIRS,n,2,297.31,1.47,D,0
30.70341,75.54442,334.38,0.32,0.55,2024-11-23,0838,N20,VIIRS,n,2,296.41,2.04,D,0
30.70627,75.38924,340.64,0.64,0.54,2024-11-23,0838,N20,VIIRS,n,2,296.94,10.46,D,0
30.75303,75.46408,339.58,0.32,0.55,2024-11-23,0838,N20,VIIRS,n,2,294.53,2.55,D,0
30.77618,75.44663,332.75,0.32,0.55,2024-11-23,0838,N20,VIIRS,n,2,296.07,1.69,D,0
30.81135,75.70312,345.56,0.33,0.55,2024-11-23,0838,N20,VIIRS,n,2,296.67,2.94,D,0
30.83195,75.44434,367,0.32,0.55,2024-11-23,0838,N20,VIIRS,h,2,297.39,7.61,D,0
30.85019,75.41866,342.72,0.32,0.55,2024-11-23,0838,N20,VIIRS,n,2,297.67,3.67,D,0
30.90539,75.68139,333.35,0.33,0.55,2024-11-23,0838,N20,VIIRS,n,2,296.88,2.44,D,0
30.91051,75.68089,342.41,0.33,0.55,2024-11-23,0838,N20,VIIRS,n,2,297.66,2.44,D,0
31.18951,75.74506,339.54,0.34,0.56,2024-11-23,0838,N20,VIIRS,n,2,294.54,3.09,D,0
31.20824,75.91805,330.01,0.35,0.56,2024-11-23,0838,N20,VIIRS,n,2,293.5,1.61,D,0
31.07783,75.53634,310.18,0.53,0.42,2024-11-23,2102,N20,VIIRS,n,2,284,1.05,N,0
30.50402,76.35434,332.71,0.57,0.43,2024-11-24,0819,N20,VIIRS,n,2,299.69,4.52,D,0
30.45714,75.86205,330.27,0.54,0.42,2024-11-24,0819,N20,VIIRS,n,2,300.9,1.66,D,0
30.52912,75.48579,332.12,0.52,0.41,2024-11-24,0819,N20,VIIRS,n,2,300.71,3.34,D,0
30.65651,75.82835,330.48,0.54,0.42,2024-11-24,0819,N20,VIIRS,n,2,299.93,4.18,D,0
30.68224,75.91651,335.85,0.55,0.42,2024-11-24,0819,N20,VIIRS,n,2,301.86,4.49,D,0
30.6853,75.51165,331.78,0.52,0.42,2024-11-24,0819,N20,VIIRS,n,2,300.9,4.1,D,0
30.72455,75.75787,336.08,0.54,0.42,2024-11-24,0819,N20,VIIRS,n,2,301.21,4.78,D,0
30.72842,75.7573,336.82,0.54,0.42,2024-11-24,0819,N20,VIIRS,n,2,299.84,4.78,D,0
30.85962,76.36515,347.31,0.39,0.44,2024-11-24,0819,N20,VIIRS,n,2,299.17,4.7,D,0
31.05126,75.94246,343.07,0.55,0.43,2024-11-24,0819,N20,VIIRS,n,2,299.74,6.41,D,0
31.05108,75.94096,331.68,0.55,0.43,2024-11-24,0819,N20,VIIRS,n,2,299.66,4.87,D,0
31.10259,75.97466,333.47,0.56,0.43,2024-11-24,0819,N20,VIIRS,n,2,300.59,6.06,D,0
31.0702,75.64896,338.68,0.53,0.42,2024-11-24,0819,N20,VIIRS,n,2,300.27,8.18,D,0
31.14907,75.96192,331.01,0.55,0.43,2024-11-24,0819,N20,VIIRS,n,2,298.98,2.98,D,0
31.17985,75.73907,332,0.54,0.42,2024-11-24,0819,N20,VIIRS,n,2,300.68,3.72,D,0
30.88217,75.99463,299.37,0.39,0.36,2024-11-24,2043,N20,VIIRS,n,2,286,0.62,N,2
30.47769,76.37077,334.16,0.39,0.36,2024-11-25,0800,N20,VIIRS,n,2,300.86,3.21,D,0
30.49655,76.38361,342.83,0.39,0.36,2024-11-25,0800,N20,VIIRS,n,2,304.39,12.62,D,0
30.49557,76.33022,346.6,0.39,0.36,2024-11-25,0800,N20,VIIRS,n,2,302.63,5.81,D,0
30.50684,76.36099,332.78,0.39,0.36,2024-11-25,0800,N20,VIIRS,n,2,299.97,2.46,D,0
30.51015,76.36035,333.58,0.39,0.36,2024-11-25,0800,N20,VIIRS,n,2,297.76,2.46,D,0
30.45573,75.85429,337.47,0.38,0.36,2024-11-25,0800,N20,VIIRS,n,2,302.38,4.37,D,0
30.51822,76.02216,330.79,0.39,0.36,2024-11-25,0800,N20,VIIRS,l,2,301.67,2.21,D,0
30.53945,75.84608,337.07,0.38,0.36,2024-11-25,0800,N20,VIIRS,n,2,303.34,4.24,D,0
30.62786,75.84548,335.79,0.38,0.36,2024-11-25,0800,N20,VIIRS,n,2,302.83,2.43,D,0
30.73773,76.40829,331.66,0.39,0.36,2024-11-25,0800,N20,VIIRS,n,2,299.34,2.81,D,0
30.72655,75.80147,344.97,0.38,0.36,2024-11-25,0800,N20,VIIRS,n,2,304.79,11.65,D,0
30.75472,75.96812,332.62,0.39,0.36,2024-11-25,0800,N20,VIIRS,n,2,300.83,2.48,D,0
30.76052,75.89304,332.96,0.38,0.36,2024-11-25,0800,N20,VIIRS,n,2,299.68,2.02,D,0
30.69702,75.42638,336.36,0.38,0.36,2024-11-25,0800,N20,VIIRS,n,2,301.69,3.35,D,0
30.87151,76.32465,336.25,0.39,0.36,2024-11-25,0800,N20,VIIRS,n,2,299.01,3.68,D,0
30.78096,75.6675,332.02,0.38,0.36,2024-11-25,0800,N20,VIIRS,n,2,299.81,2.08,D,0
30.78475,75.37633,330.8,0.38,0.36,2024-11-25,0800,N20,VIIRS,n,2,300.15,1.83,D,0
30.96522,76.245,335.47,0.39,0.36,2024-11-25,0800,N20,VIIRS,n,2,299.22,2.41,D,0
30.87265,75.62096,331.76,0.38,0.36,2024-11-25,0800,N20,VIIRS,n,2,298.51,2.27,D,0
30.87019,75.37899,333.72,0.38,0.36,2024-11-25,0800,N20,VIIRS,n,2,301.77,2.56,D,0
31.00907,76.17397,332.17,0.39,0.36,2024-11-25,0800,N20,VIIRS,n,2,300.49,1.83,D,0
30.95022,75.52686,333.98,0.38,0.36,2024-11-25,0800,N20,VIIRS,n,2,300.6,2.55,D,0
31.09823,75.67436,334.09,0.38,0.36,2024-11-25,0800,N20,VIIRS,n,2,301.61,3.11,D,0
31.15588,75.78656,337.59,0.38,0.36,2024-11-25,0800,N20,VIIRS,n,2,299.18,3.86,D,0
31.31278,75.72271,332.79,0.38,0.36,2024-11-25,0800,N20,VIIRS,n,2,300.53,3.83,D,0
30.48776,76.35326,343.04,0.48,0.4,2024-11-26,0741,N20,VIIRS,n,2,307.82,24.72,D,0
30.45663,75.86065,334.98,0.5,0.41,2024-11-26,0741,N20,VIIRS,n,2,302.57,7.87,D,0
30.60577,75.80366,332.59,0.5,0.41,2024-11-26,0741,N20,VIIRS,l,2,303.61,4.51,D,0
30.71283,75.74762,330.75,0.5,0.41,2024-11-26,0741,N20,VIIRS,n,2,302.03,0.93,D,0
30.71653,75.74668,335.28,0.5,0.41,2024-11-26,0741,N20,VIIRS,n,2,303.7,5.08,D,0
30.79802,75.42964,343.11,0.52,0.42,2024-11-26,0741,N20,VIIRS,n,2,303.18,13.92,D,0
31.10979,75.89406,333.08,0.49,0.4,2024-11-26,0741,N20,VIIRS,n,2,301.54,3.01,D,0
31.06901,75.99945,307.94,0.58,0.52,2024-11-26,2005,N20,VIIRS,n,2,284.75,1.91,N,0
30.51631,75.81144,338.33,0.61,0.54,2024-11-27,0722,N20,VIIRS,n,2,300.64,4.89,D,0
30.6966,75.40975,332.82,0.32,0.55,2024-11-27,0723,N20,VIIRS,n,2,300.42,1.73,D,0
30.62253,75.72945,338.33,0.43,0.46,2024-11-29,0825,N20,VIIRS,n,2,299.17,2.46,D,0
30.76315,76.31367,332.03,0.47,0.47,2024-11-29,0825,N20,VIIRS,n,2,299.82,2.95,D,0
30.71018,75.54613,330.96,0.42,0.45,2024-11-29,0825,N20,VIIRS,n,2,296.49,2.7,D,0
31.07762,75.98765,339.83,0.45,0.47,2024-11-29,0825,N20,VIIRS,n,2,298.29,5.55,D,0
31.0602,75.73553,333.7,0.44,0.46,2024-11-29,0825,N20,VIIRS,n,2,300.35,2.65,D,0
31.07453,75.84227,332.75,0.44,0.46,2024-11-29,0825,N20,VIIRS,n,2,298.53,3.42,D,0
31.19796,75.61753,333.19,0.43,0.46,2024-11-29,0825,N20,VIIRS,n,2,300.23,3.62,D,0
30.90015,76.33826,339.43,0.42,0.38,2024-11-29,2049,N20,VIIRS,n,2,285.49,18.28,N,0
30.49693,76.36839,331.51,0.42,0.37,2024-11-30,0806,N20,VIIRS,n,2,298.25,2.57,D,0
30.58389,76.36719,338.12,0.42,0.37,2024-11-30,0806,N20,VIIRS,n,2,298.38,4.37,D,0
30.61883,75.95055,344.91,0.41,0.37,2024-11-30,0806,N20,VIIRS,n,2,298.25,6.04,D,0
30.86105,75.39833,333.49,0.4,0.37,2024-11-30,0806,N20,VIIRS,n,2,299.97,6.03,D,0
30.88261,75.99458,295.53,0.42,0.38,2024-11-30,2030,N20,VIIRS,n,2,284.79,0.52,N,2
30.85023,75.94829,297.94,0.42,0.38,2024-11-30,2030,N20,VIIRS,n,2,285.42,0.64,N,0
30.49692,76.36091,338.11,0.42,0.38,2024-12-01,0747,N20,VIIRS,n,2,301.13,3.12,D,0
30.72779,75.38778,331.16,0.45,0.39,2024-12-01,0748,N20,VIIRS,n,2,300.34,2.81,D,0
30.85,75.43728,333.38,0.45,0.39,2024-12-01,0748,N20,VIIRS,n,2,301.49,3.49,D,0
31.11256,76.06341,338.69,0.42,0.38,2024-12-01,0748,N20,VIIRS,n,2,298.9,3.77,D,0
31.13606,76.17971,344.9,0.42,0.38,2024-12-01,0748,N20,VIIRS,n,2,301.72,7.32,D,0
31.08662,75.70688,334.39,0.43,0.38,2024-12-01,0748,N20,VIIRS,n,2,302.43,13.18,D,0
31.16348,75.9714,331.45,0.42,0.38,2024-12-01,0748,N20,VIIRS,n,2,299.16,4.02,D,0
31.14676,75.5069,331.17,0.44,0.38,2024-12-01,0748,N20,VIIRS,n,2,298.86,1.16,D,0
31.15024,75.50607,337.52,0.44,0.38,2024-12-01,0748,N20,VIIRS,n,2,302.5,3.73,D,0
30.92776,75.9055,298.23,0.48,0.48,2024-12-01,2011,N20,VIIRS,n,2,283.68,0.46,N,0
30.81671,75.5929,337.94,0.51,0.49,2024-12-02,0729,N20,VIIRS,n,2,299.86,5.56,D,0
31.15884,75.75994,352.47,0.46,0.63,2024-12-03,0710,N20,VIIRS,n,2,293.86,5.57,D,0
30.71591,75.86308,309.3,0.55,0.51,2024-12-03,2114,N20,VIIRS,n,2,283.83,1.75,N,0
30.71357,75.86032,297.97,0.55,0.51,2024-12-03,2114,N20,VIIRS,n,2,283.25,1.14,N,0
30.71232,75.86595,301.2,0.55,0.51,2024-12-03,2114,N20,VIIRS,n,2,283.76,1.16,N,0
30.88507,75.99486,298.67,0.47,0.4,2024-12-04,2055,N20,VIIRS,n,2,281.22,0.79,N,0
30.71374,75.86357,297.35,0.47,0.4,2024-12-04,2055,N20,VIIRS,n,2,281.09,0.61,N,0
30.99547,75.83827,331.79,0.46,0.39,2024-12-05,0813,N20,VIIRS,n,2,297.29,4.21,D,0
31.02114,75.58554,329.89,0.45,0.39,2024-12-05,0813,N20,VIIRS,n,2,301.87,2.2,D,0
31.19076,75.52975,332.16,0.45,0.39,2024-12-05,0813,N20,VIIRS,n,2,301.75,2.81,D,0
30.65216,76.32375,295.06,0.39,0.36,2024-12-05,2036,N20,VIIRS,n,2,283.86,0.58,N,0
31.09881,75.94303,328.42,0.39,0.36,2024-12-06,0754,N20,VIIRS,l,2,298.55,1.53,D,0
30.92008,76.14819,329.23,0.39,0.44,2024-12-07,0735,N20,VIIRS,n,2,297.11,2.23,D,0
31.05425,76.18816,331.38,0.57,0.43,2024-12-07,0735,N20,VIIRS,n,2,299.42,5.67,D,0
31.06696,75.42973,333.56,0.42,0.45,2024-12-07,0735,N20,VIIRS,n,2,297.87,2.98,D,0
31.31169,75.86373,335.55,0.39,0.44,2024-12-07,0735,N20,VIIRS,n,2,299.41,3.88,D,0
31.31202,75.65334,328.57,0.4,0.44,2024-12-07,0735,N20,VIIRS,n,2,297.39,2.23,D,0
30.88168,75.99184,296.71,0.37,0.58,2024-12-07,1958,N20,VIIRS,n,2,280.08,0.29,N,0
31.21514,76.03714,329.46,0.36,0.57,2024-12-08,0716,N20,VIIRS,n,2,292.11,1.6,D,0
31.15047,75.63161,330,0.33,0.55,2024-12-09,0838,N20,VIIRS,n,2,293.05,1.87,D,0
31.1489,75.6315,330.02,0.33,0.55,2024-12-09,0838,N20,VIIRS,n,2,293.59,1.63,D,0
30.66129,75.76489,329.38,0.53,0.42,2024-12-10,0819,N20,VIIRS,n,2,297.69,2.62,D,0
31.10269,75.46407,325.03,0.52,0.41,2024-12-10,0819,N20,VIIRS,n,2,296.1,1.74,D,0
31.18538,75.92112,332.43,0.55,0.42,2024-12-10,0819,N20,VIIRS,n,2,294.94,6.86,D,0
30.81218,76.01705,298.03,0.39,0.36,2024-12-10,2042,N20,VIIRS,n,2,278.09,0.46,N,0
31.03862,75.94965,325.33,0.39,0.36,2024-12-11,0800,N20,VIIRS,n,2,295.37,1.34,D,0
31.13508,76.05025,328.32,0.39,0.36,2024-12-11,0800,N20,VIIRS,n,2,297.41,3.08,D,0
31.05881,75.51845,333.64,0.38,0.36,2024-12-11,0800,N20,VIIRS,n,2,297.71,2.59,D,0
31.31179,75.86667,339.15,0.39,0.36,2024-12-11,0800,N20,VIIRS,n,2,297.22,5.9,D,0
31.00348,75.60162,326.13,0.51,0.41,2024-12-12,0741,N20,VIIRS,n,2,293.19,2.99,D,0
31.20256,76.01816,331.27,0.49,0.4,2024-12-12,0741,N20,VIIRS,n,2,296.68,2.52,D,0
31.20621,76.01724,331.35,0.49,0.4,2024-12-12,0741,N20,VIIRS,n,2,296.19,3.91,D,0
31.01913,76.26396,353.44,0.54,0.68,2024-12-14,0704,N20,VIIRS,n,2,290.51,8,D,0
30.596,76.37897,334.73,0.45,0.63,2024-12-14,0844,N20,VIIRS,n,2,294.14,2.53,D,0
31.23522,76.14506,329.61,0.44,0.62,2024-12-14,0844,N20,VIIRS,n,2,293.35,2.15,D,0
30.85888,75.46843,343.52,0.42,0.45,2024-12-14,2108,N20,VIIRS,n,2,301.67,23.05,N,0
30.85979,75.46412,318.38,0.42,0.45,2024-12-14,2108,N20,VIIRS,n,2,277.07,7.6,N,0
30.85798,75.47274,296.82,0.42,0.45,2024-12-14,2108,N20,VIIRS,n,2,279.56,23.05,N,0
30.8548,75.46728,335.73,0.42,0.45,2024-12-14,2108,N20,VIIRS,n,2,299.74,37.8,N,0
30.8557,75.46296,309.25,0.42,0.45,2024-12-14,2108,N20,VIIRS,n,2,275.98,14.85,N,0
30.85389,75.47159,295.74,0.42,0.45,2024-12-14,2108,N20,VIIRS,n,2,278.97,37.8,N,0
30.85367,75.47154,342.22,0.42,0.45,2024-12-15,0825,N20,VIIRS,n,2,300.97,6.24,D,0
30.8532,75.46719,337.57,0.42,0.45,2024-12-15,0825,N20,VIIRS,n,2,301.97,4.97,D,0
30.85571,75.47202,335.81,0.42,0.45,2024-12-15,0825,N20,VIIRS,n,2,297.6,5.29,D,0
30.85527,75.46767,341.77,0.42,0.45,2024-12-15,0825,N20,VIIRS,n,2,306.65,10.3,D,0
31.15891,75.8057,339.81,0.44,0.46,2024-12-15,0825,N20,VIIRS,n,2,300.03,6.92,D,0
31.16884,75.69339,339.56,0.43,0.46,2024-12-15,0825,N20,VIIRS,n,2,297.82,8.21,D,0
31.2286,75.86282,326.73,0.44,0.46,2024-12-15,0825,N20,VIIRS,n,2,294.41,1.1,D,0
31.26936,75.83862,339.02,0.44,0.46,2024-12-15,0825,N20,VIIRS,n,2,296.65,3.92,D,0
30.85655,75.46874,305.58,0.4,0.37,2024-12-15,2049,N20,VIIRS,n,2,282.01,1.37,N,0
30.61302,76.35382,339.65,0.42,0.37,2024-12-16,0806,N20,VIIRS,n,2,296.94,4.42,D,0
30.73336,76.39141,329.55,0.42,0.38,2024-12-16,0806,N20,VIIRS,n,2,297.23,5.09,D,0
30.77152,76.33578,329.06,0.42,0.37,2024-12-16,0806,N20,VIIRS,n,2,296.71,1.18,D,0
31.00451,75.56522,332.87,0.4,0.37,2024-12-16,0806,N20,VIIRS,n,2,294.29,2.5,D,0
31.20891,75.95295,328.31,0.41,0.37,2024-12-16,0806,N20,VIIRS,n,2,295.84,2.38,D,0
30.87198,76.33974,328.61,0.42,0.37,2024-12-17,0747,N20,VIIRS,n,2,295.18,2.23,D,0
31.16326,76.24933,332.05,0.42,0.37,2024-12-17,0747,N20,VIIRS,n,2,297.86,4.07,D,0
31.16424,75.94574,329.79,0.43,0.38,2024-12-17,0747,N20,VIIRS,n,2,294.46,1.45,D,0
31.25581,76.04817,327.62,0.42,0.38,2024-12-17,0747,N20,VIIRS,n,2,295.11,1.65,D,0
30.99662,75.74668,297.92,0.49,0.49,2024-12-17,2011,N20,VIIRS,n,2,280.77,0.77,N,0
30.4721,75.74457,335.04,0.51,0.49,2024-12-18,0728,N20,VIIRS,n,2,294.43,4.09,D,0
31.15869,76.23131,328.6,0.46,0.47,2024-12-18,0729,N20,VIIRS,n,2,297.37,3.25,D,0
31.1345,76.05159,334.71,0.47,0.48,2024-12-18,0729,N20,VIIRS,n,2,296.96,3.82,D,0
31.09528,75.73788,331.35,0.49,0.49,2024-12-18,0729,N20,VIIRS,n,2,294.97,3.49,D,0
31.21796,75.71003,330.92,0.49,0.49,2024-12-18,0729,N20,VIIRS,n,2,296.45,1.87,D,0
31.25069,76.21644,332.72,0.43,0.62,2024-12-19,0710,N20,VIIRS,n,2,291.74,2.8,D,0
31.13622,75.52703,326.97,0.47,0.64,2024-12-19,0710,N20,VIIRS,n,2,290.81,2.12,D,0
31.2884,75.78468,329.51,0.45,0.63,2024-12-19,0710,N20,VIIRS,n,2,291.09,3.99,D,0
31.2905,75.7869,338.38,0.45,0.63,2024-12-19,0710,N20,VIIRS,n,2,290.98,4.04,D,0
30.85631,76.12005,341.33,0.54,0.68,2024-12-19,0850,N20,VIIRS,n,2,289.74,5.76,D,0
31.16593,75.79544,326.84,0.52,0.67,2024-12-19,0850,N20,VIIRS,n,2,289.84,2.62,D,0
31.01443,76.12371,331.24,0.57,0.52,2024-12-20,0831,N20,VIIRS,n,2,293.44,3.61,D,0
31.11251,76.24484,330.17,0.58,0.52,2024-12-20,0831,N20,VIIRS,n,2,294.82,4.08,D,0
30.71475,76.39336,327.76,0.58,0.52,2024-12-20,0831,N20,VIIRS,n,2,292.83,5.41,D,0
30.71958,76.39284,332.33,0.58,0.52,2024-12-20,0831,N20,VIIRS,n,2,292.92,5.41,D,0
30.71841,76.39085,341.67,0.58,0.52,2024-12-20,0831,N20,VIIRS,n,2,294.23,7.93,D,0
30.68134,75.90038,339.39,0.54,0.51,2024-12-20,0831,N20,VIIRS,n,2,294.42,13.04,D,0
31.11168,76.24139,326.79,0.58,0.52,2024-12-20,0832,N20,VIIRS,n,2,295.07,4.46,D,0
31.19139,76.09892,340.96,0.57,0.52,2024-12-20,0832,N20,VIIRS,n,2,294.45,5.44,D,0
31.15565,75.556,328.72,0.53,0.5,2024-12-20,0832,N20,VIIRS,n,2,292.08,2.65,D,0
30.56494,76.05392,328.88,0.46,0.39,2024-12-21,0812,N20,VIIRS,n,2,293.83,2.86,D,0
31.10771,75.7412,333.72,0.46,0.39,2024-12-21,0813,N20,VIIRS,n,2,294.02,3,D,0
31.20536,76.05563,337.45,0.47,0.4,2024-12-21,0813,N20,VIIRS,n,2,294.98,4.65,D,0
31.20038,75.8972,332.15,0.46,0.39,2024-12-21,0813,N20,VIIRS,n,2,297.28,7.96,D,0
31.24627,75.87177,330.73,0.46,0.39,2024-12-21,0813,N20,VIIRS,n,2,292.46,1.82,D,0
30.78595,76.37783,325.22,0.39,0.36,2024-12-22,0754,N20,VIIRS,l,2,296.55,8.54,D,0
31.11922,76.18001,329.54,0.39,0.36,2024-12-22,0754,N20,VIIRS,n,2,294.5,2.65,D,0
31.16659,75.56528,331.01,0.4,0.37,2024-12-22,0754,N20,VIIRS,n,2,296.53,2.99,D,0
31.24856,75.9019,326.74,0.39,0.36,2024-12-22,0754,N20,VIIRS,n,2,295.09,1.22,D,0
31.25186,75.90118,330.36,0.39,0.36,2024-12-22,0754,N20,VIIRS,n,2,292.96,3.57,D,0
30.73381,76.39654,335.66,0.37,0.58,2024-12-25,0838,N20,VIIRS,n,2,289.7,7.52,D,0
30.73354,76.3927,356.09,0.36,0.58,2024-12-25,0838,N20,VIIRS,n,2,293.24,9.3,D,0
31.04953,75.94125,325.35,0.35,0.56,2024-12-25,0838,N20,VIIRS,n,2,291.4,1.92,D,0
31.04925,75.9376,326.41,0.34,0.56,2024-12-25,0838,N20,VIIRS,n,2,291.4,1.92,D,0
31.08972,76.12331,329.36,0.35,0.57,2024-12-25,0838,N20,VIIRS,n,2,291.73,3.13,D,0
31.08944,76.11958,338.34,0.35,0.57,2024-12-25,0838,N20,VIIRS,n,2,293.71,3.13,D,0
31.07443,75.53585,329.09,0.33,0.55,2024-12-25,0838,N20,VIIRS,n,2,291.69,1.49,D,0
30.85652,76.35965,338.4,0.38,0.44,2024-12-26,0819,N20,VIIRS,n,2,294.86,4.28,D,0
31.05005,75.9846,326.35,0.55,0.43,2024-12-26,0819,N20,VIIRS,n,2,293.05,2.79,D,0
31.10937,76.05683,330.46,0.56,0.43,2024-12-26,0819,N20,VIIRS,n,2,294.68,4.19,D,0
31.19552,76.11019,344.21,0.56,0.43,2024-12-26,0819,N20,VIIRS,n,2,297.49,13.11,D,0
31.29036,75.82217,334.04,0.55,0.42,2024-12-26,0819,N20,VIIRS,n,2,294.62,5.12,D,0
31.29036,75.81899,330.02,0.55,0.42,2024-12-26,0819,N20,VIIRS,n,2,294.68,5.03,D,0
30.92326,76.11983,317.91,0.39,0.36,2024-12-26,2043,N20,VIIRS,n,2,281.28,1.95,N,0
30.48906,76.14656,332.65,0.57,0.52,2025-01-05,0832,N20,VIIRS,n,2,290.47,3.24,D,0
30.58099,76.41761,338.12,0.59,0.53,2025-01-05,0832,N20,VIIRS,n,2,291.16,7.51,D,0
30.79492,75.78897,325.52,0.4,0.44,2025-01-08,0735,N20,VIIRS,n,2,290.46,1.8,D,0
30.65069,76.32577,295.59,0.46,0.39,2025-01-12,2024,N20,VIIRS,n,2,281.59,0.39,N,0
30.92117,76.34584,334.59,0.46,0.64,2025-01-15,0845,N20,VIIRS,n,2,290.23,3.26,D,0
31.27819,75.87109,338.12,0.45,0.47,2025-01-16,0826,N20,VIIRS,n,2,288.15,4.96,D,0
31.10612,75.83002,338.9,0.45,0.47,2025-01-16,0826,N20,VIIRS,n,2,289.66,7.55,D,0
30.79811,76.18629,338.46,0.42,0.37,2025-01-17,0807,N20,VIIRS,n,2,300.34,38.02,D,0
30.8928,76.11191,333.94,0.42,0.37,2025-01-17,0807,N20,VIIRS,n,2,291.24,2.85,D,0
31.28244,75.85771,330.98,0.47,0.48,2025-01-19,0729,N20,VIIRS,n,2,288.83,3.26,D,0
31.08469,75.42874,338.32,0.53,0.5,2025-01-21,0832,N20,VIIRS,n,2,292.81,7.21,D,0
30.72412,76.34377,326.41,0.48,0.4,2025-01-22,0813,N20,VIIRS,n,2,294.96,2.33,D,0
30.76937,76.41705,344.31,0.49,0.4,2025-01-22,0813,N20,VIIRS,n,2,298.81,17.3,D,0
30.82725,76.3353,329.95,0.49,0.4,2025-01-22,0813,N20,VIIRS,n,2,294.2,6.23,D,0
30.82563,76.33276,330.27,0.49,0.4,2025-01-22,0813,N20,VIIRS,n,2,298.18,11.16,D,0
31.21466,75.49903,334.36,0.45,0.39,2025-01-22,0813,N20,VIIRS,n,2,296.6,3.48,D,0
30.8119,76.01698,297.74,0.39,0.36,2025-01-22,2037,N20,VIIRS,n,2,280.5,0.56,N,0
30.76958,76.37238,326.01,0.39,0.36,2025-01-23,0754,N20,VIIRS,n,2,291.98,1.68,D,0
31.10324,75.83328,337.47,0.39,0.36,2025-01-23,0754,N20,VIIRS,n,2,293.56,5.38,D,0
30.72394,76.34697,329.38,0.56,0.43,2025-01-24,0735,N20,VIIRS,n,2,293.7,6.91,D,0
31.07534,75.94112,338.86,0.38,0.43,2025-01-24,0736,N20,VIIRS,n,2,295.03,3.07,D,0
31.18977,75.76128,338.59,0.36,0.58,2025-01-25,0717,N20,VIIRS,n,2,293.2,3.16,D,0
31.09451,76.04393,329.6,0.66,0.73,2025-01-26,0658,N20,VIIRS,n,2,292.09,4.04,D,0
31.09262,76.04513,330.33,0.66,0.73,2025-01-26,0658,N20,VIIRS,n,2,291.76,4.31,D,0
30.56786,76.33385,328.97,0.37,0.58,2025-01-26,0838,N20,VIIRS,n,2,292.22,1.68,D,0
30.56591,76.33351,330.28,0.37,0.58,2025-01-26,0838,N20,VIIRS,n,2,292.93,1.54,D,0
31.16684,76.0085,329.95,0.35,0.57,2025-01-26,0838,N20,VIIRS,n,2,293.81,1.61,D,0
31.16632,76.00797,329.94,0.35,0.57,2025-01-26,0838,N20,VIIRS,n,2,294.02,1.44,D,0
31.03456,76.26493,332.53,0.39,0.44,2025-01-27,0819,N20,VIIRS,n,2,295.78,4.62,D,0
31.19489,76.29118,330.22,0.39,0.44,2025-01-27,0819,N20,VIIRS,n,2,299.2,2.51,D,0
31.12916,75.51538,330.27,0.53,0.42,2025-01-27,0819,N20,VIIRS,n,2,295.44,3.24,D,0
31.29274,75.83679,329.18,0.56,0.43,2025-01-27,0820,N20,VIIRS,n,2,293.77,4.04,D,0
30.852,75.94813,296.97,0.39,0.36,2025-01-27,2043,N20,VIIRS,n,2,281.35,0.46,N,0
30.51554,76.24953,328.82,0.39,0.36,2025-01-28,0800,N20,VIIRS,n,2,295.63,4.02,D,0
30.81347,75.89556,329.12,0.39,0.36,2025-01-28,0801,N20,VIIRS,n,2,294.26,3.89,D,0
31.07109,75.91566,341.82,0.39,0.36,2025-01-28,0801,N20,VIIRS,n,2,295.73,8.16,D,0
31.11439,76.00227,332.82,0.39,0.36,2025-01-28,0801,N20,VIIRS,n,2,297.26,5.08,D,0
31.17576,75.98153,326.27,0.39,0.36,2025-01-28,0801,N20,VIIRS,n,2,296.11,1.15,D,0
30.77472,76.30916,335.31,0.47,0.4,2025-01-29,0742,N20,VIIRS,n,2,291.76,3.73,D,0
30.92355,76.19115,340.43,0.47,0.4,2025-01-29,0742,N20,VIIRS,n,2,298.44,13.43,D,0
31.0036,76.03052,331.41,0.48,0.4,2025-01-29,0742,N20,VIIRS,n,2,292.19,4.31,D,0
31.3121,75.77769,332.21,0.49,0.4,2025-01-29,0742,N20,VIIRS,n,2,292.63,9.78,D,0
30.81698,76.11871,327.38,0.57,0.52,2025-01-30,0723,N20,VIIRS,n,2,292.71,2.58,D,0
31.11135,75.82236,330.41,0.58,0.52,2025-01-30,0723,N20,VIIRS,n,2,293.34,3.9,D,0
31.2865,75.81135,327.8,0.43,0.62,2025-01-31,0845,N20,VIIRS,n,2,290.19,3.23,D,0
30.59536,76.34519,326.24,0.42,0.38,2025-02-02,0807,N20,VIIRS,n,2,293.56,1.89,D,0
30.70149,76.27753,328.1,0.42,0.38,2025-02-02,0807,N20,VIIRS,n,2,294.86,1.96,D,0
30.98844,76.33876,331.05,0.42,0.38,2025-02-02,0807,N20,VIIRS,n,2,295.31,4.56,D,0
31.05198,76.05501,331.89,0.42,0.37,2025-02-02,0807,N20,VIIRS,n,2,294.61,3.03,D,0
31.02099,75.69598,336.83,0.41,0.37,2025-02-02,0807,N20,VIIRS,n,2,291.42,5.7,D,0
31.10249,76.14407,332.03,0.42,0.38,2025-02-02,0807,N20,VIIRS,n,2,295.15,6,D,0
31.14942,75.8435,333.01,0.41,0.37,2025-02-02,0807,N20,VIIRS,n,2,294.03,6.31,D,0
31.27831,75.66306,330.74,0.41,0.37,2025-02-02,0807,N20,VIIRS,n,2,294.67,2.05,D,0
31.2254,75.51115,310.34,0.5,0.49,2025-02-03,2012,N20,VIIRS,n,2,269.19,2.1,N,0
30.47925,75.89075,330.59,0.53,0.67,2025-02-05,0851,N20,VIIRS,n,2,289.91,3.07,D,0
31.11919,75.43607,333.19,0.51,0.66,2025-02-05,0851,N20,VIIRS,n,2,291.66,3.14,D,0
31.17006,75.95301,340.88,0.57,0.52,2025-02-06,0832,N20,VIIRS,n,2,296.04,13.11,D,0
30.73507,76.39545,328.94,0.49,0.4,2025-02-07,0813,N20,VIIRS,n,2,292.2,3.64,D,0
30.7961,76.32083,340.53,0.48,0.4,2025-02-07,0813,N20,VIIRS,n,2,294.23,4.94,D,0
30.92775,75.90739,335.26,0.47,0.39,2025-02-07,0813,N20,VIIRS,n,2,303.35,3.5,D,0
30.92861,75.90927,331.83,0.47,0.39,2025-02-07,0813,N20,VIIRS,n,2,299.33,2.23,D,0
31.16321,75.97488,329.16,0.47,0.4,2025-02-07,0813,N20,VIIRS,n,2,292.98,1.98,D,0
31.21599,76.10352,330.47,0.48,0.4,2025-02-07,0813,N20,VIIRS,n,2,290.86,2.42,D,0
31.21966,76.10292,332.12,0.48,0.4,2025-02-07,0813,N20,VIIRS,n,2,290.76,9.81,D,0
31.23354,75.8829,330.21,0.47,0.4,2025-02-07,0813,N20,VIIRS,n,2,294.34,3.11,D,0
31.24253,75.76919,336.86,0.46,0.39,2025-02-07,0813,N20,VIIRS,n,2,301,15.82,D,0
31.17666,76.24265,329.69,0.39,0.36,2025-02-08,0754,N20,VIIRS,n,2,292.28,3.8,D,0
31.19521,75.82174,329.22,0.39,0.36,2025-02-08,0754,N20,VIIRS,n,2,290.44,3,D,0
31.30684,76.01073,344.98,0.39,0.36,2025-02-08,0754,N20,VIIRS,n,2,292.17,4.23,D,0
31.17283,75.78007,338.74,0.39,0.44,2025-02-09,0736,N20,VIIRS,n,2,298.1,4.64,D,0
30.79963,76.32021,332.79,0.71,0.75,2025-02-10,0857,N20,VIIRS,n,2,291.27,3.87,D,0
31.21892,75.40536,330.87,0.63,0.72,2025-02-10,0857,N20,VIIRS,n,2,294.13,5.44,D,0
31.28257,75.82184,353.7,0.67,0.73,2025-02-11,0658,N20,VIIRS,n,2,290.53,10.3,D,0
31.13079,75.98094,332.21,0.35,0.57,2025-02-11,0838,N20,VIIRS,n,2,287.27,2.22,D,0
30.65166,76.12034,328.45,0.39,0.44,2025-02-11,2102,N20,VIIRS,n,2,283.99,3.1,N,0
30.649,76.12269,343.3,0.56,0.43,2025-02-12,0819,N20,VIIRS,n,2,296.61,9.28,D,0
30.79112,76.32629,325,0.39,0.44,2025-02-12,0819,N20,VIIRS,n,2,296.75,1.93,D,0
31.07625,75.99376,331.73,0.56,0.43,2025-02-12,0819,N20,VIIRS,n,2,295.57,3.22,D,0
31.13313,76.08507,329.71,0.57,0.43,2025-02-12,0819,N20,VIIRS,n,2,297.04,3.03,D,0
31.07587,75.53004,332.99,0.53,0.42,2025-02-12,0819,N20,VIIRS,n,2,297.99,4.05,D,0
31.15782,75.83607,326.78,0.55,0.43,2025-02-12,0819,N20,VIIRS,n,2,295.71,1.85,D,0
31.29411,75.77318,338.79,0.55,0.43,2025-02-12,0820,N20,VIIRS,n,2,296.56,10.69,D,0
31.29369,75.77109,342.92,0.55,0.43,2025-02-12,0820,N20,VIIRS,n,2,296.94,9.49,D,0
30.65034,76.11901,327.11,0.39,0.36,2025-02-12,2043,N20,VIIRS,n,2,282.86,3.26,N,0
30.56019,76.24973,330.06,0.39,0.36,2025-02-13,0800,N20,VIIRS,n,2,283.46,2.62,D,0
30.64027,76.21796,335.06,0.39,0.36,2025-02-13,0800,N20,VIIRS,n,2,286.91,3.39,D,0
30.77616,76.31178,331.66,0.39,0.36,2025-02-13,0801,N20,VIIRS,n,2,287.28,3.09,D,0
30.64973,76.1212,297.14,0.47,0.39,2025-02-13,2024,N20,VIIRS,n,2,278.88,0.92,N,0
30.45035,76.3233,329.08,0.47,0.4,2025-02-14,0742,N20,VIIRS,n,2,294.3,2.34,D,0
31.00572,76.09618,339.24,0.48,0.4,2025-02-14,0742,N20,VIIRS,n,2,299.18,9.11,D,0
31.00625,76.09846,343.1,0.48,0.4,2025-02-14,0742,N20,VIIRS,n,2,298.36,13.21,D,0
31.03284,75.91573,329.11,0.48,0.4,2025-02-14,0742,N20,VIIRS,n,2,293.39,3.37,D,0
31.08128,75.48447,326.88,0.51,0.41,2025-02-14,0742,N20,VIIRS,n,2,297.67,1.81,D,0
31.22695,75.86201,329.97,0.48,0.4,2025-02-14,0742,N20,VIIRS,n,2,292.21,4.28,D,0
31.20009,76.23386,339.21,0.55,0.51,2025-02-15,0723,N20,VIIRS,n,2,294.97,12.63,D,0
31.19881,76.2282,332.54,0.55,0.51,2025-02-15,0723,N20,VIIRS,n,2,295.38,11.41,D,0
31.10082,75.50586,326.51,0.61,0.53,2025-02-15,0723,N20,VIIRS,n,2,293.35,3.52,D,0
31.15659,75.57971,329.22,0.6,0.53,2025-02-15,0723,N20,VIIRS,n,2,290.18,4.76,D,0
30.89345,76.11485,303.2,0.47,0.48,2025-02-16,2108,N20,VIIRS,n,2,282.22,1.17,N,0
31.29192,75.77255,330.46,0.45,0.47,2025-02-17,0826,N20,VIIRS,n,2,297.91,2.91,D,0
31.30004,75.76672,338.8,0.45,0.47,2025-02-17,0826,N20,VIIRS,n,2,298.8,4.21,D,0
31.17816,76.03874,331.19,0.42,0.37,2025-02-18,0807,N20,VIIRS,n,2,295.25,2.21,D,0
31.16658,75.92548,330.95,0.41,0.37,2025-02-18,0807,N20,VIIRS,n,2,305.26,31.85,D,0
30.8882,75.90805,301.74,0.42,0.38,2025-02-18,2031,N20,VIIRS,n,2,286.53,0.48,N,0
31.11545,76.24522,331.4,0.48,0.4,2025-02-23,0813,N20,VIIRS,n,2,297.85,2.99,D,0
31.19555,76.01991,333.33,0.47,0.4,2025-02-23,0813,N20,VIIRS,n,2,295.96,4.33,D,0
31.25652,76.09404,343.95,0.48,0.4,2025-02-23,0813,N20,VIIRS,n,2,296.94,7.88,D,0
31.28034,75.86276,343.32,0.47,0.4,2025-02-23,0813,N20,VIIRS,n,2,295.49,6.01,D,0
30.85157,75.94618,295.11,0.39,0.36,2025-02-23,2037,N20,VIIRS,n,2,284.87,0.51,N,0
31.08788,76.1273,332.89,0.39,0.36,2025-02-24,0754,N20,VIIRS,n,2,283.14,5.2,D,0
31.09146,75.40711,329.52,0.4,0.37,2025-02-24,0754,N20,VIIRS,n,2,299.48,2,D,0
31.19956,76.05769,331.85,0.39,0.36,2025-02-24,0754,N20,VIIRS,n,2,295.45,14.93,D,0
31.20349,76.06101,326.96,0.39,0.36,2025-02-24,0754,N20,VIIRS,n,2,294.71,8.54,D,0
30.46792,76.28027,330.34,0.35,0.57,2025-02-26,0716,N20,VIIRS,n,2,277.79,3.02,D,0
31.1596,75.55824,347.02,0.41,0.61,2025-03-04,0845,N20,VIIRS,n,2,291.06,4.82,D,0
30.56554,76.33071,328.18,0.47,0.48,2025-03-05,0825,N20,VIIRS,n,2,294.85,3.11,D,0
31.21847,76.13554,329.22,0.46,0.47,2025-03-05,0826,N20,VIIRS,n,2,297.09,2.72,D,0
30.88961,75.90783,301.23,0.41,0.37,2025-03-05,2049,N20,VIIRS,n,2,284.07,0.67,N,0
31.02477,76.22424,336.1,0.42,0.38,2025-03-06,0807,N20,VIIRS,n,2,295.85,2.95,D,0
31.03681,76.05309,332.97,0.41,0.37,2025-03-06,0807,N20,VIIRS,n,2,296.78,4.35,D,0
31.09444,76.14543,342.08,0.42,0.37,2025-03-06,0807,N20,VIIRS,n,2,299.69,6.93,D,0
31.02753,75.42536,326.59,0.4,0.37,2025-03-06,0807,N20,VIIRS,n,2,297.27,2.06,D,0
31.08808,75.47894,342.83,0.4,0.37,2025-03-06,0807,N20,VIIRS,n,2,305.29,10.3,D,0
30.85085,75.94879,295.44,0.42,0.38,2025-03-06,2030,N20,VIIRS,n,2,284.1,0.62,N,0
30.47135,76.33634,339.67,0.42,0.37,2025-03-07,0748,N20,VIIRS,n,2,299.35,5.01,D,0
30.47329,76.32697,330.37,0.42,0.37,2025-03-07,0748,N20,VIIRS,n,2,296.07,3.82,D,0
30.47256,76.32269,326.19,0.42,0.37,2025-03-07,0748,N20,VIIRS,n,2,298,4.68,D,0
30.60499,76.11007,334.1,0.42,0.38,2025-03-07,0748,N20,VIIRS,n,2,297.38,2.03,D,0
30.67236,76.17122,326.61,0.42,0.38,2025-03-07,0748,N20,VIIRS,n,2,298.44,0.87,D,0
31.02606,75.60383,334.53,0.43,0.38,2025-03-07,0748,N20,VIIRS,n,2,299.24,3.25,D,0
31.1257,76.04079,335.26,0.42,0.38,2025-03-07,0748,N20,VIIRS,n,2,302.07,22.71,D,0
31.30359,75.80623,330.9,0.43,0.38,2025-03-07,0748,N20,VIIRS,n,2,297.46,2.71,D,0
30.76307,76.33522,330.41,0.46,0.47,2025-03-08,0729,N20,VIIRS,n,2,299.18,4.25,D,0
31.0137,75.93846,339.46,0.47,0.48,2025-03-08,0729,N20,VIIRS,n,2,298.41,6.22,D,0
31.31034,75.65248,326.99,0.48,0.48,2025-03-08,0729,N20,VIIRS,n,2,299.2,1,D,0
31.28591,75.78215,325.24,0.45,0.63,2025-03-09,0710,N20,VIIRS,n,2,284.45,2.57,D,0
30.78823,76.3047,328.71,0.56,0.69,2025-03-09,0851,N20,VIIRS,n,2,286.04,6.11,D,0
31.08041,75.37539,327.98,0.52,0.5,2025-03-10,0832,N20,VIIRS,n,2,297.59,2.85,D,0
31.16145,75.66618,333,0.54,0.51,2025-03-10,0832,N20,VIIRS,n,2,291.04,3.1,D,0
31.26416,75.84479,334.32,0.55,0.51,2025-03-10,0832,N20,VIIRS,n,2,292.35,3.32,D,0
31.29201,75.8357,326.34,0.55,0.51,2025-03-10,0832,N20,VIIRS,n,2,292.73,5.06,D,0
31.30635,75.78122,339.14,0.55,0.51,2025-03-10,0832,N20,VIIRS,n,2,295.15,7.87,D,0
30.71053,76.36054,334.35,0.48,0.4,2025-03-11,0813,N20,VIIRS,n,2,291.1,3.41,D,0
30.86122,75.91202,299.98,0.39,0.36,2025-03-11,2037,N20,VIIRS,n,2,287.04,0.32,N,0
30.4957,76.11603,345.58,0.39,0.36,2025-03-12,0754,N20,VIIRS,n,2,289.96,12.43,D,0
30.70853,76.36237,329.66,0.39,0.36,2025-03-12,0754,N20,VIIRS,n,2,285.44,3.62,D,0
31.16374,75.92531,340.1,0.39,0.36,2025-03-12,0754,N20,VIIRS,n,2,297.74,1.7,D,0
31.16666,75.92521,343.88,0.39,0.36,2025-03-12,0754,N20,VIIRS,n,2,298.67,5.66,D,0
31.08707,75.37525,333,0.4,0.37,2025-03-12,0754,N20,VIIRS,n,2,296.79,4.06,D,0
30.69341,76.29972,330.52,0.57,0.43,2025-03-13,0735,N20,VIIRS,n,2,300.26,2.17,D,0
30.86077,76.25969,328.99,0.57,0.43,2025-03-13,0735,N20,VIIRS,l,2,302.36,3.36,D,0
30.86005,76.25858,333.11,0.57,0.43,2025-03-13,0735,N20,VIIRS,n,2,302.61,2.81,D,0
30.79501,75.8129,340.75,0.4,0.44,2025-03-13,0735,N20,VIIRS,n,2,298.69,4.21,D,0
31.07945,75.50594,331.03,0.41,0.45,2025-03-13,0735,N20,VIIRS,n,2,297.05,4.46,D,0
30.68066,76.27146,303.28,0.35,0.56,2025-03-13,1959,N20,VIIRS,n,2,289.57,0.64,N,0
31.00102,76.14848,328.47,0.56,0.43,2025-03-16,0819,N20,VIIRS,n,2,298.56,2.86,D,0
31.08048,75.50798,331.44,0.52,0.42,2025-03-16,0819,N20,VIIRS,n,2,297.96,4.62,D,0
31.09956,75.37191,344.35,0.52,0.41,2025-03-16,0819,N20,VIIRS,n,2,307.66,12.61,D,0
30.67868,76.25864,296.81,0.39,0.36,2025-03-16,2043,N20,VIIRS,n,2,285.8,0.42,N,0
30.70916,76.20808,338.19,0.39,0.36,2025-03-17,0800,N20,VIIRS,n,2,308.03,2.49,D,0
31.096,76.13766,334.69,0.39,0.36,2025-03-17,0800,N20,VIIRS,n,2,303.81,13.27,D,0
31.11927,76.27423,331.23,0.39,0.36,2025-03-17,0800,N20,VIIRS,n,2,300.13,3.84,D,0
31.15554,76.08029,329.63,0.39,0.36,2025-03-17,0800,N20,VIIRS,l,2,300.09,4.84,D,0
31.19389,75.65194,337.41,0.38,0.36,2025-03-17,0800,N20,VIIRS,n,2,300.39,5.72,D,0
31.30413,76.0056,345.34,0.39,0.36,2025-03-17,0800,N20,VIIRS,n,2,301.53,8.35,D,0
31.12815,75.46138,300.03,0.51,0.41,2025-03-17,2024,N20,VIIRS,n,2,282.76,0.74,N,0
30.84936,75.94741,298.36,0.48,0.4,2025-03-17,2024,N20,VIIRS,n,2,286.88,0.64,N,0
30.74189,76.02715,330.65,0.49,0.4,2025-03-18,0741,N20,VIIRS,n,2,297.93,2.18,D,0
30.87013,76.14896,355.26,0.58,0.52,2025-03-19,0722,N20,VIIRS,n,2,298.44,12.29,D,0
30.87075,76.14778,345.78,0.58,0.52,2025-03-19,0722,N20,VIIRS,n,2,296.58,11.63,D,0
31.14822,75.55141,330.58,0.78,0.78,2025-03-19,0903,N20,VIIRS,n,2,294.38,4.54,D,0
30.84951,75.94659,298.27,0.43,0.62,2025-03-19,2126,N20,VIIRS,n,2,286.2,0.65,N,0
30.79265,76.31078,336.45,0.45,0.63,2025-03-20,0844,N20,VIIRS,n,2,299.01,4.15,D,0
30.69607,76.32883,338.26,0.46,0.47,2025-03-21,0825,N20,VIIRS,n,2,301.86,7.15,D,0
30.6956,76.32397,335.51,0.46,0.47,2025-03-21,0825,N20,VIIRS,n,2,304.99,9.31,D,0
30.87384,75.66534,331.31,0.43,0.46,2025-03-21,0825,N20,VIIRS,n,2,302.91,1.11,D,0
31.07648,75.43237,337.97,0.42,0.45,2025-03-21,0825,N20,VIIRS,n,2,301.15,3.15,D,0
31.31446,75.74503,334.36,0.44,0.46,2025-03-21,0825,N20,VIIRS,n,2,301.09,2,D,0
30.85158,75.94637,300.69,0.41,0.37,2025-03-21,2049,N20,VIIRS,n,2,288.01,0.44,N,0
30.87844,76.2523,338.79,0.42,0.37,2025-03-22,0806,N20,VIIRS,l,2,309.37,3.25,D,0
31.17476,75.81114,333.13,0.41,0.37,2025-03-22,0806,N20,VIIRS,n,2,305.93,2.04,D,0
30.92752,75.90943,299.04,0.42,0.38,2025-03-22,2030,N20,VIIRS,n,2,288.07,0.64,N,0
30.85288,75.9473,300.61,0.42,0.38,2025-03-22,2030,N20,VIIRS,n,2,288.99,0.49,N,0
30.4233,75.86505,338.41,0.44,0.38,2025-03-23,0747,N20,VIIRS,n,2,303.97,4.23,D,0
30.59173,76.23025,335.74,0.42,0.38,2025-03-23,0747,N20,VIIRS,n,2,304.73,5.15,D,0
30.59473,76.23114,342.88,0.42,0.38,2025-03-23,0747,N20,VIIRS,n,2,306.39,5.8,D,0
31.19182,75.88408,337.2,0.43,0.38,2025-03-23,0748,N20,VIIRS,n,2,301.87,3.47,D,0
31.19428,75.88519,331.94,0.43,0.38,2025-03-23,0748,N20,VIIRS,l,2,302.14,11.15,D,0
31.00432,76.16047,337.31,0.47,0.47,2025-03-24,0729,N20,VIIRS,n,2,301.65,3.53,D,0
30.74538,76.34218,332.2,0.44,0.62,2025-03-25,0710,N20,VIIRS,n,2,298.79,3.06,D,0
30.64202,76.00493,332.1,0.46,0.39,2025-03-27,0812,N20,VIIRS,n,2,299.4,3.77,D,0
30.64142,76.00016,333.04,0.46,0.39,2025-03-27,0812,N20,VIIRS,n,2,303.86,3.77,D,0
30.81696,76.30482,337.89,0.47,0.4,2025-03-27,0812,N20,VIIRS,n,2,298.53,4.45,D,0
30.81727,76.30743,335.64,0.48,0.4,2025-03-27,0812,N20,VIIRS,n,2,300.56,7.23,D,0
30.62694,75.99947,333.25,0.39,0.36,2025-03-28,0754,N20,VIIRS,n,2,303.68,2.78,D,0
30.70241,76.36249,335.31,0.39,0.36,2025-03-28,0754,N20,VIIRS,n,2,302.9,5.53,D,0
31.12387,76.2493,333.08,0.39,0.36,2025-03-28,0754,N20,VIIRS,n,2,299.82,12.07,D,0
31.12323,76.24527,318.11,0.39,0.36,2025-03-28,0754,N20,VIIRS,l,2,318.79,26.26,D,0
31.20222,76.12063,334.58,0.39,0.36,2025-03-28,0754,N20,VIIRS,n,2,308.47,23.38,D,0
30.85884,75.91027,299.48,0.39,0.44,2025-03-28,2017,N20,VIIRS,n,2,286.23,0.4,N,0
30.79565,75.81415,339.47,0.4,0.45,2025-03-29,0735,N20,VIIRS,n,2,301.05,5.67,D,0
30.79483,75.81001,338.03,0.41,0.45,2025-03-29,0735,N20,VIIRS,n,2,303.22,5.98,D,0
30.75736,75.97448,340.9,0.37,0.58,2025-03-29,1958,N20,VIIRS,n,2,285.45,3.23,N,0
30.75934,75.97622,331.12,0.37,0.58,2025-03-29,1958,N20,VIIRS,n,2,286.11,3.15,N,0
30.75965,75.97234,295.28,0.37,0.58,2025-03-29,1958,N20,VIIRS,n,2,280.8,1.99,N,0
30.75496,75.97296,347.79,0.65,0.73,2025-03-29,2139,N20,VIIRS,n,2,284.54,9.69,N,0
30.75662,75.97321,351.32,0.65,0.73,2025-03-29,2139,N20,VIIRS,n,2,283.97,9.72,N,0
31.04914,76.00098,367,0.36,0.58,2025-03-30,0716,N20,VIIRS,h,2,302.89,5.79,D,0
31.05429,75.99932,347.9,0.36,0.58,2025-03-30,0716,N20,VIIRS,n,2,298.01,5.79,D,0
30.80114,76.25863,332.03,0.68,0.74,2025-03-30,0856,N20,VIIRS,n,2,299.23,5.19,D,0
30.80085,76.25139,333.86,0.68,0.74,2025-03-30,0856,N20,VIIRS,n,2,300.84,5.19,D,0
30.84896,75.94867,299.41,0.34,0.56,2025-03-30,2120,N20,VIIRS,n,2,287.55,0.72,N,0
30.9283,75.90851,345.95,0.34,0.56,2025-03-31,0837,N20,VIIRS,n,2,314.2,4.15,D,0
31.01834,76.34447,338.91,0.39,0.36,2025-04-02,0800,N20,VIIRS,n,2,305.91,3.76,D,0
31.07371,75.91306,333.2,0.38,0.36,2025-04-02,0800,N20,VIIRS,n,2,305.55,1.4,D,0
30.7871,76.32403,341.79,0.48,0.4,2025-04-03,0741,N20,VIIRS,n,2,306.39,3.36,D,0
30.79072,76.32313,330.87,0.48,0.4,2025-04-03,0741,N20,VIIRS,n,2,303.78,3.36,D,0
30.85036,75.9473,301.75,0.45,0.47,2025-04-05,2107,N20,VIIRS,n,2,291.59,0.76,N,0
30.88269,75.92319,340.85,0.44,0.46,2025-04-06,0825,N20,VIIRS,n,2,314.13,3.62,D,0
30.83337,75.78691,333.76,0.4,0.37,2025-04-07,0806,N20,VIIRS,l,2,307.39,2.31,D,0
30.83674,75.78629,334.42,0.4,0.37,2025-04-07,0806,N20,VIIRS,l,2,308.92,2.63,D,0
30.84953,75.94923,307.31,0.42,0.38,2025-04-07,2030,N20,VIIRS,n,2,294.26,0.86,N,0
30.92616,75.90965,343.12,0.43,0.38,2025-04-08,0747,N20,VIIRS,n,2,312.88,5.95,D,0
31.14932,75.43755,331.41,0.44,0.39,2025-04-08,0747,N20,VIIRS,l,2,306.13,2.21,D,0
30.66711,75.86484,330.62,0.47,0.64,2025-04-10,0710,N20,VIIRS,n,2,297.48,2.79,D,0
30.66735,75.86679,343.79,0.47,0.64,2025-04-10,0710,N20,VIIRS,n,2,297.5,3.82,D,0
30.93627,75.6825,352.2,0.51,0.66,2025-04-10,0850,N20,VIIRS,n,2,301.52,7.84,D,0
30.93648,75.68482,330.37,0.51,0.66,2025-04-10,0850,N20,VIIRS,n,2,300.34,4.66,D,0
30.9362,75.67941,337.6,0.51,0.66,2025-04-10,0850,N20,VIIRS,n,2,299.78,4.66,D,0
30.94014,75.67919,328.57,0.53,0.5,2025-04-10,2114,N20,VIIRS,n,2,292.6,2.1,N,0
30.93566,75.67782,321.31,0.53,0.5,2025-04-10,2114,N20,VIIRS,n,2,292.17,2.68,N,0
30.93613,75.67897,308.51,0.45,0.39,2025-04-11,2055,N20,VIIRS,n,2,289.53,1.07,N,0
30.93693,75.6807,300.6,0.39,0.36,2025-04-12,2036,N20,VIIRS,n,2,289.7,0.48,N,0
30.49739,76.25266,341.54,0.39,0.44,2025-04-14,0735,N20,VIIRS,n,2,305.57,2.34,D,0
30.42791,75.88388,331.5,0.41,0.45,2025-04-14,0735,N20,VIIRS,l,2,305.83,2.33,D,0
30.42211,75.83481,334.39,0.38,0.59,2025-04-15,0716,N20,VIIRS,n,2,299.76,4.22,D,0
31.21153,76.22909,331.43,0.36,0.57,2025-04-16,0838,N20,VIIRS,n,2,299.44,4.24,D,0
30.67371,76.29144,339.33,0.57,0.43,2025-04-17,0819,N20,VIIRS,n,2,308.15,5.78,D,0
31.20938,76.38274,335.87,0.39,0.36,2025-04-18,0800,N20,VIIRS,l,2,307.08,3.33,D,0
30.73873,76.05355,309.73,0.48,0.4,2025-04-18,2024,N20,VIIRS,n,2,290.68,2.75,N,0
30.73811,76.05853,317.56,0.48,0.4,2025-04-18,2024,N20,VIIRS,n,2,290.53,3.26,N,0
30.73445,76.0579,338.8,0.48,0.4,2025-04-18,2024,N20,VIIRS,n,2,314.25,22.56,N,0
30.73507,76.05292,315.73,0.48,0.4,2025-04-18,2024,N20,VIIRS,n,2,291.19,2.31,N,0
30.73383,76.06289,310.4,0.48,0.4,2025-04-18,2024,N20,VIIRS,n,2,290.36,22.56,N,0
30.73141,76.05229,307.73,0.48,0.4,2025-04-18,2024,N20,VIIRS,n,2,290.33,2.31,N,0
30.73079,76.05728,311.62,0.48,0.4,2025-04-18,2024,N20,VIIRS,n,2,289.62,22.56,N,0
30.73018,76.06226,303.84,0.48,0.4,2025-04-18,2024,N20,VIIRS,n,2,288.74,22.56,N,0
30.73192,76.05096,306.32,0.48,0.4,2025-04-18,2024,N20,VIIRS,n,2,291.14,1.62,N,0
30.73128,76.05593,313.62,0.48,0.4,2025-04-18,2024,N20,VIIRS,n,2,290.31,1.62,N,0
30.73064,76.06091,306.29,0.48,0.4,2025-04-18,2024,N20,VIIRS,n,2,287.55,1.83,N,0
30.42056,76.23531,337,0.55,0.68,2025-04-21,0704,N20,VIIRS,n,2,297.21,7.43,D,0
30.42001,76.2392,336.04,0.55,0.68,2025-04-21,0704,N20,VIIRS,n,2,296.75,3.18,D,0
30.48248,76.21545,332.42,0.44,0.62,2025-04-21,0844,N20,VIIRS,n,2,290.52,4.34,D,0
30.48217,76.21083,344.89,0.44,0.62,2025-04-21,0844,N20,VIIRS,n,2,291.16,4.34,D,0
30.48824,76.21499,367,0.44,0.62,2025-04-21,0844,N20,VIIRS,h,2,292.89,10.87,D,0
30.48794,76.21037,340.58,0.44,0.62,2025-04-21,0844,N20,VIIRS,n,2,293.82,10.87,D,0
30.56817,76.33566,341.66,0.42,0.37,2025-04-23,0806,N20,VIIRS,n,2,315.84,3.35,D,0
30.56808,76.33705,342.61,0.42,0.37,2025-04-23,0806,N20,VIIRS,n,2,315.41,3.34,D,0
30.6044,76.03693,338.4,0.41,0.37,2025-04-23,0806,N20,VIIRS,l,2,312.59,6.11,D,0
30.71778,76.12553,343.7,0.42,0.38,2025-04-24,0748,N20,VIIRS,l,2,315.59,38.39,D,0
31.22179,75.50982,342.97,0.44,0.38,2025-04-24,0748,N20,VIIRS,n,2,317.05,5.96,D,0
30.8033,76.31257,343.81,0.46,0.47,2025-04-25,0729,N20,VIIRS,l,2,316.98,5.99,D,0
30.74191,75.9113,344.26,0.49,0.48,2025-04-25,0729,N20,VIIRS,l,2,316.12,6.35,D,0
30.74624,75.91005,344.57,0.49,0.48,2025-04-25,0729,N20,VIIRS,l,2,316.32,6.35,D,0
30.74101,75.90878,367,0.49,0.48,2025-04-25,0729,N20,VIIRS,h,2,321.21,13.56,D,0
30.74535,75.90755,346.07,0.49,0.48,2025-04-25,0729,N20,VIIRS,n,2,315.91,13.56,D,0
30.96535,76.01354,345.32,0.47,0.48,2025-04-25,0729,N20,VIIRS,n,2,314.36,5.33,D,0
31.00547,75.96313,337.68,0.48,0.48,2025-04-25,0729,N20,VIIRS,l,2,309.57,10.54,D,0
31.29243,75.47925,334.31,0.5,0.49,2025-04-25,0729,N20,VIIRS,n,2,308.84,1.21,D,0
31.30805,75.83234,313.5,0.5,0.66,2025-04-25,2133,N20,VIIRS,n,2,286.83,1.26,N,0
31.31129,75.83437,298.99,0.5,0.66,2025-04-25,2133,N20,VIIRS,n,2,287.42,0.83,N,0
31.30548,75.83227,306.35,0.5,0.66,2025-04-25,2133,N20,VIIRS,n,2,285.52,0.83,N,0
30.49335,76.18666,351.62,0.45,0.63,2025-04-26,0710,N20,VIIRS,n,2,308.01,51.52,D,0
30.49477,76.18402,367,0.45,0.63,2025-04-26,0710,N20,VIIRS,h,2,311.77,34.12,D,0
30.51032,75.91052,347.91,0.47,0.64,2025-04-26,0710,N20,VIIRS,n,2,313.53,6.78,D,0
30.51085,75.9122,367,0.46,0.64,2025-04-26,0710,N20,VIIRS,h,2,312.3,6.36,D,0
30.6379,76.31094,349.85,0.44,0.62,2025-04-26,0710,N20,VIIRS,n,2,318.79,6.2,D,0
30.53592,75.77106,367,0.47,0.64,2025-04-26,0710,N20,VIIRS,h,2,311.07,25.05,D,0
30.54161,75.76913,367,0.47,0.64,2025-04-26,0710,N20,VIIRS,h,2,316.35,25.05,D,0
30.54039,75.76439,353.63,0.47,0.64,2025-04-26,0710,N20,VIIRS,n,2,315.47,31.98,D,0
30.59807,75.50988,355.38,0.49,0.65,2025-04-26,0710,N20,VIIRS,n,2,309.94,6.25,D,0
30.61556,75.40733,341.06,0.49,0.65,2025-04-26,0710,N20,VIIRS,n,2,306.88,3.19,D,0
30.61943,75.40848,336.98,0.49,0.65,2025-04-26,0710,N20,VIIRS,l,2,307.84,1.8,D,0
30.74839,75.51849,336.68,0.48,0.65,2025-04-26,0710,N20,VIIRS,l,2,309.66,1.43,D,0
30.75248,75.51538,338.68,0.48,0.65,2025-04-26,0710,N20,VIIRS,n,2,309.77,2.63,D,0
30.98373,75.88293,344.25,0.45,0.63,2025-04-26,0710,N20,VIIRS,n,2,314.01,6.27,D,0
30.93126,75.63289,336.5,0.47,0.64,2025-04-26,0710,N20,VIIRS,l,2,310.94,1.55,D,0
31.0135,75.83285,367,0.46,0.63,2025-04-26,0710,N20,VIIRS,h,2,308.37,49.48,D,0
31.19407,76.10601,367,0.44,0.62,2025-04-26,0710,N20,VIIRS,h,2,313.19,6.86,D,0
31.19296,76.10162,354.58,0.44,0.62,2025-04-26,0710,N20,VIIRS,n,2,316.43,6.86,D,0
31.05271,75.38478,337.85,0.48,0.65,2025-04-26,0710,N20,VIIRS,n,2,307.74,2.53,D,0
31.05683,75.38313,335.49,0.48,0.65,2025-04-26,0710,N20,VIIRS,n,2,304.96,2.3,D,0
31.15747,75.6494,367,0.46,0.64,2025-04-26,0710,N20,VIIRS,h,2,313.08,24.7,D,0
31.1631,75.64742,367,0.46,0.64,2025-04-26,0710,N20,VIIRS,h,2,309.88,24.7,D,0
31.16189,75.64278,367,0.46,0.64,2025-04-26,0710,N20,VIIRS,h,2,318.04,29.91,D,0
31.16069,75.63809,347.66,0.46,0.64,2025-04-26,0710,N20,VIIRS,n,2,314.93,29.91,D,0
31.17035,75.41203,337.29,0.48,0.65,2025-04-26,0710,N20,VIIRS,n,2,306.55,3.21,D,0
31.17484,75.40879,333.08,0.48,0.65,2025-04-26,0710,N20,VIIRS,l,2,304.55,3.09,D,0
30.56245,75.38644,343.8,0.51,0.49,2025-04-27,0832,N20,VIIRS,n,2,314.47,3.03,D,0
30.97166,75.80212,341.24,0.54,0.51,2025-04-27,0832,N20,VIIRS,l,2,315.9,4.1,D,0
31.07439,75.65711,351.99,0.53,0.5,2025-04-27,0832,N20,VIIRS,n,2,317.35,27.41,D,0
31.21282,75.55627,342.26,0.53,0.5,2025-04-27,0832,N20,VIIRS,n,2,310.78,5.23,D,0
31.28206,75.64425,309.72,0.45,0.39,2025-04-27,2055,N20,VIIRS,n,2,292.65,1,N,0
30.70071,75.62897,342.87,0.45,0.39,2025-04-28,0813,N20,VIIRS,n,2,315.8,3.69,D,0
30.83878,75.84328,348.45,0.46,0.39,2025-04-28,0813,N20,VIIRS,n,2,315.7,8.41,D,0
30.99976,75.85709,346.65,0.46,0.39,2025-04-28,0813,N20,VIIRS,l,2,317.96,37.37,D,0
31.04975,76.02172,338.74,0.47,0.4,2025-04-28,0813,N20,VIIRS,l,2,312.65,12.12,D,0
30.99382,75.43989,347.27,0.44,0.39,2025-04-28,0813,N20,VIIRS,n,2,314.85,8.97,D,0
31.25752,75.56229,345.52,0.45,0.39,2025-04-28,0813,N20,VIIRS,n,2,314.3,7.32,D,0
30.84119,75.82154,318.27,0.39,0.36,2025-04-28,2037,N20,VIIRS,n,2,294.42,1.22,N,0
30.74182,76.23235,312.54,0.39,0.36,2025-04-28,2037,N20,VIIRS,n,2,294.66,0.63,N,0
30.88542,76.00948,342.97,0.39,0.36,2025-04-29,0754,N20,VIIRS,l,2,315.38,4.87,D,0
30.88872,76.00877,341.73,0.39,0.36,2025-04-29,0754,N20,VIIRS,l,2,313.52,4.87,D,0
30.87845,76.38405,306.4,0.55,0.43,2025-04-29,2018,N20,VIIRS,n,2,291.47,1.08,N,0
30.87826,76.38346,307.29,0.55,0.43,2025-04-29,2018,N20,VIIRS,n,2,290.7,0.88,N,0
30.8405,75.7177,312.03,0.4,0.44,2025-04-29,2018,N20,VIIRS,n,2,293.7,1.12,N,0
30.47542,76.11634,331.43,0.39,0.44,2025-04-30,0735,N20,VIIRS,l,2,305.42,1.76,D,0
30.52312,76.24142,343.03,0.38,0.44,2025-04-30,0735,N20,VIIRS,n,2,303.41,4.32,D,0
30.51995,76.18436,338.68,0.39,0.44,2025-04-30,0735,N20,VIIRS,n,2,302.29,3.12,D,0
30.4385,75.37986,338.04,0.43,0.46,2025-04-30,0735,N20,VIIRS,n,2,305.04,1.6,D,0
30.63849,76.32669,333.11,0.57,0.43,2025-04-30,0735,N20,VIIRS,l,2,305.22,2.1,D,0
30.44039,75.38113,337.66,0.43,0.46,2025-04-30,0735,N20,VIIRS,n,2,304.62,2.6,D,0
30.64163,76.32454,337.87,0.57,0.43,2025-04-30,0735,N20,VIIRS,n,2,305.12,4.41,D,0
30.57789,75.80025,332.41,0.4,0.45,2025-04-30,0735,N20,VIIRS,l,2,305.77,2.89,D,0
30.66525,75.66795,332.5,0.41,0.45,2025-04-30,0735,N20,VIIRS,l,2,304.4,2.02,D,0
30.7065,75.45612,345.97,0.42,0.45,2025-04-30,0735,N20,VIIRS,n,2,309.63,12.4,D,0
30.70561,75.45184,348.73,0.42,0.45,2025-04-30,0735,N20,VIIRS,n,2,309.8,12.4,D,0
30.70473,75.44756,332.93,0.42,0.45,2025-04-30,0735,N20,VIIRS,l,2,305.48,7.5,D,0
30.71057,75.455,345.04,0.42,0.45,2025-04-30,0735,N20,VIIRS,n,2,306.93,12.4,D,0
30.70969,75.45072,346.54,0.42,0.45,2025-04-30,0735,N20,VIIRS,n,2,305.61,12.4,D,0
30.7088,75.44644,345,0.42,0.45,2025-04-30,0735,N20,VIIRS,n,2,308.98,7.5,D,0
30.83638,75.95023,331.85,0.39,0.44,2025-04-30,0735,N20,VIIRS,l,2,306.44,1.81,D,0
31.00264,75.37399,331.77,0.42,0.45,2025-04-30,0735,N20,VIIRS,l,2,302.83,1.62,D,0
30.55482,75.77234,303.93,0.64,0.72,2025-04-30,2139,N20,VIIRS,n,2,291.29,1.17,N,0
30.46911,76.34962,367,0.35,0.57,2025-05-01,0716,N20,VIIRS,h,2,298.97,10.19,D,0
30.50997,76.14889,342.72,0.36,0.58,2025-05-01,0716,N20,VIIRS,n,2,297.85,3.68,D,0
30.5056,75.82829,332.63,0.38,0.59,2025-05-01,0716,N20,VIIRS,n,2,297.1,2.23,D,0
30.50844,75.64011,331.64,0.39,0.59,2025-05-01,0716,N20,VIIRS,n,2,298.08,2.7,D,0
30.45665,75.38175,331.22,0.4,0.6,2025-05-01,0716,N20,VIIRS,n,2,296.29,1.84,D,0
30.49029,75.40135,341.07,0.4,0.6,2025-05-01,0716,N20,VIIRS,n,2,297.62,3.04,D,0
30.50293,75.40596,342.4,0.4,0.6,2025-05-01,0716,N20,VIIRS,n,2,297.14,4.71,D,0
30.49185,75.40249,336.54,0.4,0.6,2025-05-01,0716,N20,VIIRS,n,2,297.25,4.28,D,0
30.4992,75.40881,337.62,0.4,0.6,2025-05-01,0716,N20,VIIRS,n,2,296.51,3.96,D,0
30.50353,75.40306,330.33,0.4,0.6,2025-05-01,0716,N20,VIIRS,n,2,297.26,1.99,D,0
30.71636,76.22381,331.34,0.36,0.57,2025-05-01,0716,N20,VIIRS,n,2,295.8,1.57,D,0
30.85952,76.17764,338.27,0.36,0.57,2025-05-01,0716,N20,VIIRS,n,2,295.68,4.58,D,0
31.09575,76.0573,367,0.36,0.57,2025-05-01,0716,N20,VIIRS,h,2,301.44,13.11,D,0
31.09661,76.06091,330.15,0.36,0.57,2025-05-01,0716,N20,VIIRS,n,2,295.71,13.11,D,0
31.09489,76.0537,337.45,0.36,0.57,2025-05-01,0716,N20,VIIRS,n,2,296.46,18.55,D,0
31.10083,76.05565,367,0.36,0.57,2025-05-01,0716,N20,VIIRS,h,2,295.24,13.11,D,0
31.09712,76.05743,367,0.36,0.57,2025-05-01,0716,N20,VIIRS,h,2,298.94,29.47,D,0
31.09624,76.05383,349.42,0.36,0.57,2025-05-01,0716,N20,VIIRS,n,2,298.36,23.06,D,0
31.13935,76.02821,343.49,0.36,0.57,2025-05-01,0716,N20,VIIRS,n,2,295.82,4.22,D,0
31.14443,76.02657,344.69,0.36,0.57,2025-05-01,0716,N20,VIIRS,n,2,295.01,4.06,D,0
31.31938,75.78851,356.25,0.36,0.58,2025-05-01,0717,N20,VIIRS,n,2,295.96,18.84,D,0
30.58972,75.86226,338.01,0.65,0.73,2025-05-01,0857,N20,VIIRS,n,2,293.57,10.21,D,0
30.5894,75.85534,333.83,0.65,0.73,2025-05-01,0857,N20,VIIRS,n,2,294.42,9.6,D,0
30.58555,75.86301,332.62,0.65,0.73,2025-05-01,0857,N20,VIIRS,n,2,293.6,5.57,D,0
30.58528,75.85607,336.41,0.65,0.73,2025-05-01,0857,N20,VIIRS,n,2,293.96,5.57,D,0
31.14533,76.02064,331.36,0.67,0.74,2025-05-01,0857,N20,VIIRS,n,2,290.91,5.84,D,0
31.15217,76.02034,333.31,0.67,0.74,2025-05-01,0857,N20,VIIRS,n,2,290.64,5.84,D,0
30.42127,76.11156,335.56,0.55,0.43,2025-05-03,0819,N20,VIIRS,n,2,303.93,3.74,D,0
30.44356,76.20245,338.07,0.56,0.43,2025-05-03,0819,N20,VIIRS,n,2,302.07,3.83,D,0
30.48085,75.59464,336.26,0.52,0.42,2025-05-03,0819,N20,VIIRS,n,2,302.22,3.63,D,0
30.48022,75.58921,335.85,0.52,0.42,2025-05-03,0819,N20,VIIRS,n,2,304.36,4.46,D,0
30.51342,75.67293,341.07,0.53,0.42,2025-05-03,0819,N20,VIIRS,n,2,303.33,3.47,D,0
30.51553,75.66985,337.25,0.53,0.42,2025-05-03,0819,N20,VIIRS,n,2,302.8,6.47,D,0
30.60949,75.9107,332.19,0.54,0.42,2025-05-03,0819,N20,VIIRS,l,2,302.79,1.44,D,0
30.60112,75.70168,331.75,0.53,0.42,2025-05-03,0819,N20,VIIRS,n,2,299.97,2.02,D,0
30.60496,75.70111,340.89,0.53,0.42,2025-05-03,0819,N20,VIIRS,n,2,303.26,6.54,D,0
30.60945,75.70605,336.55,0.53,0.42,2025-05-03,0819,N20,VIIRS,n,2,302.33,6.54,D,0
30.68252,75.886,337.63,0.54,0.42,2025-05-03,0819,N20,VIIRS,n,2,302.77,3.17,D,0
30.6864,75.88542,332.65,0.54,0.42,2025-05-03,0819,N20,VIIRS,n,2,302.05,3.48,D,0
30.69945,75.7578,336.54,0.53,0.42,2025-05-03,0819,N20,VIIRS,n,2,301.99,5.41,D,0
30.68795,75.55776,338.08,0.52,0.42,2025-05-03,0819,N20,VIIRS,n,2,303.36,3.56,D,0
30.72194,75.74875,342.9,0.53,0.42,2025-05-03,0819,N20,VIIRS,n,2,302.72,6.24,D,0
30.72306,75.62477,331.92,0.53,0.42,2025-05-03,0819,N20,VIIRS,n,2,300.82,2.06,D,0
30.80729,76.04048,339.75,0.55,0.43,2025-05-03,0819,N20,VIIRS,n,2,300.64,4.46,D,0
30.83928,76.1127,333.7,0.56,0.43,2025-05-03,0819,N20,VIIRS,n,2,301.68,2.97,D,0
30.8627,75.51005,330.27,0.52,0.42,2025-05-03,0819,N20,VIIRS,n,2,299.83,2.14,D,0
30.9111,75.65947,332.82,0.53,0.42,2025-05-03,0819,N20,VIIRS,n,2,300.65,3.23,D,0
31.04628,76.15077,347.18,0.57,0.43,2025-05-03,0819,N20,VIIRS,n,2,301.31,20.5,D,0
31.05023,76.15019,339.58,0.57,0.43,2025-05-03,0819,N20,VIIRS,n,2,300.16,20.5,D,0
31.0542,76.14962,347.31,0.57,0.43,2025-05-03,0819,N20,VIIRS,n,2,301.43,11.41,D,0
31.0575,76.1431,342.86,0.57,0.43,2025-05-03,0819,N20,VIIRS,n,2,298.22,33.41,D,0
31.03927,75.94371,336.89,0.55,0.43,2025-05-03,0819,N20,VIIRS,n,2,301.96,7.97,D,0
31.06804,76.16561,330.79,0.57,0.43,2025-05-03,0819,N20,VIIRS,n,2,300.54,3.18,D,0
31.07201,76.16502,345.27,0.57,0.43,2025-05-03,0819,N20,VIIRS,n,2,297.55,10.41,D,0
31.09116,76.1562,345.65,0.57,0.43,2025-05-03,0819,N20,VIIRS,n,2,300.68,9.85,D,0
31.01405,75.45171,335.94,0.52,0.42,2025-05-03,0819,N20,VIIRS,n,2,302.17,4.95,D,0
31.12991,76.08141,333.58,0.56,0.43,2025-05-03,0819,N20,VIIRS,n,2,300.88,3.13,D,0
31.13385,76.08083,337.4,0.56,0.43,2025-05-03,0819,N20,VIIRS,n,2,300.95,3.13,D,0
31.11608,75.3718,338.6,0.52,0.41,2025-05-03,0819,N20,VIIRS,n,2,298.73,4.14,D,0
31.26261,75.91199,331.08,0.55,0.43,2025-05-03,0819,N20,VIIRS,n,2,299,2.81,D,0
31.25217,75.78482,335.96,0.54,0.42,2025-05-03,0819,N20,VIIRS,n,2,300.61,4.55,D,0
31.25606,75.78425,334.22,0.54,0.42,2025-05-03,0819,N20,VIIRS,n,2,299.6,4.55,D,0
31.28291,75.98593,331.61,0.56,0.43,2025-05-03,0819,N20,VIIRS,n,2,299.29,7.82,D,0
31.28751,75.99119,353.33,0.56,0.43,2025-05-03,0819,N20,VIIRS,n,2,302.75,39.42,D,0
30.42059,76.19893,332.89,0.39,0.36,2025-05-04,0800,N20,VIIRS,l,2,304.21,2.32,D,0
30.43397,76.17245,340.45,0.39,0.36,2025-05-04,0800,N20,VIIRS,n,2,306.32,3.82,D,0
30.46106,76.31087,343.6,0.39,0.36,2025-05-04,0800,N20,VIIRS,n,2,305.5,3.75,D,0
30.46408,76.21578,333.33,0.39,0.36,2025-05-04,0800,N20,VIIRS,l,2,303.59,0.91,D,0
30.49124,76.12429,333.96,0.39,0.36,2025-05-04,0800,N20,VIIRS,l,2,304.02,2.2,D,0
30.49453,76.12364,335.14,0.39,0.36,2025-05-04,0800,N20,VIIRS,n,2,304.76,2.73,D,0
30.49394,76.11965,342.28,0.39,0.36,2025-05-04,0800,N20,VIIRS,n,2,306.75,2.73,D,0
30.53401,76.20654,337.35,0.39,0.36,2025-05-04,0800,N20,VIIRS,n,2,302.6,2.44,D,0
30.53803,76.16467,335.36,0.39,0.36,2025-05-04,0800,N20,VIIRS,n,2,302.06,1.81,D,0
30.54016,76.15604,333.77,0.39,0.36,2025-05-04,0800,N20,VIIRS,n,2,299.02,1.93,D,0
30.53957,76.15205,330.78,0.39,0.36,2025-05-04,0800,N20,VIIRS,n,2,299.7,1.93,D,0
30.5518,76.16607,331.59,0.39,0.36,2025-05-04,0800,N20,VIIRS,n,2,301.43,2.52,D,0
30.53566,75.37973,336.36,0.38,0.36,2025-05-04,0800,N20,VIIRS,l,2,306.62,1.24,D,0
30.74534,76.23518,335.26,0.39,0.36,2025-05-04,0800,N20,VIIRS,n,2,299.26,1.77,D,0
30.80756,76.28947,332.93,0.39,0.36,2025-05-04,0800,N20,VIIRS,n,2,301.35,1.02,D,0
30.80536,76.11246,338.08,0.39,0.36,2025-05-04,0800,N20,VIIRS,n,2,297.6,2.86,D,0
30.91224,76.14574,339.92,0.39,0.36,2025-05-04,0800,N20,VIIRS,n,2,304.82,6.24,D,0
30.86426,75.82188,335.58,0.38,0.36,2025-05-04,0800,N20,VIIRS,n,2,300.84,3.57,D,0
30.96809,76.22567,338.59,0.39,0.36,2025-05-04,0800,N20,VIIRS,n,2,296.81,2.9,D,0
31.04221,76.19905,334.51,0.39,0.36,2025-05-04,0800,N20,VIIRS,n,2,302.73,2.17,D,0
31.07191,76.19321,333.48,0.39,0.36,2025-05-04,0800,N20,VIIRS,n,2,302.01,2.56,D,0
31.07132,76.18918,336.06,0.39,0.36,2025-05-04,0800,N20,VIIRS,n,2,304.47,2.56,D,0
31.09014,75.90105,339.43,0.39,0.36,2025-05-04,0800,N20,VIIRS,n,2,300.42,1.79,D,0
31.17349,76.19052,348.16,0.39,0.36,2025-05-04,0800,N20,VIIRS,n,2,297.48,6.15,D,0
30.45015,75.9443,333.08,0.6,0.53,2025-05-06,0723,N20,VIIRS,n,2,292.8,3.94,D,0
30.4906,76.05493,334.42,0.59,0.53,2025-05-06,0723,N20,VIIRS,n,2,288.07,4.75,D,0
30.48717,75.8611,340.63,0.61,0.53,2025-05-06,0723,N20,VIIRS,n,2,291.62,4.51,D,0
30.49847,75.7981,339.83,0.61,0.54,2025-05-06,0723,N20,VIIRS,n,2,293.19,6.66,D,0
30.5008,75.79601,337.2,0.61,0.54,2025-05-06,0723,N20,VIIRS,n,2,291.29,8.71,D,0
30.66222,75.96934,340.89,0.6,0.53,2025-05-06,0723,N20,VIIRS,n,2,287.85,7.57,D,0
30.6616,75.96873,335.35,0.6,0.53,2025-05-06,0723,N20,VIIRS,n,2,287.41,3.62,D,0
30.72918,76.08868,335.62,0.58,0.52,2025-05-06,0723,N20,VIIRS,n,2,288.77,3.93,D,0
30.83537,76.13663,343.01,0.58,0.52,2025-05-06,0723,N20,VIIRS,n,2,285.4,11.3,D,0
30.74473,75.40228,332.35,0.32,0.55,2025-05-06,0723,N20,VIIRS,n,2,285.8,2.33,D,0
30.51475,76.06474,355.75,0.56,0.69,2025-05-07,0704,N20,VIIRS,n,2,290.44,8.22,D,0
30.49694,75.92281,352.48,0.57,0.69,2025-05-07,0704,N20,VIIRS,n,2,291.11,11.42,D,0
30.44762,75.73817,337.05,0.59,0.7,2025-05-07,0704,N20,VIIRS,n,2,290.9,7.38,D,0
30.51384,76.06893,336.64,0.56,0.69,2025-05-07,0704,N20,VIIRS,n,2,289.91,5.31,D,0
30.51232,76.06334,341.15,0.56,0.69,2025-05-07,0704,N20,VIIRS,n,2,287.99,5.31,D,0
30.49371,75.9219,348.41,0.57,0.69,2025-05-07,0704,N20,VIIRS,n,2,291.59,11.33,D,0
30.44329,75.73781,340.64,0.59,0.7,2025-05-07,0704,N20,VIIRS,n,2,291.39,6.38,D,0
30.49816,75.88908,337.24,0.57,0.69,2025-05-07,0704,N20,VIIRS,n,2,290.96,5.76,D,0
30.46497,75.74286,335.3,0.59,0.7,2025-05-07,0704,N20,VIIRS,n,2,288.71,2.76,D,0
30.42953,75.61355,340.45,0.6,0.7,2025-05-07,0704,N20,VIIRS,n,2,291.12,4.13,D,0
30.43573,75.61131,335.53,0.6,0.7,2025-05-07,0704,N20,VIIRS,n,2,291.25,5.6,D,0
30.46562,75.64597,332.22,0.59,0.7,2025-05-07,0704,N20,VIIRS,n,2,290.29,8.53,D,0
30.52807,75.72647,330.02,0.58,0.7,2025-05-07,0704,N20,VIIRS,n,2,288.35,3.25,D,0
30.48287,75.5089,340.5,0.6,0.71,2025-05-07,0704,N20,VIIRS,n,2,291.1,11.2,D,0
30.65874,76.06597,330.91,0.56,0.68,2025-05-07,0704,N20,VIIRS,n,2,290.88,6.95,D,0
30.48438,75.50826,341.22,0.6,0.71,2025-05-07,0704,N20,VIIRS,n,2,290.3,13.52,D,0
30.59878,75.75165,330.44,0.58,0.7,2025-05-07,0704,N20,VIIRS,n,2,291.14,8.01,D,0
30.5972,75.74587,331.97,0.58,0.7,2025-05-07,0704,N20,VIIRS,n,2,291.15,6.92,D,0
30.59563,75.74008,339.32,0.58,0.7,2025-05-07,0704,N20,VIIRS,n,2,291.23,6.92,D,0
30.61275,75.77831,350.14,0.58,0.7,2025-05-07,0704,N20,VIIRS,n,2,290.63,16.11,D,0
30.5143,75.41792,331.96,0.61,0.71,2025-05-07,0704,N20,VIIRS,n,2,286.83,2.84,D,0
30.78321,76.11738,331.56,0.55,0.68,2025-05-07,0704,N20,VIIRS,n,2,289.64,2.06,D,0
30.78764,76.11342,332.38,0.55,0.68,2025-05-07,0704,N20,VIIRS,n,2,290.49,3.46,D,0
30.8104,76.05112,330.59,0.55,0.68,2025-05-07,0704,N20,VIIRS,n,2,290.36,4.77,D,0
30.77754,75.92883,343.8,0.56,0.69,2025-05-07,0704,N20,VIIRS,n,2,288.36,9.7,D,0
30.79113,75.95469,337.11,0.56,0.69,2025-05-07,0704,N20,VIIRS,n,2,291.92,6.13,D,0
30.72973,75.70219,346.13,0.58,0.7,2025-05-07,0704,N20,VIIRS,n,2,290.19,9.94,D,0
30.83766,76.00492,330.68,0.55,0.68,2025-05-07,0704,N20,VIIRS,n,2,290.36,2.87,D,0
30.87179,76.05904,341.77,0.55,0.68,2025-05-07,0704,N20,VIIRS,n,2,290.76,5.8,D,0
30.83636,76.00459,330.93,0.55,0.68,2025-05-07,0704,N20,VIIRS,n,2,290.57,5.01,D,0
30.87087,76.05862,342.37,0.55,0.68,2025-05-07,0704,N20,VIIRS,n,2,290.88,4.01,D,0
30.84458,75.66634,335.07,0.58,0.7,2025-05-07,0704,N20,VIIRS,n,2,290.61,5.3,D,0
30.84772,75.66626,335.64,0.58,0.7,2025-05-07,0704,N20,VIIRS,n,2,290.92,3.94,D,0
30.84612,75.66048,335.85,0.58,0.7,2025-05-07,0704,N20,VIIRS,n,2,291.14,3.94,D,0
30.84955,75.42702,332.74,0.6,0.7,2025-05-07,0704,N20,VIIRS,n,2,291.2,2.57,D,0
31.13998,76.21107,338.38,0.53,0.67,2025-05-07,0704,N20,VIIRS,n,2,290.6,5.18,D,0
31.14052,76.20996,334.5,0.53,0.67,2025-05-07,0704,N20,VIIRS,n,2,290.19,3.23,D,0
31.04757,75.8181,334.26,0.56,0.69,2025-05-07,0704,N20,VIIRS,n,2,290.47,4.35,D,0
31.04601,75.49098,332.82,0.59,0.7,2025-05-07,0704,N20,VIIRS,n,2,289.89,4.35,D,0
30.48344,76.09245,347.79,0.44,0.62,2025-05-07,0844,N20,VIIRS,n,2,297.1,7.49,D,0
30.47425,75.86691,346.49,0.42,0.61,2025-05-07,0844,N20,VIIRS,n,2,297.37,6.08,D,0
30.45848,75.55461,335.31,0.4,0.6,2025-05-07,0844,N20,VIIRS,n,2,293.34,3.83,D,0
30.46095,75.43194,334.43,0.4,0.6,2025-05-07,0844,N20,VIIRS,n,2,292.8,1.61,D,0
30.54098,75.92418,367,0.43,0.62,2025-05-07,0844,N20,VIIRS,h,2,295.16,11.66,D,0
30.53763,75.92202,355.11,0.43,0.62,2025-05-07,0844,N20,VIIRS,n,2,295.44,11.53,D,0
30.57334,75.77209,367,0.42,0.61,2025-05-07,0844,N20,VIIRS,h,2,296.4,12.4,D,0
30.58046,75.87811,341.74,0.42,0.61,2025-05-07,0844,N20,VIIRS,n,2,295.14,6.51,D,0
30.58017,75.78917,339.14,0.42,0.61,2025-05-07,0844,N20,VIIRS,n,2,295.04,7.09,D,0
30.59335,75.6523,349.53,0.41,0.61,2025-05-07,0844,N20,VIIRS,n,2,291.69,6.62,D,0
30.61281,75.76882,334.55,0.42,0.61,2025-05-07,0844,N20,VIIRS,n,2,290.08,2.35,D,0
30.61251,75.76443,331.11,0.42,0.61,2025-05-07,0844,N20,VIIRS,n,2,286.72,2.35,D,0
30.61008,75.76511,333.67,0.42,0.61,2025-05-07,0844,N20,VIIRS,n,2,289.55,5.43,D,0
30.64742,75.90466,344.58,0.43,0.62,2025-05-07,0844,N20,VIIRS,n,2,295.06,5.51,D,0
30.84441,75.52089,347.1,0.41,0.6,2025-05-07,0844,N20,VIIRS,n,2,294.43,4.41,D,0
30.85766,75.46839,336.82,0.4,0.6,2025-05-07,0844,N20,VIIRS,n,2,295.67,3.69,D,0
30.85738,75.46415,330.8,0.4,0.6,2025-05-07,0844,N20,VIIRS,n,2,293.87,2.77,D,0
30.88721,75.49156,343.73,0.4,0.6,2025-05-07,0844,N20,VIIRS,n,2,295.36,3.47,D,0
30.9202,75.56204,330.36,0.41,0.6,2025-05-07,0844,N20,VIIRS,n,2,293.9,6.02,D,0
30.92449,75.56109,334.76,0.41,0.6,2025-05-07,0844,N20,VIIRS,n,2,295.23,3.99,D,0
30.95216,75.55449,334.93,0.41,0.6,2025-05-07,0844,N20,VIIRS,n,2,292.13,8.71,D,0
30.94222,75.40527,334.03,0.4,0.6,2025-05-07,0844,N20,VIIRS,n,2,296.94,3.03,D,0
30.98409,75.87083,367,0.43,0.62,2025-05-07,0844,N20,VIIRS,h,2,293.3,11.31,D,0
31.00926,76.0851,347.49,0.44,0.62,2025-05-07,0844,N20,VIIRS,n,2,290.72,6.75,D,0
31.00897,76.08044,346.2,0.44,0.62,2025-05-07,0844,N20,VIIRS,n,2,292.36,6.75,D,0
31.00149,75.45569,347.42,0.4,0.6,2025-05-07,0844,N20,VIIRS,n,2,294.8,6.75,D,0
31.06337,76.10502,336.55,0.44,0.62,2025-05-07,0845,N20,VIIRS,n,2,292.66,2.1,D,0
31.16709,76.18213,340.38,0.45,0.63,2025-05-07,0845,N20,VIIRS,n,2,293.74,6.48,D,0
31.16678,76.17742,338.59,0.45,0.63,2025-05-07,0845,N20,VIIRS,n,2,294.9,6.76,D,0
31.16223,76.19466,336.7,0.45,0.63,2025-05-07,0845,N20,VIIRS,n,2,293.28,3.35,D,0
31.16721,76.18004,367,0.45,0.63,2025-05-07,0845,N20,VIIRS,h,2,294.86,9.16,D,0
31.2107,75.94254,331.71,0.43,0.62,2025-05-07,0845,N20,VIIRS,n,2,291.71,3.96,D,0
31.28996,76.08617,336.73,0.44,0.63,2025-05-07,0845,N20,VIIRS,n,2,293.23,2.25,D,0
31.30349,76.11781,337.24,0.44,0.63,2025-05-07,0845,N20,VIIRS,n,2,294.49,3.92,D,0
30.48103,76.2546,336.88,0.46,0.47,2025-05-08,0825,N20,VIIRS,n,2,288.22,5.86,D,0
30.50828,76.39385,340.83,0.47,0.48,2025-05-08,0825,N20,VIIRS,n,2,299.9,11.67,D,0
30.96181,76.34144,342.85,0.47,0.48,2025-05-08,0826,N20,VIIRS,n,2,300.86,13.8,D,0
30.96621,76.34089,335.12,0.47,0.48,2025-05-08,0826,N20,VIIRS,n,2,297.42,13.8,D,0
30.96011,76.27663,342.71,0.47,0.48,2025-05-08,0826,N20,VIIRS,n,2,297,4.52,D,0
31.03626,76.10918,350.78,0.46,0.47,2025-05-08,0826,N20,VIIRS,n,2,292.61,10.71,D,0
31.03324,76.10709,343.36,0.46,0.47,2025-05-08,0826,N20,VIIRS,n,2,294.18,9.17,D,0
31.03757,76.10653,332.76,0.46,0.47,2025-05-08,0826,N20,VIIRS,n,2,290.88,5.63,D,0
31.00169,75.39872,347.84,0.42,0.45,2025-05-08,0826,N20,VIIRS,n,2,291.75,6.54,D,0
31.08228,76.15952,330.19,0.46,0.47,2025-05-08,0826,N20,VIIRS,n,2,296.7,3.31,D,0
31.03886,75.67905,338.51,0.43,0.46,2025-05-08,0826,N20,VIIRS,n,2,298.34,6.91,D,0
31.04309,75.6785,345.37,0.43,0.46,2025-05-08,0826,N20,VIIRS,n,2,299.55,6.91,D,0
31.05721,75.60767,336.4,0.43,0.46,2025-05-08,0826,N20,VIIRS,n,2,299.24,2.71,D,0
31.04557,75.41503,335.79,0.42,0.45,2025-05-08,0826,N20,VIIRS,n,2,297.16,4.4,D,0
31.15834,76.16135,343.96,0.46,0.47,2025-05-08,0826,N20,VIIRS,n,2,299.61,22.57,D,0
31.15337,75.92853,332.24,0.45,0.47,2025-05-08,0826,N20,VIIRS,n,2,299.24,2.47,D,0
31.15353,75.4235,340.35,0.42,0.45,2025-05-08,0826,N20,VIIRS,n,2,296.51,2.52,D,0
31.23503,75.91791,332.05,0.45,0.47,2025-05-08,0826,N20,VIIRS,n,2,293.82,5.12,D,0
31.20718,75.52177,332.57,0.43,0.46,2025-05-08,0826,N20,VIIRS,n,2,301.59,1.68,D,0
31.23743,75.73946,331.7,0.44,0.46,2025-05-08,0826,N20,VIIRS,n,2,296.81,1.31,D,0
30.77822,76.18752,328.42,0.42,0.38,2025-05-08,2049,N20,VIIRS,n,2,289.96,2.18,N,0
30.43917,76.23357,345.38,0.41,0.37,2025-05-09,0807,N20,VIIRS,n,2,306.79,16.35,D,0
30.44202,76.22867,342.81,0.41,0.37,2025-05-09,0807,N20,VIIRS,n,2,307.36,5.52,D,0
30.44543,76.22806,339.75,0.41,0.37,2025-05-09,0807,N20,VIIRS,n,2,304.75,5.52,D,0
30.43902,76.12858,347.21,0.41,0.37,2025-05-09,0807,N20,VIIRS,n,2,303.35,10.59,D,0
30.44243,76.12797,353.72,0.41,0.37,2025-05-09,0807,N20,VIIRS,n,2,306.7,23.68,D,0
30.4361,76.08121,338.59,0.41,0.37,2025-05-09,0807,N20,VIIRS,n,2,304.44,4.61,D,0
30.44514,76.07088,338.32,0.41,0.37,2025-05-09,0807,N20,VIIRS,n,2,304.1,8.71,D,0
30.44456,76.06664,342.92,0.41,0.37,2025-05-09,0807,N20,VIIRS,n,2,307.34,8.71,D,0
30.43707,76.01162,341.64,0.41,0.37,2025-05-09,0807,N20,VIIRS,n,2,301.36,6.73,D,0
30.48975,76.0411,345.29,0.41,0.37,2025-05-09,0807,N20,VIIRS,n,2,306.21,10.15,D,0
30.5595,76.32362,335.27,0.42,0.37,2025-05-09,0807,N20,VIIRS,n,2,301.45,3.77,D,0
30.57401,76.14483,336.13,0.41,0.37,2025-05-09,0807,N20,VIIRS,n,2,299.56,4.43,D,0
30.59727,76.13627,335.57,0.41,0.37,2025-05-09,0807,N20,VIIRS,n,2,297.68,4.91,D,0
30.61839,76.16316,333.88,0.41,0.37,2025-05-09,0807,N20,VIIRS,n,2,300.97,1.7,D,0
30.68691,76.05087,336.71,0.41,0.37,2025-05-09,0807,N20,VIIRS,n,2,300.85,2.71,D,0
30.67471,75.96162,338.06,0.41,0.37,2025-05-09,0807,N20,VIIRS,n,2,301.46,4.37,D,0
30.72598,76.02756,347.16,0.41,0.37,2025-05-09,0807,N20,VIIRS,n,2,299.78,8.08,D,0
30.71494,75.86877,344.62,0.41,0.37,2025-05-09,0807,N20,VIIRS,n,2,297.3,8.66,D,0
30.65622,75.41816,346.67,0.4,0.37,2025-05-09,0807,N20,VIIRS,n,2,303.01,6.52,D,0
30.89251,76.04645,339.02,0.41,0.37,2025-05-09,0807,N20,VIIRS,n,2,305.37,3.58,D,0
30.93007,76.06605,347.85,0.41,0.37,2025-05-09,0807,N20,VIIRS,n,2,306.06,8.17,D,0
30.93347,76.06543,344.35,0.41,0.37,2025-05-09,0807,N20,VIIRS,n,2,306.01,8.17,D,0
30.93688,76.06482,344.77,0.41,0.37,2025-05-09,0807,N20,VIIRS,n,2,304.33,4.96,D,0
30.97651,75.91793,339.59,0.41,0.37,2025-05-09,0807,N20,VIIRS,n,2,302.61,4.92,D,0
31.00663,76.1146,331.81,0.41,0.37,2025-05-09,0807,N20,VIIRS,n,2,300.87,1.61,D,0
30.99617,76.03708,334.44,0.41,0.37,2025-05-09,0807,N20,VIIRS,n,2,300.34,2.48,D,0
31.0789,76.16021,342.15,0.42,0.37,2025-05-09,0807,N20,VIIRS,n,2,305.55,5.79,D,0
31.0959,76.10389,337.27,0.42,0.37,2025-05-09,0807,N20,VIIRS,n,2,300.15,3.9,D,0
31.00757,75.38332,334.64,0.4,0.37,2025-05-09,0807,N20,VIIRS,n,2,291.34,1.86,D,0
31.00976,75.37441,335.81,0.4,0.37,2025-05-09,0807,N20,VIIRS,n,2,295.12,8.14,D,0
31.0358,75.43761,335.27,0.4,0.37,2025-05-09,0807,N20,VIIRS,n,2,297.43,4.56,D,0
31.06728,75.46584,340.16,0.4,0.37,2025-05-09,0807,N20,VIIRS,n,2,288.86,4.92,D,0
31.07867,75.49792,353.03,0.4,0.37,2025-05-09,0807,N20,VIIRS,n,2,300.71,13.12,D,0
31.07996,75.49453,332.51,0.4,0.37,2025-05-09,0807,N20,VIIRS,n,2,294.39,3.59,D,0
31.25051,76.13519,345.45,0.42,0.37,2025-05-09,0807,N20,VIIRS,n,2,305.23,9.67,D,0
31.27693,76.1003,337.07,0.42,0.37,2025-05-09,0807,N20,VIIRS,n,2,303.33,6.44,D,0
31.26756,75.74544,337.04,0.41,0.37,2025-05-09,0807,N20,VIIRS,n,2,300.61,2.26,D,0
31.26699,75.74119,335.06,0.41,0.37,2025-05-09,0807,N20,VIIRS,n,2,301.38,2.26,D,0
30.71458,75.87103,302.07,0.42,0.38,2025-05-09,2031,N20,VIIRS,n,2,278.43,1.47,N,0
30.4557,76.02921,303,0.41,0.37,2025-05-09,2031,N20,VIIRS,n,2,291.03,0.72,N,0
30.4551,76.0335,306.51,0.41,0.37,2025-05-09,2031,N20,VIIRS,n,2,290.83,0.72,N,0
30.45319,76.16532,332.84,0.42,0.38,2025-05-10,0748,N20,VIIRS,n,2,301.88,1.57,D,0
30.43138,75.74101,338.54,0.44,0.38,2025-05-10,0748,N20,VIIRS,l,2,303.54,6.09,D,0
30.53045,76.04039,341.25,0.43,0.38,2025-05-10,0748,N20,VIIRS,l,2,307.8,12.61,D,0
30.5297,76.03603,334.31,0.43,0.38,2025-05-10,0748,N20,VIIRS,l,2,302.37,12.61,D,0
30.68537,76.07825,333.06,0.42,0.38,2025-05-10,0748,N20,VIIRS,l,2,297.86,2.77,D,0
30.67444,75.91836,332.44,0.43,0.38,2025-05-10,0748,N20,VIIRS,l,2,291.93,4.04,D,0
30.70247,75.54417,337.16,0.44,0.38,2025-05-10,0748,N20,VIIRS,l,2,304.15,4.72,D,0
30.70168,75.53963,335.95,0.44,0.38,2025-05-10,0748,N20,VIIRS,l,2,305.53,5.48,D,0
30.70243,75.54096,342.59,0.44,0.38,2025-05-10,0748,N20,VIIRS,n,2,305.88,9.15,D,0
30.69918,75.52282,340.24,0.44,0.39,2025-05-10,0748,N20,VIIRS,n,2,304.4,4.77,D,0
30.7095,75.45869,345.58,0.44,0.39,2025-05-10,0748,N20,VIIRS,n,2,304.61,7.22,D,0
30.7576,75.56559,339.11,0.44,0.38,2025-05-10,0748,N20,VIIRS,l,2,305.66,8.78,D,0
30.80595,75.57293,337.13,0.44,0.38,2025-05-10,0748,N20,VIIRS,l,2,303.81,5.49,D,0
30.86802,75.42677,332.66,0.44,0.39,2025-05-10,0748,N20,VIIRS,l,2,302.41,3.53,D,0
30.89371,75.51073,335.82,0.44,0.38,2025-05-10,0748,N20,VIIRS,l,2,305.08,3.05,D,0
30.88788,75.43629,342.79,0.44,0.39,2025-05-10,0748,N20,VIIRS,n,2,304.52,5.71,D,0
30.91246,75.3891,345.09,0.44,0.39,2025-05-10,0748,N20,VIIRS,l,2,305.21,12.58,D,0
31.03377,75.62444,336.41,0.43,0.38,2025-05-10,0748,N20,VIIRS,l,2,305.71,4.29,D,0
31.21979,76.06857,339.91,0.42,0.38,2025-05-10,0748,N20,VIIRS,n,2,306.98,8.55,D,0
31.21905,76.06424,337.97,0.42,0.38,2025-05-10,0748,N20,VIIRS,n,2,304.77,8.55,D,0
31.21832,76.0599,346.87,0.42,0.38,2025-05-10,0748,N20,VIIRS,n,2,305.45,8.09,D,0
31.2232,76.06778,348.12,0.42,0.38,2025-05-10,0748,N20,VIIRS,n,2,305.41,8.55,D,0
31.22246,76.06345,339.2,0.42,0.38,2025-05-10,0748,N20,VIIRS,n,2,303.37,8.55,D,0
31.2266,76.06699,352.3,0.42,0.38,2025-05-10,0748,N20,VIIRS,l,2,305.26,25.32,D,0
31.22586,76.06264,343.74,0.42,0.38,2025-05-10,0748,N20,VIIRS,l,2,305.96,25.32,D,0
31.23245,76.06229,344.79,0.42,0.38,2025-05-10,0748,N20,VIIRS,l,2,309.33,33.93,D,0
31.25401,76.04374,367,0.42,0.38,2025-05-10,0748,N20,VIIRS,h,2,307.61,12.58,D,0
31.25742,76.04294,355.58,0.42,0.38,2025-05-10,0748,N20,VIIRS,n,2,306.84,12.58,D,0
31.30036,75.94233,335.34,0.42,0.38,2025-05-10,0748,N20,VIIRS,l,2,303.2,2.18,D,0
31.28647,75.70444,339.38,0.43,0.38,2025-05-10,0748,N20,VIIRS,l,2,306.87,4.33,D,0
31.28991,75.70362,339.97,0.43,0.38,2025-05-10,0748,N20,VIIRS,l,2,307.59,8.61,D,0
31.1617,75.92343,322.34,0.48,0.48,2025-05-10,2012,N20,VIIRS,n,2,291.82,2.58,N,0
31.11357,75.96009,301.11,0.47,0.48,2025-05-10,2012,N20,VIIRS,n,2,290.85,0.37,N,0
31.03657,75.64564,309.32,0.49,0.49,2025-05-10,2012,N20,VIIRS,n,2,291.48,0.81,N,0
31.03449,75.64394,306.06,0.49,0.49,2025-05-10,2012,N20,VIIRS,n,2,289.81,0.76,N,0
30.72007,76.02099,321.32,0.46,0.47,2025-05-10,2012,N20,VIIRS,n,2,291.67,2.35,N,0
30.56041,76.23845,304.9,0.45,0.47,2025-05-10,2012,N20,VIIRS,n,2,292.21,0.91,N,0
30.43092,76.01303,307.57,0.46,0.47,2025-05-10,2012,N20,VIIRS,n,2,291.42,1.42,N,0
30.6197,75.74928,350.69,0.5,0.49,2025-05-11,0729,N20,VIIRS,n,2,304.66,7.67,D,0
30.57925,75.54379,330.52,0.51,0.49,2025-05-11,0729,N20,VIIRS,n,2,300.44,2.37,D,0
30.697,76.04174,344.8,0.48,0.48,2025-05-11,0729,N20,VIIRS,n,2,306.17,5.85,D,0
30.57519,75.43953,330.66,0.52,0.5,2025-05-11,0729,N20,VIIRS,l,2,302.75,3.99,D,0
30.78728,76.40173,337.05,0.45,0.47,2025-05-11,0729,N20,VIIRS,n,2,307.85,1.25,D,0
30.57601,75.40008,342.1,0.52,0.5,2025-05-11,0729,N20,VIIRS,n,2,301.34,5.33,D,0
30.68702,75.88896,331.6,0.49,0.48,2025-05-11,0729,N20,VIIRS,l,2,306.22,3.56,D,0
30.59201,75.45139,347.9,0.52,0.5,2025-05-11,0729,N20,VIIRS,n,2,304.55,52.67,D,0
30.77143,76.26328,343.4,0.46,0.47,2025-05-11,0729,N20,VIIRS,n,2,307.79,6.4,D,0
30.58146,75.38161,332.01,0.52,0.5,2025-05-11,0729,N20,VIIRS,n,2,300.91,2.69,D,0
30.74247,76.10546,353.19,0.47,0.48,2025-05-11,0729,N20,VIIRS,n,2,307.81,11.76,D,0
30.72605,76.02837,340.99,0.48,0.48,2025-05-11,0729,N20,VIIRS,l,2,311.24,4.13,D,0
30.72086,76.00407,339.38,0.48,0.48,2025-05-11,0729,N20,VIIRS,l,2,310.03,4.97,D,0
30.71982,75.99921,342.22,0.48,0.48,2025-05-11,0729,N20,VIIRS,n,2,309.78,4.97,D,0
30.66018,75.72159,336.73,0.5,0.49,2025-05-11,0729,N20,VIIRS,n,2,303.49,2.36,D,0
30.58593,75.38031,343.86,0.52,0.5,2025-05-11,0729,N20,VIIRS,n,2,301.16,4.64,D,0
30.72517,76.00285,345.89,0.48,0.48,2025-05-11,0729,N20,VIIRS,n,2,310.26,4.97,D,0
30.71579,75.95895,335.16,0.48,0.48,2025-05-11,0729,N20,VIIRS,n,2,304.28,4.12,D,0
30.71475,75.95406,342.04,0.48,0.48,2025-05-11,0729,N20,VIIRS,n,2,305.1,5.4,D,0
30.71161,75.93935,334.36,0.48,0.48,2025-05-11,0729,N20,VIIRS,l,2,306.6,2.74,D,0
30.70647,75.89388,336.19,0.49,0.48,2025-05-11,0729,N20,VIIRS,n,2,304.91,1.61,D,0
30.68624,75.79949,334.79,0.49,0.49,2025-05-11,0729,N20,VIIRS,l,2,305.17,3.14,D,0
30.7992,76.30997,348.1,0.46,0.47,2025-05-11,0729,N20,VIIRS,n,2,311.74,18.42,D,0
30.73791,76.01985,345.87,0.48,0.48,2025-05-11,0729,N20,VIIRS,n,2,307.84,5.56,D,0
30.72651,75.96626,336.59,0.48,0.48,2025-05-11,0729,N20,VIIRS,n,2,305.56,2.16,D,0
30.71396,75.90742,336.88,0.48,0.48,2025-05-11,0729,N20,VIIRS,n,2,305.94,2.42,D,0
30.74735,76.04285,345.09,0.48,0.48,2025-05-11,0729,N20,VIIRS,n,2,308.66,3.7,D,0
30.74632,76.03801,334.72,0.48,0.48,2025-05-11,0729,N20,VIIRS,l,2,306.9,3.68,D,0
30.72248,75.92585,340.36,0.48,0.48,2025-05-11,0729,N20,VIIRS,n,2,304.52,3.76,D,0
30.79913,76.2455,338.37,0.46,0.47,2025-05-11,0729,N20,VIIRS,n,2,307.45,2.33,D,0
30.76306,76.07415,334.23,0.47,0.48,2025-05-11,0729,N20,VIIRS,l,2,304.89,2.02,D,0
30.76735,76.07293,343.07,0.47,0.48,2025-05-11,0729,N20,VIIRS,n,2,306.89,2.02,D,0
30.83231,76.34007,337.8,0.46,0.47,2025-05-11,0729,N20,VIIRS,n,2,307.71,3.49,D,0
30.65889,75.47646,345.96,0.51,0.5,2025-05-11,0729,N20,VIIRS,n,2,302.57,6.93,D,0
30.84591,76.34115,336.17,0.46,0.47,2025-05-11,0729,N20,VIIRS,l,2,310.04,3.66,D,0
30.73298,75.80196,351.2,0.49,0.49,2025-05-11,0729,N20,VIIRS,n,2,310.15,35.85,D,0
30.68002,75.55307,331.67,0.51,0.49,2025-05-11,0729,N20,VIIRS,l,2,301.95,1.57,D,0
30.66333,75.47515,346.73,0.51,0.5,2025-05-11,0729,N20,VIIRS,n,2,302.44,9.58,D,0
30.66889,75.47909,343.63,0.51,0.5,2025-05-11,0729,N20,VIIRS,n,2,302.75,12.26,D,0
30.65652,75.42144,333.12,0.52,0.5,2025-05-11,0729,N20,VIIRS,n,2,301.41,2.86,D,0
30.78722,76.01603,335.06,0.48,0.48,2025-05-11,0729,N20,VIIRS,l,2,308.38,3.6,D,0
30.72896,75.73926,332.01,0.5,0.49,2025-05-11,0729,N20,VIIRS,l,2,303.99,1.8,D,0
30.70205,75.59045,340.86,0.51,0.49,2025-05-11,0729,N20,VIIRS,n,2,303.55,3.54,D,0
30.68886,75.5285,335.04,0.51,0.49,2025-05-11,0729,N20,VIIRS,n,2,302.42,3.19,D,0
30.68221,75.49734,341.42,0.51,0.5,2025-05-11,0729,N20,VIIRS,n,2,300.01,5.12,D,0
30.7325,75.80332,346.65,0.49,0.49,2025-05-11,0729,N20,VIIRS,n,2,308.96,46.05,D,0
30.66072,75.47752,345.25,0.51,0.5,2025-05-11,0729,N20,VIIRS,n,2,303.67,19.33,D,0
30.68232,75.55388,330.8,0.51,0.49,2025-05-11,0729,N20,VIIRS,l,2,301.86,1.39,D,0
30.67074,75.48016,346.8,0.51,0.5,2025-05-11,0729,N20,VIIRS,n,2,301.15,6.25,D,0
30.65802,75.42269,334.28,0.52,0.5,2025-05-11,0729,N20,VIIRS,n,2,301.43,1.95,D,0
30.86243,76.34195,348.13,0.45,0.47,2025-05-11,0729,N20,VIIRS,n,2,309.33,7.64,D,0
30.7181,75.67396,336.17,0.5,0.49,2025-05-11,0729,N20,VIIRS,n,2,303.98,2.81,D,0
30.68661,75.5307,334.83,0.51,0.49,2025-05-11,0729,N20,VIIRS,n,2,302.06,2.64,D,0
30.67977,75.49965,340.34,0.51,0.49,2025-05-11,0729,N20,VIIRS,n,2,299.51,6.33,D,0
30.79566,76.00947,332.78,0.48,0.48,2025-05-11,0729,N20,VIIRS,l,2,306.43,2.64,D,0
30.70461,75.59117,338.1,0.5,0.49,2025-05-11,0729,N20,VIIRS,n,2,302.81,2.85,D,0
30.87772,76.37193,351.81,0.45,0.47,2025-05-11,0729,N20,VIIRS,n,2,310.94,7.84,D,0
30.81549,76.08049,337.62,0.47,0.48,2025-05-11,0729,N20,VIIRS,l,2,308.16,3.85,D,0
30.74228,75.74207,344.7,0.49,0.49,2025-05-11,0729,N20,VIIRS,n,2,306.95,5.83,D,0
30.72687,75.67144,336.47,0.5,0.49,2025-05-11,0729,N20,VIIRS,n,2,304.13,5.38,D,0
30.70113,75.55392,352.1,0.51,0.49,2025-05-11,0729,N20,VIIRS,n,2,301.72,8.68,D,0
30.80007,75.98763,336.99,0.48,0.48,2025-05-11,0729,N20,VIIRS,l,2,308.54,3.53,D,0
30.72126,75.62443,345.49,0.5,0.49,2025-05-11,0729,N20,VIIRS,n,2,304.34,7.25,D,0
30.69988,75.52686,353.4,0.51,0.49,2025-05-11,0729,N20,VIIRS,n,2,303.13,20.06,D,0
30.6839,75.45415,340.33,0.51,0.5,2025-05-11,0729,N20,VIIRS,n,2,303.85,8.38,D,0
30.80554,75.9706,340.84,0.48,0.48,2025-05-11,0729,N20,VIIRS,n,2,308.05,6.7,D,0
30.69736,75.47242,332.76,0.51,0.5,2025-05-11,0729,N20,VIIRS,n,2,301.66,3.67,D,0
30.86993,76.25097,344.46,0.46,0.47,2025-05-11,0729,N20,VIIRS,n,2,306.3,4.79,D,0
30.7909,75.88126,334.16,0.48,0.48,2025-05-11,0729,N20,VIIRS,l,2,307.18,3.27,D,0
30.88091,76.218,332.2,0.46,0.47,2025-05-11,0729,N20,VIIRS,l,2,304.53,2.34,D,0
30.82913,75.97414,336.84,0.48,0.48,2025-05-11,0729,N20,VIIRS,n,2,306.11,3.96,D,0
30.82809,75.96928,339.76,0.48,0.48,2025-05-11,0729,N20,VIIRS,n,2,307.44,3.96,D,0
30.73757,75.54884,335.25,0.51,0.49,2025-05-11,0729,N20,VIIRS,n,2,304.57,3.63,D,0
30.86916,76.14115,334.18,0.47,0.47,2025-05-11,0729,N20,VIIRS,l,2,307.69,2.84,D,0
30.73974,75.53722,343.54,0.51,0.49,2025-05-11,0729,N20,VIIRS,n,2,302.55,7.65,D,0
30.85028,76.00928,344.1,0.47,0.48,2025-05-11,0729,N20,VIIRS,n,2,307.66,6.51,D,0
30.84925,76.00444,342.44,0.48,0.48,2025-05-11,0729,N20,VIIRS,n,2,309.86,6.51,D,0
30.82342,75.86148,331,0.48,0.48,2025-05-11,0729,N20,VIIRS,l,2,304.88,3,D,0
30.82236,75.85654,344.49,0.49,0.48,2025-05-11,0729,N20,VIIRS,n,2,305.91,3,D,0
30.82775,75.86024,347.4,0.48,0.48,2025-05-11,0729,N20,VIIRS,n,2,307.33,9.48,D,0
30.82669,75.8553,350.37,0.49,0.48,2025-05-11,0729,N20,VIIRS,n,2,309.48,9.48,D,0
30.82564,75.85036,337.34,0.49,0.48,2025-05-11,0729,N20,VIIRS,l,2,308.41,8.15,D,0
30.87435,76.05861,336.47,0.47,0.48,2025-05-11,0729,N20,VIIRS,n,2,305.81,2.15,D,0
30.83678,75.79445,335.68,0.49,0.48,2025-05-11,0729,N20,VIIRS,l,2,306.76,2.19,D,0
30.91964,76.16689,334.77,0.46,0.47,2025-05-11,0729,N20,VIIRS,l,2,308.98,4.24,D,0
30.89875,76.06689,344.57,0.47,0.48,2025-05-11,0729,N20,VIIRS,n,2,306.27,7.26,D,0
30.89371,76.04286,340.38,0.47,0.48,2025-05-11,0729,N20,VIIRS,n,2,307.06,4.25,D,0
30.84112,75.79319,349.92,0.49,0.48,2025-05-11,0729,N20,VIIRS,n,2,306.78,6.33,D,0
30.91201,76.1087,342.58,0.47,0.48,2025-05-11,0729,N20,VIIRS,n,2,306.15,3.68,D,0
30.80371,75.5733,333.61,0.5,0.49,2025-05-11,0729,N20,VIIRS,n,2,302.19,5.77,D,0
30.92229,76.16865,338.55,0.46,0.47,2025-05-11,0729,N20,VIIRS,l,2,310.09,3.04,D,0
30.89975,76.06417,341.18,0.47,0.48,2025-05-11,0729,N20,VIIRS,n,2,302.65,7.49,D,0
30.89871,76.05939,331.73,0.47,0.48,2025-05-11,0729,N20,VIIRS,n,2,297.6,1.85,D,0
30.84037,75.79121,342.95,0.49,0.48,2025-05-11,0729,N20,VIIRS,n,2,306.64,8.75,D,0
30.78239,75.50643,336.65,0.51,0.49,2025-05-11,0729,N20,VIIRS,n,2,301.48,1.13,D,0
30.84253,75.75883,340.41,0.49,0.49,2025-05-11,0729,N20,VIIRS,n,2,308.53,4.91,D,0
30.80707,75.57581,330.54,0.5,0.49,2025-05-11,0729,N20,VIIRS,l,2,302.66,3.81,D,0
30.92639,76.06158,355.43,0.47,0.48,2025-05-11,0729,N20,VIIRS,n,2,308.64,9.91,D,0
30.93067,76.06036,355.64,0.47,0.48,2025-05-11,0729,N20,VIIRS,n,2,313.03,9.91,D,0
30.92964,76.05558,335.66,0.47,0.48,2025-05-11,0729,N20,VIIRS,l,2,309.8,9.91,D,0
30.78489,75.38943,348.85,0.52,0.5,2025-05-11,0729,N20,VIIRS,n,2,303.25,6.34,D,0
30.81867,75.45733,343.38,0.51,0.49,2025-05-11,0729,N20,VIIRS,n,2,305.45,16.93,D,0
30.81754,75.45213,336.91,0.51,0.49,2025-05-11,0729,N20,VIIRS,l,2,307.32,16.93,D,0
30.97147,76.12457,335.01,0.47,0.47,2025-05-11,0729,N20,VIIRS,l,2,308.72,2.85,D,0
30.94402,75.99535,334.21,0.47,0.48,2025-05-11,0729,N20,VIIRS,l,2,305.62,2.48,D,0
30.94299,75.99053,334.21,0.47,0.48,2025-05-11,0729,N20,VIIRS,l,2,304.85,2.48,D,0
30.85329,75.57327,331.15,0.5,0.49,2025-05-11,0729,N20,VIIRS,l,2,303.36,1.66,D,0
30.82979,75.46512,343.56,0.51,0.49,2025-05-11,0729,N20,VIIRS,n,2,304.39,5.5,D,0
30.97973,76.1423,339.64,0.46,0.47,2025-05-11,0729,N20,VIIRS,n,2,306.25,2.67,D,0
30.85768,75.57198,333.73,0.5,0.49,2025-05-11,0729,N20,VIIRS,n,2,302.62,3.11,D,0
30.99493,76.19297,348.58,0.46,0.47,2025-05-11,0729,N20,VIIRS,n,2,311.55,7.05,D,0
30.85098,75.51939,352.33,0.51,0.49,2025-05-11,0729,N20,VIIRS,n,2,303.46,9.32,D,0
30.84985,75.51423,335.73,0.51,0.49,2025-05-11,0729,N20,VIIRS,n,2,303.15,4.87,D,0
30.99646,76.15757,330.38,0.46,0.47,2025-05-11,0729,N20,VIIRS,l,2,305.02,0.97,D,0
30.83381,75.37511,335.03,0.52,0.5,2025-05-11,0729,N20,VIIRS,n,2,303.13,29.09,D,0
30.84281,75.39479,332.12,0.51,0.5,2025-05-11,0729,N20,VIIRS,n,2,301.4,3.33,D,0
31.02101,76.21042,338.15,0.46,0.47,2025-05-11,0729,N20,VIIRS,n,2,306.38,4.1,D,0
30.89502,75.59366,345.45,0.5,0.49,2025-05-11,0729,N20,VIIRS,n,2,303.62,8.24,D,0
30.88186,75.53226,340.6,0.5,0.49,2025-05-11,0729,N20,VIIRS,n,2,304.94,6.75,D,0
31.02946,76.20801,344.19,0.46,0.47,2025-05-11,0729,N20,VIIRS,n,2,310.91,5.47,D,0
31.0226,76.17511,336.91,0.46,0.47,2025-05-11,0729,N20,VIIRS,l,2,308.97,1.43,D,0
31.0376,76.22554,336.31,0.46,0.47,2025-05-11,0729,N20,VIIRS,l,2,310.58,4.7,D,0
31.03303,76.18212,335.51,0.46,0.47,2025-05-11,0729,N20,VIIRS,l,2,308.31,2.23,D,0
30.97068,75.88452,334.21,0.48,0.48,2025-05-11,0729,N20,VIIRS,l,2,304.24,3.16,D,0
31.02607,76.07581,337.52,0.47,0.47,2025-05-11,0729,N20,VIIRS,l,2,309.97,2.66,D,0
30.95221,75.73499,335.04,0.49,0.49,2025-05-11,0729,N20,VIIRS,l,2,308.99,3.59,D,0
31.00878,75.95341,352.72,0.47,0.48,2025-05-11,0729,N20,VIIRS,n,2,310.1,41.53,D,0
30.95438,75.70252,334.77,0.49,0.49,2025-05-11,0729,N20,VIIRS,l,2,304.79,4.5,D,0
31.05908,76.16677,337.97,0.46,0.47,2025-05-11,0729,N20,VIIRS,l,2,308.69,1.72,D,0
31.05627,76.13258,340.65,0.46,0.47,2025-05-11,0729,N20,VIIRS,n,2,309.21,6.16,D,0
31.01132,75.88046,345.08,0.48,0.48,2025-05-11,0729,N20,VIIRS,n,2,305.14,4.5,D,0
30.93874,75.52401,334.07,0.5,0.49,2025-05-11,0729,N20,VIIRS,n,2,302.23,4.72,D,0
31.05507,76.04232,336.42,0.47,0.48,2025-05-11,0729,N20,VIIRS,l,2,308.72,3.83,D,0
30.95193,75.52013,336.8,0.5,0.49,2025-05-11,0729,N20,VIIRS,n,2,301.55,2.27,D,0
31.01284,75.78082,354.58,0.49,0.48,2025-05-11,0729,N20,VIIRS,n,2,305.59,12.76,D,0
31.0599,75.97981,346.55,0.47,0.48,2025-05-11,0729,N20,VIIRS,n,2,307.13,7.85,D,0
30.96295,75.52781,343.76,0.5,0.49,2025-05-11,0729,N20,VIIRS,n,2,305.21,9.06,D,0
31.08145,76.06008,338.25,0.47,0.47,2025-05-11,0729,N20,VIIRS,n,2,307.14,2.36,D,0
31.03742,75.83134,337.88,0.48,0.48,2025-05-11,0729,N20,VIIRS,n,2,305.4,4.22,D,0
31.02159,75.75722,344.17,0.49,0.48,2025-05-11,0729,N20,VIIRS,n,2,305.7,5.47,D,0
31.00017,75.65728,330.46,0.49,0.49,2025-05-11,0729,N20,VIIRS,l,2,303.63,2.75,D,0
31.11286,76.16647,344.21,0.46,0.47,2025-05-11,0729,N20,VIIRS,n,2,308.21,4.75,D,0
31.13474,76.2495,342.33,0.45,0.47,2025-05-11,0729,N20,VIIRS,n,2,308.75,4.47,D,0
31.01857,75.69992,340.35,0.49,0.49,2025-05-11,0729,N20,VIIRS,n,2,302.9,3.12,D,0
31.08069,75.92773,345.42,0.47,0.48,2025-05-11,0729,N20,VIIRS,n,2,310.5,7.04,D,0
31.14476,76.21201,334.85,0.46,0.47,2025-05-11,0729,N20,VIIRS,l,2,307.03,4.36,D,0
31.04762,75.74976,344.28,0.49,0.48,2025-05-11,0729,N20,VIIRS,n,2,307.14,4.34,D,0
31.08927,75.92525,334.59,0.47,0.48,2025-05-11,0729,N20,VIIRS,l,2,307.87,2.28,D,0
31.05196,75.7485,344.51,0.49,0.48,2025-05-11,0729,N20,VIIRS,n,2,307.51,8.47,D,0
31.0509,75.74352,341.51,0.49,0.48,2025-05-11,0729,N20,VIIRS,n,2,307.59,8.47,D,0
31.111,75.98556,353.12,0.47,0.48,2025-05-11,0729,N20,VIIRS,n,2,309.83,19.63,D,0
31.03515,75.6257,342.35,0.5,0.49,2025-05-11,0729,N20,VIIRS,n,2,304.76,8.61,D,0
31.09095,75.92779,335.36,0.47,0.48,2025-05-11,0729,N20,VIIRS,l,2,309,3.15,D,0
31.05145,75.74665,349.87,0.49,0.48,2025-05-11,0729,N20,VIIRS,n,2,309.57,11.72,D,0
31.11307,75.98793,338.38,0.47,0.48,2025-05-11,0729,N20,VIIRS,l,2,309.76,9.79,D,0
31.11203,75.98313,339.75,0.47,0.48,2025-05-11,0729,N20,VIIRS,l,2,309.97,13.17,D,0
31.03387,75.62421,334.39,0.49,0.49,2025-05-11,0729,N20,VIIRS,l,2,305.59,6.26,D,0
31.16606,76.21355,347.16,0.46,0.47,2025-05-11,0729,N20,VIIRS,n,2,309.85,7.62,D,0
31.06882,75.69936,343.6,0.49,0.49,2025-05-11,0729,N20,VIIRS,n,2,307.89,8.71,D,0
31.00081,75.38874,337.79,0.51,0.49,2025-05-11,0729,N20,VIIRS,n,2,301.69,6.99,D,0
31.07316,75.69811,343.97,0.49,0.49,2025-05-11,0729,N20,VIIRS,n,2,306.25,8.71,D,0
31.01877,75.42762,342.29,0.51,0.49,2025-05-11,0729,N20,VIIRS,n,2,303.06,7.31,D,0
31.01763,75.42245,343.34,0.51,0.49,2025-05-11,0729,N20,VIIRS,n,2,305.34,7.31,D,0
31.02205,75.42117,343.97,0.51,0.49,2025-05-11,0729,N20,VIIRS,n,2,303.52,7.31,D,0
31.01978,75.4108,341.36,0.51,0.49,2025-05-11,0729,N20,VIIRS,n,2,303.48,5.19,D,0
31.12036,75.83144,348.72,0.48,0.48,2025-05-11,0729,N20,VIIRS,n,2,308.94,6.22,D,0
31.18535,76.09351,338.04,0.46,0.47,2025-05-11,0729,N20,VIIRS,n,2,307.25,2.63,D,0
31.0742,75.53164,334.22,0.5,0.49,2025-05-11,0729,N20,VIIRS,l,2,306.44,4.33,D,0
31.07859,75.53036,340.22,0.5,0.49,2025-05-11,0729,N20,VIIRS,n,2,307.18,3.4,D,0
31.17101,75.94064,353.52,0.47,0.48,2025-05-11,0729,N20,VIIRS,n,2,307.87,12.27,D,0
31.16692,75.92133,345.04,0.47,0.48,2025-05-11,0729,N20,VIIRS,n,2,312.16,6.77,D,0
31.11768,75.6905,339.66,0.49,0.48,2025-05-11,0729,N20,VIIRS,n,2,307.54,4.06,D,0
31.07857,75.50867,338.31,0.5,0.49,2025-05-11,0729,N20,VIIRS,n,2,305.22,4.34,D,0
31.17529,75.93939,338.29,0.47,0.48,2025-05-11,0729,N20,VIIRS,l,2,309.01,5.04,D,0
31.09284,75.55326,332.19,0.5,0.49,2025-05-11,0729,N20,VIIRS,l,2,304.47,4.85,D,0
31.15065,75.80183,339.49,0.48,0.48,2025-05-11,0729,N20,VIIRS,n,2,309.46,4.64,D,0
31.21702,76.09444,334.96,0.46,0.47,2025-05-11,0729,N20,VIIRS,l,2,305.43,2.82,D,0
31.11246,75.60134,336.99,0.49,0.49,2025-05-11,0729,N20,VIIRS,l,2,307.25,1.92,D,0
31.07401,75.42248,340.71,0.51,0.49,2025-05-11,0729,N20,VIIRS,n,2,305.1,4.31,D,0
31.06833,75.37442,340.54,0.51,0.49,2025-05-11,0729,N20,VIIRS,n,2,303.59,2.7,D,0
31.14469,75.70908,350.18,0.49,0.48,2025-05-11,0729,N20,VIIRS,n,2,310.56,9.41,D,0
31.18667,75.86412,335.15,0.48,0.48,2025-05-11,0729,N20,VIIRS,l,2,308.87,2.6,D,0
31.1071,75.48938,336.06,0.5,0.49,2025-05-11,0729,N20,VIIRS,n,2,304.59,3.67,D,0
31.23228,76.05995,336.28,0.46,0.47,2025-05-11,0729,N20,VIIRS,l,2,311.22,4.02,D,0
31.23129,76.05521,342.57,0.46,0.47,2025-05-11,0729,N20,VIIRS,n,2,309.14,4.02,D,0
31.11149,75.48808,336.86,0.5,0.49,2025-05-11,0729,N20,VIIRS,n,2,304.54,3.67,D,0
31.23454,76.04924,334.24,0.46,0.47,2025-05-11,0729,N20,VIIRS,l,2,307.34,9.23,D,0
31.24274,76.06701,338.74,0.46,0.47,2025-05-11,0729,N20,VIIRS,l,2,309.72,3.26,D,0
31.24176,76.06227,336.18,0.46,0.47,2025-05-11,0729,N20,VIIRS,l,2,310.68,3.26,D,0
31.2378,76.04326,346.73,0.46,0.47,2025-05-11,0729,N20,VIIRS,n,2,312.46,9.23,D,0
31.23681,76.0385,345.43,0.46,0.47,2025-05-11,0729,N20,VIIRS,n,2,314.07,15.41,D,0
31.17684,75.75236,340.16,0.48,0.48,2025-05-11,0729,N20,VIIRS,n,2,310.1,2.8,D,0
31.22912,76.05668,338.45,0.46,0.47,2025-05-11,0729,N20,VIIRS,l,2,310.64,4.27,D,0
31.18756,75.86493,333.88,0.48,0.48,2025-05-11,0729,N20,VIIRS,l,2,308.08,2.4,D,0
31.23337,76.05546,337.12,0.46,0.47,2025-05-11,0729,N20,VIIRS,l,2,308.1,4.27,D,0
31.23235,76.05073,341.8,0.46,0.47,2025-05-11,0729,N20,VIIRS,n,2,307.29,3.83,D,0
31.11,75.4901,341.89,0.5,0.49,2025-05-11,0729,N20,VIIRS,n,2,304.63,3.9,D,0
31.10887,75.485,331.13,0.5,0.49,2025-05-11,0729,N20,VIIRS,l,2,305.11,3.9,D,0
31.23557,76.04478,340.68,0.46,0.47,2025-05-11,0729,N20,VIIRS,n,2,309.66,10.33,D,0
31.23455,76.04002,346.27,0.46,0.47,2025-05-11,0729,N20,VIIRS,n,2,314.48,21.25,D,0
31.2388,76.03881,354.62,0.46,0.47,2025-05-11,0729,N20,VIIRS,n,2,316.05,21.25,D,0
31.23778,76.03407,339.21,0.46,0.47,2025-05-11,0729,N20,VIIRS,l,2,312.28,21.25,D,0
31.17704,75.75354,337.85,0.48,0.48,2025-05-11,0729,N20,VIIRS,l,2,308.69,2.18,D,0
31.22972,75.97566,336.99,0.47,0.48,2025-05-11,0729,N20,VIIRS,l,2,308.57,1.51,D,0
31.31958,76.3756,352.69,0.44,0.46,2025-05-11,0729,N20,VIIRS,n,2,313.16,6.27,D,0
31.20903,75.85873,342.74,0.48,0.48,2025-05-11,0729,N20,VIIRS,n,2,305.42,1.74,D,0
31.19423,75.79041,342.5,0.48,0.48,2025-05-11,0729,N20,VIIRS,n,2,309.44,4.29,D,0
31.21026,75.82216,331.79,0.48,0.48,2025-05-11,0729,N20,VIIRS,l,2,305.56,1.61,D,0
31.26917,76.07545,337.89,0.46,0.47,2025-05-11,0729,N20,VIIRS,l,2,312.61,3.62,D,0
31.16402,75.58777,342.11,0.49,0.49,2025-05-11,0729,N20,VIIRS,n,2,307.03,4.51,D,0
31.27159,76.04459,336.4,0.46,0.47,2025-05-11,0729,N20,VIIRS,l,2,310.87,3.86,D,0
31.20088,75.71511,337.84,0.49,0.48,2025-05-11,0729,N20,VIIRS,l,2,309.54,2.89,D,0
31.18581,75.64545,340.42,0.49,0.49,2025-05-11,0729,N20,VIIRS,n,2,306.77,3.11,D,0
31.21281,75.70638,338.08,0.49,0.48,2025-05-11,0729,N20,VIIRS,l,2,309.7,4.02,D,0
31.27987,75.95616,344.85,0.47,0.48,2025-05-11,0729,N20,VIIRS,n,2,312.35,4.42,D,0
31.28414,75.95493,343.77,0.47,0.48,2025-05-11,0729,N20,VIIRS,n,2,310.7,4.42,D,0
31.21196,75.59509,337.32,0.49,0.49,2025-05-11,0729,N20,VIIRS,l,2,311.64,6.45,D,0
31.25562,75.77779,337.62,0.48,0.48,2025-05-11,0729,N20,VIIRS,l,2,307.86,4.46,D,0
31.30221,75.95485,343.58,0.47,0.48,2025-05-11,0729,N20,VIIRS,n,2,310.93,5.96,D,0
31.20111,75.47968,336.52,0.5,0.49,2025-05-11,0729,N20,VIIRS,n,2,303.88,5.92,D,0
31.2837,75.75916,345.15,0.48,0.48,2025-05-11,0729,N20,VIIRS,n,2,309.73,5,D,0
31.3121,75.92937,336.72,0.47,0.48,2025-05-11,0729,N20,VIIRS,l,2,311.29,3.11,D,0
31.31428,75.91855,333.71,0.47,0.48,2025-05-11,0729,N20,VIIRS,l,2,307.9,3.09,D,0
31.28374,75.75703,344.33,0.48,0.48,2025-05-11,0729,N20,VIIRS,n,2,309.08,5.25,D,0
31.31037,75.83753,348.09,0.47,0.48,2025-05-11,0729,N20,VIIRS,n,2,311.95,7.41,D,0
31.29676,75.71137,347.36,0.48,0.48,2025-05-11,0729,N20,VIIRS,n,2,307.82,6.56,D,0
31.31837,75.70512,343.28,0.48,0.48,2025-05-11,0729,N20,VIIRS,n,2,309.12,7.54,D,0
30.47625,76.38877,332.71,0.46,0.47,2025-05-11,0729,N20,VIIRS,l,2,306.84,1.66,D,0
30.42134,76.08606,335.88,0.48,0.48,2025-05-11,0729,N20,VIIRS,n,2,305.71,2.12,D,0
30.4203,76.08119,338.12,0.48,0.48,2025-05-11,0729,N20,VIIRS,n,2,305.25,3.93,D,0
30.42565,76.08485,367,0.48,0.48,2025-05-11,0729,N20,VIIRS,h,2,308.62,8.6,D,0
30.42771,76.09456,336.37,0.48,0.48,2025-05-11,0729,N20,VIIRS,l,2,307.66,4.35,D,0
30.42668,76.08969,340.17,0.48,0.48,2025-05-11,0729,N20,VIIRS,n,2,306.62,8.6,D,0
30.42461,76.07997,341.36,0.48,0.48,2025-05-11,0729,N20,VIIRS,n,2,306.53,8.62,D,0
30.44248,76.12124,341.63,0.48,0.48,2025-05-11,0729,N20,VIIRS,n,2,307.4,6.87,D,0
30.48002,76.27814,342.57,0.47,0.47,2025-05-11,0729,N20,VIIRS,n,2,308.9,3.85,D,0
30.47902,76.27341,334.22,0.47,0.48,2025-05-11,0729,N20,VIIRS,l,2,308.07,3.85,D,0
30.45436,76.11273,344.45,0.48,0.48,2025-05-11,0729,N20,VIIRS,n,2,309.06,8.13,D,0
30.42039,75.92997,338.95,0.49,0.49,2025-05-11,0729,N20,VIIRS,n,2,307.05,3.65,D,0
30.42264,75.91879,355.55,0.49,0.49,2025-05-11,0729,N20,VIIRS,n,2,308.44,22.96,D,0
30.47259,76.1127,339.8,0.48,0.48,2025-05-11,0729,N20,VIIRS,n,2,309.03,4.96,D,0
30.47157,76.10786,341.48,0.48,0.48,2025-05-11,0729,N20,VIIRS,n,2,310.4,6.13,D,0
30.42306,75.85509,346.44,0.49,0.49,2025-05-11,0729,N20,VIIRS,n,2,307.58,8.42,D,0
30.47297,76.11038,345.96,0.48,0.48,2025-05-11,0729,N20,VIIRS,n,2,310.22,10.9,D,0
30.42286,75.85845,335.63,0.49,0.49,2025-05-11,0729,N20,VIIRS,l,2,305.66,4.15,D,0
30.42177,75.85345,340.1,0.49,0.49,2025-05-11,0729,N20,VIIRS,n,2,307.72,5.06,D,0
30.46319,75.87348,338.34,0.49,0.49,2025-05-11,0729,N20,VIIRS,l,2,309.69,4.93,D,0
30.46211,75.8685,340.86,0.49,0.49,2025-05-11,0729,N20,VIIRS,n,2,309.98,4.93,D,0
30.50067,75.98367,353.4,0.48,0.48,2025-05-11,0729,N20,VIIRS,n,2,308.79,11.57,D,0
30.48799,75.92445,339.54,0.49,0.48,2025-05-11,0729,N20,VIIRS,l,2,310.65,6.13,D,0
30.56234,76.25266,345.29,0.47,0.47,2025-05-11,0729,N20,VIIRS,n,2,310.85,7.75,D,0
30.46663,75.80334,334.41,0.5,0.49,2025-05-11,0729,N20,VIIRS,l,2,305.92,2.16,D,0
30.46447,75.79327,334.78,0.5,0.49,2025-05-11,0729,N20,VIIRS,l,2,305.75,2.05,D,0
30.42365,75.60422,334.07,0.51,0.49,2025-05-11,0729,N20,VIIRS,l,2,304.11,7.76,D,0
30.48284,75.85728,334.84,0.49,0.49,2025-05-11,0729,N20,VIIRS,l,2,307.89,5.54,D,0
30.46233,75.7617,342.51,0.5,0.49,2025-05-11,0729,N20,VIIRS,n,2,303.41,2.47,D,0
30.46124,75.75663,333.17,0.5,0.49,2025-05-11,0729,N20,VIIRS,l,2,303.87,2.63,D,0
30.4359,75.63908,334.39,0.51,0.49,2025-05-11,0729,N20,VIIRS,l,2,304.53,3.37,D,0
30.51784,75.99963,346.8,0.48,0.48,2025-05-11,0729,N20,VIIRS,n,2,307.74,7.25,D,0
30.43475,75.61201,342.21,0.51,0.49,2025-05-11,0729,N20,VIIRS,n,2,304.42,6.1,D,0
30.48943,75.84477,335.73,0.49,0.49,2025-05-11,0729,N20,VIIRS,l,2,308.74,1.15,D,0
30.44251,75.62622,344.7,0.51,0.49,2025-05-11,0729,N20,VIIRS,n,2,305.49,16.17,D,0
30.47988,75.75666,344.47,0.5,0.49,2025-05-11,0729,N20,VIIRS,n,2,306.8,11.49,D,0
30.4788,75.75159,341.89,0.5,0.49,2025-05-11,0729,N20,VIIRS,n,2,307.4,8.63,D,0
30.42783,75.51447,335.52,0.52,0.5,2025-05-11,0729,N20,VIIRS,n,2,303.33,4.26,D,0
30.46352,75.59271,344.97,0.51,0.49,2025-05-11,0729,N20,VIIRS,n,2,306.07,6.81,D,0
30.45906,75.54987,333.79,0.51,0.5,2025-05-11,0729,N20,VIIRS,n,2,303.39,2.88,D,0
30.56701,76.03746,336.08,0.48,0.48,2025-05-11,0729,N20,VIIRS,n,2,305.71,2.21,D,0
30.56599,76.03259,343.3,0.48,0.48,2025-05-11,0729,N20,VIIRS,n,2,306.09,3.71,D,0
30.55468,75.97871,337.77,0.48,0.48,2025-05-11,0729,N20,VIIRS,l,2,307.83,3.5,D,0
30.45556,75.54826,332.63,0.51,0.5,2025-05-11,0729,N20,VIIRS,l,2,303.28,3.3,D,0
30.56569,76.02973,343.4,0.48,0.48,2025-05-11,0729,N20,VIIRS,n,2,307.59,5.22,D,0
30.58504,76.03458,342.43,0.48,0.48,2025-05-11,0729,N20,VIIRS,n,2,310.96,6.09,D,0
30.57769,76.00049,334.19,0.48,0.48,2025-05-11,0729,N20,VIIRS,l,2,307.88,3.5,D,0
30.57567,75.96987,340.98,0.48,0.48,2025-05-11,0729,N20,VIIRS,n,2,308.27,3.33,D,0
30.57036,75.94529,333.93,0.49,0.48,2025-05-11,0729,N20,VIIRS,l,2,306.27,3.47,D,0
30.47517,75.48708,334.61,0.52,0.5,2025-05-11,0729,N20,VIIRS,n,2,302.79,1.63,D,0
30.66795,76.35918,338.57,0.46,0.47,2025-05-11,0729,N20,VIIRS,l,2,309.12,2.98,D,0
30.51591,75.65162,333.13,0.51,0.49,2025-05-11,0729,N20,VIIRS,l,2,304.22,3.17,D,0
30.61696,76.07698,336.59,0.48,0.48,2025-05-11,0729,N20,VIIRS,l,2,307.32,3.91,D,0
30.60242,76.009,337.11,0.48,0.48,2025-05-11,0729,N20,VIIRS,l,2,309.33,5.47,D,0
30.54461,75.74072,339.05,0.5,0.49,2025-05-11,0729,N20,VIIRS,n,2,305.32,3.63,D,0
30.62126,76.07577,336.29,0.48,0.48,2025-05-11,0729,N20,VIIRS,l,2,307.69,3.91,D,0
30.62055,76.02969,338.16,0.48,0.48,2025-05-11,0729,N20,VIIRS,l,2,309.83,3.46,D,0
30.59752,75.92188,330.24,0.49,0.48,2025-05-11,0729,N20,VIIRS,l,2,304.34,1.65,D,0
30.50749,75.48329,331.58,0.52,0.5,2025-05-11,0729,N20,VIIRS,l,2,302.9,5.65,D,0
30.64478,76.07932,334.55,0.48,0.48,2025-05-11,0729,N20,VIIRS,l,2,307.23,1.83,D,0
30.61788,75.95267,335.15,0.48,0.48,2025-05-11,0729,N20,VIIRS,l,2,308.07,2.53,D,0
30.58935,75.79744,341.79,0.49,0.49,2025-05-11,0729,N20,VIIRS,n,2,305.47,4.32,D,0
30.71988,76.39375,339.61,0.45,0.47,2025-05-11,0729,N20,VIIRS,n,2,308.81,3.3,D,0
30.67262,76.16817,333.97,0.47,0.48,2025-05-11,0729,N20,VIIRS,l,2,306.35,3.24,D,0
30.6013,75.80997,338.86,0.49,0.49,2025-05-11,0729,N20,VIIRS,n,2,307.96,4.68,D,0
30.66093,76.0696,333.47,0.48,0.48,2025-05-11,0729,N20,VIIRS,l,2,306.28,1.87,D,0
30.64349,75.98697,349.07,0.48,0.48,2025-05-11,0729,N20,VIIRS,n,2,308.53,4.81,D,0
30.62996,75.9231,337.7,0.49,0.48,2025-05-11,0729,N20,VIIRS,l,2,308.33,4.47,D,0
30.6478,75.98573,348.61,0.48,0.48,2025-05-11,0729,N20,VIIRS,n,2,308.73,4.81,D,0
30.64263,75.96123,344.65,0.48,0.48,2025-05-11,0729,N20,VIIRS,n,2,309.74,6.86,D,0
30.64159,75.95633,343.56,0.48,0.48,2025-05-11,0729,N20,VIIRS,n,2,308.69,6.86,D,0
30.5443,75.50041,355.04,0.52,0.5,2025-05-11,0729,N20,VIIRS,n,2,302.46,13.82,D,0
30.68369,76.13464,331.45,0.47,0.48,2025-05-11,0729,N20,VIIRS,l,2,306.4,2.66,D,0
30.67585,76.07562,343.72,0.47,0.48,2025-05-11,0729,N20,VIIRS,n,2,309.45,3.22,D,0
30.54869,75.47689,338.77,0.52,0.5,2025-05-11,0729,N20,VIIRS,n,2,303.59,5.08,D,0
30.62853,75.80749,338.61,0.49,0.49,2025-05-11,0729,N20,VIIRS,n,2,307.84,2.67,D,0
30.61682,75.75215,343.3,0.5,0.49,2025-05-11,0729,N20,VIIRS,n,2,304.06,2.17,D,0
30.68873,76.07198,338.89,0.47,0.48,2025-05-11,0729,N20,VIIRS,n,2,308.86,2.56,D,0
30.57766,75.54608,331.23,0.51,0.49,2025-05-11,0729,N20,VIIRS,l,2,301.29,2.26,D,0
30.68178,76.07679,334.11,0.47,0.48,2025-05-11,0729,N20,VIIRS,l,2,308.39,3.28,D,0
30.6285,75.81071,338.49,0.49,0.49,2025-05-11,0729,N20,VIIRS,n,2,307.53,4.19,D,0
30.54378,75.42625,332.69,0.52,0.5,2025-05-11,0729,N20,VIIRS,l,2,302.87,3.47,D,0
30.4341,76.32657,337.87,0.44,0.62,2025-05-12,0710,N20,VIIRS,n,2,304.09,2.16,D,0
30.44186,76.30966,339.82,0.44,0.62,2025-05-12,0710,N20,VIIRS,n,2,304.4,3.14,D,0
30.48244,76.37688,330.46,0.44,0.62,2025-05-12,0710,N20,VIIRS,l,2,303.14,0.86,D,0
30.43849,76.3096,341.18,0.44,0.62,2025-05-12,0710,N20,VIIRS,n,2,304.56,4.22,D,0
30.47956,76.37666,332.4,0.43,0.62,2025-05-12,0710,N20,VIIRS,n,2,302.34,1.53,D,0
30.47706,76.24884,343.13,0.44,0.63,2025-05-12,0710,N20,VIIRS,n,2,304.35,3.69,D,0
30.42195,75.91257,340.59,0.46,0.64,2025-05-12,0710,N20,VIIRS,n,2,305.14,1.98,D,0
30.42704,75.86021,337.68,0.47,0.64,2025-05-12,0710,N20,VIIRS,n,2,303.11,3.82,D,0
30.48834,76.03015,341.14,0.46,0.63,2025-05-12,0710,N20,VIIRS,n,2,302.6,9.89,D,0
30.49394,76.02827,367,0.46,0.63,2025-05-12,0710,N20,VIIRS,h,2,303.25,9.89,D,0
30.4485,75.84781,333.83,0.47,0.64,2025-05-12,0710,N20,VIIRS,n,2,302.58,1.53,D,0
30.45061,75.83182,332.84,0.47,0.64,2025-05-12,0710,N20,VIIRS,l,2,303.38,2.94,D,0
30.50897,76.10479,335.69,0.45,0.63,2025-05-12,0710,N20,VIIRS,n,2,305.16,2.59,D,0
30.49028,76.0323,348.56,0.46,0.63,2025-05-12,0710,N20,VIIRS,n,2,303.35,11.83,D,0
30.4891,76.02774,354.8,0.46,0.63,2025-05-12,0710,N20,VIIRS,n,2,304.19,12.61,D,0
30.42122,75.74233,336.4,0.47,0.64,2025-05-12,0710,N20,VIIRS,n,2,303.94,2.78,D,0
30.4514,75.83466,338.61,0.47,0.64,2025-05-12,0710,N20,VIIRS,n,2,301.49,1.73,D,0
30.54523,76.17542,330.62,0.45,0.63,2025-05-12,0710,N20,VIIRS,l,2,301.47,3.08,D,0
30.58003,76.26476,335.79,0.44,0.62,2025-05-12,0710,N20,VIIRS,n,2,301.85,2.39,D,0
30.49712,75.94041,337.99,0.46,0.64,2025-05-12,0710,N20,VIIRS,n,2,304.35,2.56,D,0
30.5822,76.24969,332.98,0.44,0.62,2025-05-12,0710,N20,VIIRS,l,2,304.44,2.97,D,0
30.46922,75.80824,344.56,0.47,0.64,2025-05-12,0710,N20,VIIRS,n,2,304.88,8.22,D,0
30.46801,75.80354,350.15,0.47,0.64,2025-05-12,0710,N20,VIIRS,n,2,305.94,7.81,D,0
30.4668,75.79884,355.57,0.47,0.64,2025-05-12,0710,N20,VIIRS,n,2,305.78,7.81,D,0
30.49291,75.87638,367,0.46,0.64,2025-05-12,0710,N20,VIIRS,h,2,304.64,8.75,D,0
30.49172,75.87172,353.54,0.47,0.64,2025-05-12,0710,N20,VIIRS,n,2,306.29,8.75,D,0
30.49019,75.84183,367,0.47,0.64,2025-05-12,0710,N20,VIIRS,h,2,305.17,8.91,D,0
30.59439,76.25044,330.69,0.44,0.62,2025-05-12,0710,N20,VIIRS,l,2,303.3,2.5,D,0
30.56149,76.09699,330.91,0.45,0.63,2025-05-12,0710,N20,VIIRS,l,2,303.39,1.54,D,0
30.56034,76.09249,330.47,0.45,0.63,2025-05-12,0710,N20,VIIRS,l,2,302.48,0.79,D,0
30.48465,75.77228,344.52,0.47,0.64,2025-05-12,0710,N20,VIIRS,n,2,305.79,4.57,D,0
30.50323,75.79661,333.87,0.47,0.64,2025-05-12,0710,N20,VIIRS,n,2,303.68,2.12,D,0
30.61199,76.2013,352.45,0.44,0.63,2025-05-12,0710,N20,VIIRS,n,2,301.47,6.03,D,0
30.44757,75.55556,334.19,0.49,0.65,2025-05-12,0710,N20,VIIRS,n,2,302.61,2.66,D,0
30.65605,76.35313,335.43,0.43,0.62,2025-05-12,0710,N20,VIIRS,l,2,306.42,2.04,D,0
30.57907,76.04685,334.36,0.45,0.63,2025-05-12,0710,N20,VIIRS,n,2,302.53,3.46,D,0
30.58465,76.04494,346.58,0.45,0.63,2025-05-12,0710,N20,VIIRS,n,2,301.8,3.46,D,0
30.57645,75.98838,334.74,0.46,0.63,2025-05-12,0710,N20,VIIRS,l,2,305.48,2.46,D,0
30.52917,75.77753,333.76,0.47,0.64,2025-05-12,0710,N20,VIIRS,n,2,303.75,3.04,D,0
30.52077,75.74447,330.89,0.47,0.64,2025-05-12,0710,N20,VIIRS,l,2,302.33,1.32,D,0
30.58188,75.96164,333.41,0.46,0.63,2025-05-12,0710,N20,VIIRS,n,2,303.26,1.81,D,0
30.53484,75.7756,335.53,0.47,0.64,2025-05-12,0710,N20,VIIRS,n,2,304.46,1.6,D,0
30.58402,75.94595,367,0.46,0.63,2025-05-12,0710,N20,VIIRS,h,2,303.03,9.13,D,0
30.58749,75.95973,331.51,0.46,0.63,2025-05-12,0710,N20,VIIRS,l,2,302.52,1.81,D,0
30.61817,76.03358,332.76,0.45,0.63,2025-05-12,0710,N20,VIIRS,l,2,304.13,4.81,D,0
30.52799,75.77456,341.61,0.47,0.64,2025-05-12,0710,N20,VIIRS,n,2,303.86,4.39,D,0
30.58303,75.96275,331.57,0.46,0.63,2025-05-12,0710,N20,VIIRS,l,2,302.86,1.72,D,0
30.58184,75.95819,332.9,0.46,0.63,2025-05-12,0710,N20,VIIRS,l,2,303.13,4.14,D,0
30.58509,75.94714,352.51,0.46,0.63,2025-05-12,0710,N20,VIIRS,n,2,301.62,4.87,D,0
30.58391,75.94255,338.74,0.46,0.63,2025-05-12,0710,N20,VIIRS,n,2,302.49,4.87,D,0
30.61979,76.03451,334.63,0.45,0.63,2025-05-12,0710,N20,VIIRS,n,2,303.2,5.26,D,0
30.60312,75.94605,367,0.46,0.63,2025-05-12,0710,N20,VIIRS,h,2,307.1,9.73,D,0
30.60401,75.92577,367,0.46,0.63,2025-05-12,0710,N20,VIIRS,h,2,306.1,14.13,D,0
30.60874,75.94415,340.41,0.46,0.63,2025-05-12,0710,N20,VIIRS,n,2,305.26,9.73,D,0
30.62023,75.96516,337.03,0.46,0.63,2025-05-12,0710,N20,VIIRS,n,2,304.92,3.47,D,0
30.66168,76.10358,335.16,0.45,0.63,2025-05-12,0710,N20,VIIRS,n,2,302.37,1.75,D,0
30.56441,75.7005,336.98,0.47,0.64,2025-05-12,0710,N20,VIIRS,n,2,302.16,2.04,D,0
30.64171,75.97774,339.43,0.45,0.63,2025-05-12,0710,N20,VIIRS,n,2,304.31,2.87,D,0
30.61525,75.82635,340.55,0.46,0.64,2025-05-12,0710,N20,VIIRS,n,2,303.95,4.93,D,0
30.61939,75.79451,343.21,0.47,0.64,2025-05-12,0710,N20,VIIRS,n,2,304.74,4.35,D,0
30.768,76.35891,367,0.43,0.62,2025-05-12,0710,N20,VIIRS,h,2,305.68,7.15,D,0
30.76908,76.36324,354.95,0.43,0.62,2025-05-12,0710,N20,VIIRS,n,2,303.84,6.75,D,0
30.53773,75.45221,351.64,0.49,0.65,2025-05-12,0710,N20,VIIRS,n,2,302.93,6.02,D,0
30.77455,76.36139,334.12,0.43,0.62,2025-05-12,0710,N20,VIIRS,n,2,303.18,6.75,D,0
30.77348,76.35708,333.69,0.43,0.62,2025-05-12,0710,N20,VIIRS,n,2,304.72,7.15,D,0
30.67181,75.95258,331.91,0.46,0.63,2025-05-12,0710,N20,VIIRS,l,2,303.76,4.16,D,0
30.67065,75.94801,342.8,0.46,0.63,2025-05-12,0710,N20,VIIRS,n,2,304.45,4.29,D,0
30.77139,76.32494,330.13,0.43,0.62,2025-05-12,0710,N20,VIIRS,l,2,303.81,2.76,D,0
30.77031,76.3206,337.27,0.43,0.62,2025-05-12,0710,N20,VIIRS,n,2,305.27,3.64,D,0
30.71397,76.09564,332.96,0.45,0.63,2025-05-12,0710,N20,VIIRS,l,2,303.19,1.98,D,0
30.71284,76.09116,332.2,0.45,0.63,2025-05-12,0710,N20,VIIRS,l,2,304.36,3.11,D,0
30.63396,75.7793,330.29,0.47,0.64,2025-05-12,0710,N20,VIIRS,l,2,302,0.77,D,0
30.63333,75.72837,332.86,0.47,0.64,2025-05-12,0710,N20,VIIRS,n,2,302.1,1.56,D,0
30.73622,76.1123,335.71,0.44,0.63,2025-05-12,0710,N20,VIIRS,n,2,302.75,3.22,D,0
30.71595,76.03142,352.06,0.45,0.63,2025-05-12,0710,N20,VIIRS,n,2,301.31,5.58,D,0
30.57157,75.46185,331.96,0.49,0.65,2025-05-12,0710,N20,VIIRS,n,2,301.74,7.47,D,0
30.6123,75.67189,331.37,0.47,0.64,2025-05-12,0710,N20,VIIRS,l,2,302.62,3.77,D,0
30.7117,76.03073,351.97,0.45,0.63,2025-05-12,0710,N20,VIIRS,n,2,301.56,5.05,D,0
30.6328,75.72665,332.86,0.47,0.64,2025-05-12,0710,N20,VIIRS,n,2,301.79,2.49,D,0
30.73803,76.1095,332.04,0.44,0.63,2025-05-12,0710,N20,VIIRS,l,2,303.85,3.87,D,0
30.572,75.47074,343.53,0.49,0.65,2025-05-12,0710,N20,VIIRS,n,2,301.78,6.83,D,0
30.56942,75.46095,331.81,0.49,0.65,2025-05-12,0710,N20,VIIRS,l,2,303.08,4.43,D,0
30.72843,76.0251,335.69,0.45,0.63,2025-05-12,0710,N20,VIIRS,n,2,304.01,3.39,D,0
30.70594,75.91409,367,0.46,0.63,2025-05-12,0710,N20,VIIRS,h,2,303.74,12.01,D,0
30.7806,76.1819,367,0.44,0.62,2025-05-12,0710,N20,VIIRS,h,2,303.97,9.35,D,0
30.77948,76.17749,332.39,0.44,0.62,2025-05-12,0710,N20,VIIRS,n,2,304.37,7.34,D,0
30.80397,76.25026,336.29,0.43,0.62,2025-05-12,0710,N20,VIIRS,n,2,303.19,1.93,D,0
30.83586,76.23476,333.94,0.43,0.62,2025-05-12,0710,N20,VIIRS,l,2,306.95,4.64,D,0
30.87182,76.35437,367,0.43,0.62,2025-05-12,0710,N20,VIIRS,h,2,305.89,9.99,D,0
30.87074,76.35006,367,0.43,0.62,2025-05-12,0710,N20,VIIRS,h,2,306.82,9.99,D,0
30.8762,76.34821,342.66,0.43,0.62,2025-05-12,0710,N20,VIIRS,n,2,305.83,5.64,D,0
30.84795,76.2354,353.66,0.43,0.62,2025-05-12,0710,N20,VIIRS,n,2,304.94,8.18,D,0
30.84686,76.23103,339.36,0.43,0.62,2025-05-12,0710,N20,VIIRS,n,2,306.78,7.08,D,0
30.8011,76.04932,332.15,0.45,0.63,2025-05-12,0710,N20,VIIRS,l,2,302.63,2.37,D,0
30.87411,76.31613,331.66,0.43,0.62,2025-05-12,0710,N20,VIIRS,n,2,301.59,4.45,D,0
30.83689,76.14365,333.65,0.44,0.62,2025-05-12,0710,N20,VIIRS,l,2,303.76,2.06,D,0
30.71507,75.66248,345.13,0.47,0.64,2025-05-12,0710,N20,VIIRS,n,2,302.03,4.01,D,0
30.66096,75.40258,367,0.49,0.65,2025-05-12,0710,N20,VIIRS,h,2,301.63,20.45,D,0
30.71503,75.6647,333.82,0.47,0.64,2025-05-12,0710,N20,VIIRS,n,2,300.62,5.24,D,0
30.66516,75.40376,335.64,0.49,0.65,2025-05-12,0710,N20,VIIRS,n,2,298.5,11.69,D,0
30.66387,75.39885,354.55,0.49,0.65,2025-05-12,0710,N20,VIIRS,n,2,300.57,18.15,D,0
30.89834,76.16255,343.42,0.44,0.62,2025-05-12,0710,N20,VIIRS,n,2,301.88,5.27,D,0
30.78077,75.70374,331.82,0.47,0.64,2025-05-12,0710,N20,VIIRS,l,2,302.43,5.16,D,0
30.79126,75.72056,332.62,0.47,0.64,2025-05-12,0710,N20,VIIRS,n,2,302.1,3.31,D,0
30.83614,75.67954,332.02,0.47,0.64,2025-05-12,0710,N20,VIIRS,l,2,302.98,2.49,D,0
30.81886,75.5876,338.6,0.47,0.64,2025-05-12,0710,N20,VIIRS,n,2,302.35,3.63,D,0
30.83647,75.68021,333.64,0.47,0.64,2025-05-12,0710,N20,VIIRS,n,2,302.47,2.61,D,0
30.81865,75.58855,332.6,0.47,0.64,2025-05-12,0710,N20,VIIRS,n,2,302.52,3.9,D,0
31.04581,76.18872,345.03,0.43,0.62,2025-05-12,0710,N20,VIIRS,n,2,302.52,4.12,D,0
31.0299,75.98278,331.41,0.44,0.63,2025-05-12,0710,N20,VIIRS,l,2,303.02,3.97,D,0
31.02877,75.97829,338.74,0.45,0.63,2025-05-12,0710,N20,VIIRS,n,2,305.62,4.5,D,0
31.10994,76.28587,330.11,0.42,0.61,2025-05-12,0710,N20,VIIRS,l,2,302.95,2.94,D,0
31.0311,75.97898,343.8,0.44,0.63,2025-05-12,0710,N20,VIIRS,n,2,305.7,3.52,D,0
30.95348,75.41845,367,0.48,0.65,2025-05-12,0710,N20,VIIRS,h,2,301.93,7.72,D,0
31.1809,76.1202,330.31,0.43,0.62,2025-05-12,0710,N20,VIIRS,l,2,303.64,2.07,D,0
31.09643,75.78423,334.26,0.46,0.63,2025-05-12,0710,N20,VIIRS,n,2,302.46,5.63,D,0
31.12046,75.85535,340.31,0.45,0.63,2025-05-12,0710,N20,VIIRS,n,2,303.32,1.96,D,0
31.14419,75.92574,355.92,0.45,0.63,2025-05-12,0710,N20,VIIRS,n,2,302.62,13.77,D,0
31.14306,75.92123,352.95,0.45,0.63,2025-05-12,0710,N20,VIIRS,n,2,308.24,13.6,D,0
31.14193,75.91673,348.64,0.45,0.63,2025-05-12,0710,N20,VIIRS,n,2,308.34,13.6,D,0
31.13664,76.00375,340.03,0.44,0.62,2025-05-12,0710,N20,VIIRS,n,2,308.12,4.55,D,0
31.17827,76.11872,330.14,0.43,0.62,2025-05-12,0710,N20,VIIRS,l,2,303.38,2.33,D,0
31.09287,75.78835,342.54,0.45,0.63,2025-05-12,0710,N20,VIIRS,n,2,303.15,4.03,D,0
31.14037,75.92488,331.85,0.45,0.63,2025-05-12,0710,N20,VIIRS,n,2,303.32,7.98,D,0
31.13921,75.92039,341.23,0.45,0.63,2025-05-12,0710,N20,VIIRS,n,2,306.27,7.98,D,0
31.12174,75.85278,340.74,0.45,0.63,2025-05-12,0710,N20,VIIRS,n,2,303.49,3.91,D,0
31.14592,75.92298,367,0.45,0.63,2025-05-12,0710,N20,VIIRS,h,2,305.19,7.98,D,0
31.14476,75.9185,353.19,0.45,0.63,2025-05-12,0710,N20,VIIRS,n,2,306.92,7.98,D,0
31.14361,75.91402,343.35,0.45,0.63,2025-05-12,0710,N20,VIIRS,n,2,306.54,8.02,D,0
31.2223,76.15111,342.63,0.43,0.62,2025-05-12,0710,N20,VIIRS,n,2,302.33,3.93,D,0
31.19189,75.98485,330.02,0.44,0.62,2025-05-12,0710,N20,VIIRS,l,2,303.04,2.5,D,0
31.07832,75.51945,367,0.47,0.64,2025-05-12,0710,N20,VIIRS,h,2,303.24,11.07,D,0
31.1744,75.86913,332.13,0.45,0.63,2025-05-12,0710,N20,VIIRS,l,2,303.13,1.59,D,0
31.2106,75.9639,351.16,0.44,0.62,2025-05-12,0710,N20,VIIRS,n,2,302.84,12.63,D,0
31.20947,75.95944,354.69,0.44,0.62,2025-05-12,0710,N20,VIIRS,n,2,307.64,16.18,D,0
31.12409,75.52934,340.12,0.47,0.64,2025-05-12,0710,N20,VIIRS,n,2,300.74,3.4,D,0
31.12301,75.5266,338.77,0.47,0.64,2025-05-12,0710,N20,VIIRS,n,2,301.67,4.77,D,0
31.21109,75.69929,334.82,0.46,0.63,2025-05-12,0710,N20,VIIRS,n,2,303.56,2.01,D,0
30.42719,76.00176,332.14,0.54,0.67,2025-05-12,0851,N20,VIIRS,n,2,301.72,5.16,D,0
30.42851,75.91723,333.54,0.53,0.67,2025-05-12,0851,N20,VIIRS,n,2,302.65,1.66,D,0
30.45394,76.24778,349.36,0.55,0.68,2025-05-12,0851,N20,VIIRS,n,2,302.17,10.11,D,0
30.43539,75.92804,348.16,0.53,0.67,2025-05-12,0851,N20,VIIRS,n,2,302.4,6.47,D,0
30.42582,75.76793,333.89,0.52,0.67,2025-05-12,0851,N20,VIIRS,n,2,303.22,3.7,D,0
30.42497,75.99882,343.46,0.54,0.68,2025-05-12,0851,N20,VIIRS,n,2,303,4.62,D,0
30.45018,76.24505,338.4,0.55,0.68,2025-05-12,0851,N20,VIIRS,n,2,302.25,5.06,D,0
30.43392,75.93056,345.46,0.53,0.67,2025-05-12,0851,N20,VIIRS,n,2,302.48,7.46,D,0
30.42533,75.77013,338.93,0.52,0.67,2025-05-12,0851,N20,VIIRS,n,2,303.16,3.12,D,0
30.45652,76.24466,344.71,0.55,0.68,2025-05-12,0851,N20,VIIRS,n,2,302.22,5.06,D,0
30.45032,75.77396,341.24,0.52,0.67,2025-05-12,0851,N20,VIIRS,n,2,303.29,2.87,D,0
30.48186,76.2431,332.42,0.55,0.68,2025-05-12,0851,N20,VIIRS,l,2,303.58,5.62,D,0
30.48759,76.23103,332.99,0.55,0.68,2025-05-12,0851,N20,VIIRS,n,2,301.61,4.98,D,0
30.47066,75.91696,334.93,0.53,0.67,2025-05-12,0851,N20,VIIRS,n,2,302.96,3.23,D,0
30.45916,75.4987,356.32,0.5,0.66,2025-05-12,0851,N20,VIIRS,n,2,301.83,7.1,D,0
30.46649,75.51935,331.48,0.5,0.66,2025-05-12,0851,N20,VIIRS,n,2,300.74,1.47,D,0
30.49131,75.73294,336.99,0.52,0.67,2025-05-12,0851,N20,VIIRS,n,2,301.25,3.46,D,0
30.51854,76.10135,335.44,0.54,0.68,2025-05-12,0851,N20,VIIRS,n,2,302.62,5.02,D,0
30.51822,76.09563,334.58,0.54,0.68,2025-05-12,0851,N20,VIIRS,n,2,302.89,5.82,D,0
30.48892,75.48615,334.47,0.5,0.66,2025-05-12,0851,N20,VIIRS,n,2,301,4.2,D,0
30.4886,75.48088,339.55,0.5,0.66,2025-05-12,0851,N20,VIIRS,n,2,302.12,5.37,D,0
30.53155,75.99771,348.22,0.54,0.68,2025-05-12,0851,N20,VIIRS,n,2,302.45,6.65,D,0
30.51953,75.79154,334.28,0.52,0.67,2025-05-12,0851,N20,VIIRS,n,2,303.97,3.5,D,0
30.54406,75.99696,332.71,0.54,0.68,2025-05-12,0851,N20,VIIRS,n,2,301.81,4.35,D,0
30.54373,75.99131,336.39,0.54,0.68,2025-05-12,0851,N20,VIIRS,n,2,302.84,3.92,D,0
30.53222,75.79626,345.78,0.52,0.67,2025-05-12,0851,N20,VIIRS,n,2,303.42,3.9,D,0
30.491,75.73171,344.92,0.52,0.67,2025-05-12,0851,N20,VIIRS,n,2,301.31,4.39,D,0
30.51595,76.10056,342.15,0.54,0.68,2025-05-12,0851,N20,VIIRS,n,2,302.06,6.66,D,0
30.48403,75.48499,346.99,0.5,0.66,2025-05-12,0851,N20,VIIRS,n,2,301.11,6.57,D,0
30.52959,75.9967,346.9,0.54,0.68,2025-05-12,0851,N20,VIIRS,n,2,302.29,6.32,D,0
30.5421,75.9959,340.21,0.54,0.68,2025-05-12,0851,N20,VIIRS,n,2,301.33,5.99,D,0
30.5315,75.79497,340.87,0.52,0.67,2025-05-12,0851,N20,VIIRS,n,2,303.95,4.65,D,0
30.52796,75.72924,331.04,0.52,0.67,2025-05-12,0851,N20,VIIRS,l,2,301.75,1.39,D,0
30.56446,76.18449,334.12,0.55,0.68,2025-05-12,0851,N20,VIIRS,n,2,300.47,5.57,D,0
30.55551,76.01209,334.56,0.54,0.68,2025-05-12,0851,N20,VIIRS,n,2,303.1,4.75,D,0
30.53999,75.72294,342.74,0.52,0.67,2025-05-12,0851,N20,VIIRS,n,2,301.69,5.97,D,0
30.57078,76.18413,351.2,0.55,0.68,2025-05-12,0851,N20,VIIRS,n,2,300.6,5.57,D,0
30.58588,75.99307,337.21,0.54,0.68,2025-05-12,0851,N20,VIIRS,n,2,302.48,4.55,D,0
30.57233,75.74821,332.13,0.52,0.67,2025-05-12,0851,N20,VIIRS,n,2,301.38,1.75,D,0
30.58966,75.94753,335.94,0.53,0.67,2025-05-12,0851,N20,VIIRS,n,2,302.59,3.6,D,0
30.58935,75.94189,336.63,0.53,0.67,2025-05-12,0851,N20,VIIRS,n,2,303.36,3.6,D,0
30.60806,75.94072,332.54,0.53,0.67,2025-05-12,0851,N20,VIIRS,l,2,304.39,5.15,D,0
30.58671,75.46733,330.68,0.5,0.66,2025-05-12,0851,N20,VIIRS,n,2,298.87,3.57,D,0
30.58639,75.46208,346.88,0.5,0.66,2025-05-12,0851,N20,VIIRS,n,2,299.07,3.57,D,0
30.64328,76.35108,330.26,0.56,0.69,2025-05-12,0851,N20,VIIRS,l,2,304.53,2.83,D,0
30.58706,75.37289,333.65,0.49,0.65,2025-05-12,0851,N20,VIIRS,n,2,300.72,2.51,D,0
30.61712,75.77281,367,0.52,0.67,2025-05-12,0851,N20,VIIRS,h,2,303.81,11.87,D,0
30.62935,75.98466,337.06,0.54,0.68,2025-05-12,0851,N20,VIIRS,n,2,302.06,4.52,D,0
30.62838,75.96769,346.21,0.53,0.67,2025-05-12,0851,N20,VIIRS,n,2,302.74,7.5,D,0
30.62754,75.73919,336.81,0.52,0.67,2025-05-12,0851,N20,VIIRS,n,2,302.07,5.87,D,0
30.62721,75.73373,341.97,0.52,0.67,2025-05-12,0851,N20,VIIRS,n,2,303.61,5.43,D,0
30.58168,75.46724,330.63,0.5,0.66,2025-05-12,0851,N20,VIIRS,n,2,299.79,5.27,D,0
30.58139,75.46198,351.81,0.5,0.66,2025-05-12,0851,N20,VIIRS,n,2,300.88,5.27,D,0
30.58264,75.37267,334.17,0.49,0.65,2025-05-12,0851,N20,VIIRS,n,2,300.69,4,D,0
30.63887,76.35183,333.25,0.56,0.69,2025-05-12,0851,N20,VIIRS,l,2,304.36,3.01,D,0
30.61629,75.77272,367,0.52,0.67,2025-05-12,0851,N20,VIIRS,h,2,303.02,11.65,D,0
30.62721,75.98487,338.1,0.54,0.68,2025-05-12,0851,N20,VIIRS,n,2,302.13,3.41,D,0
30.62635,75.96789,342.88,0.54,0.68,2025-05-12,0851,N20,VIIRS,n,2,302.44,5.13,D,0
30.62606,75.96223,332.51,0.54,0.67,2025-05-12,0851,N20,VIIRS,l,2,303.51,5.13,D,0
30.62691,75.73899,335.41,0.52,0.67,2025-05-12,0851,N20,VIIRS,n,2,301.71,8.58,D,0
30.62662,75.73352,345.18,0.52,0.67,2025-05-12,0851,N20,VIIRS,n,2,303.39,8.17,D,0
30.68415,76.36108,334.35,0.57,0.69,2025-05-12,0851,N20,VIIRS,l,2,304.44,3.04,D,0
30.69662,76.35433,337.43,0.57,0.69,2025-05-12,0851,N20,VIIRS,n,2,303.95,3.23,D,0
30.66919,75.7197,341.18,0.52,0.67,2025-05-12,0851,N20,VIIRS,n,2,300.37,5.14,D,0
30.66615,75.66527,343.53,0.51,0.66,2025-05-12,0851,N20,VIIRS,n,2,300.32,7.39,D,0
30.6631,75.61125,332.07,0.51,0.66,2025-05-12,0851,N20,VIIRS,n,2,301.49,4.43,D,0
30.67597,75.73025,332.99,0.52,0.67,2025-05-12,0851,N20,VIIRS,n,2,300.53,5.39,D,0
30.67168,75.65404,340.68,0.51,0.66,2025-05-12,0851,N20,VIIRS,n,2,301.06,5.3,D,0
30.66984,75.62161,330.69,0.51,0.66,2025-05-12,0851,N20,VIIRS,l,2,301.55,5.7,D,0
30.66954,75.61624,343.1,0.51,0.66,2025-05-12,0851,N20,VIIRS,n,2,303.04,5.7,D,0
30.67597,75.62121,335.61,0.51,0.66,2025-05-12,0851,N20,VIIRS,n,2,300.38,2.28,D,0
30.70541,75.92323,367,0.53,0.67,2025-05-12,0851,N20,VIIRS,h,2,304,10.65,D,0
30.71511,75.98508,331.48,0.54,0.68,2025-05-12,0851,N20,VIIRS,n,2,300.71,2.63,D,0
30.70347,75.77804,337.53,0.52,0.67,2025-05-12,0851,N20,VIIRS,n,2,301.18,5.65,D,0
30.70999,75.92197,351.69,0.53,0.67,2025-05-12,0851,N20,VIIRS,n,2,304.01,7.55,D,0
30.70298,75.78249,330.23,0.52,0.67,2025-05-12,0851,N20,VIIRS,l,2,300.98,2.82,D,0
30.7027,75.77697,332.08,0.52,0.67,2025-05-12,0851,N20,VIIRS,n,2,301.76,3.18,D,0
30.71932,75.98386,334.6,0.54,0.68,2025-05-12,0851,N20,VIIRS,n,2,300.49,2.43,D,0
30.74643,76.14948,330.38,0.55,0.68,2025-05-12,0851,N20,VIIRS,l,2,300.66,3.13,D,0
30.74385,76.09727,337.98,0.55,0.68,2025-05-12,0851,N20,VIIRS,n,2,303.68,4.52,D,0
30.78781,76.34239,344.99,0.57,0.69,2025-05-12,0851,N20,VIIRS,n,2,305.33,5.77,D,0
30.78633,76.3125,343.85,0.56,0.69,2025-05-12,0851,N20,VIIRS,n,2,304.21,3.8,D,0
30.78514,76.28868,339.17,0.56,0.69,2025-05-12,0851,N20,VIIRS,n,2,306.57,4.52,D,0
30.76702,75.93528,331.75,0.53,0.67,2025-05-12,0851,N20,VIIRS,l,2,303.35,3.68,D,0
30.79539,76.36602,336.06,0.57,0.69,2025-05-12,0851,N20,VIIRS,n,2,305.35,3.19,D,0
30.84629,76.2376,331.49,0.56,0.69,2025-05-12,0851,N20,VIIRS,l,2,303.43,3.67,D,0
30.82725,76.05479,334.48,0.54,0.68,2025-05-12,0851,N20,VIIRS,n,2,303.83,1.27,D,0
30.81776,75.50513,332.11,0.5,0.66,2025-05-12,0851,N20,VIIRS,n,2,297.63,0.85,D,0
30.90267,75.5965,349.83,0.51,0.66,2025-05-12,0851,N20,VIIRS,n,2,302.47,5.89,D,0
30.90279,75.59512,345.35,0.51,0.66,2025-05-12,0851,N20,VIIRS,n,2,302.63,6.2,D,0
30.90603,75.4231,331.71,0.5,0.66,2025-05-12,0851,N20,VIIRS,n,2,300.05,1.87,D,0
31.00453,75.87713,337.22,0.53,0.67,2025-05-12,0851,N20,VIIRS,n,2,299.11,1.01,D,0
30.99178,75.53517,356.17,0.51,0.66,2025-05-12,0851,N20,VIIRS,n,2,301.97,6.16,D,0
30.99147,75.52979,333.33,0.51,0.66,2025-05-12,0851,N20,VIIRS,n,2,301.87,6.16,D,0
31.04403,76.26467,332.28,0.56,0.69,2025-05-12,0851,N20,VIIRS,n,2,300.43,2.65,D,0
31.03853,76.04124,337.08,0.54,0.68,2025-05-12,0851,N20,VIIRS,n,2,303.57,5.39,D,0
31.03822,76.03546,344.11,0.54,0.68,2025-05-12,0851,N20,VIIRS,n,2,305.03,6.41,D,0
31.0212,75.41014,347.4,0.5,0.66,2025-05-12,0851,N20,VIIRS,n,2,301.37,5.98,D,0
31.04769,75.75636,348.83,0.52,0.67,2025-05-12,0851,N20,VIIRS,n,2,302.23,6.07,D,0
31.02983,75.45216,333,0.5,0.66,2025-05-12,0851,N20,VIIRS,n,2,300.05,2.89,D,0
31.03527,75.44115,337.38,0.5,0.66,2025-05-12,0851,N20,VIIRS,n,2,301.95,5.89,D,0
31.046,76.26199,345.18,0.56,0.69,2025-05-12,0851,N20,VIIRS,n,2,302.59,6.83,D,0
31.03551,76.03868,343.4,0.55,0.68,2025-05-12,0851,N20,VIIRS,n,2,303.33,7.81,D,0
31.04181,76.03828,334.76,0.55,0.68,2025-05-12,0851,N20,VIIRS,n,2,303.97,3.08,D,0
31.02204,75.40677,345.39,0.5,0.66,2025-05-12,0851,N20,VIIRS,n,2,302.14,5.98,D,0
31.04642,75.75337,352.64,0.52,0.67,2025-05-12,0851,N20,VIIRS,n,2,302.6,6.65,D,0
31.02983,75.43822,340.85,0.5,0.66,2025-05-12,0851,N20,VIIRS,n,2,302.15,4.61,D,0
31.06034,75.66378,331.72,0.52,0.67,2025-05-12,0851,N20,VIIRS,l,2,303.05,2.59,D,0
31.12871,76.0097,354.08,0.54,0.68,2025-05-12,0851,N20,VIIRS,n,2,305.22,5.9,D,0
31.12165,75.87819,348.29,0.53,0.67,2025-05-12,0851,N20,VIIRS,n,2,305.14,7.66,D,0
31.12134,75.87254,335.47,0.53,0.67,2025-05-12,0851,N20,VIIRS,n,2,305.93,6.07,D,0
31.135,76.00932,349.36,0.54,0.68,2025-05-12,0851,N20,VIIRS,n,2,304.96,5.9,D,0
31.13469,76.00356,334.52,0.54,0.68,2025-05-12,0851,N20,VIIRS,l,2,308.15,5.9,D,0
31.13725,75.93429,332.78,0.54,0.68,2025-05-12,0851,N20,VIIRS,n,2,303.39,2.77,D,0
31.13662,75.92288,336.57,0.54,0.68,2025-05-12,0851,N20,VIIRS,n,2,306.6,4.89,D,0
31.14319,75.9282,367,0.54,0.68,2025-05-12,0851,N20,VIIRS,h,2,304.08,4.89,D,0
31.14288,75.92251,332.32,0.54,0.68,2025-05-12,0851,N20,VIIRS,n,2,306.64,4.89,D,0
31.1687,76.16544,344.07,0.56,0.68,2025-05-12,0851,N20,VIIRS,n,2,304.86,6.11,D,0
31.16485,75.97874,349.4,0.54,0.68,2025-05-12,0851,N20,VIIRS,n,2,306.93,6.01,D,0
31.15381,75.67446,333.48,0.52,0.67,2025-05-12,0851,N20,VIIRS,l,2,304.49,2.35,D,0
31.13254,76.01139,350.52,0.54,0.68,2025-05-12,0851,N20,VIIRS,n,2,304.19,9.49,D,0
31.13227,76.00562,351.67,0.54,0.68,2025-05-12,0851,N20,VIIRS,n,2,307.6,9.49,D,0
31.14123,75.93009,335.22,0.54,0.68,2025-05-12,0851,N20,VIIRS,n,2,302.93,3.65,D,0
31.14096,75.92439,342.23,0.54,0.68,2025-05-12,0851,N20,VIIRS,n,2,306.15,3.65,D,0
31.14721,75.924,332.84,0.54,0.68,2025-05-12,0851,N20,VIIRS,l,2,305.15,3.65,D,0
31.17163,76.16727,338.37,0.56,0.69,2025-05-12,0851,N20,VIIRS,n,2,303.62,5.7,D,0
31.16885,75.98025,342.25,0.54,0.68,2025-05-12,0851,N20,VIIRS,n,2,304.56,4.65,D,0
31.16102,75.70311,342.1,0.52,0.67,2025-05-12,0851,N20,VIIRS,n,2,303.66,2.57,D,0
31.20594,75.96645,336.07,0.54,0.68,2025-05-12,0851,N20,VIIRS,n,2,304.76,4.82,D,0
31.25102,76.10345,338.59,0.55,0.68,2025-05-12,0851,N20,VIIRS,n,2,303.56,4.07,D,0
30.42502,76.102,345.69,0.56,0.51,2025-05-13,0832,N20,VIIRS,n,2,307.8,18.47,D,0
30.44171,76.02361,336.45,0.55,0.51,2025-05-13,0832,N20,VIIRS,n,2,304.57,2.64,D,0
30.4335,75.88543,340.27,0.54,0.51,2025-05-13,0832,N20,VIIRS,n,2,302.23,3.44,D,0
30.45438,76.32434,332.91,0.58,0.52,2025-05-13,0832,N20,VIIRS,l,2,304.05,2.57,D,0
30.43832,76.0211,338.15,0.55,0.51,2025-05-13,0832,N20,VIIRS,n,2,305.99,4.44,D,0
30.43573,75.88214,336.03,0.54,0.51,2025-05-13,0832,N20,VIIRS,n,2,301.98,3.53,D,0
30.44106,75.62749,334.43,0.53,0.5,2025-05-13,0832,N20,VIIRS,n,2,303.19,2.6,D,0
30.48083,76.01622,345.89,0.55,0.51,2025-05-13,0832,N20,VIIRS,n,2,307.61,8.83,D,0
30.47108,75.90686,346.02,0.55,0.51,2025-05-13,0832,N20,VIIRS,n,2,305.38,7.03,D,0
30.46252,75.70865,335.81,0.53,0.5,2025-05-13,0832,N20,VIIRS,n,2,304.1,3.83,D,0
30.45794,75.65887,336.5,0.53,0.5,2025-05-13,0832,N20,VIIRS,n,2,302.66,2.86,D,0
30.45743,75.65335,344.99,0.53,0.5,2025-05-13,0832,N20,VIIRS,n,2,304.53,7.8,D,0
30.43324,75.39376,355.67,0.51,0.49,2025-05-13,0832,N20,VIIRS,n,2,303.47,9.34,D,0
30.46052,75.63631,347.85,0.53,0.5,2025-05-13,0832,N20,VIIRS,n,2,303.99,7.2,D,0
30.47538,75.74653,342.97,0.53,0.5,2025-05-13,0832,N20,VIIRS,n,2,304.28,5.61,D,0
30.48054,75.70091,345.94,0.53,0.5,2025-05-13,0832,N20,VIIRS,n,2,304.24,5.88,D,0
30.47229,75.56301,337.4,0.52,0.5,2025-05-13,0832,N20,VIIRS,n,2,303.03,4.06,D,0
30.51805,75.9536,340.63,0.55,0.51,2025-05-13,0832,N20,VIIRS,n,2,306.93,5.11,D,0
30.5312,75.9929,345.55,0.55,0.51,2025-05-13,0832,N20,VIIRS,n,2,308.61,16.99,D,0
30.50065,75.47215,336.97,0.51,0.5,2025-05-13,0832,N20,VIIRS,n,2,302.62,3.67,D,0
30.53294,75.99622,345.17,0.55,0.51,2025-05-13,0832,N20,VIIRS,n,2,307.17,10.53,D,0
30.53245,75.99043,336.69,0.55,0.51,2025-05-13,0832,N20,VIIRS,l,2,306.91,8.22,D,0
30.50069,75.46944,336.18,0.51,0.5,2025-05-13,0832,N20,VIIRS,n,2,304,4.36,D,0
30.5621,76.05756,350.45,0.56,0.51,2025-05-13,0832,N20,VIIRS,n,2,305.31,10.05,D,0
30.55655,75.99351,339.34,0.55,0.51,2025-05-13,0832,N20,VIIRS,n,2,305.93,4.32,D,0
30.5064,75.43074,333.47,0.51,0.5,2025-05-13,0832,N20,VIIRS,n,2,302.54,2.8,D,0
30.57346,76.13358,335.08,0.57,0.52,2025-05-13,0832,N20,VIIRS,n,2,303.65,4.37,D,0
30.56305,75.64391,344.94,0.53,0.5,2025-05-13,0832,N20,VIIRS,n,2,303.15,11.93,D,0
30.56255,75.63839,342.26,0.53,0.5,2025-05-13,0832,N20,VIIRS,n,2,303.46,11.93,D,0
30.60536,75.95284,349.08,0.55,0.51,2025-05-13,0832,N20,VIIRS,n,2,306.57,6.65,D,0
30.57487,75.57028,331.13,0.52,0.5,2025-05-13,0832,N20,VIIRS,l,2,301.7,2.26,D,0
30.67345,76.33479,334.85,0.58,0.52,2025-05-13,0832,N20,VIIRS,l,2,306.41,3.62,D,0
30.62136,75.76674,349.24,0.54,0.51,2025-05-13,0832,N20,VIIRS,n,2,312.42,29.2,D,0
30.65489,76.07676,338.74,0.56,0.52,2025-05-13,0832,N20,VIIRS,n,2,305.74,3.82,D,0
30.62708,75.77745,354.78,0.54,0.51,2025-05-13,0832,N20,VIIRS,n,2,307.17,13.16,D,0
30.60813,75.57744,341.01,0.52,0.5,2025-05-13,0832,N20,VIIRS,n,2,302.98,2.79,D,0
30.636,75.8221,346.14,0.54,0.51,2025-05-13,0832,N20,VIIRS,n,2,307.14,7.36,D,0
30.63227,75.78255,341.43,0.54,0.51,2025-05-13,0832,N20,VIIRS,n,2,305.86,5.16,D,0
30.63174,75.77692,343.06,0.54,0.51,2025-05-13,0832,N20,VIIRS,n,2,306.85,5.16,D,0
30.63207,75.96587,335.24,0.55,0.51,2025-05-13,0832,N20,VIIRS,l,2,306.96,2.81,D,0
30.61956,75.76534,351.58,0.54,0.51,2025-05-13,0832,N20,VIIRS,n,2,310.34,28.67,D,0
30.67256,76.33376,336.32,0.58,0.52,2025-05-13,0832,N20,VIIRS,l,2,306.8,4.73,D,0
30.60759,75.57576,338.88,0.52,0.5,2025-05-13,0832,N20,VIIRS,n,2,303.15,3.82,D,0
30.65572,76.0753,338.87,0.56,0.52,2025-05-13,0832,N20,VIIRS,n,2,305.68,3.72,D,0
30.63382,75.82082,352.04,0.54,0.51,2025-05-13,0832,N20,VIIRS,n,2,306.98,9.75,D,0
30.63036,75.78117,348.2,0.54,0.51,2025-05-13,0832,N20,VIIRS,n,2,306.22,12.46,D,0
30.62987,75.77554,348.44,0.54,0.51,2025-05-13,0832,N20,VIIRS,n,2,307.74,17.41,D,0
30.681,76.09025,331.95,0.56,0.52,2025-05-13,0832,N20,VIIRS,l,2,303.32,3.58,D,0
30.66779,75.93838,335.76,0.55,0.51,2025-05-13,0832,N20,VIIRS,n,2,304.37,5.27,D,0
30.66729,75.93261,345.86,0.55,0.51,2025-05-13,0832,N20,VIIRS,n,2,309.93,8.61,D,0
30.64568,75.68864,333.19,0.53,0.5,2025-05-13,0832,N20,VIIRS,l,2,303.66,3.19,D,0
30.67416,75.9027,341.01,0.55,0.51,2025-05-13,0832,N20,VIIRS,n,2,308.71,7.85,D,0
30.72282,76.40886,336.32,0.59,0.53,2025-05-13,0832,N20,VIIRS,n,2,300.82,4.36,D,0
30.7223,76.40269,338.4,0.59,0.53,2025-05-13,0832,N20,VIIRS,n,2,302.72,4.36,D,0
30.69487,76.02931,334.21,0.56,0.51,2025-05-13,0832,N20,VIIRS,l,2,304.93,2.56,D,0
30.66626,75.70881,336.05,0.53,0.5,2025-05-13,0832,N20,VIIRS,n,2,304.74,4.19,D,0
30.71162,76.11068,331.61,0.57,0.52,2025-05-13,0832,N20,VIIRS,n,2,301.12,2.76,D,0
30.73216,76.29021,330.41,0.58,0.52,2025-05-13,0832,N20,VIIRS,l,2,301.63,1.29,D,0
30.71169,76.05698,333.96,0.56,0.52,2025-05-13,0832,N20,VIIRS,l,2,304.98,2.88,D,0
30.68225,75.72959,332.87,0.54,0.51,2025-05-13,0832,N20,VIIRS,l,2,303.53,3.08,D,0
30.68019,75.70717,342.45,0.53,0.5,2025-05-13,0832,N20,VIIRS,n,2,303.73,4.82,D,0
30.67662,75.66811,334.97,0.53,0.5,2025-05-13,0832,N20,VIIRS,l,2,305.98,6.45,D,0
30.67153,75.61271,337.41,0.53,0.5,2025-05-13,0832,N20,VIIRS,n,2,304.12,4.66,D,0
30.70601,75.93986,341.06,0.55,0.51,2025-05-13,0832,N20,VIIRS,n,2,308.98,7.56,D,0
30.75304,76.36201,333.91,0.59,0.53,2025-05-13,0832,N20,VIIRS,n,2,303.22,2.6,D,0
30.71387,75.92145,344.28,0.55,0.51,2025-05-13,0832,N20,VIIRS,n,2,308.93,9.41,D,0
30.69156,75.67763,333.81,0.53,0.5,2025-05-13,0832,N20,VIIRS,l,2,304.75,2.24,D,0
30.75788,76.36149,331.43,0.59,0.53,2025-05-13,0832,N20,VIIRS,l,2,302.62,2.6,D,0
30.68538,75.561,335.97,0.52,0.5,2025-05-13,0832,N20,VIIRS,n,2,303.12,3.05,D,0
30.77707,76.24852,340.51,0.58,0.52,2025-05-13,0832,N20,VIIRS,n,2,302.97,5.79,D,0
30.70977,75.47543,349.56,0.52,0.5,2025-05-13,0832,N20,VIIRS,n,2,302.78,7.06,D,0
30.7966,76.35726,332.43,0.59,0.53,2025-05-13,0832,N20,VIIRS,l,2,304.52,2.61,D,0
30.76922,76.0565,341.15,0.56,0.52,2025-05-13,0832,N20,VIIRS,n,2,305.52,4.93,D,0
30.75733,75.92818,338.78,0.55,0.51,2025-05-13,0832,N20,VIIRS,l,2,309.16,4.25,D,0
30.7238,75.57314,344,0.52,0.5,2025-05-13,0832,N20,VIIRS,n,2,303.94,5.02,D,0
30.74999,76.10425,331.63,0.57,0.52,2025-05-13,0832,N20,VIIRS,l,2,303.06,1.99,D,0
30.77636,76.24651,339.49,0.58,0.52,2025-05-13,0832,N20,VIIRS,n,2,301.41,3.16,D,0
30.71001,75.4782,333.86,0.52,0.5,2025-05-13,0832,N20,VIIRS,n,2,301.94,4.19,D,0
30.70952,75.47277,343.1,0.52,0.5,2025-05-13,0832,N20,VIIRS,n,2,302.55,4.19,D,0
30.72338,75.57613,346.14,0.53,0.5,2025-05-13,0832,N20,VIIRS,n,2,304.18,7.62,D,0
30.79516,76.35538,335.08,0.59,0.53,2025-05-13,0832,N20,VIIRS,n,2,304.38,1.53,D,0
30.77029,76.06008,335.33,0.56,0.52,2025-05-13,0832,N20,VIIRS,n,2,303.49,1.81,D,0
30.78081,76.07082,334.32,0.56,0.52,2025-05-13,0832,N20,VIIRS,l,2,305.79,2.89,D,0
30.77777,76.03544,344.85,0.56,0.52,2025-05-13,0832,N20,VIIRS,n,2,307.08,5.74,D,0
30.79047,76.0162,348.44,0.56,0.51,2025-05-13,0832,N20,VIIRS,n,2,307.18,8.58,D,0
30.82887,76.12539,340.45,0.57,0.52,2025-05-13,0832,N20,VIIRS,n,2,302.15,6.31,D,0
30.77266,75.45425,330.04,0.52,0.5,2025-05-13,0832,N20,VIIRS,l,2,301.25,1.29,D,0
30.85596,76.32388,349.07,0.58,0.52,2025-05-13,0832,N20,VIIRS,n,2,305.89,6.51,D,0
30.84,76.1422,333.46,0.57,0.52,2025-05-13,0832,N20,VIIRS,l,2,305,6.84,D,0
30.83948,76.13624,343.29,0.57,0.52,2025-05-13,0832,N20,VIIRS,n,2,305,6.84,D,0
30.77673,75.4483,351.87,0.52,0.5,2025-05-13,0832,N20,VIIRS,n,2,302.03,10.81,D,0
30.77571,75.43746,344.64,0.52,0.5,2025-05-13,0832,N20,VIIRS,n,2,300.48,6.36,D,0
30.8608,76.32336,333.58,0.58,0.52,2025-05-13,0832,N20,VIIRS,l,2,304.31,6.51,D,0
30.83685,76.05258,333.06,0.56,0.52,2025-05-13,0832,N20,VIIRS,l,2,304.1,2.83,D,0
30.84372,76.07573,333.3,0.56,0.52,2025-05-13,0832,N20,VIIRS,n,2,303.15,2.59,D,0
30.83469,75.92282,333.46,0.55,0.51,2025-05-13,0832,N20,VIIRS,l,2,305.89,3.13,D,0
30.8049,75.60001,346.37,0.53,0.5,2025-05-13,0832,N20,VIIRS,n,2,305.12,6.08,D,0
30.83512,75.82391,341.55,0.54,0.51,2025-05-13,0832,N20,VIIRS,n,2,305.71,5.97,D,0
30.83735,75.82207,334.98,0.55,0.51,2025-05-13,0832,N20,VIIRS,n,2,304.76,6.65,D,0
30.84903,75.63235,333.7,0.53,0.5,2025-05-13,0832,N20,VIIRS,l,2,306.64,3.27,D,0
30.90617,75.74504,344.38,0.54,0.51,2025-05-13,0832,N20,VIIRS,n,2,306.55,4.68,D,0
30.89079,75.52669,336.53,0.52,0.5,2025-05-13,0832,N20,VIIRS,n,2,306.41,4.93,D,0
30.91343,75.67009,338.33,0.53,0.5,2025-05-13,0832,N20,VIIRS,n,2,306.88,3.88,D,0
30.98909,76.01859,347.71,0.56,0.52,2025-05-13,0832,N20,VIIRS,n,2,305.22,8.95,D,0
30.95105,75.5828,335.39,0.53,0.5,2025-05-13,0832,N20,VIIRS,l,2,305.82,3.35,D,0
30.96966,75.53022,339.45,0.53,0.5,2025-05-13,0832,N20,VIIRS,n,2,302.37,2.93,D,0
31.00798,75.79871,339.05,0.55,0.51,2025-05-13,0832,N20,VIIRS,l,2,309.86,6.5,D,0
31.02095,75.89059,334,0.55,0.51,2025-05-13,0832,N20,VIIRS,l,2,304.43,11.33,D,0
31.02042,75.88477,351.95,0.55,0.51,2025-05-13,0832,N20,VIIRS,n,2,309.18,11.33,D,0
31.04977,76.16272,334.66,0.57,0.52,2025-05-13,0832,N20,VIIRS,l,2,305.17,2.48,D,0
31.02566,75.89002,338.45,0.55,0.51,2025-05-13,0832,N20,VIIRS,n,2,302.02,11.33,D,0
31.02514,75.8842,343.84,0.55,0.51,2025-05-13,0832,N20,VIIRS,n,2,307.76,11.33,D,0
31.01995,75.82639,339.92,0.55,0.51,2025-05-13,0832,N20,VIIRS,n,2,305.39,4.29,D,0
31.02413,75.82008,343.54,0.55,0.51,2025-05-13,0832,N20,VIIRS,n,2,306.47,4.35,D,0
31.06523,76.17314,342.52,0.58,0.52,2025-05-13,0832,N20,VIIRS,n,2,302.83,5.07,D,0
31.06469,76.16709,333.19,0.57,0.52,2025-05-13,0832,N20,VIIRS,l,2,303.72,5.07,D,0
31.00193,75.47633,335.16,0.52,0.5,2025-05-13,0832,N20,VIIRS,n,2,304.15,4.7,D,0
31.03038,75.73268,341.74,0.54,0.51,2025-05-13,0832,N20,VIIRS,n,2,308.1,5.26,D,0
31.03185,75.64671,353.66,0.53,0.5,2025-05-13,0832,N20,VIIRS,n,2,307.33,11.33,D,0
31.05975,75.89785,330.63,0.55,0.51,2025-05-13,0832,N20,VIIRS,l,2,300.96,1.99,D,0
31.05921,75.89202,330.81,0.55,0.51,2025-05-13,0832,N20,VIIRS,l,2,301.8,1.99,D,0
31.01921,75.41354,343.97,0.52,0.5,2025-05-13,0832,N20,VIIRS,n,2,304.96,7.05,D,0
31.01869,75.40808,333.4,0.52,0.5,2025-05-13,0832,N20,VIIRS,l,2,304.21,7.05,D,0
31.04042,75.53865,335.14,0.53,0.5,2025-05-13,0832,N20,VIIRS,l,2,308.95,4.25,D,0
31.03032,75.64534,349.75,0.54,0.5,2025-05-13,0832,N20,VIIRS,n,2,307.51,11.19,D,0
31.06124,75.89635,338.17,0.55,0.51,2025-05-13,0832,N20,VIIRS,n,2,301.25,3.64,D,0
31.01923,75.41174,351.34,0.52,0.5,2025-05-13,0832,N20,VIIRS,n,2,306.5,12.93,D,0
31.0744,75.88306,337.68,0.55,0.51,2025-05-13,0832,N20,VIIRS,n,2,303.29,2.33,D,0
31.06966,75.61233,336.6,0.53,0.5,2025-05-13,0832,N20,VIIRS,l,2,306.64,3.48,D,0
31.06817,75.59551,351.58,0.53,0.5,2025-05-13,0832,N20,VIIRS,n,2,308.63,13.52,D,0
31.08813,75.66136,350.29,0.54,0.51,2025-05-13,0832,N20,VIIRS,n,2,306.91,12.56,D,0
31.08762,75.65571,336.45,0.54,0.51,2025-05-13,0832,N20,VIIRS,n,2,305.23,7.26,D,0
31.10041,75.74605,332.9,0.54,0.51,2025-05-13,0832,N20,VIIRS,n,2,302.79,1.67,D,0
31.12565,75.97791,338.65,0.56,0.52,2025-05-13,0832,N20,VIIRS,n,2,303.36,2.92,D,0
31.09744,75.66026,342.81,0.54,0.51,2025-05-13,0832,N20,VIIRS,n,2,304.64,7.18,D,0
31.09693,75.65462,344.01,0.54,0.51,2025-05-13,0832,N20,VIIRS,n,2,305.03,5.42,D,0
31.13941,75.91695,345.2,0.56,0.51,2025-05-13,0832,N20,VIIRS,n,2,306.69,10.21,D,0
31.13889,75.91109,342.66,0.56,0.51,2025-05-13,0832,N20,VIIRS,n,2,305.81,10.21,D,0
31.10988,75.43954,349.64,0.52,0.5,2025-05-13,0832,N20,VIIRS,n,2,305.57,10.98,D,0
31.17963,76.09835,344.36,0.57,0.52,2025-05-13,0832,N20,VIIRS,n,2,304.69,6.47,D,0
31.17414,75.93085,338.38,0.56,0.51,2025-05-13,0832,N20,VIIRS,n,2,303.59,3.05,D,0
31.15182,75.68832,333.75,0.54,0.51,2025-05-13,0832,N20,VIIRS,n,2,302.98,2.3,D,0
31.17888,75.93033,346.84,0.56,0.51,2025-05-13,0832,N20,VIIRS,n,2,306.87,29.79,D,0
31.17834,75.92445,344.6,0.56,0.51,2025-05-13,0832,N20,VIIRS,n,2,304.84,12.77,D,0
31.15861,75.71053,332.52,0.54,0.51,2025-05-13,0832,N20,VIIRS,l,2,303.28,1.67,D,0
31.20259,76.13845,342.15,0.57,0.52,2025-05-13,0832,N20,VIIRS,n,2,305.35,7.19,D,0
31.15163,75.5858,332.87,0.53,0.5,2025-05-13,0832,N20,VIIRS,l,2,303.97,3.02,D,0
31.17941,76.0964,338.74,0.57,0.52,2025-05-13,0832,N20,VIIRS,n,2,304.32,3.67,D,0
31.14961,75.68629,336.52,0.54,0.51,2025-05-13,0832,N20,VIIRS,n,2,303.2,3.69,D,0
31.17502,75.92863,355.67,0.56,0.51,2025-05-13,0832,N20,VIIRS,n,2,306,21.24,D,0
31.17976,75.92809,354.9,0.56,0.51,2025-05-13,0832,N20,VIIRS,n,2,304.42,16.24,D,0
31.16092,75.70798,330.98,0.54,0.51,2025-05-13,0832,N20,VIIRS,l,2,302.26,1.82,D,0
31.15059,75.58919,336.38,0.53,0.5,2025-05-13,0832,N20,VIIRS,n,2,303.85,1.69,D,0
31.20208,76.1365,344.11,0.57,0.52,2025-05-13,0832,N20,VIIRS,n,2,306.02,5.51,D,0
31.18543,75.82711,331.42,0.55,0.51,2025-05-13,0832,N20,VIIRS,l,2,304.71,3.17,D,0
31.19839,75.8668,333.6,0.55,0.51,2025-05-13,0832,N20,VIIRS,l,2,304.43,2.57,D,0
31.22762,76.15199,332.22,0.58,0.52,2025-05-13,0832,N20,VIIRS,l,2,306.43,2.82,D,0
31.17394,75.53561,345.4,0.53,0.5,2025-05-13,0832,N20,VIIRS,n,2,305.17,5.97,D,0
31.21788,75.81754,333.9,0.55,0.51,2025-05-13,0832,N20,VIIRS,l,2,305.64,3.85,D,0
31.24747,76.10085,344.71,0.57,0.52,2025-05-13,0832,N20,VIIRS,n,2,307.77,8.74,D,0
31.25338,76.05775,331.6,0.57,0.52,2025-05-13,0832,N20,VIIRS,l,2,305.86,2.05,D,0
31.25129,76.03382,337.48,0.57,0.52,2025-05-13,0832,N20,VIIRS,n,2,305.85,5.31,D,0
31.29359,75.96889,344.72,0.56,0.52,2025-05-13,0832,N20,VIIRS,n,2,307.47,5.41,D,0
31.29435,75.96752,342.83,0.56,0.52,2025-05-13,0832,N20,VIIRS,n,2,307.11,5.39,D,0
31.30111,75.99071,332.76,0.56,0.52,2025-05-13,0832,N20,VIIRS,l,2,305.43,3.2,D,0
31.10892,75.96326,308.7,0.47,0.4,2025-05-13,2056,N20,VIIRS,n,2,293.72,0.83,N,0
31.11197,75.96189,303.93,0.47,0.4,2025-05-13,2056,N20,VIIRS,n,2,293.5,0.8,N,0
31.10839,75.96098,310.83,0.47,0.4,2025-05-13,2056,N20,VIIRS,n,2,293.52,0.8,N,0
31.10036,75.88332,313.18,0.47,0.39,2025-05-13,2056,N20,VIIRS,n,2,294.54,1.12,N,0
31.09946,75.88811,306.58,0.47,0.39,2025-05-13,2056,N20,VIIRS,n,2,293.7,1.12,N,0
31.07453,75.72229,306.26,0.46,0.39,2025-05-13,2056,N20,VIIRS,n,2,293.71,1.26,N,0
31.01352,75.94714,311.05,0.47,0.4,2025-05-13,2056,N20,VIIRS,n,2,294.25,0.93,N,0
30.83394,76.03436,304.41,0.48,0.4,2025-05-13,2056,N20,VIIRS,n,2,293.7,0.73,N,0
30.82656,75.40371,306.98,0.45,0.39,2025-05-13,2056,N20,VIIRS,n,2,293.98,0.62,N,0
30.64171,75.74934,306.83,0.47,0.39,2025-05-13,2056,N20,VIIRS,n,2,294.4,1.16,N,0
30.45823,76.41853,343.45,0.48,0.4,2025-05-14,0813,N20,VIIRS,l,2,317.38,7.92,D,0
30.42311,76.12783,351.95,0.47,0.4,2025-05-14,0813,N20,VIIRS,n,2,317.54,13.18,D,0
30.42252,76.12298,340.72,0.47,0.4,2025-05-14,0813,N20,VIIRS,l,2,312.41,13.18,D,0
30.46189,76.41795,350.79,0.48,0.4,2025-05-14,0813,N20,VIIRS,n,2,322.14,30.95,D,0
30.42673,76.12724,355.32,0.47,0.4,2025-05-14,0813,N20,VIIRS,n,2,315.85,16.22,D,0
30.43035,76.12666,351.6,0.47,0.4,2025-05-14,0813,N20,VIIRS,n,2,314.9,16.22,D,0
30.47663,76.38502,345.42,0.48,0.4,2025-05-14,0813,N20,VIIRS,l,2,320.33,8.78,D,0
30.45506,76.14739,341.13,0.47,0.4,2025-05-14,0813,N20,VIIRS,n,2,309.6,7.74,D,0
30.43837,75.95349,342.12,0.46,0.39,2025-05-14,0813,N20,VIIRS,l,2,316.69,8.54,D,0
30.46294,76.09165,349.25,0.47,0.39,2025-05-14,0813,N20,VIIRS,n,2,314.86,9.1,D,0
30.46836,76.10559,340.35,0.47,0.39,2025-05-14,0813,N20,VIIRS,l,2,315.26,7.36,D,0
30.44076,75.88512,346.48,0.46,0.39,2025-05-14,0813,N20,VIIRS,n,2,315.32,8.03,D,0
30.44016,75.88038,342.45,0.46,0.39,2025-05-14,0813,N20,VIIRS,l,2,314.96,13.23,D,0
30.43658,75.85197,340.82,0.46,0.39,2025-05-14,0813,N20,VIIRS,l,2,314.92,4.86,D,0
30.42467,75.7579,340.23,0.45,0.39,2025-05-14,0813,N20,VIIRS,l,2,314.5,4.84,D,0
30.42348,75.74854,347.23,0.45,0.39,2025-05-14,0813,N20,VIIRS,l,2,318.9,6.69,D,0
30.49492,76.14088,343.37,0.47,0.4,2025-05-14,0813,N20,VIIRS,n,2,312.81,4.76,D,0
30.49855,76.14028,343.38,0.47,0.4,2025-05-14,0813,N20,VIIRS,n,2,312.02,4.76,D,0
30.43283,75.6234,341.32,0.45,0.39,2025-05-14,0813,N20,VIIRS,l,2,315.82,5.65,D,0
30.47545,75.92789,343.81,0.46,0.39,2025-05-14,0813,N20,VIIRS,l,2,316.97,16.31,D,0
30.43697,75.62743,342.84,0.45,0.39,2025-05-14,0813,N20,VIIRS,l,2,316.37,3.34,D,0
30.43637,75.62281,343.69,0.45,0.39,2025-05-14,0813,N20,VIIRS,l,2,315.21,4.26,D,0
30.46087,75.75663,343.33,0.45,0.39,2025-05-14,0813,N20,VIIRS,l,2,317.59,4.44,D,0
30.52964,76.27023,341.97,0.48,0.4,2025-05-14,0813,N20,VIIRS,l,2,316.65,8.42,D,0
30.42426,75.44663,346.39,0.44,0.38,2025-05-14,0813,N20,VIIRS,n,2,315.48,10.43,D,0
30.46437,75.72737,347.06,0.45,0.39,2025-05-14,0813,N20,VIIRS,l,2,319.21,11.2,D,0
30.42777,75.44603,341.07,0.44,0.38,2025-05-14,0813,N20,VIIRS,l,2,315.73,5.33,D,0
30.43607,75.48192,342.34,0.44,0.38,2025-05-14,0813,N20,VIIRS,l,2,315.59,5.9,D,0
30.52919,76.26743,342.61,0.48,0.4,2025-05-14,0813,N20,VIIRS,l,2,316.63,10.2,D,0
30.48228,75.85099,345.78,0.46,0.39,2025-05-14,0813,N20,VIIRS,l,2,318.69,10.22,D,0
30.46014,75.67257,342.54,0.45,0.39,2025-05-14,0813,N20,VIIRS,l,2,315.25,7.73,D,0
30.43637,75.48335,340.67,0.44,0.38,2025-05-14,0813,N20,VIIRS,l,2,314.59,6.59,D,0
30.4923,75.90263,341.55,0.46,0.39,2025-05-14,0813,N20,VIIRS,l,2,315.01,8.73,D,0
30.45032,75.5654,348.34,0.44,0.39,2025-05-14,0813,N20,VIIRS,n,2,316.19,6.77,D,0
30.45618,75.58327,342.08,0.45,0.39,2025-05-14,0813,N20,VIIRS,l,2,316.79,6.54,D,0
30.55809,76.38439,346.37,0.48,0.4,2025-05-14,0813,N20,VIIRS,l,2,319.6,9.35,D,0
30.55749,76.37939,345.03,0.48,0.4,2025-05-14,0813,N20,VIIRS,l,2,319.88,9.55,D,0
30.51241,76.00671,343.88,0.46,0.39,2025-05-14,0813,N20,VIIRS,l,2,317.72,7.75,D,0
30.47837,75.73146,346.15,0.45,0.39,2025-05-14,0813,N20,VIIRS,l,2,317.73,5.05,D,0
30.45506,75.54578,339.6,0.44,0.39,2025-05-14,0813,N20,VIIRS,l,2,314.04,6.1,D,0
30.48432,75.72091,342.75,0.45,0.39,2025-05-14,0813,N20,VIIRS,l,2,315.19,6.6,D,0
30.52736,76.03866,338.6,0.46,0.39,2025-05-14,0813,N20,VIIRS,l,2,313.57,4.29,D,0
30.46392,75.50205,337.62,0.44,0.39,2025-05-14,0813,N20,VIIRS,l,2,312.53,5.11,D,0
30.46746,75.47338,342.53,0.44,0.38,2025-05-14,0813,N20,VIIRS,l,2,315.57,6.15,D,0
30.50623,75.75075,342.97,0.45,0.39,2025-05-14,0813,N20,VIIRS,l,2,317.2,4.48,D,0
30.46864,75.4545,348.25,0.44,0.38,2025-05-14,0813,N20,VIIRS,n,2,316.23,11.87,D,0
30.55738,76.10291,344.15,0.47,0.4,2025-05-14,0813,N20,VIIRS,l,2,318.46,6.98,D,0
30.48329,75.45667,342.28,0.44,0.38,2025-05-14,0813,N20,VIIRS,l,2,314.63,9.7,D,0
30.51691,75.663,343.63,0.45,0.39,2025-05-14,0813,N20,VIIRS,l,2,318.33,31.64,D,0
30.5264,75.70909,340.44,0.45,0.39,2025-05-14,0813,N20,VIIRS,l,2,314.39,6.53,D,0
30.52105,75.66706,349.52,0.45,0.39,2025-05-14,0813,N20,VIIRS,n,2,315.6,12.64,D,0
30.52046,75.66241,350.79,0.45,0.39,2025-05-14,0813,N20,VIIRS,n,2,316.71,12.64,D,0
30.55984,75.94503,341.17,0.46,0.39,2025-05-14,0813,N20,VIIRS,l,2,314.79,5.77,D,0
30.58151,76.05936,341.48,0.47,0.39,2025-05-14,0813,N20,VIIRS,l,2,313.91,5.9,D,0
30.53468,75.68861,340.36,0.45,0.39,2025-05-14,0813,N20,VIIRS,l,2,313.47,5.92,D,0
30.5821,76.03459,347.08,0.46,0.39,2025-05-14,0813,N20,VIIRS,n,2,319.5,10.23,D,0
30.54119,75.68275,337.19,0.45,0.39,2025-05-14,0813,N20,VIIRS,l,2,311.52,4.6,D,0
30.57479,75.91816,351.19,0.46,0.39,2025-05-14,0813,N20,VIIRS,n,2,318.09,9.23,D,0
30.5459,75.6629,337.77,0.45,0.39,2025-05-14,0813,N20,VIIRS,l,2,311.33,4.07,D,0
30.51846,75.45068,341.69,0.44,0.38,2025-05-14,0813,N20,VIIRS,l,2,312.71,6.1,D,0
30.50837,75.37327,343.44,0.44,0.38,2025-05-14,0813,N20,VIIRS,n,2,312.12,5.83,D,0
30.51187,75.37267,345.56,0.44,0.38,2025-05-14,0813,N20,VIIRS,n,2,312.88,8.49,D,0
30.51895,75.39932,341.94,0.44,0.38,2025-05-14,0813,N20,VIIRS,l,2,312.27,5.47,D,0
30.60619,76.05037,337.77,0.47,0.39,2025-05-14,0813,N20,VIIRS,l,2,311.79,4.28,D,0
30.63313,76.23547,341.23,0.47,0.4,2025-05-14,0813,N20,VIIRS,n,2,311.38,6.87,D,0
30.52537,75.39359,341.54,0.44,0.38,2025-05-14,0813,N20,VIIRS,l,2,313.08,7.13,D,0
30.56847,75.69727,344.02,0.45,0.39,2025-05-14,0813,N20,VIIRS,l,2,314.82,6.81,D,0
30.62194,76.0874,341.96,0.47,0.4,2025-05-14,0813,N20,VIIRS,l,2,314.25,10.06,D,0
30.60114,75.92356,349.23,0.46,0.39,2025-05-14,0813,N20,VIIRS,n,2,315.97,7.65,D,0
30.57988,75.75764,351.08,0.45,0.39,2025-05-14,0813,N20,VIIRS,n,2,322.26,14.54,D,0
30.63355,76.23802,339.15,0.48,0.4,2025-05-14,0813,N20,VIIRS,l,2,313.05,2.47,D,0
30.63296,76.23309,337.34,0.47,0.4,2025-05-14,0813,N20,VIIRS,l,2,309.97,2.47,D,0
30.5679,75.69945,342.06,0.45,0.39,2025-05-14,0813,N20,VIIRS,l,2,316.03,7.05,D,0
30.61889,76.0854,341.6,0.47,0.4,2025-05-14,0813,N20,VIIRS,l,2,312.48,6.56,D,0
30.57845,75.7552,346.96,0.45,0.39,2025-05-14,0813,N20,VIIRS,l,2,320.58,11.13,D,0
30.62251,76.08481,340.23,0.47,0.4,2025-05-14,0813,N20,VIIRS,l,2,312.12,7.87,D,0
30.54948,75.46598,342.05,0.44,0.38,2025-05-14,0813,N20,VIIRS,l,2,314.06,5.94,D,0
30.61322,75.9483,348.66,0.46,0.39,2025-05-14,0813,N20,VIIRS,n,2,317.85,12.44,D,0
30.59154,75.74339,344.38,0.45,0.39,2025-05-14,0813,N20,VIIRS,l,2,315.97,7.15,D,0
30.54838,75.40079,342.61,0.44,0.38,2025-05-14,0813,N20,VIIRS,l,2,313.51,9.94,D,0
30.5828,75.64446,337.69,0.45,0.39,2025-05-14,0813,N20,VIIRS,l,2,312.23,5.09,D,0
30.55773,75.41784,336,0.44,0.38,2025-05-14,0813,N20,VIIRS,l,2,308.32,6.82,D,0
30.60818,75.731,345.64,0.45,0.39,2025-05-14,0813,N20,VIIRS,l,2,317.17,7.91,D,0
30.62416,75.82959,348.34,0.46,0.39,2025-05-14,0813,N20,VIIRS,n,2,317.58,10.28,D,0
30.62774,75.829,345.27,0.46,0.39,2025-05-14,0813,N20,VIIRS,l,2,316.66,9.27,D,0
30.59879,75.599,343.43,0.45,0.39,2025-05-14,0813,N20,VIIRS,n,2,312.93,3.96,D,0
30.59232,75.54804,342.04,0.44,0.39,2025-05-14,0813,N20,VIIRS,n,2,310.99,4.97,D,0
30.69425,76.33974,340.9,0.48,0.4,2025-05-14,0813,N20,VIIRS,l,2,315.65,7.72,D,0
30.63608,75.8373,338.91,0.46,0.39,2025-05-14,0813,N20,VIIRS,l,2,313.1,5.53,D,0
30.61769,75.69109,349.17,0.45,0.39,2025-05-14,0813,N20,VIIRS,n,2,312.93,7.99,D,0
30.60233,75.56997,343.34,0.45,0.39,2025-05-14,0813,N20,VIIRS,l,2,314.45,7.14,D,0
30.60115,75.56071,341.94,0.45,0.39,2025-05-14,0813,N20,VIIRS,l,2,315.09,9.57,D,0
30.58468,75.43191,347.77,0.44,0.38,2025-05-14,0813,N20,VIIRS,n,2,313.79,13.93,D,0
30.63907,75.83195,340.61,0.46,0.39,2025-05-14,0813,N20,VIIRS,l,2,314.98,13.52,D,0
30.60705,75.57864,342.03,0.45,0.39,2025-05-14,0813,N20,VIIRS,l,2,314.68,6.08,D,0
30.60587,75.56937,350.75,0.45,0.39,2025-05-14,0813,N20,VIIRS,n,2,315.72,7.14,D,0
30.63848,75.79818,347.78,0.46,0.39,2025-05-14,0813,N20,VIIRS,n,2,316.44,10.41,D,0
30.58817,75.37537,333.18,0.44,0.38,2025-05-14,0813,N20,VIIRS,l,2,306.95,2.17,D,0
30.69556,76.19775,338.58,0.47,0.4,2025-05-14,0813,N20,VIIRS,l,2,310.87,5.36,D,0
30.63251,75.69338,351.15,0.45,0.39,2025-05-14,0813,N20,VIIRS,n,2,312.44,8.78,D,0
30.65159,75.81534,340.2,0.46,0.39,2025-05-14,0813,N20,VIIRS,l,2,315.02,4.16,D,0
30.67017,75.93398,347.17,0.46,0.39,2025-05-14,0813,N20,VIIRS,n,2,317.03,8.69,D,0
30.66835,75.8903,342.19,0.46,0.39,2025-05-14,0813,N20,VIIRS,l,2,316.41,7.38,D,0
30.62588,75.5282,348.3,0.44,0.39,2025-05-14,0813,N20,VIIRS,n,2,311.7,6.95,D,0
30.70157,76.0967,345.94,0.47,0.4,2025-05-14,0813,N20,VIIRS,n,2,315.01,10.24,D,0
30.66106,75.7462,343.83,0.45,0.39,2025-05-14,0813,N20,VIIRS,l,2,314.7,9.34,D,0
30.69665,75.99844,349.92,0.46,0.39,2025-05-14,0813,N20,VIIRS,n,2,317.79,13.65,D,0
30.63945,75.54951,336.96,0.45,0.39,2025-05-14,0813,N20,VIIRS,l,2,311.38,3.65,D,0
30.62099,75.40704,344.87,0.44,0.38,2025-05-14,0813,N20,VIIRS,n,2,309.65,11.9,D,0
30.70026,75.99784,342.92,0.46,0.39,2025-05-14,0813,N20,VIIRS,l,2,314.6,7.76,D,0
30.66879,75.74972,341.54,0.45,0.39,2025-05-14,0813,N20,VIIRS,l,2,314.15,3.56,D,0
30.64239,75.5443,338.99,0.45,0.39,2025-05-14,0813,N20,VIIRS,l,2,312.52,3.77,D,0
30.70813,76.03112,336.57,0.47,0.39,2025-05-14,0813,N20,VIIRS,l,2,311.46,14.1,D,0
30.70752,76.02628,341.02,0.47,0.39,2025-05-14,0813,N20,VIIRS,l,2,312.81,19.49,D,0
30.64587,75.51538,340.51,0.44,0.39,2025-05-14,0813,N20,VIIRS,n,2,308.24,2.82,D,0
30.72694,76.09257,340.99,0.47,0.4,2025-05-14,0813,N20,VIIRS,l,2,314.22,8.27,D,0
30.69762,75.86108,343.73,0.46,0.39,2025-05-14,0813,N20,VIIRS,l,2,315.1,11.49,D,0
30.66134,75.57896,342.07,0.45,0.39,2025-05-14,0813,N20,VIIRS,l,2,316.2,6.46,D,0
30.70242,75.87002,345.34,0.46,0.39,2025-05-14,0813,N20,VIIRS,n,2,314.81,6.61,D,0
30.66088,75.57986,342.17,0.45,0.39,2025-05-14,0813,N20,VIIRS,l,2,316.72,7.68,D,0
30.72762,76.09368,341.15,0.47,0.4,2025-05-14,0813,N20,VIIRS,l,2,314.66,8.56,D,0
30.70058,75.87139,340.88,0.46,0.39,2025-05-14,0813,N20,VIIRS,n,2,310.4,5.96,D,0
30.69883,75.85708,348.71,0.46,0.39,2025-05-14,0813,N20,VIIRS,n,2,316.57,10.83,D,0
30.65459,75.4723,340.3,0.44,0.39,2025-05-14,0813,N20,VIIRS,n,2,309.63,10.17,D,0
30.65401,75.4677,341.74,0.44,0.39,2025-05-14,0813,N20,VIIRS,l,2,313.47,13.65,D,0
30.71658,75.94217,342.75,0.46,0.39,2025-05-14,0813,N20,VIIRS,l,2,314.9,9.11,D,0
30.70835,75.87498,348.32,0.46,0.39,2025-05-14,0813,N20,VIIRS,n,2,314.9,7.84,D,0
30.66742,75.54559,336.75,0.45,0.39,2025-05-14,0813,N20,VIIRS,l,2,311.37,2.8,D,0
30.66568,75.53168,346.51,0.45,0.39,2025-05-14,0813,N20,VIIRS,n,2,311.64,13.74,D,0
30.65754,75.46709,347.53,0.44,0.39,2025-05-14,0813,N20,VIIRS,n,2,310.76,13.65,D,0
30.72255,75.96085,341.03,0.46,0.39,2025-05-14,0813,N20,VIIRS,l,2,314.91,25.81,D,0
30.78093,76.41447,340.4,0.49,0.4,2025-05-14,0813,N20,VIIRS,l,2,312.77,4.44,D,0
30.75468,76.16431,339.67,0.47,0.4,2025-05-14,0813,N20,VIIRS,n,2,309.89,3.14,D,0
30.69912,75.7119,340.37,0.45,0.39,2025-05-14,0813,N20,VIIRS,l,2,311.86,10.58,D,0
30.69853,75.70721,341.93,0.45,0.39,2025-05-14,0813,N20,VIIRS,l,2,314.15,13.36,D,0
30.73099,75.93978,342.72,0.46,0.39,2025-05-14,0813,N20,VIIRS,l,2,314.88,6.72,D,0
30.68977,75.60825,350.99,0.45,0.39,2025-05-14,0813,N20,VIIRS,n,2,315.92,13.57,D,0
30.78535,76.35723,343.47,0.48,0.4,2025-05-14,0813,N20,VIIRS,l,2,316.94,6.24,D,0
30.73517,75.944,341.56,0.46,0.39,2025-05-14,0813,N20,VIIRS,l,2,314.96,11.27,D,0
30.71744,75.80054,339.7,0.46,0.39,2025-05-14,0813,N20,VIIRS,l,2,309.99,5.28,D,0
30.7033,75.6872,337.9,0.45,0.39,2025-05-14,0813,N20,VIIRS,l,2,312.08,5.5,D,0
30.73522,75.91455,340.43,0.46,0.39,2025-05-14,0813,N20,VIIRS,l,2,311.24,6.37,D,0
30.73463,75.90974,353.24,0.46,0.39,2025-05-14,0813,N20,VIIRS,n,2,312.5,6.37,D,0
30.72101,75.79994,347.72,0.46,0.39,2025-05-14,0813,N20,VIIRS,n,2,310.02,5.28,D,0
30.68161,75.48652,349.32,0.44,0.39,2025-05-14,0813,N20,VIIRS,n,2,313.18,12.87,D,0
30.75309,76.02985,348.68,0.47,0.39,2025-05-14,0813,N20,VIIRS,n,2,313.38,12.07,D,0
30.7317,75.85648,340.94,0.46,0.39,2025-05-14,0813,N20,VIIRS,l,2,312.82,7.43,D,0
30.70983,75.68131,340.18,0.45,0.39,2025-05-14,0813,N20,VIIRS,l,2,313.81,3.6,D,0
30.68985,75.49454,350.25,0.44,0.39,2025-05-14,0813,N20,VIIRS,n,2,314.32,11.42,D,0
30.75018,75.94643,367,0.46,0.39,2025-05-14,0813,N20,VIIRS,l,2,327.11,43.35,D,0
30.75378,75.94585,344.69,0.46,0.39,2025-05-14,0813,N20,VIIRS,l,2,315.24,43.35,D,0
30.72346,75.70303,338.59,0.45,0.39,2025-05-14,0813,N20,VIIRS,l,2,312.48,3.62,D,0
30.69514,75.47952,341.36,0.44,0.39,2025-05-14,0813,N20,VIIRS,n,2,309.6,8.23,D,0
30.69455,75.4749,338.22,0.44,0.39,2025-05-14,0813,N20,VIIRS,l,2,312.07,8.23,D,0
30.7211,75.65547,344.15,0.45,0.39,2025-05-14,0813,N20,VIIRS,n,2,310.7,6.04,D,0
30.7574,75.91579,338.26,0.46,0.39,2025-05-14,0813,N20,VIIRS,l,2,311.43,4.97,D,0
30.73652,75.74899,340.87,0.45,0.39,2025-05-14,0813,N20,VIIRS,l,2,313.66,6.37,D,0
30.73475,75.73481,340.05,0.45,0.39,2025-05-14,0813,N20,VIIRS,l,2,314.07,7.35,D,0
30.72643,75.66894,335.99,0.45,0.39,2025-05-14,0813,N20,VIIRS,l,2,310.06,4.39,D,0
30.76758,75.96816,341.62,0.46,0.39,2025-05-14,0813,N20,VIIRS,l,2,314.89,7.87,D,0
30.76339,75.93442,342.8,0.46,0.39,2025-05-14,0813,N20,VIIRS,l,2,316.27,12.1,D,0
30.76279,75.92961,342.02,0.46,0.39,2025-05-14,0813,N20,VIIRS,l,2,315.68,10.51,D,0
30.74129,75.75784,339.65,0.45,0.39,2025-05-14,0813,N20,VIIRS,l,2,312.57,5.69,D,0
30.7288,75.65896,348.32,0.45,0.39,2025-05-14,0813,N20,VIIRS,n,2,315.6,11.03,D,0
30.70986,75.51003,339.57,0.44,0.39,2025-05-14,0813,N20,VIIRS,l,2,313.75,8.76,D,0
30.71398,75.51404,343.62,0.44,0.39,2025-05-14,0813,N20,VIIRS,n,2,310.49,8.76,D,0
30.70984,75.48173,338.51,0.44,0.39,2025-05-14,0813,N20,VIIRS,l,2,309.43,3.44,D,0
30.7371,75.66714,345.35,0.45,0.39,2025-05-14,0813,N20,VIIRS,n,2,316.72,9.17,D,0
30.72878,75.60166,340.13,0.45,0.39,2025-05-14,0813,N20,VIIRS,l,2,313.77,3.49,D,0
30.77058,75.9038,342.22,0.46,0.39,2025-05-14,0813,N20,VIIRS,l,2,314.06,8.58,D,0
30.77418,75.90321,349.25,0.46,0.39,2025-05-14,0813,N20,VIIRS,n,2,314.08,12.8,D,0
30.72161,75.48915,340.02,0.44,0.39,2025-05-14,0813,N20,VIIRS,n,2,308.84,4.06,D,0
30.72042,75.47993,335.83,0.44,0.39,2025-05-14,0813,N20,VIIRS,l,2,308.03,4.52,D,0
30.71984,75.47531,335.74,0.44,0.39,2025-05-14,0813,N20,VIIRS,l,2,307.1,1.68,D,0
30.79225,75.98878,347.91,0.47,0.39,2025-05-14,0813,N20,VIIRS,n,2,316.16,15.51,D,0
30.7376,75.5574,337.77,0.45,0.39,2025-05-14,0813,N20,VIIRS,l,2,310.43,5.08,D,0
30.73701,75.55275,339.87,0.45,0.39,2025-05-14,0813,N20,VIIRS,l,2,312.75,5.08,D,0
30.8343,76.29819,345.61,0.48,0.4,2025-05-14,0813,N20,VIIRS,l,2,316.62,10.21,D,0
30.80676,76.04588,336.54,0.47,0.4,2025-05-14,0813,N20,VIIRS,l,2,311.51,7.26,D,0
30.81404,76.07457,343.64,0.47,0.4,2025-05-14,0813,N20,VIIRS,l,2,316.16,8.44,D,0
30.79397,75.91463,343.52,0.46,0.39,2025-05-14,0813,N20,VIIRS,l,2,314.57,7.84,D,0
30.75541,75.61148,348.44,0.45,0.39,2025-05-14,0813,N20,VIIRS,l,2,321.07,14.8,D,0
30.77761,75.75662,344.93,0.45,0.39,2025-05-14,0813,N20,VIIRS,n,2,311.8,7.38,D,0
30.78359,75.77497,339.31,0.46,0.39,2025-05-14,0813,N20,VIIRS,l,2,311.62,7.4,D,0
30.78705,75.71644,341.09,0.45,0.39,2025-05-14,0813,N20,VIIRS,n,2,309.83,12.03,D,0
30.80094,75.79635,341.64,0.46,0.39,2025-05-14,0813,N20,VIIRS,l,2,314.33,7.03,D,0
30.76345,75.50566,335.02,0.44,0.39,2025-05-14,0813,N20,VIIRS,l,2,305.26,2.18,D,0
30.75804,75.46411,339.64,0.44,0.39,2025-05-14,0813,N20,VIIRS,n,2,304.81,2.18,D,0
30.79907,75.79406,340.02,0.46,0.39,2025-05-14,0813,N20,VIIRS,l,2,314.49,5.43,D,0
30.78972,75.71817,346.26,0.45,0.39,2025-05-14,0813,N20,VIIRS,n,2,311.93,10.69,D,0
30.75829,75.46602,336.22,0.44,0.39,2025-05-14,0813,N20,VIIRS,n,2,305.33,2.22,D,0
30.77578,75.57675,340.4,0.45,0.39,2025-05-14,0813,N20,VIIRS,l,2,314.63,4.66,D,0
30.76705,75.50703,334,0.45,0.39,2025-05-14,0813,N20,VIIRS,l,2,308.74,1.44,D,0
30.82681,75.96081,340.21,0.46,0.39,2025-05-14,0813,N20,VIIRS,l,2,314.48,9.63,D,0
30.82623,75.95597,348,0.46,0.39,2025-05-14,0813,N20,VIIRS,n,2,316.75,9.63,D,0
30.78107,75.59014,343.28,0.45,0.39,2025-05-14,0813,N20,VIIRS,l,2,316.91,5.75,D,0
30.77233,75.52033,337.88,0.45,0.39,2025-05-14,0813,N20,VIIRS,n,2,308.96,2.95,D,0
30.82983,75.95538,341.19,0.46,0.39,2025-05-14,0813,N20,VIIRS,l,2,315.17,6.57,D,0
30.78462,75.58954,353.39,0.45,0.39,2025-05-14,0813,N20,VIIRS,n,2,318.25,11.16,D,0
30.78403,75.58488,342.39,0.45,0.39,2025-05-14,0813,N20,VIIRS,l,2,316.3,11.16,D,0
30.81344,75.76255,343.15,0.46,0.39,2025-05-14,0813,N20,VIIRS,l,2,316.1,10.07,D,0
30.79113,75.58368,340.29,0.45,0.39,2025-05-14,0813,N20,VIIRS,l,2,314.54,5.72,D,0
30.82704,75.84294,342.93,0.46,0.39,2025-05-14,0813,N20,VIIRS,l,2,316.33,7.93,D,0
30.79585,75.59242,337.69,0.45,0.39,2025-05-14,0813,N20,VIIRS,l,2,311.84,6.1,D,0
30.84264,75.73347,340.96,0.45,0.39,2025-05-14,0813,N20,VIIRS,l,2,314.11,6.33,D,0
30.79944,75.39317,339.13,0.44,0.38,2025-05-14,0813,N20,VIIRS,n,2,307.62,2.26,D,0
30.84621,75.73287,340.55,0.45,0.39,2025-05-14,0813,N20,VIIRS,l,2,314.77,6.83,D,0
30.81238,75.43795,336.81,0.44,0.39,2025-05-14,0813,N20,VIIRS,n,2,305.44,1.35,D,0
30.85455,75.74115,340.43,0.46,0.39,2025-05-14,0813,N20,VIIRS,l,2,313.53,9.31,D,0
30.8159,75.43735,339.59,0.44,0.39,2025-05-14,0813,N20,VIIRS,n,2,307.09,3.57,D,0
30.81531,75.43275,333.4,0.44,0.39,2025-05-14,0813,N20,VIIRS,l,2,307.69,3.71,D,0
30.91789,76.22133,348.3,0.48,0.4,2025-05-14,0813,N20,VIIRS,n,2,309.07,13.87,D,0
30.88756,75.97554,350.6,0.47,0.39,2025-05-14,0813,N20,VIIRS,n,2,317.57,13.2,D,0
30.90507,76.02731,339.5,0.47,0.4,2025-05-14,0813,N20,VIIRS,l,2,313.89,3.74,D,0
30.90869,76.02673,336.56,0.47,0.4,2025-05-14,0813,N20,VIIRS,l,2,310.72,3.74,D,0
30.82581,75.3746,345.98,0.44,0.38,2025-05-14,0813,N20,VIIRS,n,2,311.21,7.9,D,0
30.85497,75.5729,339.6,0.45,0.39,2025-05-14,0813,N20,VIIRS,n,2,311,4.02,D,0
30.93307,76.16317,343.76,0.47,0.4,2025-05-14,0813,N20,VIIRS,n,2,312.57,7.62,D,0
30.92388,76.08921,336.36,0.47,0.4,2025-05-14,0813,N20,VIIRS,l,2,309.85,5.26,D,0
30.91895,76.02007,342.19,0.47,0.4,2025-05-14,0813,N20,VIIRS,n,2,310.42,5.22,D,0
30.91101,75.95683,345.65,0.46,0.39,2025-05-14,0813,N20,VIIRS,n,2,314.46,6.72,D,0
30.84518,75.38535,341.2,0.44,0.38,2025-05-14,0813,N20,VIIRS,n,2,310.16,5.27,D,0
30.85042,75.37038,336.36,0.44,0.38,2025-05-14,0813,N20,VIIRS,l,2,306.84,2.94,D,0
30.87114,75.47668,348.45,0.44,0.39,2025-05-14,0813,N20,VIIRS,n,2,311.67,8.5,D,0
30.87008,75.38255,339.91,0.44,0.38,2025-05-14,0813,N20,VIIRS,n,2,308.35,5.73,D,0
30.8695,75.37794,337.63,0.44,0.38,2025-05-14,0813,N20,VIIRS,l,2,309.33,5.8,D,0
30.94828,75.98246,337.69,0.47,0.39,2025-05-14,0813,N20,VIIRS,l,2,311.55,5.32,D,0
30.91283,75.69442,341.76,0.45,0.39,2025-05-14,0813,N20,VIIRS,l,2,312.04,7.04,D,0
30.88119,75.44187,341.01,0.44,0.39,2025-05-14,0813,N20,VIIRS,n,2,309.75,5.47,D,0
30.91699,75.69855,345.59,0.45,0.39,2025-05-14,0813,N20,VIIRS,n,2,312.36,5.63,D,0
30.96095,75.96548,346.42,0.47,0.39,2025-05-14,0813,N20,VIIRS,n,2,312.03,7.09,D,0
30.90471,75.48519,340.54,0.45,0.39,2025-05-14,0813,N20,VIIRS,l,2,311.28,4.87,D,0
30.96101,75.90611,334.83,0.46,0.39,2025-05-14,0813,N20,VIIRS,l,2,309.63,4.04,D,0
30.95683,75.87232,344.81,0.46,0.39,2025-05-14,0813,N20,VIIRS,n,2,313.06,11.51,D,0
30.96043,75.87173,346.72,0.46,0.39,2025-05-14,0813,N20,VIIRS,n,2,315.51,11.51,D,0
30.98141,76.01186,339.91,0.47,0.4,2025-05-14,0813,N20,VIIRS,n,2,309.11,4.43,D,0
30.90589,75.40936,346.44,0.44,0.39,2025-05-14,0813,N20,VIIRS,n,2,314.38,4.4,D,0
30.95567,75.77462,338.04,0.46,0.39,2025-05-14,0813,N20,VIIRS,l,2,312.44,4.76,D,0
30.90764,75.39493,346.45,0.44,0.39,2025-05-14,0813,N20,VIIRS,l,2,318.14,13.73,D,0
30.93544,75.58482,338.03,0.45,0.39,2025-05-14,0813,N20,VIIRS,l,2,312.15,5.31,D,0
30.91117,75.39433,345.15,0.44,0.39,2025-05-14,0813,N20,VIIRS,l,2,316.93,7.04,D,0
31.00923,76.11761,338.71,0.47,0.4,2025-05-14,0813,N20,VIIRS,l,2,310.27,4.92,D,0
30.98795,75.79852,340.85,0.46,0.39,2025-05-14,0813,N20,VIIRS,l,2,312.37,8.39,D,0
30.95671,75.55254,341.09,0.45,0.39,2025-05-14,0813,N20,VIIRS,l,2,315.14,10.66,D,0
30.95248,75.49133,346.47,0.45,0.39,2025-05-14,0813,N20,VIIRS,n,2,315.87,10.08,D,0
31.03778,76.1382,349.12,0.47,0.4,2025-05-14,0813,N20,VIIRS,n,2,312.32,6.75,D,0
31.03716,76.13324,338.53,0.47,0.4,2025-05-14,0813,N20,VIIRS,l,2,312.83,6.75,D,0
30.95542,75.48609,344.4,0.45,0.39,2025-05-14,0813,N20,VIIRS,l,2,314.76,10.92,D,0
31.04081,76.13265,345.7,0.47,0.4,2025-05-14,0813,N20,VIIRS,n,2,313.94,8.19,D,0
31.04019,76.1277,344.94,0.47,0.4,2025-05-14,0813,N20,VIIRS,n,2,313.07,6.46,D,0
31.03651,76.09803,338.19,0.47,0.4,2025-05-14,0813,N20,VIIRS,l,2,310.86,3.61,D,0
30.9859,75.63875,340.82,0.45,0.39,2025-05-14,0813,N20,VIIRS,l,2,313.18,11.12,D,0
30.95165,75.37331,347.62,0.44,0.38,2025-05-14,0813,N20,VIIRS,n,2,316.18,11.97,D,0
31.05792,76.18052,341.76,0.48,0.4,2025-05-14,0813,N20,VIIRS,l,2,312.68,6.05,D,0
31.02337,75.84654,347.25,0.46,0.39,2025-05-14,0813,N20,VIIRS,n,2,313.11,9.68,D,0
31.02275,75.84174,347.64,0.46,0.39,2025-05-14,0813,N20,VIIRS,n,2,314.33,12.54,D,0
31.05751,76.1782,345.03,0.48,0.4,2025-05-14,0813,N20,VIIRS,n,2,311.79,6.39,D,0
31.02387,75.89812,341.53,0.46,0.39,2025-05-14,0813,N20,VIIRS,n,2,310.35,6.13,D,0
30.98526,75.58331,347.34,0.45,0.39,2025-05-14,0813,N20,VIIRS,n,2,313.28,13.25,D,0
31.02519,75.84859,340.5,0.46,0.39,2025-05-14,0813,N20,VIIRS,l,2,312.77,6.81,D,0
31.0246,75.84377,346.87,0.46,0.39,2025-05-14,0813,N20,VIIRS,l,2,317.66,36.4,D,0
31.02525,75.8191,339.25,0.46,0.39,2025-05-14,0813,N20,VIIRS,l,2,313.86,8.62,D,0
31.01702,75.75203,367,0.46,0.39,2025-05-14,0813,N20,VIIRS,l,2,325.38,51.35,D,0
31.0206,75.75143,353.61,0.46,0.39,2025-05-14,0813,N20,VIIRS,n,2,317.41,31.8,D,0
31.07458,76.16521,338.95,0.48,0.4,2025-05-14,0813,N20,VIIRS,l,2,310.49,5.02,D,0
30.99491,75.42921,351.19,0.44,0.39,2025-05-14,0813,N20,VIIRS,n,2,322.42,17.96,D,0
31.03972,75.72872,342.75,0.46,0.39,2025-05-14,0813,N20,VIIRS,l,2,315.77,9.51,D,0
31.06953,75.88062,341,0.46,0.39,2025-05-14,0813,N20,VIIRS,l,2,313.49,4.36,D,0
31.08635,75.95717,344.22,0.47,0.39,2025-05-14,0813,N20,VIIRS,n,2,311.45,5.08,D,0
31.07914,75.86916,349.55,0.46,0.39,2025-05-14,0813,N20,VIIRS,n,2,316.96,30.15,D,0
31.06477,75.75376,340.44,0.46,0.39,2025-05-14,0813,N20,VIIRS,l,2,314.49,7.86,D,0
31.10688,76.0639,347.31,0.47,0.4,2025-05-14,0813,N20,VIIRS,n,2,312.5,6.39,D,0
31.10627,76.05897,339.56,0.47,0.4,2025-05-14,0813,N20,VIIRS,l,2,311.61,4.83,D,0
31.09479,75.93589,340.81,0.47,0.39,2025-05-14,0813,N20,VIIRS,l,2,313.75,4.88,D,0
31.09358,75.92616,343.23,0.47,0.39,2025-05-14,0813,N20,VIIRS,l,2,314.64,14.45,D,0
31.09237,75.91644,343.9,0.47,0.39,2025-05-14,0813,N20,VIIRS,l,2,316.94,13.61,D,0
31.08996,75.89701,345.63,0.46,0.39,2025-05-14,0813,N20,VIIRS,n,2,314.88,19.59,D,0
31.08936,75.89217,339.98,0.46,0.39,2025-05-14,0813,N20,VIIRS,l,2,310.28,51.39,D,0
31.1099,76.02825,338.52,0.47,0.4,2025-05-14,0813,N20,VIIRS,l,2,310.38,5.18,D,0
31.10929,76.02334,338.5,0.47,0.4,2025-05-14,0813,N20,VIIRS,l,2,312.17,5.18,D,0
31.0984,75.9353,340.41,0.47,0.39,2025-05-14,0813,N20,VIIRS,l,2,313.05,4.88,D,0
31.0978,75.93044,353.99,0.47,0.39,2025-05-14,0813,N20,VIIRS,n,2,318.47,14.45,D,0
31.09719,75.92557,352.36,0.47,0.39,2025-05-14,0813,N20,VIIRS,n,2,319.54,14.45,D,0
31.09357,75.89642,343.48,0.46,0.39,2025-05-14,0813,N20,VIIRS,n,2,311.42,19.59,D,0
31.09116,75.87704,343.7,0.46,0.39,2025-05-14,0813,N20,VIIRS,l,2,316.63,32.23,D,0
31.10141,75.92984,346.18,0.47,0.39,2025-05-14,0813,N20,VIIRS,n,2,317.07,8.09,D,0
31.09476,75.87644,352.94,0.46,0.39,2025-05-14,0813,N20,VIIRS,n,2,318.79,39.05,D,0
31.13119,76.14079,340.25,0.48,0.4,2025-05-14,0813,N20,VIIRS,l,2,311.22,7.55,D,0
31.06046,75.54661,336.69,0.45,0.39,2025-05-14,0813,N20,VIIRS,l,2,311.33,5.91,D,0
31.04553,75.43005,343.08,0.44,0.39,2025-05-14,0813,N20,VIIRS,l,2,317.93,7.64,D,0
31.1146,75.888,346.76,0.46,0.39,2025-05-14,0813,N20,VIIRS,n,2,315.06,8.55,D,0
31.11278,75.87347,340.11,0.46,0.39,2025-05-14,0813,N20,VIIRS,l,2,311.23,8.3,D,0
31.11217,75.86863,345.34,0.46,0.39,2025-05-14,0813,N20,VIIRS,n,2,314.41,11.95,D,0
31.11821,75.88741,342.38,0.46,0.39,2025-05-14,0813,N20,VIIRS,l,2,315.33,6.35,D,0
31.1176,75.88256,349.17,0.46,0.39,2025-05-14,0813,N20,VIIRS,n,2,315.94,6.35,D,0
31.11699,75.87771,350.93,0.46,0.39,2025-05-14,0813,N20,VIIRS,n,2,316.72,8.94,D,0
31.11638,75.87288,341.17,0.46,0.39,2025-05-14,0813,N20,VIIRS,l,2,314.08,8.94,D,0
31.11578,75.86803,351.12,0.46,0.39,2025-05-14,0813,N20,VIIRS,n,2,317.47,9.77,D,0
31.09153,75.67631,337.85,0.45,0.39,2025-05-14,0813,N20,VIIRS,l,2,312.75,4.82,D,0
31.12121,75.88196,342.93,0.46,0.39,2025-05-14,0813,N20,VIIRS,l,2,315.06,6.35,D,0
31.1206,75.87712,343.2,0.46,0.39,2025-05-14,0813,N20,VIIRS,l,2,314.77,8.94,D,0
31.11938,75.86743,353.38,0.46,0.39,2025-05-14,0813,N20,VIIRS,n,2,316.43,9.77,D,0
31.14688,76.05737,339.06,0.47,0.4,2025-05-14,0813,N20,VIIRS,n,2,307.86,1.02,D,0
31.06606,75.39342,346.49,0.44,0.39,2025-05-14,0813,N20,VIIRS,l,2,317.28,7.73,D,0
31.1486,76.01189,338.31,0.47,0.4,2025-05-14,0813,N20,VIIRS,l,2,311.01,6.52,D,0
31.1689,76.11568,338.42,0.48,0.4,2025-05-14,0813,N20,VIIRS,l,2,311.48,4.17,D,0
31.16831,76.11069,337.66,0.48,0.4,2025-05-14,0813,N20,VIIRS,l,2,312.65,3.74,D,0
31.17673,76.14994,347.92,0.48,0.4,2025-05-14,0813,N20,VIIRS,n,2,314.71,15.9,D,0
31.17196,76.11011,346.29,0.48,0.4,2025-05-14,0813,N20,VIIRS,n,2,312.89,5.12,D,0
31.14766,75.87867,345.45,0.46,0.39,2025-05-14,0813,N20,VIIRS,n,2,315.93,13.42,D,0
31.1972,76.25896,338.75,0.48,0.4,2025-05-14,0813,N20,VIIRS,l,2,313.39,3.49,D,0
31.18954,76.1326,347.62,0.48,0.4,2025-05-14,0813,N20,VIIRS,n,2,315.44,9.8,D,0
31.13778,75.65009,342.02,0.45,0.39,2025-05-14,0813,N20,VIIRS,l,2,314.96,5.69,D,0
31.15086,75.69647,342.25,0.46,0.39,2025-05-14,0813,N20,VIIRS,l,2,317.19,6.47,D,0
31.15444,75.69587,342.95,0.46,0.39,2025-05-14,0813,N20,VIIRS,l,2,316.71,6.47,D,0
31.19394,75.98558,343.94,0.47,0.4,2025-05-14,0813,N20,VIIRS,n,2,312.19,6.46,D,0
31.14018,75.55315,342.42,0.45,0.39,2025-05-14,0813,N20,VIIRS,l,2,313.89,15.47,D,0
31.13129,75.45419,340.28,0.45,0.39,2025-05-14,0813,N20,VIIRS,l,2,314.08,9.6,D,0
31.19878,75.96477,339.23,0.47,0.4,2025-05-14,0813,N20,VIIRS,l,2,313.16,5.46,D,0
31.16458,75.6893,355.24,0.46,0.39,2025-05-14,0813,N20,VIIRS,n,2,319.53,30.88,D,0
31.21694,76.08251,339.42,0.47,0.4,2025-05-14,0813,N20,VIIRS,l,2,310.06,6.08,D,0
31.21633,76.07755,341.78,0.47,0.4,2025-05-14,0813,N20,VIIRS,n,2,309.77,6.08,D,0
31.18914,75.85695,347.74,0.46,0.39,2025-05-14,0813,N20,VIIRS,n,2,316.11,32.31,D,0
31.18554,75.8279,339.99,0.46,0.39,2025-05-14,0813,N20,VIIRS,l,2,313.97,5.79,D,0
31.1891,75.76829,339.51,0.46,0.39,2025-05-14,0813,N20,VIIRS,l,2,310.99,4.15,D,0
31.18549,75.73949,339.72,0.46,0.39,2025-05-14,0813,N20,VIIRS,l,2,313.67,5.18,D,0
31.17705,75.6435,341.61,0.45,0.39,2025-05-14,0813,N20,VIIRS,l,2,314.9,7.83,D,0
31.22232,75.94592,344.42,0.47,0.4,2025-05-14,0813,N20,VIIRS,l,2,314.45,9.4,D,0
31.24792,76.09261,344.8,0.47,0.4,2025-05-14,0813,N20,VIIRS,n,2,314.6,7.09,D,0
31.25526,76.12183,346.96,0.48,0.4,2025-05-14,0813,N20,VIIRS,n,2,318.68,13.67,D,0
31.25644,76.10133,342.64,0.48,0.4,2025-05-14,0813,N20,VIIRS,l,2,315.23,8.19,D,0
31.25819,76.05552,343.62,0.47,0.4,2025-05-14,0813,N20,VIIRS,n,2,312.81,4.16,D,0
31.25757,76.05057,341.1,0.47,0.4,2025-05-14,0813,N20,VIIRS,l,2,312.91,4.16,D,0
31.2129,75.69584,342.1,0.46,0.39,2025-05-14,0813,N20,VIIRS,l,2,316.1,5.84,D,0
31.26862,76.10947,340.31,0.48,0.4,2025-05-14,0813,N20,VIIRS,l,2,313.38,10.37,D,0
31.3072,76.39173,351.13,0.49,0.4,2025-05-14,0813,N20,VIIRS,n,2,312.58,11.37,D,0
31.30658,76.3866,338.97,0.49,0.4,2025-05-14,0813,N20,VIIRS,l,2,311.74,4.53,D,0
31.27227,76.10886,341.25,0.48,0.4,2025-05-14,0813,N20,VIIRS,l,2,314.69,10.37,D,0
31.26855,76.07906,340.14,0.47,0.4,2025-05-14,0813,N20,VIIRS,l,2,313.79,7.73,D,0
31.25815,76.05307,353.35,0.47,0.4,2025-05-14,0813,N20,VIIRS,n,2,314.55,8.57,D,0
31.21518,75.69769,339.05,0.46,0.39,2025-05-14,0813,N20,VIIRS,l,2,312.76,6.07,D,0
31.2683,76.10709,347.68,0.48,0.4,2025-05-14,0813,N20,VIIRS,n,2,318.12,22.89,D,0
31.30541,76.38976,344.27,0.49,0.4,2025-05-14,0813,N20,VIIRS,n,2,311.61,8.34,D,0
31.27196,76.10649,350.17,0.48,0.4,2025-05-14,0813,N20,VIIRS,n,2,317.11,17.29,D,0
31.30911,76.38916,351.74,0.49,0.4,2025-05-14,0813,N20,VIIRS,n,2,314.64,8.34,D,0
31.25365,75.92325,350.95,0.47,0.4,2025-05-14,0813,N20,VIIRS,n,2,314.92,7.59,D,0
31.25247,75.91348,346.39,0.47,0.39,2025-05-14,0813,N20,VIIRS,n,2,316.05,10.23,D,0
31.23122,75.73902,336.76,0.46,0.39,2025-05-14,0813,N20,VIIRS,l,2,310.99,2.61,D,0
31.26683,75.9711,346.58,0.47,0.4,2025-05-14,0813,N20,VIIRS,n,2,315.6,9.2,D,0
31.28184,76.034,337.09,0.47,0.4,2025-05-14,0813,N20,VIIRS,l,2,310.57,3.12,D,0
31.27229,75.95517,343.85,0.47,0.4,2025-05-14,0813,N20,VIIRS,l,2,315.55,7.24,D,0
31.2503,75.77513,346.53,0.46,0.39,2025-05-14,0813,N20,VIIRS,n,2,314.08,12.63,D,0
31.28971,76.03774,337.47,0.47,0.4,2025-05-14,0813,N20,VIIRS,l,2,309.48,2.82,D,0
31.25037,75.71623,343.16,0.46,0.39,2025-05-14,0813,N20,VIIRS,n,2,312.75,3.89,D,0
31.2808,75.90379,339.31,0.47,0.39,2025-05-14,0813,N20,VIIRS,l,2,313.64,3.95,D,0
31.23441,75.44341,336.58,0.45,0.39,2025-05-14,0813,N20,VIIRS,n,2,305.91,2.22,D,0
31.25753,75.54022,342.13,0.45,0.39,2025-05-14,0813,N20,VIIRS,l,2,315.31,7.43,D,0
31.25553,75.91379,308.83,0.39,0.36,2025-05-14,2037,N20,VIIRS,n,2,294.46,0.69,N,0
31.23505,75.91383,311.39,0.39,0.36,2025-05-14,2037,N20,VIIRS,n,2,295.34,1.01,N,0
31.173,75.89916,305.41,0.39,0.36,2025-05-14,2037,N20,VIIRS,n,2,294.27,0.47,N,0
31.12391,75.88506,307.28,0.39,0.36,2025-05-14,2037,N20,VIIRS,n,2,294.86,0.72,N,0
31.08382,75.88211,331.08,0.39,0.36,2025-05-14,2037,N20,VIIRS,n,2,297.39,1.76,N,0
31.08051,75.88144,305.95,0.39,0.36,2025-05-14,2037,N20,VIIRS,n,2,295.88,1.76,N,0
31.03897,75.66066,309.54,0.39,0.36,2025-05-14,2037,N20,VIIRS,n,2,294.75,0.82,N,0
30.76703,76.0011,305.83,0.39,0.36,2025-05-14,2037,N20,VIIRS,n,2,294.72,0.57,N,0
30.70525,75.48083,307.85,0.39,0.36,2025-05-14,2037,N20,VIIRS,n,2,294.79,0.58,N,0
30.46709,75.93835,311.05,0.39,0.36,2025-05-14,2037,N20,VIIRS,n,2,294.63,0.79,N,0
30.44324,75.98383,327.69,0.39,0.36,2025-05-14,2037,N20,VIIRS,n,2,295.19,1.71,N,0
30.44263,75.98784,309.25,0.39,0.36,2025-05-14,2037,N20,VIIRS,n,2,295.38,1.12,N,0
30.43933,75.98716,316.09,0.39,0.36,2025-05-14,2037,N20,VIIRS,n,2,294.62,1.12,N,0
30.42985,76.01495,342.48,0.39,0.36,2025-05-15,0754,N20,VIIRS,l,2,315.22,7.84,D,0
30.43594,75.94686,346.17,0.39,0.36,2025-05-15,0754,N20,VIIRS,l,2,320.42,6.45,D,0
30.48211,76.17009,342.57,0.39,0.36,2025-05-15,0754,N20,VIIRS,l,2,317.32,6.69,D,0
30.47375,76.11791,343.86,0.39,0.36,2025-05-15,0754,N20,VIIRS,l,2,318.41,8.48,D,0
30.48044,76.09569,343.95,0.39,0.36,2025-05-15,0754,N20,VIIRS,l,2,315.2,6.77,D,0
30.50361,76.21941,347.64,0.39,0.36,2025-05-15,0754,N20,VIIRS,l,2,320.49,9.29,D,0
30.52862,76.33403,345.28,0.39,0.36,2025-05-15,0754,N20,VIIRS,n,2,318.41,6.28,D,0
30.53913,76.33594,340.62,0.39,0.36,2025-05-15,0754,N20,VIIRS,l,2,314.92,5.39,D,0
30.42074,75.55838,344.88,0.4,0.37,2025-05-15,0754,N20,VIIRS,l,2,317.45,9.15,D,0
30.44148,75.66406,351.43,0.4,0.37,2025-05-15,0754,N20,VIIRS,l,2,322.53,6.78,D,0
30.53477,76.1796,344.68,0.39,0.36,2025-05-15,0754,N20,VIIRS,l,2,317.68,19.13,D,0
30.44078,75.59644,351.36,0.4,0.37,2025-05-15,0754,N20,VIIRS,l,2,319.27,21.61,D,0
30.50141,75.94946,353.5,0.39,0.36,2025-05-15,0754,N20,VIIRS,l,2,322.49,14.51,D,0
30.44612,75.60799,348.2,0.4,0.37,2025-05-15,0754,N20,VIIRS,n,2,318.64,6.57,D,0
30.44143,75.57932,349.96,0.4,0.37,2025-05-15,0754,N20,VIIRS,l,2,321.17,13.99,D,0
30.46377,75.68087,351.75,0.4,0.37,2025-05-15,0754,N20,VIIRS,l,2,320.34,4.64,D,0
30.48846,75.8103,347.28,0.39,0.36,2025-05-15,0754,N20,VIIRS,l,2,317.73,11.51,D,0
30.44206,75.52879,348.01,0.4,0.37,2025-05-15,0754,N20,VIIRS,n,2,312.91,2.76,D,0
30.53375,76.06809,348.96,0.39,0.36,2025-05-15,0754,N20,VIIRS,l,2,321.39,13.01,D,0
30.5253,76.01575,345.26,0.39,0.36,2025-05-15,0754,N20,VIIRS,l,2,318.34,29.2,D,0
30.47509,75.68686,353.85,0.4,0.37,2025-05-15,0754,N20,VIIRS,n,2,323.48,8.32,D,0
30.5286,76.01504,367,0.39,0.36,2025-05-15,0754,N20,VIIRS,l,2,332.39,29.2,D,0
30.44523,75.48549,342.58,0.4,0.37,2025-05-15,0754,N20,VIIRS,l,2,314.76,5.12,D,0
30.46144,75.54153,345.7,0.4,0.37,2025-05-15,0754,N20,VIIRS,l,2,317.51,10.89,D,0
30.49705,75.71584,345.8,0.4,0.37,2025-05-15,0754,N20,VIIRS,l,2,317.87,2.1,D,0
30.47353,75.57288,349.13,0.4,0.37,2025-05-15,0754,N20,VIIRS,l,2,322.83,20.58,D,0
30.46062,75.49489,345.73,0.4,0.37,2025-05-15,0754,N20,VIIRS,l,2,316.02,3.23,D,0
30.50437,75.73952,341.87,0.4,0.37,2025-05-15,0754,N20,VIIRS,l,2,316.22,1.47,D,0
30.47754,75.57624,340.6,0.4,0.37,2025-05-15,0754,N20,VIIRS,l,2,314.86,20.58,D,0
30.47618,75.56805,345.79,0.4,0.37,2025-05-15,0754,N20,VIIRS,l,2,316.55,30.73,D,0
30.46396,75.49415,340.28,0.4,0.37,2025-05-15,0754,N20,VIIRS,l,2,313.89,3.23,D,0
30.48289,75.5878,341.14,0.4,0.37,2025-05-15,0754,N20,VIIRS,l,2,315.93,6.1,D,0
30.48087,75.57551,349.19,0.4,0.37,2025-05-15,0754,N20,VIIRS,l,2,318.07,5.28,D,0
30.48019,75.57141,342.46,0.4,0.37,2025-05-15,0754,N20,VIIRS,l,2,316.38,5.28,D,0
30.47545,75.54271,340.84,0.4,0.37,2025-05-15,0754,N20,VIIRS,l,2,314.28,4.84,D,0
30.47477,75.5386,341.82,0.4,0.37,2025-05-15,0754,N20,VIIRS,l,2,316.5,4.84,D,0
30.50834,75.7218,344.01,0.4,0.37,2025-05-15,0754,N20,VIIRS,l,2,318.01,1.57,D,0
30.46927,75.48445,339.59,0.4,0.37,2025-05-15,0754,N20,VIIRS,l,2,311.31,8.01,D,0
30.49225,75.60271,343.33,0.4,0.37,2025-05-15,0754,N20,VIIRS,l,2,316.7,7.39,D,0
30.52892,75.76366,343.51,0.39,0.37,2025-05-15,0754,N20,VIIRS,l,2,318.19,6.15,D,0
30.54552,75.73899,345.23,0.4,0.37,2025-05-15,0754,N20,VIIRS,l,2,318.06,5.43,D,0
30.52876,75.53097,343.74,0.4,0.37,2025-05-15,0754,N20,VIIRS,l,2,317.9,5.46,D,0
30.62208,76.08661,346.6,0.39,0.36,2025-05-15,0754,N20,VIIRS,l,2,321.53,11.35,D,0
30.66418,76.33051,348.82,0.39,0.36,2025-05-15,0754,N20,VIIRS,l,2,322.88,10.26,D,0
30.57606,75.65734,353.15,0.4,0.37,2025-05-15,0754,N20,VIIRS,n,2,319.66,9.06,D,0
30.57539,75.65326,350.12,0.4,0.37,2025-05-15,0754,N20,VIIRS,l,2,319.92,9.06,D,0
30.54965,75.49765,342.82,0.4,0.37,2025-05-15,0754,N20,VIIRS,l,2,315.98,6.94,D,0
30.53732,75.42355,341.11,0.4,0.37,2025-05-15,0754,N20,VIIRS,l,2,313.96,5.66,D,0
30.574,75.62394,346.6,0.4,0.37,2025-05-15,0754,N20,VIIRS,n,2,316.6,8.52,D,0
30.58539,75.6722,348.33,0.4,0.37,2025-05-15,0754,N20,VIIRS,l,2,318.62,7.14,D,0
30.58871,75.67148,344.07,0.4,0.37,2025-05-15,0754,N20,VIIRS,l,2,315.23,7.14,D,0
30.5873,75.62103,343.34,0.4,0.37,2025-05-15,0754,N20,VIIRS,l,2,314.56,6.17,D,0
30.65999,76.00433,351.16,0.39,0.36,2025-05-15,0754,N20,VIIRS,l,2,319.34,9.05,D,0
30.56746,75.43826,340.99,0.4,0.37,2025-05-15,0754,N20,VIIRS,l,2,313.53,5.53,D,0
30.57489,75.46224,349.57,0.4,0.37,2025-05-15,0754,N20,VIIRS,l,2,317.18,8.91,D,0
30.57959,75.46974,354.09,0.4,0.37,2025-05-15,0754,N20,VIIRS,l,2,319.86,14.49,D,0
30.67514,76.0136,346.7,0.39,0.36,2025-05-15,0754,N20,VIIRS,l,2,319.22,9,D,0
30.73528,76.36995,339.73,0.39,0.36,2025-05-15,0754,N20,VIIRS,l,2,313.48,6.68,D,0
30.61054,75.59473,340.01,0.4,0.37,2025-05-15,0754,N20,VIIRS,l,2,314.15,4.3,D,0
30.6065,75.57018,344.46,0.4,0.37,2025-05-15,0754,N20,VIIRS,l,2,316.47,5.75,D,0
30.6219,75.64307,341.75,0.4,0.37,2025-05-15,0754,N20,VIIRS,l,2,313.48,3.48,D,0
30.61168,75.49676,347.56,0.4,0.37,2025-05-15,0754,N20,VIIRS,l,2,315.5,9.72,D,0
30.63586,75.64424,367,0.4,0.37,2025-05-15,0754,N20,VIIRS,l,2,327.14,66.43,D,0
30.63852,75.63943,344.77,0.4,0.37,2025-05-15,0754,N20,VIIRS,l,2,317.25,66.43,D,0
30.64517,75.65913,341.84,0.4,0.37,2025-05-15,0754,N20,VIIRS,l,2,314.06,4.41,D,0
30.60546,75.41702,346.27,0.4,0.37,2025-05-15,0754,N20,VIIRS,n,2,312.13,5.15,D,0
30.66307,75.74804,344.05,0.39,0.37,2025-05-15,0754,N20,VIIRS,l,2,316.11,6.58,D,0
30.6611,75.71475,342.15,0.4,0.37,2025-05-15,0754,N20,VIIRS,l,2,315.52,4.92,D,0
30.61621,75.44029,342.3,0.4,0.37,2025-05-15,0754,N20,VIIRS,l,2,314.08,4.43,D,0
30.66907,75.70036,344.73,0.4,0.37,2025-05-15,0754,N20,VIIRS,l,2,316.39,4.18,D,0
30.66178,75.65549,339.75,0.4,0.37,2025-05-15,0754,N20,VIIRS,l,2,314.29,5.82,D,0
30.65045,75.58598,348.12,0.4,0.37,2025-05-15,0754,N20,VIIRS,n,2,314.95,4.82,D,0
30.70649,75.91074,346.92,0.39,0.36,2025-05-15,0754,N20,VIIRS,l,2,320.41,8.54,D,0
30.66776,75.67108,341.7,0.4,0.37,2025-05-15,0754,N20,VIIRS,l,2,315.39,10.61,D,0
30.65378,75.58524,344.71,0.4,0.37,2025-05-15,0754,N20,VIIRS,n,2,315.71,5.05,D,0
30.74266,76.11568,341.95,0.39,0.36,2025-05-15,0754,N20,VIIRS,l,2,313.92,6.18,D,0
30.62747,75.40359,345.36,0.4,0.37,2025-05-15,0754,N20,VIIRS,l,2,312.11,5.81,D,0
30.74596,76.11497,348.12,0.39,0.36,2025-05-15,0754,N20,VIIRS,n,2,315.1,7.33,D,0
30.73827,76.06668,344.36,0.39,0.36,2025-05-15,0754,N20,VIIRS,l,2,318.48,7.32,D,0
30.72483,75.96114,340.38,0.39,0.36,2025-05-15,0754,N20,VIIRS,l,2,314.65,7.98,D,0
30.79256,76.36579,340.07,0.39,0.36,2025-05-15,0754,N20,VIIRS,l,2,314.84,5.95,D,0
30.73817,76.00396,344.73,0.39,0.36,2025-05-15,0754,N20,VIIRS,l,2,313.73,3.82,D,0
30.72845,75.90158,352.89,0.39,0.36,2025-05-15,0754,N20,VIIRS,l,2,319.94,9.29,D,0
30.69069,75.67015,346.33,0.4,0.37,2025-05-15,0754,N20,VIIRS,n,2,314.62,4.9,D,0
30.66845,75.5352,343.76,0.4,0.37,2025-05-15,0754,N20,VIIRS,l,2,316.29,5.24,D,0
30.75715,76.05822,348.01,0.39,0.36,2025-05-15,0754,N20,VIIRS,l,2,319.73,6.02,D,0
30.75651,76.0542,350.78,0.39,0.36,2025-05-15,0754,N20,VIIRS,l,2,322.48,17.43,D,0
30.66157,75.47287,342.82,0.4,0.37,2025-05-15,0754,N20,VIIRS,l,2,316.03,8.38,D,0
30.76045,76.05752,347.6,0.39,0.36,2025-05-15,0754,N20,VIIRS,l,2,317.18,6.02,D,0
30.75981,76.05349,355.11,0.39,0.36,2025-05-15,0754,N20,VIIRS,l,2,321.71,17.43,D,0
30.73441,75.89611,345.93,0.39,0.36,2025-05-15,0754,N20,VIIRS,l,2,317.82,10.17,D,0
30.69934,75.68093,342.72,0.4,0.37,2025-05-15,0754,N20,VIIRS,l,2,316.03,6.75,D,0
30.76311,76.05278,352.12,0.39,0.36,2025-05-15,0754,N20,VIIRS,l,2,318.47,12.42,D,0
30.7463,75.90609,348.64,0.39,0.36,2025-05-15,0754,N20,VIIRS,n,2,316.63,7.47,D,0
30.68644,75.53975,348.63,0.4,0.37,2025-05-15,0754,N20,VIIRS,l,2,318.48,9.28,D,0
30.76199,75.98213,346.89,0.39,0.36,2025-05-15,0754,N20,VIIRS,n,2,316.44,6.07,D,0
30.76529,75.98142,342.55,0.39,0.36,2025-05-15,0754,N20,VIIRS,l,2,316.11,3.97,D,0
30.72657,75.74245,348.19,0.39,0.36,2025-05-15,0754,N20,VIIRS,n,2,316.64,8.64,D,0
30.72524,75.73432,349.54,0.39,0.37,2025-05-15,0754,N20,VIIRS,n,2,322.24,8.13,D,0
30.70253,75.59562,342.37,0.4,0.37,2025-05-15,0754,N20,VIIRS,l,2,314.11,6.94,D,0
30.83503,76.39811,346.34,0.39,0.36,2025-05-15,0754,N20,VIIRS,n,2,311.61,4.11,D,0
30.79055,76.11763,342.69,0.39,0.36,2025-05-15,0754,N20,VIIRS,l,2,313.44,4.35,D,0
30.70178,75.5491,349.69,0.4,0.37,2025-05-15,0754,N20,VIIRS,l,2,318.55,9.66,D,0
30.79014,76.05113,341.99,0.39,0.36,2025-05-15,0754,N20,VIIRS,l,2,316.68,6.26,D,0
30.77395,75.95031,350.9,0.39,0.36,2025-05-15,0754,N20,VIIRS,l,2,317.56,12.14,D,0
30.68877,75.42843,347.96,0.4,0.37,2025-05-15,0754,N20,VIIRS,n,2,313.39,8.69,D,0
30.74646,75.73811,349.5,0.39,0.36,2025-05-15,0754,N20,VIIRS,n,2,319.26,8.72,D,0
30.70901,75.50925,348.3,0.4,0.37,2025-05-15,0754,N20,VIIRS,l,2,315.96,7.38,D,0
30.80198,76.06109,343.45,0.39,0.36,2025-05-15,0754,N20,VIIRS,l,2,317.93,9.11,D,0
30.71234,75.50851,343.85,0.4,0.37,2025-05-15,0754,N20,VIIRS,l,2,315.98,7.38,D,0
30.70693,75.47563,347.34,0.4,0.37,2025-05-15,0754,N20,VIIRS,l,2,313.17,9.9,D,0
30.82333,76.15217,347.18,0.39,0.36,2025-05-15,0754,N20,VIIRS,n,2,310.5,4.68,D,0
30.82534,76.14342,341.55,0.39,0.36,2025-05-15,0754,N20,VIIRS,l,2,312.6,5.25,D,0
30.82406,76.13539,350.32,0.39,0.36,2025-05-15,0754,N20,VIIRS,l,2,315.95,12.42,D,0
30.78732,75.88464,351.59,0.39,0.36,2025-05-15,0754,N20,VIIRS,n,2,319.29,11.21,D,0
30.72228,75.48502,337.34,0.4,0.37,2025-05-15,0754,N20,VIIRS,l,2,312.18,3.57,D,0
30.80557,75.9769,344.89,0.39,0.36,2025-05-15,0754,N20,VIIRS,l,2,318.45,6.93,D,0
30.79328,75.87916,346.09,0.39,0.36,2025-05-15,0754,N20,VIIRS,l,2,319,8,D,0
30.78219,75.78923,339.24,0.39,0.36,2025-05-15,0754,N20,VIIRS,l,2,313.67,12.89,D,0
30.76768,75.57281,344.34,0.4,0.37,2025-05-15,0754,N20,VIIRS,l,2,316.14,6.39,D,0
30.8509,76.04726,347.34,0.39,0.36,2025-05-15,0754,N20,VIIRS,l,2,317.88,31.1,D,0
30.82156,75.8446,346.32,0.39,0.36,2025-05-15,0754,N20,VIIRS,l,2,318.16,9.17,D,0
30.79432,75.65688,338.12,0.4,0.37,2025-05-15,0754,N20,VIIRS,l,2,311.81,2.67,D,0
30.77479,75.53831,341.64,0.4,0.37,2025-05-15,0754,N20,VIIRS,l,2,312.05,5.08,D,0
30.82026,75.73138,354.95,0.39,0.36,2025-05-15,0754,N20,VIIRS,n,2,321.95,15.63,D,0
30.77649,75.44426,345.06,0.4,0.37,2025-05-15,0754,N20,VIIRS,n,2,314.2,5.87,D,0
30.79475,75.53391,343.31,0.4,0.37,2025-05-15,0754,N20,VIIRS,l,2,313.61,9.47,D,0
30.82289,75.68443,338.55,0.39,0.37,2025-05-15,0754,N20,VIIRS,l,2,311.65,2.86,D,0
30.80868,75.51382,336.7,0.4,0.37,2025-05-15,0754,N20,VIIRS,l,2,311.54,2.03,D,0
30.89127,76.00104,343.73,0.39,0.36,2025-05-15,0754,N20,VIIRS,l,2,313.26,6.01,D,0
30.96734,76.41636,343.74,0.39,0.36,2025-05-15,0754,N20,VIIRS,l,2,314.8,7.88,D,0
30.84467,75.54414,339.81,0.4,0.37,2025-05-15,0754,N20,VIIRS,l,2,313.79,6.52,D,0
30.82172,75.40433,338.11,0.4,0.37,2025-05-15,0754,N20,VIIRS,l,2,312.62,3.79,D,0
30.82505,75.40359,340.5,0.4,0.37,2025-05-15,0754,N20,VIIRS,l,2,313.79,3.79,D,0
30.93761,75.94924,350.36,0.39,0.36,2025-05-15,0754,N20,VIIRS,l,2,312.98,10.91,D,0
30.90576,75.71326,339.7,0.39,0.36,2025-05-15,0754,N20,VIIRS,l,2,313.17,6.25,D,0
30.90767,75.64108,337.79,0.39,0.37,2025-05-15,0754,N20,VIIRS,l,2,310.33,4.35,D,0
30.88031,75.37061,355.87,0.4,0.37,2025-05-15,0754,N20,VIIRS,n,2,315.84,10.55,D,0
30.94276,75.56134,345.23,0.4,0.37,2025-05-15,0754,N20,VIIRS,l,2,314.3,10.55,D,0
30.94609,75.56059,344.07,0.4,0.37,2025-05-15,0754,N20,VIIRS,l,2,316.83,10.55,D,0
31.04545,76.13496,339.57,0.39,0.36,2025-05-15,0754,N20,VIIRS,l,2,313.09,4.97,D,0
30.95206,75.55504,342.21,0.4,0.37,2025-05-15,0754,N20,VIIRS,l,2,316.94,11.31,D,0
30.95005,75.54274,339.71,0.4,0.37,2025-05-15,0754,N20,VIIRS,l,2,313.13,4.78,D,0
31.07046,76.25006,347.57,0.39,0.36,2025-05-15,0754,N20,VIIRS,l,2,310.78,13.88,D,0
31.06983,76.24605,344.71,0.39,0.36,2025-05-15,0754,N20,VIIRS,l,2,312.09,7.58,D,0
31.0427,76.01058,344.81,0.39,0.36,2025-05-15,0754,N20,VIIRS,l,2,314.12,4.92,D,0
31.046,76.00986,343.82,0.39,0.36,2025-05-15,0754,N20,VIIRS,l,2,314.1,4.92,D,0
31.07456,76.10377,337.71,0.39,0.36,2025-05-15,0754,N20,VIIRS,l,2,308.57,0.85,D,0
31.01204,75.69513,337.58,0.39,0.36,2025-05-15,0754,N20,VIIRS,l,2,311.79,5.03,D,0
31.05895,75.85732,338.05,0.39,0.36,2025-05-15,0754,N20,VIIRS,l,2,311.32,6.63,D,0
31.0583,75.85327,349.03,0.39,0.36,2025-05-15,0754,N20,VIIRS,l,2,315.72,6.63,D,0
31.03122,75.64449,342.24,0.39,0.37,2025-05-15,0754,N20,VIIRS,l,2,315.27,10.63,D,0
31.01044,75.51766,341.58,0.4,0.37,2025-05-15,0754,N20,VIIRS,l,2,313.24,6.5,D,0
31.03454,75.64375,342.85,0.39,0.37,2025-05-15,0754,N20,VIIRS,l,2,315.24,10.63,D,0
31.03387,75.63967,351.45,0.39,0.37,2025-05-15,0754,N20,VIIRS,l,2,316.44,10.63,D,0
31.08131,75.91114,341.74,0.39,0.36,2025-05-15,0754,N20,VIIRS,l,2,314.47,4.45,D,0
31.03652,75.63486,343.19,0.39,0.37,2025-05-15,0754,N20,VIIRS,l,2,315.9,4.74,D,0
31.03585,75.63078,346.81,0.39,0.37,2025-05-15,0754,N20,VIIRS,l,2,315.24,4.74,D,0
31.01968,75.4901,336.41,0.4,0.37,2025-05-15,0754,N20,VIIRS,l,2,307.24,1.77,D,0
31.0478,75.64083,346.62,0.39,0.37,2025-05-15,0754,N20,VIIRS,n,2,315.37,7.48,D,0
31.1391,76.1448,340.45,0.39,0.36,2025-05-15,0754,N20,VIIRS,l,2,312.82,5.2,D,0
31.06703,75.67464,345.13,0.39,0.36,2025-05-15,0754,N20,VIIRS,n,2,316.1,12.92,D,0
31.12912,76.01781,340.63,0.39,0.36,2025-05-15,0754,N20,VIIRS,l,2,315.38,6.76,D,0
31.11772,75.86131,340.08,0.39,0.36,2025-05-15,0754,N20,VIIRS,l,2,314.6,4.9,D,0
31.13477,75.90371,342.65,0.39,0.36,2025-05-15,0754,N20,VIIRS,l,2,316.44,2.43,D,0
31.12828,75.8632,347.45,0.39,0.36,2025-05-15,0754,N20,VIIRS,l,2,315.65,6.54,D,0
31.13872,75.90704,336.19,0.39,0.36,2025-05-15,0754,N20,VIIRS,l,2,310.07,2.43,D,0
31.13807,75.90299,341.13,0.39,0.36,2025-05-15,0754,N20,VIIRS,l,2,315.77,2.43,D,0
31.07089,75.48727,340.5,0.4,0.37,2025-05-15,0754,N20,VIIRS,l,2,311.23,5.49,D,0
31.10945,75.63995,338.92,0.39,0.36,2025-05-15,0754,N20,VIIRS,l,2,310.95,2.93,D,0
31.11207,75.63992,342.2,0.39,0.36,2025-05-15,0754,N20,VIIRS,l,2,314.67,5.06,D,0
31.13251,75.55494,346.1,0.4,0.37,2025-05-15,0754,N20,VIIRS,l,2,315.06,8,D,0
31.20821,75.98026,342.26,0.39,0.36,2025-05-15,0754,N20,VIIRS,l,2,311.71,4.73,D,0
31.13713,75.54119,347.73,0.4,0.37,2025-05-15,0754,N20,VIIRS,l,2,313.48,9.33,D,0
31.1868,75.82576,342.99,0.39,0.36,2025-05-15,0754,N20,VIIRS,n,2,313.44,4.68,D,0
31.19011,75.82504,367,0.39,0.36,2025-05-15,0754,N20,VIIRS,h,2,313.66,13.56,D,0
31.16576,75.67458,343.74,0.39,0.36,2025-05-15,0754,N20,VIIRS,l,2,315.73,7.48,D,0
31.16841,75.66978,345.39,0.39,0.36,2025-05-15,0754,N20,VIIRS,l,2,314.28,7.48,D,0
31.19085,75.76602,350.95,0.39,0.36,2025-05-15,0754,N20,VIIRS,n,2,312.3,5.66,D,0
31.18957,75.71575,343.91,0.39,0.36,2025-05-15,0754,N20,VIIRS,l,2,315.52,4.78,D,0
31.22429,75.88889,346.28,0.39,0.36,2025-05-15,0754,N20,VIIRS,l,2,313.41,47.31,D,0
31.19487,75.70615,338.2,0.39,0.36,2025-05-15,0754,N20,VIIRS,l,2,313.09,10.23,D,0
31.26838,76.07994,341.75,0.39,0.36,2025-05-15,0754,N20,VIIRS,l,2,316.03,6.83,D,0
31.25793,75.82299,348.87,0.39,0.36,2025-05-15,0754,N20,VIIRS,l,2,312.89,8.96,D,0
31.26589,75.78763,339.17,0.39,0.36,2025-05-15,0754,N20,VIIRS,l,2,310.78,2.67,D,0
31.27982,75.72565,338.91,0.39,0.36,2025-05-15,0754,N20,VIIRS,l,2,310.35,3.55,D,0
31.20264,75.81734,303.64,0.39,0.44,2025-05-15,2018,N20,VIIRS,n,2,293.26,0.46,N,0
31.19371,75.71006,320.28,0.4,0.44,2025-05-15,2018,N20,VIIRS,n,2,293.33,1.23,N,0
31.16319,75.91581,307.42,0.39,0.44,2025-05-15,2018,N20,VIIRS,n,2,293.54,0.96,N,0
31.12883,75.92143,312.12,0.39,0.44,2025-05-15,2018,N20,VIIRS,n,2,293.37,1.59,N,0
31.12151,75.8412,307.64,0.39,0.44,2025-05-15,2018,N20,VIIRS,n,2,292.55,1.12,N,0
31.10164,75.90896,316.96,0.39,0.44,2025-05-15,2018,N20,VIIRS,n,2,293.85,1.79,N,0
31.07174,76.03081,327.22,0.57,0.43,2025-05-15,2018,N20,VIIRS,n,2,294.33,3.17,N,0
31.07241,76.0248,319.49,0.57,0.43,2025-05-15,2018,N20,VIIRS,n,2,295.55,3.17,N,0
31.05236,76.16727,316.95,0.56,0.43,2025-05-15,2018,N20,VIIRS,n,2,292.07,1.81,N,0
31.0517,76.17317,304.71,0.56,0.43,2025-05-15,2018,N20,VIIRS,n,2,289.28,1.81,N,0
31.0771,75.90933,304.35,0.39,0.44,2025-05-15,2018,N20,VIIRS,n,2,292.81,0.53,N,0
31.04239,76.00269,310.04,0.38,0.43,2025-05-15,2018,N20,VIIRS,n,2,293.72,1.27,N,0
31.04675,75.88808,303.47,0.39,0.44,2025-05-15,2018,N20,VIIRS,n,2,292.89,0.52,N,0
31.04549,75.88881,306.21,0.39,0.44,2025-05-15,2018,N20,VIIRS,n,2,293.35,0.53,N,0
31.04742,75.76379,314.26,0.39,0.44,2025-05-15,2018,N20,VIIRS,n,2,293.91,1.01,N,0
30.97634,75.84909,317.87,0.39,0.44,2025-05-15,2018,N20,VIIRS,n,2,295.03,1.75,N,0
30.97589,75.85317,319,0.39,0.44,2025-05-15,2018,N20,VIIRS,n,2,294.86,2.07,N,0
30.82899,76.02787,307.96,0.57,0.43,2025-05-15,2018,N20,VIIRS,n,2,293.91,1.18,N,0
30.82793,75.73305,306.55,0.39,0.44,2025-05-15,2018,N20,VIIRS,n,2,293.98,0.61,N,0
30.72416,76.0405,307.01,0.57,0.43,2025-05-15,2018,N20,VIIRS,n,2,294.19,1.47,N,0
30.71158,76.00827,341.09,0.57,0.43,2025-05-15,2018,N20,VIIRS,n,2,297.88,12.88,N,0
30.71224,76.00231,308.26,0.57,0.43,2025-05-15,2018,N20,VIIRS,n,2,294.09,4.38,N,0
30.70826,76.00169,332.75,0.57,0.43,2025-05-15,2018,N20,VIIRS,n,2,296.06,3.5,N,0
30.70892,75.99572,305.63,0.57,0.43,2025-05-15,2018,N20,VIIRS,n,2,293.98,3.5,N,0
30.70494,75.9951,304.84,0.57,0.43,2025-05-15,2018,N20,VIIRS,n,2,293.84,3.5,N,0
30.70949,76.00729,343.67,0.57,0.43,2025-05-15,2018,N20,VIIRS,n,2,297.81,18.65,N,0
30.70621,76.00072,344.71,0.57,0.43,2025-05-15,2018,N20,VIIRS,n,2,296.5,8.56,N,0
30.69429,75.99889,322.83,0.57,0.43,2025-05-15,2018,N20,VIIRS,n,2,294.5,2.16,N,0
30.69032,75.99826,313.13,0.57,0.43,2025-05-15,2018,N20,VIIRS,n,2,294.66,1.66,N,0
30.70936,75.68736,310.67,0.39,0.44,2025-05-15,2018,N20,VIIRS,n,2,293.98,0.96,N,0
30.53357,76.31682,330.48,0.55,0.42,2025-05-15,2018,N20,VIIRS,n,2,295.35,3.75,N,0
30.52967,76.3162,308.79,0.55,0.42,2025-05-15,2018,N20,VIIRS,n,2,294.53,1.66,N,0
30.5317,75.98544,313.75,0.57,0.43,2025-05-15,2018,N20,VIIRS,n,2,294.88,1.88,N,0
30.55887,75.44772,308.96,0.4,0.45,2025-05-15,2018,N20,VIIRS,n,2,294.3,0.72,N,0
30.45079,75.96611,307.79,0.57,0.43,2025-05-15,2018,N20,VIIRS,n,2,293.87,1.03,N,0
30.42681,76.34337,337.48,0.57,0.43,2025-05-16,0735,N20,VIIRS,l,2,307.96,4.2,D,0
30.42563,76.34181,335.07,0.57,0.43,2025-05-16,0735,N20,VIIRS,l,2,307.5,3.34,D,0
30.43415,76.36393,334.77,0.57,0.43,2025-05-16,0735,N20,VIIRS,l,2,306.98,2.51,D,0
30.43151,76.30972,346.53,0.57,0.43,2025-05-16,0735,N20,VIIRS,n,2,307.19,11.54,D,0
30.43816,76.30186,333.45,0.57,0.43,2025-05-16,0735,N20,VIIRS,l,2,305.63,2.07,D,0
30.46573,76.33738,333.07,0.57,0.43,2025-05-16,0735,N20,VIIRS,l,2,306.83,2.44,D,0
30.44508,76.23337,334.65,0.38,0.44,2025-05-16,0735,N20,VIIRS,l,2,304.99,2.16,D,0
30.48558,76.41713,340.23,0.56,0.43,2025-05-16,0735,N20,VIIRS,n,2,307.08,3.98,D,0
30.49754,76.35339,332.86,0.57,0.43,2025-05-16,0735,N20,VIIRS,l,2,305.1,1.85,D,0
30.426,75.9916,354.73,0.4,0.44,2025-05-16,0735,N20,VIIRS,n,2,309.1,8.49,D,0
30.43077,75.99456,340.24,0.4,0.44,2025-05-16,0735,N20,VIIRS,n,2,307.54,9.46,D,0
30.42998,75.99054,352.15,0.4,0.44,2025-05-16,0735,N20,VIIRS,n,2,316.92,27.68,D,0
30.42917,75.98651,346.93,0.4,0.44,2025-05-16,0735,N20,VIIRS,n,2,310.45,27.68,D,0
30.50192,76.33398,351.49,0.57,0.43,2025-05-16,0735,N20,VIIRS,n,2,305.65,27.95,D,0
30.44111,76.00453,335.4,0.4,0.44,2025-05-16,0735,N20,VIIRS,l,2,307.91,2.5,D,0
30.45936,76.03352,346.44,0.39,0.44,2025-05-16,0735,N20,VIIRS,n,2,311.56,7.49,D,0
30.42969,75.88366,335.71,0.4,0.44,2025-05-16,0735,N20,VIIRS,l,2,309.06,3.76,D,0
30.42962,75.86213,351.25,0.4,0.44,2025-05-16,0735,N20,VIIRS,n,2,314.7,8.67,D,0
30.44651,75.90496,341.66,0.4,0.44,2025-05-16,0735,N20,VIIRS,l,2,311.87,5.14,D,0
30.49706,76.14091,333.68,0.39,0.44,2025-05-16,0735,N20,VIIRS,l,2,306.65,2.03,D,0
30.46251,75.96484,344.63,0.4,0.44,2025-05-16,0735,N20,VIIRS,n,2,310.88,6.72,D,0
30.52729,76.25379,331.48,0.57,0.43,2025-05-16,0735,N20,VIIRS,l,2,306.06,2.14,D,0
30.45995,75.96658,339.65,0.4,0.44,2025-05-16,0735,N20,VIIRS,l,2,311.39,6.49,D,0
30.5261,76.25278,332.14,0.57,0.43,2025-05-16,0735,N20,VIIRS,l,2,306.5,2.98,D,0
30.46776,75.94321,339.38,0.4,0.44,2025-05-16,0735,N20,VIIRS,n,2,308.11,3.41,D,0
30.49766,76.04964,341.51,0.39,0.44,2025-05-16,0735,N20,VIIRS,l,2,312,5.74,D,0
30.52313,76.15567,340.47,0.39,0.44,2025-05-16,0735,N20,VIIRS,n,2,307.56,4.6,D,0
30.52706,76.15462,352.01,0.39,0.44,2025-05-16,0735,N20,VIIRS,n,2,306.9,4.6,D,0
30.48612,75.95111,349.19,0.4,0.44,2025-05-16,0735,N20,VIIRS,n,2,311.51,10.01,D,0
30.55853,76.2504,330.65,0.57,0.43,2025-05-16,0735,N20,VIIRS,l,2,305.22,3.15,D,0
30.46671,75.79282,342.62,0.41,0.45,2025-05-16,0735,N20,VIIRS,n,2,312.5,6.51,D,0
30.42908,75.58691,342.07,0.42,0.45,2025-05-16,0735,N20,VIIRS,n,2,310.51,5.34,D,0
30.57256,76.259,331.94,0.57,0.43,2025-05-16,0735,N20,VIIRS,l,2,305.36,4.71,D,0
30.56697,76.23075,335.28,0.38,0.43,2025-05-16,0735,N20,VIIRS,l,2,308.31,4.59,D,0
30.48607,75.80498,339.34,0.4,0.45,2025-05-16,0735,N20,VIIRS,l,2,312.61,6.04,D,0
30.44555,75.60477,344.79,0.42,0.45,2025-05-16,0735,N20,VIIRS,n,2,313.44,6.09,D,0
30.43347,75.54539,343.34,0.42,0.45,2025-05-16,0735,N20,VIIRS,n,2,311.57,5.03,D,0
30.54985,76.10285,338.36,0.39,0.44,2025-05-16,0735,N20,VIIRS,n,2,307.2,2.04,D,0
30.54906,76.09888,332.52,0.39,0.44,2025-05-16,0735,N20,VIIRS,l,2,306.82,2.04,D,0
30.48577,75.76153,341.83,0.41,0.45,2025-05-16,0735,N20,VIIRS,l,2,312.06,6.58,D,0
30.45109,75.58989,352.19,0.42,0.45,2025-05-16,0735,N20,VIIRS,n,2,314.2,11.25,D,0
30.43117,75.49191,344.67,0.42,0.45,2025-05-16,0735,N20,VIIRS,n,2,311.97,4.35,D,0
30.48979,75.76044,351,0.41,0.45,2025-05-16,0735,N20,VIIRS,n,2,313.25,6.58,D,0
30.42177,75.40342,341.32,0.43,0.46,2025-05-16,0735,N20,VIIRS,l,2,312.93,5.53,D,0
30.54899,75.9938,354.79,0.39,0.44,2025-05-16,0735,N20,VIIRS,n,2,313.63,9.22,D,0
30.50597,75.77789,339.08,0.41,0.45,2025-05-16,0735,N20,VIIRS,l,2,312.11,4.05,D,0
30.50431,75.76962,346.46,0.41,0.45,2025-05-16,0735,N20,VIIRS,n,2,311.64,9.76,D,0
30.49767,75.73645,339.36,0.41,0.45,2025-05-16,0735,N20,VIIRS,l,2,310.46,7.32,D,0
30.50998,75.77679,340.98,0.41,0.45,2025-05-16,0735,N20,VIIRS,l,2,313.71,4.05,D,0
30.49402,75.67594,340.72,0.41,0.45,2025-05-16,0735,N20,VIIRS,l,2,311.45,6.33,D,0
30.61955,76.28947,346.83,0.57,0.43,2025-05-16,0735,N20,VIIRS,n,2,302.7,7.79,D,0
30.4649,75.50984,337.99,0.42,0.45,2025-05-16,0735,N20,VIIRS,l,2,311.93,4.42,D,0
30.44314,75.40215,335.75,0.43,0.46,2025-05-16,0735,N20,VIIRS,l,2,309.5,4.65,D,0
30.56483,75.98956,350.71,0.39,0.44,2025-05-16,0735,N20,VIIRS,n,2,311.91,4.43,D,0
30.56403,75.98554,341.43,0.39,0.44,2025-05-16,0735,N20,VIIRS,n,2,310.72,4.43,D,0
30.57826,76.03662,338.6,0.39,0.44,2025-05-16,0735,N20,VIIRS,l,2,309.47,4.34,D,0
30.58221,76.03557,354.5,0.39,0.44,2025-05-16,0735,N20,VIIRS,n,2,314.09,18.27,D,0
30.57434,75.9955,338.42,0.39,0.44,2025-05-16,0735,N20,VIIRS,l,2,309.51,5.67,D,0
30.58374,76.03459,341.7,0.39,0.44,2025-05-16,0735,N20,VIIRS,n,2,311.25,5.02,D,0
30.57561,75.99459,344.45,0.39,0.44,2025-05-16,0735,N20,VIIRS,n,2,309.75,5.16,D,0
30.53203,75.73999,353.52,0.41,0.45,2025-05-16,0735,N20,VIIRS,n,2,310.82,11.21,D,0
30.63777,76.22054,336.46,0.57,0.43,2025-05-16,0735,N20,VIIRS,n,2,305.46,3.29,D,0
30.63289,76.19617,344.54,0.38,0.43,2025-05-16,0735,N20,VIIRS,n,2,309.06,4.77,D,0
30.6321,76.19227,335.32,0.38,0.43,2025-05-16,0735,N20,VIIRS,l,2,306.16,4.77,D,0
30.51871,75.63368,337.06,0.41,0.45,2025-05-16,0735,N20,VIIRS,l,2,309.48,3.18,D,0
30.58237,75.92492,346.96,0.4,0.44,2025-05-16,0735,N20,VIIRS,n,2,309.14,5.6,D,0
30.53984,75.71602,337.75,0.41,0.45,2025-05-16,0735,N20,VIIRS,l,2,310.29,4.83,D,0
30.49186,75.46175,346.85,0.42,0.45,2025-05-16,0735,N20,VIIRS,n,2,311.67,6.76,D,0
30.48207,75.41444,349.47,0.42,0.46,2025-05-16,0735,N20,VIIRS,n,2,310.74,6.66,D,0
30.61778,76.05909,336.78,0.39,0.44,2025-05-16,0735,N20,VIIRS,l,2,307.97,1.81,D,0
30.56219,75.78412,345.03,0.4,0.45,2025-05-16,0735,N20,VIIRS,n,2,312.66,7.5,D,0
30.48617,75.41332,351.92,0.42,0.46,2025-05-16,0735,N20,VIIRS,n,2,308.29,6.66,D,0
30.61773,76.03816,367,0.39,0.44,2025-05-16,0735,N20,VIIRS,h,2,309.54,5.24,D,0
30.59998,75.95,353.21,0.4,0.44,2025-05-16,0735,N20,VIIRS,n,2,311.83,15.73,D,0
30.59835,75.94193,353.66,0.4,0.44,2025-05-16,0735,N20,VIIRS,n,2,309.92,13.25,D,0
30.56619,75.78304,343.53,0.4,0.45,2025-05-16,0735,N20,VIIRS,l,2,314.63,7.85,D,0
30.49913,75.45525,339.41,0.42,0.45,2025-05-16,0735,N20,VIIRS,l,2,311.66,4.23,D,0
30.62167,76.03712,336.46,0.39,0.44,2025-05-16,0735,N20,VIIRS,n,2,306.94,5.24,D,0
30.55929,75.72828,344.73,0.41,0.45,2025-05-16,0735,N20,VIIRS,n,2,310.9,6.48,D,0
30.61115,75.96397,348.94,0.39,0.44,2025-05-16,0735,N20,VIIRS,n,2,309.77,5.57,D,0
30.53865,75.60612,348.55,0.41,0.45,2025-05-16,0735,N20,VIIRS,n,2,310.76,15.4,D,0
30.51402,75.46478,347.08,0.42,0.45,2025-05-16,0735,N20,VIIRS,n,2,314.95,18.4,D,0
30.51314,75.46049,343.82,0.42,0.45,2025-05-16,0735,N20,VIIRS,n,2,312.48,11.47,D,0
30.61098,75.92154,345.88,0.4,0.44,2025-05-16,0735,N20,VIIRS,n,2,312.64,8.64,D,0
30.64221,76.05676,341.23,0.39,0.44,2025-05-16,0735,N20,VIIRS,n,2,310.13,4.29,D,0
30.57199,75.70734,341.71,0.41,0.45,2025-05-16,0735,N20,VIIRS,n,2,309.18,5.91,D,0
30.537,75.53513,345.51,0.42,0.45,2025-05-16,0735,N20,VIIRS,n,2,312.97,10.09,D,0
30.52743,75.48826,353.37,0.42,0.45,2025-05-16,0735,N20,VIIRS,n,2,313.74,11.7,D,0
30.50717,75.38933,337.77,0.43,0.46,2025-05-16,0735,N20,VIIRS,l,2,311.85,5.13,D,0
30.65876,76.09829,334.44,0.39,0.44,2025-05-16,0735,N20,VIIRS,l,2,308.72,3.71,D,0
30.65797,76.09432,344.5,0.39,0.44,2025-05-16,0735,N20,VIIRS,n,2,309.4,3.71,D,0
30.59256,75.76727,338.18,0.4,0.45,2025-05-16,0735,N20,VIIRS,l,2,311.53,4.95,D,0
30.56654,75.63844,346.3,0.41,0.45,2025-05-16,0735,N20,VIIRS,n,2,308.94,7.29,D,0
30.56484,75.63007,346.49,0.41,0.45,2025-05-16,0735,N20,VIIRS,n,2,310.21,7.98,D,0
30.71428,76.35888,338.04,0.56,0.43,2025-05-16,0735,N20,VIIRS,n,2,304.67,2.48,D,0
30.70411,76.30701,339.2,0.57,0.43,2025-05-16,0735,N20,VIIRS,n,2,306.93,6.3,D,0
30.6317,75.94152,345.64,0.4,0.44,2025-05-16,0735,N20,VIIRS,n,2,311.21,6.95,D,0
30.56887,75.62897,344.61,0.41,0.45,2025-05-16,0735,N20,VIIRS,n,2,310.35,6.77,D,0
30.64687,75.99672,342.27,0.39,0.44,2025-05-16,0735,N20,VIIRS,n,2,309.15,4.23,D,0
30.60965,75.81036,339.32,0.4,0.44,2025-05-16,0735,N20,VIIRS,l,2,310.96,6.37,D,0
30.58706,75.67695,346.05,0.41,0.45,2025-05-16,0735,N20,VIIRS,n,2,313.82,8.51,D,0
30.58623,75.67278,340.22,0.41,0.45,2025-05-16,0735,N20,VIIRS,l,2,312.5,6.17,D,0
30.53205,75.40536,345.55,0.42,0.46,2025-05-16,0735,N20,VIIRS,n,2,310.93,8.24,D,0
30.67216,76.0404,338.02,0.39,0.44,2025-05-16,0735,N20,VIIRS,l,2,309.38,2.11,D,0
30.61729,75.74319,349.53,0.41,0.45,2025-05-16,0735,N20,VIIRS,l,2,320.37,35.58,D,0
30.61647,75.73906,344.03,0.41,0.45,2025-05-16,0735,N20,VIIRS,n,2,311.58,35.58,D,0
30.68239,76.05024,342.91,0.39,0.44,2025-05-16,0735,N20,VIIRS,n,2,307.15,6.38,D,0
30.73742,76.31038,336.2,0.56,0.43,2025-05-16,0735,N20,VIIRS,l,2,306.57,4.59,D,0
30.72386,76.24075,343.31,0.57,0.43,2025-05-16,0735,N20,VIIRS,n,2,306.41,5.03,D,0
30.66897,75.94002,337.22,0.39,0.44,2025-05-16,0735,N20,VIIRS,l,2,308.34,2.22,D,0
30.7074,76.11444,336.76,0.39,0.44,2025-05-16,0735,N20,VIIRS,n,2,303.83,1.36,D,0
30.61926,75.66821,343.77,0.41,0.45,2025-05-16,0735,N20,VIIRS,n,2,309.16,4.02,D,0
30.60335,75.58852,338.98,0.41,0.45,2025-05-16,0735,N20,VIIRS,l,2,309.79,5.31,D,0
30.59912,75.56741,350.06,0.41,0.45,2025-05-16,0735,N20,VIIRS,n,2,310.92,7.32,D,0
30.56389,75.39207,345.42,0.42,0.46,2025-05-16,0735,N20,VIIRS,n,2,312.31,6.43,D,0
30.55952,75.37041,348.82,0.43,0.46,2025-05-16,0735,N20,VIIRS,n,2,315.25,21.47,D,0
30.64552,75.77902,346.9,0.4,0.44,2025-05-16,0735,N20,VIIRS,n,2,313.41,9.82,D,0
30.63322,75.71705,347.01,0.41,0.45,2025-05-16,0735,N20,VIIRS,n,2,311.94,6.82,D,0
30.75183,76.30049,334.5,0.57,0.43,2025-05-16,0735,N20,VIIRS,l,2,305.77,1.98,D,0
30.61933,75.66963,335.82,0.41,0.45,2025-05-16,0735,N20,VIIRS,l,2,308.08,3.32,D,0
30.61847,75.66547,343.06,0.41,0.45,2025-05-16,0735,N20,VIIRS,n,2,310.21,4.65,D,0
30.59857,75.56912,340.87,0.41,0.45,2025-05-16,0735,N20,VIIRS,n,2,308.91,4.69,D,0
30.5977,75.56492,344.23,0.41,0.45,2025-05-16,0735,N20,VIIRS,n,2,309.73,6,D,0
30.56224,75.39427,345.47,0.42,0.45,2025-05-16,0735,N20,VIIRS,n,2,313.83,7.52,D,0
30.75136,76.29929,332.31,0.56,0.43,2025-05-16,0735,N20,VIIRS,l,2,305.38,2.69,D,0
30.67696,75.93053,333.83,0.39,0.44,2025-05-16,0735,N20,VIIRS,l,2,305.77,2.55,D,0
30.64626,75.78014,347.97,0.4,0.44,2025-05-16,0735,N20,VIIRS,n,2,312.76,10.59,D,0
30.63274,75.71419,340.81,0.41,0.45,2025-05-16,0735,N20,VIIRS,l,2,312.06,7.77,D,0
30.6061,75.58488,340.8,0.41,0.45,2025-05-16,0735,N20,VIIRS,n,2,308.74,5.46,D,0
30.56182,75.37157,348.83,0.43,0.46,2025-05-16,0735,N20,VIIRS,n,2,318.48,35.97,D,0
30.68011,75.92544,342.24,0.39,0.44,2025-05-16,0735,N20,VIIRS,n,2,309.96,5.59,D,0
30.70514,76.02841,346.29,0.39,0.44,2025-05-16,0735,N20,VIIRS,n,2,309.41,7.67,D,0
30.63481,75.68301,334.63,0.41,0.45,2025-05-16,0735,N20,VIIRS,l,2,307.27,2.34,D,0
30.61851,75.60369,337.91,0.41,0.45,2025-05-16,0735,N20,VIIRS,l,2,309.44,3.95,D,0
30.60723,75.54896,338.52,0.42,0.45,2025-05-16,0735,N20,VIIRS,n,2,308.34,3.78,D,0
30.76531,76.30774,334.78,0.56,0.43,2025-05-16,0735,N20,VIIRS,l,2,306.24,4.18,D,0
30.70578,75.99044,338.54,0.39,0.44,2025-05-16,0735,N20,VIIRS,n,2,308.04,4.39,D,0
30.64749,75.66203,341.66,0.41,0.45,2025-05-16,0735,N20,VIIRS,n,2,309.39,6.16,D,0
30.64493,75.64953,335.42,0.41,0.45,2025-05-16,0735,N20,VIIRS,l,2,307.49,3.49,D,0
30.59709,75.41664,343.38,0.42,0.45,2025-05-16,0735,N20,VIIRS,n,2,310.42,4.12,D,0
30.63526,75.58141,348.75,0.41,0.45,2025-05-16,0735,N20,VIIRS,n,2,311.39,6.69,D,0
30.60117,75.41552,344.97,0.42,0.45,2025-05-16,0735,N20,VIIRS,n,2,311.13,6.51,D,0
30.73033,76.00914,344.94,0.39,0.44,2025-05-16,0735,N20,VIIRS,n,2,310.74,6.9,D,0
30.72953,76.00515,344.32,0.39,0.44,2025-05-16,0735,N20,VIIRS,n,2,311.56,7.1,D,0
30.73348,76.0041,352.07,0.39,0.44,2025-05-16,0735,N20,VIIRS,n,2,309.61,7.1,D,0
30.76736,76.13251,334.12,0.38,0.43,2025-05-16,0735,N20,VIIRS,l,2,306.73,1.4,D,0
30.68006,75.69707,343.98,0.41,0.45,2025-05-16,0735,N20,VIIRS,n,2,310.63,5.08,D,0
30.67753,75.68462,336.62,0.41,0.45,2025-05-16,0735,N20,VIIRS,l,2,310.24,5.01,D,0
30.67669,75.68047,342.05,0.41,0.45,2025-05-16,0735,N20,VIIRS,n,2,307.49,5.01,D,0
30.64773,75.53794,335.01,0.42,0.45,2025-05-16,0735,N20,VIIRS,l,2,308.41,3.09,D,0
30.74132,75.98097,345.61,0.39,0.44,2025-05-16,0735,N20,VIIRS,n,2,310.01,10.74,D,0
30.74053,75.97697,343.12,0.39,0.44,2025-05-16,0735,N20,VIIRS,n,2,312.42,8.02,D,0
30.64574,75.50716,337.75,0.42,0.45,2025-05-16,0735,N20,VIIRS,l,2,308.98,2.58,D,0
30.74926,75.9999,354.53,0.39,0.44,2025-05-16,0735,N20,VIIRS,n,2,313,15.87,D,0
30.74447,75.97593,334.85,0.39,0.44,2025-05-16,0735,N20,VIIRS,l,2,306.11,8.02,D,0
30.66099,75.5611,345.97,0.41,0.45,2025-05-16,0735,N20,VIIRS,n,2,310.13,9.86,D,0
30.74593,75.92052,343.17,0.39,0.44,2025-05-16,0735,N20,VIIRS,n,2,311.74,6.11,D,0
30.67823,75.58307,340.73,0.41,0.45,2025-05-16,0735,N20,VIIRS,n,2,309.13,4.58,D,0
30.68904,75.61553,348.65,0.41,0.45,2025-05-16,0735,N20,VIIRS,n,2,311.21,16.56,D,0
30.68481,75.59458,335.94,0.41,0.45,2025-05-16,0735,N20,VIIRS,l,2,307.78,1.92,D,0
30.67289,75.53556,343.11,0.41,0.45,2025-05-16,0735,N20,VIIRS,n,2,310.28,5.17,D,0
30.66085,75.47607,344.04,0.42,0.45,2025-05-16,0735,N20,VIIRS,n,2,310.32,6.24,D,0
30.80802,76.19266,337.97,0.57,0.43,2025-05-16,0735,N20,VIIRS,n,2,304.95,1.98,D,0
30.6718,75.50903,337.88,0.42,0.45,2025-05-16,0735,N20,VIIRS,l,2,309.61,2.96,D,0
30.83687,76.31914,331.78,0.56,0.43,2025-05-16,0735,N20,VIIRS,l,2,304.93,2.06,D,0
30.77528,76.00554,343.32,0.39,0.44,2025-05-16,0735,N20,VIIRS,n,2,309.76,3,D,0
30.73195,75.78734,337.3,0.4,0.44,2025-05-16,0735,N20,VIIRS,l,2,311.35,4.87,D,0
30.6551,75.40532,344.34,0.42,0.45,2025-05-16,0735,N20,VIIRS,n,2,309.71,7.34,D,0
30.72031,75.708,341.69,0.41,0.45,2025-05-16,0735,N20,VIIRS,n,2,308.3,5.21,D,0
30.81189,76.14954,335.39,0.38,0.43,2025-05-16,0735,N20,VIIRS,l,2,307.48,3.36,D,0
30.73503,75.76057,354.83,0.4,0.44,2025-05-16,0735,N20,VIIRS,n,2,314.01,12.17,D,0
30.8158,76.14849,334.93,0.38,0.43,2025-05-16,0735,N20,VIIRS,l,2,307.59,2.76,D,0
30.72998,75.71412,339.1,0.4,0.45,2025-05-16,0735,N20,VIIRS,l,2,310.83,3.97,D,0
30.70161,75.57225,335.44,0.41,0.45,2025-05-16,0735,N20,VIIRS,l,2,307.9,4.57,D,0
30.79104,76.00128,354.53,0.39,0.44,2025-05-16,0735,N20,VIIRS,n,2,312,14.23,D,0
30.74465,75.76661,336.25,0.4,0.44,2025-05-16,0735,N20,VIIRS,l,2,310.15,6.94,D,0
30.73728,75.72957,342.22,0.4,0.45,2025-05-16,0735,N20,VIIRS,n,2,310.78,4,D,0
30.7282,75.68401,345.24,0.41,0.45,2025-05-16,0735,N20,VIIRS,n,2,309.56,7.13,D,0
30.71457,75.57317,354.07,0.41,0.45,2025-05-16,0735,N20,VIIRS,n,2,309.85,8.16,D,0
30.68389,75.4201,339.72,0.42,0.45,2025-05-16,0735,N20,VIIRS,l,2,309.77,3.5,D,0
30.71393,75.57429,344.98,0.41,0.45,2025-05-16,0735,N20,VIIRS,n,2,310.35,6.15,D,0
30.67785,75.40025,336.17,0.42,0.45,2025-05-16,0735,N20,VIIRS,l,2,309.68,4,D,0
30.72487,75.60669,336.05,0.41,0.45,2025-05-16,0735,N20,VIIRS,l,2,308.57,3.6,D,0
30.70491,75.50997,339.82,0.42,0.45,2025-05-16,0735,N20,VIIRS,l,2,310.53,11.81,D,0
30.68638,75.42057,338.64,0.42,0.45,2025-05-16,0735,N20,VIIRS,n,2,308.48,5.85,D,0
30.76532,75.78336,344.62,0.4,0.44,2025-05-16,0735,N20,VIIRS,n,2,312.91,6.29,D,0
30.7289,75.60561,342.85,0.41,0.45,2025-05-16,0735,N20,VIIRS,n,2,307.12,3.6,D,0
30.70458,75.48768,338.22,0.42,0.45,2025-05-16,0735,N20,VIIRS,l,2,308.6,4.19,D,0
30.69222,75.428,349.93,0.42,0.45,2025-05-16,0735,N20,VIIRS,n,2,311.67,10.28,D,0
30.68244,75.38082,346.01,0.42,0.45,2025-05-16,0735,N20,VIIRS,n,2,309.78,5.83,D,0
30.68154,75.37652,344.1,0.42,0.45,2025-05-16,0735,N20,VIIRS,n,2,310.83,5.83,D,0
30.84046,76.13406,344.62,0.38,0.43,2025-05-16,0735,N20,VIIRS,n,2,308.95,8.57,D,0
30.70864,75.48657,346.2,0.42,0.45,2025-05-16,0735,N20,VIIRS,n,2,310.06,8.31,D,0
30.77994,75.81384,337,0.4,0.44,2025-05-16,0735,N20,VIIRS,l,2,309.95,4.21,D,0
30.73438,75.59085,338.43,0.41,0.45,2025-05-16,0735,N20,VIIRS,l,2,311.21,5.15,D,0
30.71269,75.48547,340.15,0.42,0.45,2025-05-16,0735,N20,VIIRS,n,2,310.07,8.31,D,0
30.71182,75.48122,344.54,0.42,0.45,2025-05-16,0735,N20,VIIRS,n,2,312.1,15.34,D,0
30.86715,76.20588,333.71,0.57,0.43,2025-05-16,0735,N20,VIIRS,l,2,304.68,5.6,D,0
30.73356,75.5245,343.73,0.41,0.45,2025-05-16,0735,N20,VIIRS,n,2,308.85,4.51,D,0
30.85922,76.12492,337.25,0.38,0.43,2025-05-16,0735,N20,VIIRS,l,2,310.83,4.44,D,0
30.81385,75.89867,338.58,0.39,0.44,2025-05-16,0735,N20,VIIRS,l,2,311.13,4.33,D,0
30.77992,75.71011,339.72,0.4,0.45,2025-05-16,0735,N20,VIIRS,l,2,313.09,7.09,D,0
30.85765,76.0757,342,0.39,0.44,2025-05-16,0735,N20,VIIRS,n,2,309.9,2.75,D,0
30.86157,76.07465,344.55,0.39,0.44,2025-05-16,0735,N20,VIIRS,n,2,309.78,3.54,D,0
30.85921,76.06282,346.7,0.39,0.44,2025-05-16,0735,N20,VIIRS,n,2,309.66,3.67,D,0
30.75576,75.5496,339.27,0.41,0.45,2025-05-16,0735,N20,VIIRS,l,2,310.06,3.89,D,0
30.80189,75.75619,343.17,0.4,0.44,2025-05-16,0735,N20,VIIRS,n,2,310.41,5.14,D,0
30.79109,75.70273,342.57,0.4,0.45,2025-05-16,0735,N20,VIIRS,n,2,309.11,6.28,D,0
30.76041,75.53055,338.63,0.41,0.45,2025-05-16,0735,N20,VIIRS,n,2,307.3,4.94,D,0
30.85679,75.98836,337.68,0.39,0.44,2025-05-16,0735,N20,VIIRS,n,2,307.57,4.79,D,0
30.7747,75.5799,334.99,0.41,0.45,2025-05-16,0735,N20,VIIRS,l,2,307.08,4.39,D,0
30.77214,75.56731,341.12,0.41,0.45,2025-05-16,0735,N20,VIIRS,n,2,306.85,6.74,D,0
30.77129,75.56311,339.89,0.41,0.45,2025-05-16,0735,N20,VIIRS,n,2,309.51,4.87,D,0
30.77873,75.5788,344.86,0.41,0.45,2025-05-16,0735,N20,VIIRS,n,2,308.49,13.14,D,0
30.77703,75.57041,333.42,0.41,0.45,2025-05-16,0735,N20,VIIRS,l,2,305.42,3.19,D,0
30.82829,75.762,345.71,0.4,0.44,2025-05-16,0735,N20,VIIRS,n,2,314.9,9.35,D,0
30.82007,75.72095,340.63,0.4,0.44,2025-05-16,0735,N20,VIIRS,l,2,311.19,7.21,D,0
30.80846,75.66309,337.94,0.41,0.45,2025-05-16,0735,N20,VIIRS,n,2,307.72,4.26,D,0
30.80429,75.64234,345.69,0.41,0.45,2025-05-16,0735,N20,VIIRS,n,2,308.85,6.15,D,0
30.8331,75.76501,345.55,0.4,0.44,2025-05-16,0735,N20,VIIRS,n,2,313.75,6.62,D,0
30.82489,75.72398,341.69,0.4,0.44,2025-05-16,0735,N20,VIIRS,l,2,314.1,7.58,D,0
30.81247,75.662,339.09,0.41,0.45,2025-05-16,0735,N20,VIIRS,l,2,310.37,5.95,D,0
30.83463,75.75163,346.82,0.4,0.44,2025-05-16,0735,N20,VIIRS,n,2,312.06,7.24,D,0
30.80375,75.57639,334.63,0.41,0.45,2025-05-16,0735,N20,VIIRS,l,2,306.1,3.12,D,0
30.80291,75.57219,335.84,0.41,0.45,2025-05-16,0735,N20,VIIRS,l,2,308.12,3.82,D,0
30.81031,75.58788,342.5,0.41,0.45,2025-05-16,0735,N20,VIIRS,n,2,305.91,4.24,D,0
30.80947,75.58368,343.68,0.41,0.45,2025-05-16,0735,N20,VIIRS,n,2,308.69,4.24,D,0
30.80526,75.5627,333.56,0.41,0.45,2025-05-16,0735,N20,VIIRS,l,2,306.89,1.57,D,0
30.79765,75.52483,339.07,0.41,0.45,2025-05-16,0735,N20,VIIRS,n,2,304,4.28,D,0
30.91251,76.06098,346.61,0.39,0.44,2025-05-16,0735,N20,VIIRS,n,2,310.73,5.3,D,0
30.85864,75.76673,336.2,0.4,0.44,2025-05-16,0735,N20,VIIRS,l,2,310.12,4.1,D,0
30.83653,75.65546,335.82,0.41,0.45,2025-05-16,0735,N20,VIIRS,l,2,309.49,4.04,D,0
30.83611,75.65261,336.17,0.41,0.45,2025-05-16,0735,N20,VIIRS,l,2,310.27,4.03,D,0
30.93757,76.13052,334.64,0.57,0.43,2025-05-16,0735,N20,VIIRS,l,2,307.43,2.45,D,0
30.93499,76.09724,344.77,0.38,0.43,2025-05-16,0735,N20,VIIRS,n,2,310.09,11.8,D,0
30.91431,75.99481,345.49,0.39,0.44,2025-05-16,0735,N20,VIIRS,n,2,309.74,8.09,D,0
30.82785,75.57136,343.5,0.41,0.45,2025-05-16,0735,N20,VIIRS,n,2,307.62,5.23,D,0
30.82699,75.56718,341.7,0.41,0.45,2025-05-16,0735,N20,VIIRS,n,2,310.93,6.37,D,0
30.94889,76.14599,333.19,0.57,0.43,2025-05-16,0735,N20,VIIRS,l,2,307.29,1.19,D,0
30.83563,75.5471,331.75,0.41,0.45,2025-05-16,0735,N20,VIIRS,l,2,306.65,1.27,D,0
30.8024,75.38597,341.64,0.42,0.45,2025-05-16,0735,N20,VIIRS,n,2,310.32,5.01,D,0
30.85932,75.64194,344.64,0.41,0.45,2025-05-16,0735,N20,VIIRS,n,2,310.38,8.22,D,0
30.848,75.56586,339.83,0.41,0.45,2025-05-16,0735,N20,VIIRS,l,2,310.14,4.02,D,0
30.8552,75.55948,333.01,0.41,0.45,2025-05-16,0735,N20,VIIRS,l,2,304.94,1.95,D,0
30.95527,76.03381,347.11,0.39,0.44,2025-05-16,0735,N20,VIIRS,n,2,312.22,7.56,D,0
30.94811,75.97736,339.32,0.39,0.44,2025-05-16,0735,N20,VIIRS,n,2,307.48,4.17,D,0
30.89693,75.72312,346.69,0.4,0.44,2025-05-16,0735,N20,VIIRS,n,2,315,9.9,D,0
30.99552,76.19486,335.76,0.57,0.43,2025-05-16,0735,N20,VIIRS,l,2,308.69,2.52,D,0
30.98166,76.12494,346.88,0.57,0.43,2025-05-16,0735,N20,VIIRS,n,2,305.02,6.36,D,0
30.87663,75.60215,339.49,0.41,0.45,2025-05-16,0735,N20,VIIRS,n,2,306.67,4.02,D,0
30.90491,75.72096,344.88,0.4,0.44,2025-05-16,0735,N20,VIIRS,n,2,311.26,6.67,D,0
30.97643,76.05721,334.63,0.38,0.43,2025-05-16,0735,N20,VIIRS,l,2,308.52,2.64,D,0
30.9006,75.6787,351.7,0.4,0.44,2025-05-16,0735,N20,VIIRS,n,2,311.2,9.64,D,0
30.84923,75.40479,343.85,0.42,0.45,2025-05-16,0735,N20,VIIRS,n,2,306.62,15.54,D,0
30.85068,75.39085,367,0.42,0.45,2025-05-16,0735,N20,VIIRS,h,2,311.5,12.42,D,0
30.85155,75.3951,336.75,0.42,0.45,2025-05-16,0735,N20,VIIRS,n,2,307.46,8.42,D,0
31.02339,76.21182,336.48,0.56,0.43,2025-05-16,0735,N20,VIIRS,l,2,309.43,6.71,D,0
30.98428,76.01357,337.04,0.39,0.44,2025-05-16,0735,N20,VIIRS,l,2,309.96,4.67,D,0
30.9835,76.00961,351.38,0.39,0.44,2025-05-16,0735,N20,VIIRS,n,2,311.14,4.67,D,0
30.86402,75.41423,348.36,0.42,0.45,2025-05-16,0735,N20,VIIRS,n,2,307.27,6.1,D,0
31.00317,76.08831,331.71,0.57,0.43,2025-05-16,0735,N20,VIIRS,l,2,305.41,3.17,D,0
30.86287,75.38748,355.26,0.42,0.45,2025-05-16,0735,N20,VIIRS,n,2,311.39,16.61,D,0
31.03115,76.20975,342.76,0.56,0.43,2025-05-16,0735,N20,VIIRS,n,2,308.53,5.84,D,0
31.03729,76.22029,340.31,0.56,0.43,2025-05-16,0735,N20,VIIRS,n,2,307.63,6.7,D,0
31.03616,76.21451,336.68,0.56,0.43,2025-05-16,0735,N20,VIIRS,l,2,306.78,6.7,D,0
31.03418,76.14165,338.5,0.57,0.43,2025-05-16,0735,N20,VIIRS,n,2,307.2,3.6,D,0
30.97149,75.82317,349.44,0.4,0.44,2025-05-16,0735,N20,VIIRS,n,2,308.14,8.01,D,0
31.02776,76.08791,334.58,0.57,0.43,2025-05-16,0735,N20,VIIRS,l,2,308.52,4.13,D,0
30.98978,75.89464,345.98,0.39,0.44,2025-05-16,0735,N20,VIIRS,n,2,312.18,6.35,D,0
30.97545,75.82209,347.65,0.4,0.44,2025-05-16,0735,N20,VIIRS,n,2,311.05,8.01,D,0
31.02751,76.0924,338.35,0.57,0.43,2025-05-16,0735,N20,VIIRS,l,2,309.11,7.53,D,0
31.04903,76.17875,331.94,0.57,0.43,2025-05-16,0735,N20,VIIRS,l,2,305.48,2.44,D,0
31.0326,76.09722,337.66,0.57,0.43,2025-05-16,0735,N20,VIIRS,l,2,308.07,6.39,D,0
31.0235,75.99094,338.54,0.39,0.44,2025-05-16,0735,N20,VIIRS,l,2,309.51,2.72,D,0
31.04639,76.043,345.27,0.38,0.43,2025-05-16,0735,N20,VIIRS,n,2,306.32,3.63,D,0
31.04714,76.02621,339.09,0.38,0.44,2025-05-16,0735,N20,VIIRS,n,2,307.71,2.95,D,0
31.02801,75.93116,335.6,0.39,0.44,2025-05-16,0735,N20,VIIRS,l,2,308.87,2.39,D,0
31.00531,75.81886,335.67,0.39,0.44,2025-05-16,0735,N20,VIIRS,l,2,308.27,20.53,D,0
31.00449,75.81481,346.53,0.39,0.44,2025-05-16,0735,N20,VIIRS,n,2,308.27,36.65,D,0
31.00366,75.81077,338.01,0.4,0.44,2025-05-16,0735,N20,VIIRS,n,2,307.49,36.65,D,0
31.03915,75.96587,367,0.39,0.44,2025-05-16,0735,N20,VIIRS,h,2,312.86,14.12,D,0
31.08012,76.17056,345.01,0.57,0.43,2025-05-16,0735,N20,VIIRS,n,2,306.34,17.08,D,0
31.0463,76.00148,344.66,0.39,0.44,2025-05-16,0735,N20,VIIRS,n,2,308.87,5.82,D,0
31.00927,75.81779,353.9,0.39,0.44,2025-05-16,0735,N20,VIIRS,n,2,311.02,20.53,D,0
31.00763,75.8097,351.32,0.4,0.44,2025-05-16,0735,N20,VIIRS,n,2,315.99,36.65,D,0
31.00681,75.80565,353.88,0.4,0.44,2025-05-16,0735,N20,VIIRS,n,2,312.43,10.58,D,0
31.08631,76.18111,341.79,0.57,0.43,2025-05-16,0735,N20,VIIRS,n,2,306.67,6.8,D,0
31.01241,75.81268,337.55,0.39,0.44,2025-05-16,0735,N20,VIIRS,l,2,309.61,7.05,D,0
31.0581,76.01915,331.95,0.38,0.44,2025-05-16,0735,N20,VIIRS,l,2,306.14,0.93,D,0
30.94227,75.44762,341.66,0.41,0.45,2025-05-16,0735,N20,VIIRS,l,2,311.89,7.15,D,0
30.9541,75.48452,339.27,0.41,0.45,2025-05-16,0735,N20,VIIRS,l,2,310.77,6.62,D,0
30.93992,75.3944,336.51,0.42,0.45,2025-05-16,0735,N20,VIIRS,l,2,306.95,4.43,D,0
31.06118,75.97255,350.88,0.39,0.44,2025-05-16,0735,N20,VIIRS,n,2,312.8,15.02,D,0
31.03386,75.81543,341.1,0.39,0.44,2025-05-16,0735,N20,VIIRS,n,2,309.56,4.5,D,0
31.09578,76.10506,337.93,0.57,0.43,2025-05-16,0735,N20,VIIRS,n,2,306.95,9.24,D,0
31.01736,75.71267,339.68,0.4,0.44,2025-05-16,0735,N20,VIIRS,l,2,311.65,6.39,D,0
30.9839,75.54725,356.12,0.41,0.45,2025-05-16,0735,N20,VIIRS,n,2,308.86,6.05,D,0
31.04097,75.80923,340.46,0.39,0.44,2025-05-16,0735,N20,VIIRS,l,2,310.7,6.09,D,0
31.04015,75.80518,355.25,0.39,0.44,2025-05-16,0735,N20,VIIRS,n,2,313.62,11.33,D,0
31.03529,75.78094,338.47,0.4,0.44,2025-05-16,0735,N20,VIIRS,l,2,311.25,4.25,D,0
31.09662,76.0678,336.82,0.57,0.43,2025-05-16,0735,N20,VIIRS,n,2,306.7,2.97,D,0
31.07367,75.91051,354.69,0.39,0.44,2025-05-16,0735,N20,VIIRS,n,2,312.9,11.82,D,0
30.96658,75.37804,343.09,0.42,0.45,2025-05-16,0735,N20,VIIRS,n,2,306.65,6.23,D,0
31.03963,75.69803,345.44,0.4,0.44,2025-05-16,0735,N20,VIIRS,n,2,313.08,14.79,D,0
31.03882,75.69393,344.71,0.4,0.44,2025-05-16,0735,N20,VIIRS,l,2,315.35,15.69,D,0
31.06796,75.81901,337.25,0.39,0.44,2025-05-16,0735,N20,VIIRS,l,2,309.15,4.23,D,0
31.06554,75.80688,337.04,0.39,0.44,2025-05-16,0735,N20,VIIRS,l,2,309.11,3.61,D,0
31.02629,75.6104,339.08,0.4,0.45,2025-05-16,0735,N20,VIIRS,l,2,311.31,5.21,D,0
31.03444,75.63,352.11,0.4,0.44,2025-05-16,0735,N20,VIIRS,n,2,315.76,14.05,D,0
31.12278,76.05457,332.93,0.57,0.43,2025-05-16,0735,N20,VIIRS,l,2,306.04,2.39,D,0
31.06864,75.78043,341.24,0.4,0.44,2025-05-16,0735,N20,VIIRS,n,2,309.44,4.94,D,0
31.06783,75.77638,343.45,0.4,0.44,2025-05-16,0735,N20,VIIRS,n,2,312.98,4.94,D,0
31.06218,75.74794,349.19,0.4,0.44,2025-05-16,0735,N20,VIIRS,n,2,313.91,16.55,D,0
31.06137,75.74385,339.91,0.4,0.44,2025-05-16,0735,N20,VIIRS,l,2,312.87,16.55,D,0
31.05567,75.71525,349.56,0.4,0.44,2025-05-16,0735,N20,VIIRS,n,2,310.25,7.93,D,0
31.09177,75.87613,336.5,0.39,0.44,2025-05-16,0735,N20,VIIRS,l,2,309.34,2.8,D,0
31.09097,75.87211,336.17,0.39,0.44,2025-05-16,0735,N20,VIIRS,l,2,308.95,2.8,D,0
31.0726,75.77935,344.72,0.4,0.44,2025-05-16,0735,N20,VIIRS,n,2,310.2,6.29,D,0
31.0718,75.77531,347.01,0.4,0.44,2025-05-16,0735,N20,VIIRS,n,2,312.08,6.29,D,0
31.07335,75.76205,341.37,0.4,0.44,2025-05-16,0735,N20,VIIRS,n,2,310.83,6.57,D,0
31.04974,75.64326,340.51,0.4,0.44,2025-05-16,0735,N20,VIIRS,l,2,313.74,7.69,D,0
31.11924,75.97357,344.99,0.39,0.44,2025-05-16,0735,N20,VIIRS,n,2,309.9,2.83,D,0
31.09172,75.83381,340.97,0.39,0.44,2025-05-16,0735,N20,VIIRS,n,2,310.33,6.15,D,0
31.09568,75.83273,367,0.39,0.44,2025-05-16,0735,N20,VIIRS,h,2,312.12,6.15,D,0
31.09488,75.8287,349.57,0.39,0.44,2025-05-16,0735,N20,VIIRS,n,2,312.61,6.15,D,0
31.09343,75.83333,352.32,0.39,0.44,2025-05-16,0736,N20,VIIRS,n,2,311.79,4.6,D,0
31.09261,75.82931,346.02,0.39,0.44,2025-05-16,0736,N20,VIIRS,n,2,311.58,4.6,D,0
31.13128,75.99931,342.86,0.38,0.43,2025-05-16,0736,N20,VIIRS,n,2,306.83,2.66,D,0
31.09738,75.83227,339.27,0.39,0.44,2025-05-16,0736,N20,VIIRS,l,2,309.57,4.6,D,0
31.09656,75.82824,343.39,0.39,0.44,2025-05-16,0736,N20,VIIRS,n,2,311.44,4.6,D,0
31.07699,75.67072,345.14,0.4,0.44,2025-05-16,0736,N20,VIIRS,n,2,312.85,8.52,D,0
31.11644,75.84406,345.71,0.39,0.44,2025-05-16,0736,N20,VIIRS,n,2,311.19,6.88,D,0
31.1212,75.847,341.7,0.39,0.44,2025-05-16,0736,N20,VIIRS,l,2,311.76,3.54,D,0
31.12039,75.84298,340.91,0.39,0.44,2025-05-16,0736,N20,VIIRS,l,2,313.56,7.81,D,0
31.12515,75.84592,344.93,0.39,0.44,2025-05-16,0736,N20,VIIRS,n,2,310.8,3.54,D,0
31.15064,75.91068,338.3,0.39,0.44,2025-05-16,0736,N20,VIIRS,l,2,308.86,4.41,D,0
31.18119,76.04279,350.35,0.57,0.43,2025-05-16,0736,N20,VIIRS,n,2,307.74,9.77,D,0
31.13111,75.77209,343.49,0.39,0.44,2025-05-16,0736,N20,VIIRS,n,2,309.39,7.65,D,0
31.15686,75.87959,344.47,0.39,0.44,2025-05-16,0736,N20,VIIRS,n,2,309.46,7.65,D,0
31.15606,75.8756,340.72,0.39,0.44,2025-05-16,0736,N20,VIIRS,l,2,312.28,10.22,D,0
31.06028,75.40215,345.6,0.41,0.45,2025-05-16,0736,N20,VIIRS,n,2,310.64,10.9,D,0
31.05941,75.3979,345.81,0.41,0.45,2025-05-16,0736,N20,VIIRS,n,2,310.91,7.05,D,0
31.05854,75.39365,343.88,0.42,0.45,2025-05-16,0736,N20,VIIRS,n,2,312.58,7.05,D,0
31.13578,75.75372,337.49,0.4,0.44,2025-05-16,0736,N20,VIIRS,l,2,310.77,3.69,D,0
31.11088,75.60933,341.48,0.4,0.44,2025-05-16,0736,N20,VIIRS,n,2,310.56,4,D,0
31.16947,75.88039,339.17,0.39,0.44,2025-05-16,0736,N20,VIIRS,l,2,309.77,5.08,D,0
31.13857,75.68421,355.12,0.4,0.44,2025-05-16,0736,N20,VIIRS,n,2,316.41,7.24,D,0
31.13776,75.68012,344.15,0.4,0.44,2025-05-16,0736,N20,VIIRS,l,2,315.91,7.24,D,0
31.19152,75.88701,345.65,0.39,0.44,2025-05-16,0736,N20,VIIRS,n,2,311.74,4.65,D,0
31.1764,75.81086,354.29,0.39,0.44,2025-05-16,0736,N20,VIIRS,n,2,311.74,10.01,D,0
31.12905,75.57376,344.32,0.4,0.45,2025-05-16,0736,N20,VIIRS,n,2,310.93,6.17,D,0
31.19624,75.88992,337.79,0.39,0.44,2025-05-16,0736,N20,VIIRS,l,2,310.16,2.97,D,0
31.13106,75.52053,339.54,0.41,0.45,2025-05-16,0736,N20,VIIRS,n,2,308.95,6.61,D,0
31.15086,75.5984,345.55,0.4,0.44,2025-05-16,0736,N20,VIIRS,n,2,311.74,7.98,D,0
31.14672,75.57767,339.76,0.4,0.45,2025-05-16,0736,N20,VIIRS,l,2,311.92,6.76,D,0
31.13841,75.53612,339.19,0.41,0.45,2025-05-16,0736,N20,VIIRS,l,2,309.67,9.07,D,0
31.13591,75.5236,340.95,0.41,0.45,2025-05-16,0736,N20,VIIRS,n,2,310.11,6.71,D,0
31.19855,75.81757,339.06,0.39,0.44,2025-05-16,0736,N20,VIIRS,l,2,310.13,5.15,D,0
31.22528,75.9323,336.74,0.39,0.44,2025-05-16,0736,N20,VIIRS,l,2,309.78,4.56,D,0
31.20487,75.82855,340.62,0.39,0.44,2025-05-16,0736,N20,VIIRS,n,2,310.27,4.11,D,0
31.1605,75.60448,340.14,0.4,0.44,2025-05-16,0736,N20,VIIRS,l,2,313.07,7.09,D,0
31.24913,76.01209,341.77,0.57,0.43,2025-05-16,0736,N20,VIIRS,n,2,307.08,6.81,D,0
31.2229,75.92909,336.04,0.39,0.44,2025-05-16,0736,N20,VIIRS,l,2,309.71,3.81,D,0
31.2473,76.02933,335.98,0.57,0.43,2025-05-16,0736,N20,VIIRS,l,2,308.95,2.71,D,0
31.20661,75.82849,344.3,0.39,0.44,2025-05-16,0736,N20,VIIRS,n,2,309.59,4.81,D,0
31.2058,75.82449,341.25,0.39,0.44,2025-05-16,0736,N20,VIIRS,n,2,310.92,4.81,D,0
31.15411,75.572,345.17,0.4,0.45,2025-05-16,0736,N20,VIIRS,n,2,312.12,8.42,D,0
31.24765,76.01067,344.2,0.57,0.43,2025-05-16,0736,N20,VIIRS,n,2,307.41,6.8,D,0
31.15811,75.57092,347.25,0.4,0.45,2025-05-16,0736,N20,VIIRS,n,2,313.59,16.58,D,0
31.15726,75.56676,345.83,0.4,0.45,2025-05-16,0736,N20,VIIRS,n,2,312.16,11.93,D,0
31.17815,75.64803,340.17,0.4,0.44,2025-05-16,0736,N20,VIIRS,l,2,312.69,5.11,D,0
31.26723,76.06721,341.73,0.57,0.43,2025-05-16,0736,N20,VIIRS,n,2,309.77,4.58,D,0
31.259,76.0262,335.62,0.57,0.43,2025-05-16,0736,N20,VIIRS,l,2,305.99,2.13,D,0
31.25782,76.02032,338.14,0.57,0.43,2025-05-16,0736,N20,VIIRS,n,2,305.84,2.13,D,0
31.20373,75.75282,335.47,0.39,0.44,2025-05-16,0736,N20,VIIRS,l,2,309.35,1.46,D,0
31.25601,75.99085,346.46,0.38,0.43,2025-05-16,0736,N20,VIIRS,n,2,306.99,7.13,D,0
31.22471,75.81513,344.86,0.39,0.44,2025-05-16,0736,N20,VIIRS,n,2,310.73,5.57,D,0
31.20918,75.73851,337.54,0.4,0.44,2025-05-16,0736,N20,VIIRS,l,2,308.55,1.98,D,0
31.25348,75.91666,345.91,0.39,0.44,2025-05-16,0736,N20,VIIRS,n,2,312.23,10.3,D,0
31.25422,75.89975,335.88,0.39,0.44,2025-05-16,0736,N20,VIIRS,l,2,307.93,3.71,D,0
31.2333,75.79585,337.69,0.39,0.44,2025-05-16,0736,N20,VIIRS,l,2,309.81,2.43,D,0
31.28358,76.02583,336.57,0.57,0.43,2025-05-16,0736,N20,VIIRS,n,2,304.93,2.22,D,0
31.27004,75.95803,337.8,0.38,0.43,2025-05-16,0736,N20,VIIRS,l,2,308.29,3.65,D,0
31.24362,75.80573,337.71,0.39,0.44,2025-05-16,0736,N20,VIIRS,l,2,309.31,4.26,D,0
31.273,75.86946,352.66,0.39,0.44,2025-05-16,0736,N20,VIIRS,n,2,313.13,17.01,D,0
31.28958,75.91109,343.53,0.39,0.44,2025-05-16,0736,N20,VIIRS,n,2,308.39,3.02,D,0
31.30839,75.96436,330.99,0.38,0.43,2025-05-16,0736,N20,VIIRS,l,2,305.3,1.26,D,0
31.31499,75.65498,332.72,0.4,0.44,2025-05-16,0736,N20,VIIRS,l,2,306.57,3.37,D,0
31.2151,76.00628,325.16,0.36,0.58,2025-05-16,1959,N20,VIIRS,n,2,292.91,2.27,N,0
31.21483,76.01014,303.11,0.36,0.58,2025-05-16,1959,N20,VIIRS,n,2,292.98,1.29,N,0
31.21654,76.00675,307.54,0.36,0.58,2025-05-16,1959,N20,VIIRS,n,2,292.96,0.8,N,0
31.21122,76.00618,319.54,0.36,0.58,2025-05-16,1959,N20,VIIRS,n,2,292.8,1.68,N,0
31.16477,75.98175,312.57,0.36,0.58,2025-05-16,1959,N20,VIIRS,n,2,293.14,1.52,N,0
31.1446,75.88965,325.71,0.37,0.58,2025-05-16,1959,N20,VIIRS,n,2,294.77,1.52,N,0
31.14489,75.88575,307.96,0.37,0.58,2025-05-16,1959,N20,VIIRS,n,2,294.1,1.52,N,0
31.01517,75.6626,304.68,0.38,0.59,2025-05-16,1959,N20,VIIRS,n,2,294.18,0.84,N,0
30.99892,75.66083,304.39,0.38,0.59,2025-05-16,1959,N20,VIIRS,n,2,293.7,0.64,N,0
30.72363,75.56357,309.91,0.38,0.59,2025-05-16,1959,N20,VIIRS,n,2,294.05,1.29,N,0
30.7221,75.56521,308.27,0.38,0.59,2025-05-16,1959,N20,VIIRS,n,2,293.9,1.34,N,0
30.61268,75.71793,310.89,0.37,0.58,2025-05-16,1959,N20,VIIRS,n,2,293.6,1.47,N,0
30.61531,75.71873,315.35,0.37,0.58,2025-05-16,1959,N20,VIIRS,n,2,293.63,1.27,N,0
31.21406,76.00793,302.25,0.64,0.72,2025-05-16,2139,N20,VIIRS,n,2,290.71,0.9,N,0
30.42809,76.30058,342.99,0.36,0.57,2025-05-17,0716,N20,VIIRS,n,2,305.08,2.36,D,0
30.42948,76.30057,342.32,0.36,0.57,2025-05-17,0717,N20,VIIRS,n,2,305.34,2.82,D,0
30.43112,76.28469,342.08,0.36,0.57,2025-05-17,0717,N20,VIIRS,n,2,305.2,2.64,D,0
30.45499,76.33854,337.75,0.35,0.57,2025-05-17,0717,N20,VIIRS,n,2,306.8,1.69,D,0
30.48877,76.38886,343.86,0.35,0.57,2025-05-17,0717,N20,VIIRS,n,2,306.88,2.45,D,0
30.47934,76.21135,338.1,0.36,0.57,2025-05-17,0717,N20,VIIRS,n,2,304.99,5.98,D,0
30.47849,76.20773,354.59,0.36,0.57,2025-05-17,0717,N20,VIIRS,n,2,306.6,7.92,D,0
30.42769,75.9946,333.75,0.37,0.58,2025-05-17,0717,N20,VIIRS,l,2,304.88,2.48,D,0
30.53333,76.39378,341.42,0.35,0.57,2025-05-17,0717,N20,VIIRS,n,2,306.7,3.54,D,0
30.5325,76.39026,335.85,0.35,0.57,2025-05-17,0717,N20,VIIRS,l,2,307.13,2.68,D,0
30.54251,76.40979,367,0.35,0.57,2025-05-17,0717,N20,VIIRS,h,2,310.69,13.82,D,0
30.55011,76.39603,336.61,0.35,0.57,2025-05-17,0717,N20,VIIRS,l,2,306.62,2.69,D,0
30.54608,76.35561,367,0.35,0.57,2025-05-17,0717,N20,VIIRS,h,2,307.4,6.34,D,0
30.54691,76.35916,332.78,0.35,0.57,2025-05-17,0717,N20,VIIRS,n,2,304.66,3.95,D,0
30.55186,76.3949,337.53,0.35,0.57,2025-05-17,0717,N20,VIIRS,l,2,307.68,2.7,D,0
30.54844,76.35814,335.03,0.35,0.57,2025-05-17,0717,N20,VIIRS,n,2,304.97,4.09,D,0
30.54758,76.35461,354.04,0.35,0.57,2025-05-17,0717,N20,VIIRS,n,2,307.56,5.7,D,0
30.55518,76.3636,336.09,0.35,0.57,2025-05-17,0717,N20,VIIRS,l,2,307.24,1.93,D,0
30.47454,76.00755,337.03,0.37,0.58,2025-05-17,0717,N20,VIIRS,n,2,305.32,2.11,D,0
30.44257,75.87653,348.52,0.38,0.58,2025-05-17,0717,N20,VIIRS,n,2,306.51,3.43,D,0
30.44777,75.87486,337.38,0.38,0.58,2025-05-17,0717,N20,VIIRS,n,2,304.7,3.43,D,0
30.46856,75.93716,335.92,0.37,0.58,2025-05-17,0717,N20,VIIRS,n,2,305.43,3.22,D,0
30.51409,76.10213,333.74,0.36,0.58,2025-05-17,0717,N20,VIIRS,l,2,304.45,1.5,D,0
30.56859,76.30608,333.88,0.35,0.57,2025-05-17,0717,N20,VIIRS,n,2,302.76,1.13,D,0
30.47345,75.91135,339.88,0.37,0.58,2025-05-17,0717,N20,VIIRS,n,2,305.77,4.02,D,0
30.58128,76.33643,333.24,0.35,0.57,2025-05-17,0717,N20,VIIRS,l,2,304.8,1.42,D,0
30.50749,76.02897,356.19,0.37,0.58,2025-05-17,0717,N20,VIIRS,n,2,305.36,5.59,D,0
30.47773,75.90594,337.9,0.37,0.58,2025-05-17,0717,N20,VIIRS,n,2,305.13,4.06,D,0
30.54435,76.15921,367,0.36,0.57,2025-05-17,0717,N20,VIIRS,h,2,306.43,10.34,D,0
30.54348,76.15559,353.21,0.36,0.57,2025-05-17,0717,N20,VIIRS,n,2,304.73,17.4,D,0
30.54946,76.15759,331.55,0.36,0.57,2025-05-17,0717,N20,VIIRS,n,2,303.16,10.34,D,0
30.52046,76.0368,332.57,0.37,0.58,2025-05-17,0717,N20,VIIRS,l,2,303.3,2.17,D,0
30.51957,76.03309,342.12,0.37,0.58,2025-05-17,0717,N20,VIIRS,n,2,304.81,2.17,D,0
30.58117,76.2445,341.76,0.36,0.57,2025-05-17,0717,N20,VIIRS,n,2,306.52,3.81,D,0
30.4224,75.56219,335.64,0.39,0.6,2025-05-17,0717,N20,VIIRS,n,2,303.09,2.37,D,0
30.42961,75.56837,335.71,0.39,0.6,2025-05-17,0717,N20,VIIRS,n,2,302.17,1.93,D,0
30.42335,75.51914,334.46,0.4,0.6,2025-05-17,0717,N20,VIIRS,n,2,304.12,1.82,D,0
30.53626,75.96378,367,0.37,0.58,2025-05-17,0717,N20,VIIRS,h,2,304.72,4.87,D,0
30.53715,75.96752,336.58,0.37,0.58,2025-05-17,0717,N20,VIIRS,n,2,304.29,4.87,D,0
30.56876,76.07689,334.03,0.36,0.58,2025-05-17,0717,N20,VIIRS,l,2,305.43,1.37,D,0
30.64765,76.36472,342.56,0.35,0.57,2025-05-17,0717,N20,VIIRS,n,2,305.41,2.2,D,0
30.56575,75.99438,336.48,0.37,0.58,2025-05-17,0717,N20,VIIRS,n,2,303.81,1.42,D,0
30.46894,75.58957,349.17,0.39,0.59,2025-05-17,0717,N20,VIIRS,n,2,304.61,4.93,D,0
30.66266,76.38263,335.59,0.35,0.57,2025-05-17,0717,N20,VIIRS,n,2,304.06,5,D,0
30.66184,76.37911,356.88,0.35,0.57,2025-05-17,0717,N20,VIIRS,n,2,307.96,6.88,D,0
30.50599,75.72025,334.2,0.38,0.59,2025-05-17,0717,N20,VIIRS,n,2,304.1,1.64,D,0
30.64996,76.36446,342.18,0.35,0.57,2025-05-17,0717,N20,VIIRS,n,2,304.78,0.96,D,0
30.55698,75.98211,334.02,0.37,0.58,2025-05-17,0717,N20,VIIRS,l,2,305.7,1.8,D,0
30.65922,76.38042,367,0.35,0.57,2025-05-17,0717,N20,VIIRS,h,2,307.86,7.27,D,0
30.51562,75.7681,334.46,0.38,0.59,2025-05-17,0717,N20,VIIRS,l,2,305.31,2.66,D,0
30.47166,75.59013,343.18,0.39,0.59,2025-05-17,0717,N20,VIIRS,n,2,302.4,2,D,0
30.57036,75.94581,343.71,0.37,0.58,2025-05-17,0717,N20,VIIRS,n,2,305.18,4.53,D,0
30.56945,75.94209,335.5,0.37,0.58,2025-05-17,0717,N20,VIIRS,l,2,306.4,4.48,D,0
30.46407,75.49027,346.42,0.4,0.6,2025-05-17,0717,N20,VIIRS,n,2,303.75,4,D,0
30.46544,75.47266,335,0.4,0.6,2025-05-17,0717,N20,VIIRS,n,2,303.86,2.56,D,0
30.5062,75.59164,335.65,0.39,0.59,2025-05-17,0717,N20,VIIRS,l,2,305.66,3.26,D,0
30.48039,75.46349,346.93,0.4,0.6,2025-05-17,0717,N20,VIIRS,n,2,304.99,5.06,D,0
30.46059,75.38328,339.19,0.4,0.6,2025-05-17,0717,N20,VIIRS,n,2,303.38,1.89,D,0
30.47189,75.4057,336.52,0.4,0.6,2025-05-17,0717,N20,VIIRS,n,2,304.67,2.22,D,0
30.4709,75.40166,341.42,0.4,0.6,2025-05-17,0717,N20,VIIRS,n,2,304.71,2.22,D,0
30.51435,75.55515,367,0.39,0.59,2025-05-17,0717,N20,VIIRS,h,2,306.16,11.98,D,0
30.67409,76.21565,337.33,0.36,0.57,2025-05-17,0717,N20,VIIRS,n,2,306.24,3.43,D,0
30.47623,75.39993,335.28,0.4,0.6,2025-05-17,0717,N20,VIIRS,n,2,303.76,2.22,D,0
30.67746,76.20686,337.11,0.36,0.57,2025-05-17,0717,N20,VIIRS,n,2,306.71,2.99,D,0
30.71797,76.35435,331.77,0.35,0.57,2025-05-17,0717,N20,VIIRS,l,2,304.5,1.54,D,0
30.55248,75.66493,334.54,0.38,0.59,2025-05-17,0717,N20,VIIRS,l,2,304.79,1.6,D,0
30.49379,75.42459,335.62,0.4,0.6,2025-05-17,0717,N20,VIIRS,n,2,303.07,3.21,D,0
30.52826,75.54211,334.35,0.39,0.59,2025-05-17,0717,N20,VIIRS,l,2,304.47,3.07,D,0
30.51906,75.48099,341.65,0.4,0.6,2025-05-17,0717,N20,VIIRS,n,2,305.47,3.45,D,0
30.67805,76.11741,367,0.36,0.57,2025-05-17,0717,N20,VIIRS,h,2,305.23,4.14,D,0
30.54361,75.55835,367,0.39,0.59,2025-05-17,0717,N20,VIIRS,h,2,305.59,7.76,D,0
30.68057,76.10487,367,0.36,0.57,2025-05-17,0717,N20,VIIRS,h,2,308.88,8.46,D,0
30.73644,76.34093,338.57,0.35,0.57,2025-05-17,0717,N20,VIIRS,n,2,307.2,1.96,D,0
30.73561,76.33741,332.29,0.35,0.57,2025-05-17,0717,N20,VIIRS,l,2,305.27,1.96,D,0
30.68316,76.11579,330.4,0.36,0.57,2025-05-17,0717,N20,VIIRS,n,2,303.84,4.14,D,0
30.51017,75.39755,345.9,0.4,0.6,2025-05-17,0717,N20,VIIRS,n,2,304.04,3.5,D,0
30.68568,76.10324,346.06,0.36,0.57,2025-05-17,0717,N20,VIIRS,n,2,306.98,4.14,D,0
30.76234,76.35909,333.77,0.35,0.56,2025-05-17,0717,N20,VIIRS,l,2,304.31,2.42,D,0
30.76152,76.35558,338.42,0.35,0.56,2025-05-17,0717,N20,VIIRS,n,2,306.1,2.3,D,0
30.67404,75.98453,334.7,0.37,0.58,2025-05-17,0717,N20,VIIRS,l,2,306.82,1.58,D,0
30.61204,75.72462,340.9,0.38,0.59,2025-05-17,0717,N20,VIIRS,n,2,306.75,2.76,D,0
30.59279,75.59727,367,0.39,0.59,2025-05-17,0717,N20,VIIRS,h,2,308.01,8.44,D,0
30.5739,75.51872,367,0.39,0.59,2025-05-17,0717,N20,VIIRS,h,2,304.92,6.8,D,0
30.59185,75.59336,338.41,0.39,0.59,2025-05-17,0717,N20,VIIRS,n,2,304.89,8.44,D,0
30.58526,75.56593,338.43,0.39,0.59,2025-05-17,0717,N20,VIIRS,n,2,306.15,2.8,D,0
30.57294,75.51476,352.3,0.39,0.6,2025-05-17,0717,N20,VIIRS,n,2,306.38,6.8,D,0
30.54114,75.38301,344.53,0.4,0.6,2025-05-17,0717,N20,VIIRS,n,2,305.62,2.73,D,0
30.76438,76.35793,333.79,0.35,0.56,2025-05-17,0717,N20,VIIRS,l,2,304.74,2.5,D,0
30.76353,76.35443,338.8,0.35,0.56,2025-05-17,0717,N20,VIIRS,n,2,307.02,3.17,D,0
30.61007,75.72541,336.42,0.38,0.59,2025-05-17,0717,N20,VIIRS,n,2,306.4,2.62,D,0
30.54631,75.46833,334.53,0.4,0.6,2025-05-17,0717,N20,VIIRS,l,2,306.65,3.37,D,0
30.59005,75.59858,367,0.39,0.59,2025-05-17,0717,N20,VIIRS,h,2,307.02,7.26,D,0
30.58909,75.59468,343.94,0.39,0.59,2025-05-17,0717,N20,VIIRS,n,2,305.92,7.26,D,0
30.58233,75.56738,343.6,0.39,0.59,2025-05-17,0717,N20,VIIRS,n,2,305.77,2.71,D,0
30.56969,75.51635,333.54,0.39,0.59,2025-05-17,0717,N20,VIIRS,n,2,304.48,1.28,D,0
30.57497,75.51463,367,0.39,0.59,2025-05-17,0717,N20,VIIRS,h,2,306.26,6.24,D,0
30.59435,75.59297,334.02,0.39,0.59,2025-05-17,0717,N20,VIIRS,n,2,304.32,2.65,D,0
30.58953,75.57348,343.36,0.39,0.59,2025-05-17,0717,N20,VIIRS,n,2,306.52,4.07,D,0
30.57595,75.51856,340.22,0.39,0.59,2025-05-17,0717,N20,VIIRS,n,2,305.11,6.24,D,0
30.54237,75.38331,345.76,0.4,0.6,2025-05-17,0717,N20,VIIRS,n,2,306.21,4.3,D,0
30.79535,76.39693,331.44,0.34,0.56,2025-05-17,0717,N20,VIIRS,l,2,303.96,1.58,D,0
30.79452,76.39346,335.28,0.34,0.56,2025-05-17,0717,N20,VIIRS,n,2,304.97,1.58,D,0
30.59331,75.54264,367,0.39,0.59,2025-05-17,0717,N20,VIIRS,h,2,306.32,12.59,D,0
30.72519,76.08259,353.74,0.36,0.57,2025-05-17,0717,N20,VIIRS,n,2,307.49,8.24,D,0
30.69226,75.94677,341.28,0.37,0.58,2025-05-17,0717,N20,VIIRS,n,2,307.24,3.37,D,0
30.65483,75.79317,340.56,0.38,0.58,2025-05-17,0717,N20,VIIRS,n,2,307.27,4.24,D,0
30.59234,75.53872,354.94,0.39,0.59,2025-05-17,0717,N20,VIIRS,n,2,307.84,7.65,D,0
30.59137,75.5348,338.08,0.39,0.59,2025-05-17,0717,N20,VIIRS,n,2,306.89,7.65,D,0
30.61109,75.59175,367,0.39,0.59,2025-05-17,0717,N20,VIIRS,h,2,307.4,13.29,D,0
30.62442,75.64603,344.01,0.38,0.59,2025-05-17,0717,N20,VIIRS,n,2,305.01,2.85,D,0
30.62347,75.64217,332.9,0.38,0.59,2025-05-17,0717,N20,VIIRS,l,2,304.08,2.85,D,0
30.70615,75.95826,367,0.37,0.58,2025-05-17,0717,N20,VIIRS,h,2,308.31,4.83,D,0
30.71129,75.9566,345.22,0.37,0.58,2025-05-17,0717,N20,VIIRS,n,2,306.16,4.83,D,0
30.70142,75.91583,338.07,0.37,0.58,2025-05-17,0717,N20,VIIRS,n,2,307.18,3.1,D,0
30.62922,75.61942,339.14,0.39,0.59,2025-05-17,0717,N20,VIIRS,n,2,303.85,1.82,D,0
30.62496,75.57884,367,0.39,0.59,2025-05-17,0717,N20,VIIRS,h,2,306.96,5.54,D,0
30.73685,76.0396,338.11,0.36,0.58,2025-05-17,0717,N20,VIIRS,l,2,309.23,3.19,D,0
30.63352,75.61382,343.17,0.39,0.59,2025-05-17,0717,N20,VIIRS,n,2,306.26,3.84,D,0
30.624,75.57494,339.74,0.39,0.59,2025-05-17,0717,N20,VIIRS,n,2,305.38,5.54,D,0
30.60279,75.48849,345.86,0.39,0.6,2025-05-17,0717,N20,VIIRS,n,2,307.22,5.61,D,0
30.65761,75.68937,367,0.38,0.59,2025-05-17,0717,N20,VIIRS,h,2,306.17,7.55,D,0
30.62926,75.57322,367,0.39,0.59,2025-05-17,0717,N20,VIIRS,h,2,306.9,5.54,D,0
30.66042,75.70088,346.72,0.38,0.59,2025-05-17,0717,N20,VIIRS,n,2,304.42,3.65,D,0
30.65668,75.68553,335.02,0.38,0.59,2025-05-17,0717,N20,VIIRS,n,2,306.21,4.17,D,0
30.64822,75.65083,334.94,0.38,0.59,2025-05-17,0717,N20,VIIRS,l,2,305.68,2.65,D,0
30.6435,75.63149,342.99,0.38,0.59,2025-05-17,0717,N20,VIIRS,n,2,304.3,2.46,D,0
30.64256,75.62762,335.11,0.38,0.59,2025-05-17,0717,N20,VIIRS,l,2,305.4,2.46,D,0
30.63643,75.57931,367,0.39,0.59,2025-05-17,0717,N20,VIIRS,h,2,307.1,13.18,D,0
30.66284,75.68768,339.05,0.38,0.59,2025-05-17,0717,N20,VIIRS,n,2,304.59,5,D,0
30.6619,75.68384,333.52,0.38,0.59,2025-05-17,0717,N20,VIIRS,n,2,304.59,4.51,D,0
30.63548,75.57542,354.41,0.39,0.59,2025-05-17,0717,N20,VIIRS,n,2,307.85,11.18,D,0
30.65964,75.65131,367,0.38,0.59,2025-05-17,0717,N20,VIIRS,h,2,308.31,8.14,D,0
30.70218,75.82682,350.65,0.37,0.58,2025-05-17,0717,N20,VIIRS,n,2,306.39,7.26,D,0
30.66057,75.65517,335.48,0.38,0.59,2025-05-17,0717,N20,VIIRS,n,2,304.52,6.53,D,0
30.6206,75.49124,333.92,0.39,0.6,2025-05-17,0717,N20,VIIRS,l,2,305.29,2.73,D,0
30.60014,75.40772,331.75,0.4,0.6,2025-05-17,0717,N20,VIIRS,l,2,302.53,4.15,D,0
30.59915,75.40372,351.94,0.4,0.6,2025-05-17,0717,N20,VIIRS,n,2,304.64,4.15,D,0
30.74553,75.93762,337.95,0.37,0.58,2025-05-17,0717,N20,VIIRS,n,2,307.92,4.94,D,0
30.62872,75.45433,331.23,0.39,0.6,2025-05-17,0717,N20,VIIRS,l,2,303.1,1.87,D,0
30.84564,76.33598,367,0.35,0.56,2025-05-17,0717,N20,VIIRS,h,2,305.58,14.94,D,0
30.6973,75.71373,367,0.38,0.59,2025-05-17,0717,N20,VIIRS,h,2,308.42,9.15,D,0
30.84482,76.33247,347.73,0.35,0.56,2025-05-17,0717,N20,VIIRS,n,2,310.96,14.94,D,0
30.72381,75.8239,335.93,0.37,0.58,2025-05-17,0717,N20,VIIRS,l,2,307.14,3.24,D,0
30.69822,75.71756,345.49,0.38,0.59,2025-05-17,0717,N20,VIIRS,n,2,305.34,7.97,D,0
30.65131,75.52373,351.49,0.39,0.59,2025-05-17,0717,N20,VIIRS,n,2,304.07,8.67,D,0
30.65036,75.51981,355.47,0.39,0.59,2025-05-17,0717,N20,VIIRS,n,2,306.54,12.39,D,0
30.85314,76.34489,367,0.35,0.56,2025-05-17,0717,N20,VIIRS,h,2,303.55,7.37,D,0
30.85231,76.34138,334.82,0.35,0.56,2025-05-17,0717,N20,VIIRS,n,2,303.56,5.26,D,0
30.7181,75.77684,337.61,0.38,0.58,2025-05-17,0717,N20,VIIRS,n,2,303.59,2.51,D,0
30.71719,75.77305,337.19,0.38,0.58,2025-05-17,0717,N20,VIIRS,n,2,306.16,3.96,D,0
30.65564,75.51808,338.16,0.39,0.59,2025-05-17,0717,N20,VIIRS,n,2,306.12,4.25,D,0
30.7933,76.06856,337.21,0.36,0.57,2025-05-17,0717,N20,VIIRS,l,2,307.57,2.55,D,0
30.72875,75.7979,336.74,0.37,0.58,2025-05-17,0717,N20,VIIRS,n,2,306.69,3.15,D,0
30.76965,75.94582,345.7,0.37,0.58,2025-05-17,0717,N20,VIIRS,n,2,308.03,6.01,D,0
30.66619,75.51465,341.47,0.39,0.59,2025-05-17,0717,N20,VIIRS,n,2,304.63,1.9,D,0
30.64701,75.43544,336.54,0.4,0.6,2025-05-17,0717,N20,VIIRS,n,2,304.18,2.49,D,0
30.67146,75.5129,334.7,0.39,0.59,2025-05-17,0717,N20,VIIRS,l,2,305.31,1.9,D,0
30.6513,75.38226,335.66,0.4,0.6,2025-05-17,0717,N20,VIIRS,n,2,305.08,1.84,D,0
30.65033,75.37826,335.9,0.4,0.6,2025-05-17,0717,N20,VIIRS,l,2,306.19,1.84,D,0
30.87046,76.36033,334.12,0.34,0.56,2025-05-17,0717,N20,VIIRS,l,2,305.66,3.26,D,0
30.7694,75.94473,346.69,0.37,0.58,2025-05-17,0717,N20,VIIRS,n,2,308.48,6.72,D,0
30.64351,75.43595,340.64,0.39,0.6,2025-05-17,0717,N20,VIIRS,n,2,303.13,2.24,D,0
30.66846,75.51315,351.12,0.39,0.59,2025-05-17,0717,N20,VIIRS,n,2,304.47,4.53,D,0
30.73954,75.73204,333.17,0.38,0.59,2025-05-17,0717,N20,VIIRS,l,2,306.15,3.39,D,0
30.72923,75.69008,346.54,0.38,0.59,2025-05-17,0717,N20,VIIRS,n,2,305.64,5.71,D,0
30.72829,75.68626,334.08,0.38,0.59,2025-05-17,0717,N20,VIIRS,l,2,306.98,5.01,D,0
30.65282,75.38126,335.46,0.4,0.6,2025-05-17,0717,N20,VIIRS,l,2,305.54,2.29,D,0
30.65183,75.37727,334.86,0.4,0.6,2025-05-17,0717,N20,VIIRS,l,2,305.99,2.29,D,0
30.69344,75.52198,342.69,0.39,0.59,2025-05-17,0717,N20,VIIRS,n,2,305.93,2.07,D,0
30.82514,76.03748,367,0.36,0.57,2025-05-17,0717,N20,VIIRS,h,2,308.05,10.34,D,0
30.71551,75.56539,333.61,0.39,0.59,2025-05-17,0717,N20,VIIRS,l,2,304.99,1.17,D,0
30.72363,75.57535,338.09,0.39,0.59,2025-05-17,0717,N20,VIIRS,n,2,304.46,2.05,D,0
30.72076,75.56368,342.86,0.39,0.59,2025-05-17,0717,N20,VIIRS,n,2,305.07,4.51,D,0
30.71981,75.55979,349.28,0.39,0.59,2025-05-17,0717,N20,VIIRS,n,2,306.59,4.51,D,0
30.83783,76.02162,339.3,0.36,0.57,2025-05-17,0717,N20,VIIRS,n,2,305.89,4.34,D,0
30.81656,75.93356,337.09,0.37,0.58,2025-05-17,0717,N20,VIIRS,l,2,307.42,2.72,D,0
30.74687,75.64712,335.92,0.38,0.59,2025-05-17,0717,N20,VIIRS,n,2,304.66,2.47,D,0
30.82437,75.94295,344.99,0.37,0.58,2025-05-17,0717,N20,VIIRS,n,2,306.33,3.63,D,0
30.74078,75.59909,345.15,0.38,0.59,2025-05-17,0717,N20,VIIRS,n,2,305.54,3.67,D,0
30.73982,75.59519,333.75,0.38,0.59,2025-05-17,0717,N20,VIIRS,l,2,306.46,3.67,D,0
30.71389,75.44294,337.93,0.39,0.6,2025-05-17,0717,N20,VIIRS,n,2,305.59,4.24,D,0
30.71292,75.439,339.99,0.39,0.6,2025-05-17,0717,N20,VIIRS,n,2,305.97,4.86,D,0
30.71141,75.40949,335.53,0.39,0.6,2025-05-17,0717,N20,VIIRS,l,2,306,3.15,D,0
30.88498,76.08075,333.23,0.36,0.57,2025-05-17,0717,N20,VIIRS,l,2,305.67,2.57,D,0
30.88411,76.07713,336.28,0.36,0.57,2025-05-17,0717,N20,VIIRS,l,2,306.39,3.04,D,0
30.86923,75.99178,340.78,0.36,0.58,2025-05-17,0717,N20,VIIRS,n,2,305.04,3.17,D,0
30.73118,75.42017,335.09,0.39,0.6,2025-05-17,0717,N20,VIIRS,l,2,305.24,4.09,D,0
30.73021,75.4162,335.53,0.39,0.6,2025-05-17,0717,N20,VIIRS,l,2,306.04,3.13,D,0
30.72924,75.41223,335.41,0.39,0.6,2025-05-17,0717,N20,VIIRS,n,2,305.32,3.13,D,0
30.95646,76.33648,330.42,0.34,0.56,2025-05-17,0717,N20,VIIRS,n,2,300.29,1.1,D,0
30.78774,75.62962,336.28,0.38,0.59,2025-05-17,0717,N20,VIIRS,n,2,306.58,3.86,D,0
30.78682,75.62578,333.76,0.38,0.59,2025-05-17,0717,N20,VIIRS,n,2,306.55,3.21,D,0
30.74418,75.45007,340.83,0.39,0.59,2025-05-17,0717,N20,VIIRS,n,2,306.16,4.15,D,0
30.79297,75.62792,367,0.38,0.59,2025-05-17,0717,N20,VIIRS,h,2,307.34,6.09,D,0
30.7939,75.63177,337.1,0.38,0.59,2025-05-17,0717,N20,VIIRS,n,2,304.92,6.09,D,0
30.79204,75.62408,341.14,0.38,0.59,2025-05-17,0717,N20,VIIRS,n,2,307.4,7.67,D,0
30.89662,76.01435,334.91,0.36,0.57,2025-05-17,0717,N20,VIIRS,l,2,307,1.62,D,0
30.9651,76.25836,335.48,0.35,0.57,2025-05-17,0717,N20,VIIRS,n,2,304.01,0.99,D,0
30.96704,76.2573,330.17,0.35,0.57,2025-05-17,0717,N20,VIIRS,l,2,303.68,1.72,D,0
30.91763,76.03083,334.85,0.36,0.57,2025-05-17,0717,N20,VIIRS,l,2,306.18,3.44,D,0
30.96776,76.21533,331.4,0.35,0.57,2025-05-17,0717,N20,VIIRS,l,2,304.22,2.06,D,0
30.8213,75.61474,334.32,0.38,0.59,2025-05-17,0717,N20,VIIRS,l,2,306.87,1.77,D,0
30.79683,75.4927,331.37,0.39,0.59,2025-05-17,0717,N20,VIIRS,l,2,303.1,2.2,D,0
30.80403,75.4988,367,0.39,0.59,2025-05-17,0717,N20,VIIRS,h,2,305.47,5.86,D,0
30.83365,75.61905,342.92,0.38,0.59,2025-05-17,0717,N20,VIIRS,n,2,307.29,4.06,D,0
30.78164,75.40829,333.14,0.39,0.6,2025-05-17,0717,N20,VIIRS,l,2,305.58,1.32,D,0
30.80929,75.49709,337.71,0.39,0.59,2025-05-17,0717,N20,VIIRS,n,2,304.34,5.86,D,0
30.98454,76.19473,341.43,0.35,0.57,2025-05-17,0717,N20,VIIRS,n,2,305.51,4.26,D,0
30.98368,76.19118,345.95,0.35,0.57,2025-05-17,0717,N20,VIIRS,n,2,305.84,6.52,D,0
30.95446,76.06965,333.94,0.36,0.57,2025-05-17,0717,N20,VIIRS,l,2,305.16,2.37,D,0
30.94049,76.01173,347.92,0.36,0.57,2025-05-17,0717,N20,VIIRS,n,2,306.78,6.16,D,0
30.98958,76.19311,344.78,0.35,0.57,2025-05-17,0717,N20,VIIRS,n,2,304.97,4.26,D,0
30.98868,76.16664,342.79,0.35,0.57,2025-05-17,0717,N20,VIIRS,n,2,303.53,2.42,D,0
30.87563,75.67557,367,0.38,0.59,2025-05-17,0717,N20,VIIRS,h,2,304.89,11.11,D,0
31.00306,76.20404,337.39,0.35,0.57,2025-05-17,0717,N20,VIIRS,n,2,304.6,5.61,D,0
30.8747,75.67175,352.61,0.38,0.59,2025-05-17,0717,N20,VIIRS,n,2,307.86,10.8,D,0
30.80222,75.3758,342.08,0.39,0.6,2025-05-17,0717,N20,VIIRS,n,2,305.28,3.61,D,0
30.80124,75.37183,342.86,0.39,0.6,2025-05-17,0717,N20,VIIRS,n,2,304.73,3.61,D,0
30.87618,75.65477,331.43,0.38,0.59,2025-05-17,0717,N20,VIIRS,l,2,304.59,2.21,D,0
30.8124,75.39391,340.43,0.39,0.6,2025-05-17,0717,N20,VIIRS,n,2,305.72,3.59,D,0
30.98151,76.04537,332.03,0.36,0.57,2025-05-17,0717,N20,VIIRS,l,2,304.44,1.88,D,0
30.98065,76.04177,336.01,0.36,0.57,2025-05-17,0717,N20,VIIRS,n,2,304.3,1.88,D,0
30.91359,75.71653,333.04,0.37,0.58,2025-05-17,0717,N20,VIIRS,l,2,305.99,2.27,D,0
31.02404,76.13226,345.73,0.35,0.57,2025-05-17,0717,N20,VIIRS,n,2,302.51,2.88,D,0
30.91263,75.64283,335.32,0.38,0.59,2025-05-17,0717,N20,VIIRS,n,2,303.5,1.73,D,0
30.98488,75.87479,343.51,0.37,0.58,2025-05-17,0717,N20,VIIRS,n,2,305.18,3.1,D,0
30.92457,75.62234,337.75,0.38,0.59,2025-05-17,0717,N20,VIIRS,n,2,306.02,3.71,D,0
30.91499,75.55901,346.48,0.38,0.59,2025-05-17,0717,N20,VIIRS,n,2,303.5,4.35,D,0
30.91656,75.64241,334.78,0.38,0.59,2025-05-17,0717,N20,VIIRS,n,2,304.03,0.97,D,0
30.88019,75.49598,332.74,0.39,0.59,2025-05-17,0717,N20,VIIRS,l,2,305.19,1.92,D,0
30.9851,75.87537,336.86,0.37,0.58,2025-05-17,0717,N20,VIIRS,n,2,304.54,3.51,D,0
30.98419,75.87167,333.67,0.37,0.58,2025-05-17,0717,N20,VIIRS,l,2,305.26,3.84,D,0
30.9232,75.62375,333.44,0.38,0.59,2025-05-17,0717,N20,VIIRS,l,2,305.21,2.09,D,0
30.91323,75.56062,332.88,0.38,0.59,2025-05-17,0717,N20,VIIRS,n,2,302.48,2.27,D,0
30.91228,75.55676,335.25,0.38,0.59,2025-05-17,0717,N20,VIIRS,n,2,303.63,2.27,D,0
31.03058,75.97137,367,0.36,0.57,2025-05-17,0717,N20,VIIRS,h,2,303.97,14.76,D,0
31.02969,75.96773,354.23,0.36,0.57,2025-05-17,0717,N20,VIIRS,n,2,307.83,7.91,D,0
31.0348,75.96607,348.57,0.36,0.57,2025-05-17,0717,N20,VIIRS,n,2,304.46,7.91,D,0
31.03391,75.96243,346.04,0.36,0.57,2025-05-17,0717,N20,VIIRS,n,2,304.41,7.91,D,0
31.03304,75.95882,338.74,0.36,0.57,2025-05-17,0717,N20,VIIRS,n,2,304.33,5.83,D,0
30.95487,75.63815,332.54,0.38,0.59,2025-05-17,0717,N20,VIIRS,l,2,305.42,3.28,D,0
30.95258,75.60583,367,0.38,0.59,2025-05-17,0717,N20,VIIRS,h,2,308.03,8.92,D,0
30.94882,75.59049,340,0.38,0.59,2025-05-17,0717,N20,VIIRS,n,2,306.63,7.91,D,0
30.95403,75.58878,367,0.38,0.59,2025-05-17,0717,N20,VIIRS,h,2,305.48,7.91,D,0
30.95309,75.58495,367,0.38,0.59,2025-05-17,0717,N20,VIIRS,h,2,306.81,7.91,D,0
31.02888,75.87328,333.67,0.36,0.58,2025-05-17,0717,N20,VIIRS,l,2,304.95,1.33,D,0
31.02799,75.86961,332.59,0.36,0.58,2025-05-17,0717,N20,VIIRS,l,2,305.14,1.33,D,0
31.0106,75.7749,330.36,0.37,0.58,2025-05-17,0717,N20,VIIRS,l,2,302.38,2.3,D,0
31.07343,76.01244,367,0.36,0.57,2025-05-17,0717,N20,VIIRS,h,2,304.49,5.73,D,0
31.07257,76.00883,345.64,0.36,0.57,2025-05-17,0717,N20,VIIRS,n,2,304.42,4.48,D,0
31.01759,75.78078,352.65,0.37,0.58,2025-05-17,0717,N20,VIIRS,n,2,304,4.34,D,0
31.01395,75.76574,339.71,0.37,0.58,2025-05-17,0717,N20,VIIRS,n,2,305.52,5.09,D,0
31.07852,76.0108,334.08,0.36,0.57,2025-05-17,0717,N20,VIIRS,n,2,304.41,5.73,D,0
31.07765,76.00719,334.07,0.36,0.57,2025-05-17,0717,N20,VIIRS,n,2,304.49,4.48,D,0
31.05491,75.91246,331.53,0.36,0.58,2025-05-17,0717,N20,VIIRS,l,2,303.28,1.72,D,0
31.01729,75.75656,333.31,0.37,0.58,2025-05-17,0717,N20,VIIRS,l,2,305.41,3.87,D,0
30.99534,75.666,333.84,0.38,0.58,2025-05-17,0717,N20,VIIRS,l,2,307.13,4.09,D,0
31.07827,75.96394,367,0.36,0.57,2025-05-17,0717,N20,VIIRS,h,2,306.86,6.89,D,0
31.13626,76.20728,333.99,0.35,0.56,2025-05-17,0717,N20,VIIRS,l,2,304.65,1.29,D,0
31.07914,75.96759,341.38,0.36,0.57,2025-05-17,0717,N20,VIIRS,n,2,304.13,6.89,D,0
31.04518,75.77991,346.41,0.37,0.58,2025-05-17,0717,N20,VIIRS,n,2,305.46,3.49,D,0
31.01521,75.6555,339.03,0.38,0.58,2025-05-17,0717,N20,VIIRS,n,2,305.76,3.07,D,0
30.95321,75.39996,344.58,0.39,0.59,2025-05-17,0717,N20,VIIRS,n,2,306.29,5.24,D,0
31.16299,76.25183,335.94,0.34,0.56,2025-05-17,0717,N20,VIIRS,n,2,304.52,2.58,D,0
31.15717,76.22715,330.4,0.35,0.56,2025-05-17,0717,N20,VIIRS,l,2,301.9,1.78,D,0
31.14215,76.16356,344.17,0.35,0.57,2025-05-17,0717,N20,VIIRS,n,2,304.39,3.57,D,0
31.12105,76.07455,336.52,0.35,0.57,2025-05-17,0717,N20,VIIRS,n,2,303.82,1.96,D,0
31.02407,75.669,339.07,0.38,0.58,2025-05-17,0717,N20,VIIRS,n,2,305.99,2.46,D,0
30.95848,75.39821,351.05,0.39,0.59,2025-05-17,0717,N20,VIIRS,n,2,304.07,7.48,D,0
31.03382,75.68628,351.3,0.37,0.58,2025-05-17,0717,N20,VIIRS,n,2,305.84,4.59,D,0
31.10626,75.94305,367,0.36,0.57,2025-05-17,0717,N20,VIIRS,h,2,305.57,9.7,D,0
31.10712,75.94669,350.3,0.36,0.57,2025-05-17,0717,N20,VIIRS,n,2,306.48,9.71,D,0
31.04781,75.69803,349.04,0.37,0.58,2025-05-17,0717,N20,VIIRS,n,2,305.95,3.09,D,0
31.0469,75.69425,335.14,0.37,0.58,2025-05-17,0717,N20,VIIRS,l,2,306.37,3.09,D,0
31.09291,75.84046,335.28,0.37,0.58,2025-05-17,0717,N20,VIIRS,n,2,304.99,2.51,D,0
31.10755,75.94614,350.5,0.36,0.57,2025-05-17,0717,N20,VIIRS,n,2,306.03,10.04,D,0
31.10666,75.9425,356.05,0.36,0.57,2025-05-17,0717,N20,VIIRS,n,2,305.72,10.82,D,0
31.05184,75.69656,344.63,0.37,0.58,2025-05-17,0717,N20,VIIRS,n,2,305.99,2.51,D,0
31.05091,75.69279,337.93,0.37,0.58,2025-05-17,0717,N20,VIIRS,n,2,306.34,2.51,D,0
31.0927,75.84027,334.94,0.36,0.58,2025-05-17,0717,N20,VIIRS,n,2,304.69,2.08,D,0
31.06497,75.70448,336.66,0.37,0.58,2025-05-17,0717,N20,VIIRS,n,2,306.54,2.2,D,0
31.11078,75.84634,367,0.36,0.58,2025-05-17,0717,N20,VIIRS,h,2,308.16,6.56,D,0
31.07347,75.69358,367,0.37,0.58,2025-05-17,0717,N20,VIIRS,h,2,307.66,4.79,D,0
31.06884,75.67471,367,0.37,0.58,2025-05-17,0717,N20,VIIRS,h,2,308.72,13.49,D,0
31.06792,75.67094,367,0.37,0.58,2025-05-17,0717,N20,VIIRS,h,2,308.74,13.49,D,0
31.07439,75.69734,337.99,0.37,0.58,2025-05-17,0717,N20,VIIRS,n,2,305.93,4.79,D,0
31.06977,75.67848,338.53,0.37,0.58,2025-05-17,0717,N20,VIIRS,n,2,305.12,8.33,D,0
31.19432,76.16901,338.74,0.35,0.57,2025-05-17,0717,N20,VIIRS,n,2,304.8,2.21,D,0
31.16002,76.02663,335.29,0.35,0.57,2025-05-17,0717,N20,VIIRS,n,2,302.32,2.38,D,0
31.15915,76.02304,341.23,0.35,0.57,2025-05-17,0717,N20,VIIRS,n,2,303.46,2.38,D,0
31.14431,75.96166,336.58,0.36,0.57,2025-05-17,0717,N20,VIIRS,n,2,303.3,2.96,D,0
31.14343,75.95804,347.17,0.36,0.57,2025-05-17,0717,N20,VIIRS,n,2,304.84,2.96,D,0
31.1195,75.85941,332.06,0.36,0.58,2025-05-17,0717,N20,VIIRS,l,2,303.83,2.04,D,0
31.11591,75.84465,349.3,0.36,0.58,2025-05-17,0717,N20,VIIRS,n,2,304.92,6.56,D,0
31.07273,75.64485,344.57,0.38,0.58,2025-05-17,0717,N20,VIIRS,n,2,306.71,4.99,D,0
31.08715,75.68096,367,0.37,0.58,2025-05-17,0717,N20,VIIRS,h,2,304.91,13.09,D,0
31.08623,75.67719,367,0.37,0.58,2025-05-17,0717,N20,VIIRS,h,2,307.8,10.91,D,0
31.08531,75.67342,337.96,0.37,0.58,2025-05-17,0717,N20,VIIRS,n,2,303.67,10.91,D,0
31.16132,75.96396,367,0.36,0.57,2025-05-17,0717,N20,VIIRS,h,2,306.11,6.02,D,0
31.09875,75.70564,342.32,0.37,0.58,2025-05-17,0717,N20,VIIRS,n,2,306.36,4.2,D,0
31.06541,75.56905,342.55,0.38,0.59,2025-05-17,0717,N20,VIIRS,n,2,305.69,3.5,D,0
31.14974,75.89314,334.49,0.36,0.57,2025-05-17,0717,N20,VIIRS,n,2,303.71,2.63,D,0
31.14886,75.88949,335.09,0.36,0.57,2025-05-17,0717,N20,VIIRS,l,2,305.36,4.7,D,0
31.09659,75.67382,335.18,0.37,0.58,2025-05-17,0717,N20,VIIRS,n,2,304.26,2.19,D,0
31.11546,75.72854,341.35,0.37,0.58,2025-05-17,0717,N20,VIIRS,n,2,305.09,1.92,D,0
31.16699,75.91903,345.31,0.36,0.57,2025-05-17,0717,N20,VIIRS,n,2,305.15,4.27,D,0
31.04644,75.39911,343.64,0.39,0.59,2025-05-17,0717,N20,VIIRS,n,2,304.33,4.12,D,0
31.134,75.69001,367,0.37,0.58,2025-05-17,0717,N20,VIIRS,h,2,307.46,7.43,D,0
31.17424,75.85746,332.4,0.36,0.58,2025-05-17,0717,N20,VIIRS,l,2,304.57,2.2,D,0
31.13491,75.69377,346.45,0.37,0.58,2025-05-17,0717,N20,VIIRS,n,2,306.36,7.43,D,0
31.1331,75.68626,334.39,0.37,0.58,2025-05-17,0717,N20,VIIRS,n,2,304.99,8.57,D,0
31.13128,75.67873,343.67,0.37,0.58,2025-05-17,0717,N20,VIIRS,n,2,305.71,4.02,D,0
31.06269,75.37248,367,0.39,0.59,2025-05-17,0717,N20,VIIRS,h,2,304.7,9.95,D,0
31.14821,75.72587,336.18,0.37,0.58,2025-05-17,0717,N20,VIIRS,n,2,305.19,1.73,D,0
31.14008,75.69208,346.63,0.37,0.58,2025-05-17,0717,N20,VIIRS,n,2,302.9,3.19,D,0
31.13917,75.68831,338.11,0.37,0.58,2025-05-17,0717,N20,VIIRS,n,2,304.42,3.19,D,0
31.22258,76.01409,330.5,0.35,0.57,2025-05-17,0717,N20,VIIRS,l,2,303.5,1.89,D,0
31.17122,75.79868,344.39,0.37,0.58,2025-05-17,0717,N20,VIIRS,n,2,305.07,2.41,D,0
31.15695,75.73915,338.42,0.37,0.58,2025-05-17,0717,N20,VIIRS,n,2,304.34,2.39,D,0
31.2302,76.0232,354.53,0.35,0.57,2025-05-17,0717,N20,VIIRS,n,2,303.34,4.69,D,0
31.19047,75.85611,335,0.36,0.58,2025-05-17,0717,N20,VIIRS,l,2,305.51,2.88,D,0
31.18768,75.82127,337.91,0.36,0.58,2025-05-17,0717,N20,VIIRS,n,2,305.53,2.16,D,0
31.13375,75.59608,336.58,0.38,0.58,2025-05-17,0717,N20,VIIRS,n,2,304.73,2.65,D,0
31.16524,75.70409,335.31,0.37,0.58,2025-05-17,0717,N20,VIIRS,n,2,303.97,3.94,D,0
31.17129,75.70613,346.28,0.37,0.58,2025-05-17,0717,N20,VIIRS,n,2,305.16,3.94,D,0
31.17039,75.70238,355.71,0.37,0.58,2025-05-17,0717,N20,VIIRS,n,2,305.35,3.94,D,0
31.16229,75.6685,338.39,0.37,0.58,2025-05-17,0717,N20,VIIRS,n,2,304.73,3.66,D,0
31.19108,75.85651,336.65,0.36,0.58,2025-05-17,0717,N20,VIIRS,n,2,305.9,2.95,D,0
31.18808,75.82177,335.37,0.36,0.58,2025-05-17,0717,N20,VIIRS,l,2,305.64,2.56,D,0
31.13273,75.59725,332.83,0.38,0.58,2025-05-17,0717,N20,VIIRS,l,2,304.39,2.97,D,0
31.12755,75.55363,332.48,0.38,0.59,2025-05-17,0717,N20,VIIRS,l,2,304.52,1.53,D,0
31.17007,75.70328,367,0.37,0.58,2025-05-17,0717,N20,VIIRS,h,2,305.94,5.74,D,0
31.171,75.70701,336.24,0.37,0.58,2025-05-17,0717,N20,VIIRS,n,2,304.65,5.74,D,0
31.16084,75.66573,336.69,0.37,0.58,2025-05-17,0717,N20,VIIRS,n,2,305.77,2.93,D,0
31.17247,75.69035,350.15,0.37,0.58,2025-05-17,0717,N20,VIIRS,n,2,303.04,3.58,D,0
31.17155,75.6866,339.33,0.37,0.58,2025-05-17,0717,N20,VIIRS,n,2,303.72,3.58,D,0
31.25178,75.9701,338.43,0.36,0.57,2025-05-17,0717,N20,VIIRS,n,2,304.11,1.77,D,0
31.16058,75.5964,335.62,0.38,0.58,2025-05-17,0717,N20,VIIRS,l,2,305.75,2.1,D,0
31.18652,75.58786,339.68,0.38,0.58,2025-05-17,0717,N20,VIIRS,n,2,304.76,4.74,D,0
31.24622,75.81075,332.13,0.36,0.58,2025-05-17,0717,N20,VIIRS,l,2,305.01,1.95,D,0
31.19078,75.58234,340.34,0.38,0.58,2025-05-17,0717,N20,VIIRS,n,2,305.88,4.02,D,0
31.19873,75.59199,347.8,0.38,0.58,2025-05-17,0717,N20,VIIRS,n,2,304.44,6.25,D,0
31.27783,75.8044,346.65,0.36,0.58,2025-05-17,0717,N20,VIIRS,n,2,303.62,3.5,D,0
31.24833,75.68157,333.87,0.37,0.58,2025-05-17,0717,N20,VIIRS,l,2,305.34,1.57,D,0
31.26764,75.71569,356.01,0.37,0.58,2025-05-17,0717,N20,VIIRS,n,2,304.3,5.14,D,0
31.26674,75.71195,338.52,0.37,0.58,2025-05-17,0717,N20,VIIRS,n,2,304.17,5.14,D,0
31.27368,75.71774,335.28,0.37,0.58,2025-05-17,0717,N20,VIIRS,n,2,302.64,3.89,D,0
31.2701,75.70277,332.45,0.37,0.58,2025-05-17,0717,N20,VIIRS,l,2,304,3.69,D,0
31.26919,75.69901,339.89,0.37,0.58,2025-05-17,0717,N20,VIIRS,n,2,304.03,2.42,D,0
31.23255,75.52312,335.66,0.38,0.59,2025-05-17,0717,N20,VIIRS,n,2,301.41,1.28,D,0
31.30077,75.78487,349.11,0.36,0.58,2025-05-17,0717,N20,VIIRS,n,2,304.5,3.98,D,0
31.26667,75.71381,367,0.37,0.58,2025-05-17,0717,N20,VIIRS,h,2,305.9,9.4,D,0
31.29364,75.80085,332.5,0.36,0.58,2025-05-17,0717,N20,VIIRS,l,2,304.69,1.94,D,0
31.27274,75.71587,332.04,0.37,0.58,2025-05-17,0717,N20,VIIRS,n,2,303.48,5.84,D,0
31.26906,75.70094,341.81,0.37,0.58,2025-05-17,0717,N20,VIIRS,n,2,304.66,3.54,D,0
31.23039,75.52185,330.34,0.38,0.59,2025-05-17,0717,N20,VIIRS,n,2,300.05,1.1,D,0
31.30027,75.7828,344.09,0.36,0.58,2025-05-17,0717,N20,VIIRS,n,2,304.19,3.41,D,0
31.29935,75.71111,348.5,0.37,0.58,2025-05-17,0717,N20,VIIRS,n,2,303.84,3.16,D,0
30.52627,76.35662,334.06,0.7,0.75,2025-05-17,0857,N20,VIIRS,n,2,301.04,2.3,D,0
30.48507,75.45084,332.62,0.62,0.71,2025-05-17,0857,N20,VIIRS,l,2,303.6,1.96,D,0
30.51977,75.61493,334.73,0.63,0.72,2025-05-17,0857,N20,VIIRS,n,2,299.78,4.19,D,0
30.52593,76.35754,330.41,0.7,0.75,2025-05-17,0857,N20,VIIRS,l,2,300.64,3.01,D,0
30.51696,75.61501,337.57,0.63,0.72,2025-05-17,0857,N20,VIIRS,n,2,299.47,3.27,D,0
30.55951,76.32626,333.93,0.7,0.75,2025-05-17,0857,N20,VIIRS,n,2,301.68,3.25,D,0
30.55519,76.04252,342.26,0.67,0.74,2025-05-17,0857,N20,VIIRS,n,2,300.58,5.4,D,0
30.61866,75.37193,336.72,0.61,0.71,2025-05-17,0857,N20,VIIRS,n,2,299.98,6.93,D,0
30.63717,75.52686,331.12,0.63,0.72,2025-05-17,0857,N20,VIIRS,n,2,299.76,1.63,D,0
30.72409,75.81506,331.37,0.65,0.73,2025-05-17,0857,N20,VIIRS,l,2,302.65,4.11,D,0
30.73758,75.59234,332.37,0.63,0.72,2025-05-17,0857,N20,VIIRS,l,2,304.22,5.47,D,0
30.78679,75.6441,348.1,0.64,0.72,2025-05-17,0857,N20,VIIRS,n,2,304.08,7.7,D,0
30.8098,75.42222,330.74,0.62,0.71,2025-05-17,0857,N20,VIIRS,n,2,296.17,3.88,D,0
30.85658,75.98898,355.81,0.67,0.74,2025-05-17,0857,N20,VIIRS,n,2,301.33,11.3,D,0
30.85774,75.98711,349.28,0.67,0.74,2025-05-17,0857,N20,VIIRS,n,2,301.14,10.52,D,0
30.91448,76.03515,332.29,0.68,0.74,2025-05-17,0857,N20,VIIRS,n,2,299.31,3.46,D,0
30.93904,76.12843,345.29,0.68,0.74,2025-05-17,0857,N20,VIIRS,n,2,300.68,7.93,D,0
30.91825,75.37514,333.83,0.62,0.71,2025-05-17,0857,N20,VIIRS,n,2,297.83,6.92,D,0
30.91566,76.0359,332.83,0.68,0.74,2025-05-17,0857,N20,VIIRS,n,2,299.23,4.04,D,0
30.93968,76.12914,337.04,0.69,0.74,2025-05-17,0857,N20,VIIRS,n,2,300.8,6.93,D,0
30.91653,75.37508,334.03,0.62,0.71,2025-05-17,0857,N20,VIIRS,n,2,297.47,5.03,D,0
30.94964,75.52641,336.43,0.63,0.72,2025-05-17,0857,N20,VIIRS,n,2,301.47,5.48,D,0
30.94935,75.51972,339.39,0.63,0.72,2025-05-17,0857,N20,VIIRS,n,2,301.53,5.48,D,0
30.99748,75.70103,330.93,0.65,0.73,2025-05-17,0857,N20,VIIRS,n,2,300.79,5.46,D,0
31.00452,75.7076,367,0.65,0.73,2025-05-17,0857,N20,VIIRS,h,2,301.21,13.71,D,0
31.00422,75.70071,347.25,0.65,0.73,2025-05-17,0857,N20,VIIRS,n,2,303,20.87,D,0
31.01125,75.70728,340.98,0.65,0.73,2025-05-17,0857,N20,VIIRS,n,2,300.62,13.71,D,0
31.02934,75.96645,367,0.67,0.74,2025-05-17,0857,N20,VIIRS,h,2,300.59,16.65,D,0
31.00042,75.70618,336.31,0.65,0.73,2025-05-17,0857,N20,VIIRS,n,2,299.55,7.63,D,0
31.00016,75.69929,335.56,0.65,0.73,2025-05-17,0857,N20,VIIRS,n,2,301.74,7.63,D,0
31.00715,75.70585,367,0.65,0.73,2025-05-17,0857,N20,VIIRS,h,2,301.51,7.63,D,0
31.00689,75.69895,335.02,0.65,0.73,2025-05-17,0857,N20,VIIRS,n,2,301.66,7.63,D,0
31.02367,75.96515,333.37,0.67,0.74,2025-05-17,0857,N20,VIIRS,n,2,299.88,9.01,D,0
31.02314,75.9508,332.14,0.67,0.74,2025-05-17,0857,N20,VIIRS,n,2,300.44,9.49,D,0
31.01388,75.70549,336.23,0.65,0.73,2025-05-17,0857,N20,VIIRS,n,2,301.11,3.42,D,0
31.0305,75.96483,354.21,0.67,0.74,2025-05-17,0857,N20,VIIRS,n,2,300.56,9.01,D,0
31.06632,75.66836,367,0.64,0.72,2025-05-17,0857,N20,VIIRS,h,2,301.65,7.19,D,0
31.06661,75.67522,330.27,0.65,0.73,2025-05-17,0857,N20,VIIRS,n,2,300.68,7.19,D,0
31.11432,76.17915,331.36,0.69,0.74,2025-05-17,0857,N20,VIIRS,n,2,298.29,2.43,D,0
31.11477,75.85432,338.05,0.66,0.73,2025-05-17,0857,N20,VIIRS,n,2,300.21,7.03,D,0
31.13511,75.69977,330.76,0.65,0.73,2025-05-17,0857,N20,VIIRS,n,2,300.04,5.97,D,0
31.11001,75.85504,333.87,0.66,0.73,2025-05-17,0857,N20,VIIRS,n,2,299.85,6.32,D,0
31.14705,75.58958,331.14,0.64,0.72,2025-05-17,0857,N20,VIIRS,l,2,302.41,1.79,D,0
31.17281,75.89473,339.29,0.67,0.73,2025-05-17,0857,N20,VIIRS,n,2,300.18,6.93,D,0
31.1579,75.52798,333.79,0.63,0.72,2025-05-17,0857,N20,VIIRS,n,2,302.54,4.36,D,0
31.22652,75.71668,339.28,0.65,0.73,2025-05-17,0857,N20,VIIRS,n,2,298.87,6.11,D,0
31.21799,75.97392,336.34,0.67,0.74,2025-05-17,0857,N20,VIIRS,n,2,299.2,4.94,D,0
31.22206,75.71191,335.37,0.65,0.73,2025-05-17,0857,N20,VIIRS,n,2,299.43,5.83,D,0
31.21707,75.58143,330.46,0.64,0.72,2025-05-17,0857,N20,VIIRS,n,2,300.09,2.96,D,0
31.27319,75.80756,336.83,0.66,0.73,2025-05-17,0857,N20,VIIRS,n,2,299.3,3.51,D,0
31.23175,75.86665,315.13,0.71,0.75,2025-05-17,1940,N20,VIIRS,n,2,289.73,2.38,N,0
31.23296,75.86662,315.84,0.71,0.75,2025-05-17,1940,N20,VIIRS,n,2,290.51,2.21,N,0
31.11744,76.2087,320,0.35,0.57,2025-05-17,2121,N20,VIIRS,n,2,292.38,1.53,N,0
30.95929,75.50018,307.57,0.32,0.55,2025-05-17,2121,N20,VIIRS,n,2,295.74,0.79,N,0
30.82731,75.45765,306.89,0.32,0.55,2025-05-17,2121,N20,VIIRS,n,2,296.49,0.77,N,0
30.4769,76.37267,332.46,0.66,0.73,2025-05-18,0658,N20,VIIRS,n,2,298.13,3.46,D,0
30.49436,76.35885,331.56,0.66,0.73,2025-05-18,0658,N20,VIIRS,n,2,297.32,4.93,D,0
30.47302,76.31862,331.97,0.67,0.73,2025-05-18,0658,N20,VIIRS,n,2,298.09,3.1,D,0
30.49061,76.35568,340.28,0.66,0.73,2025-05-18,0658,N20,VIIRS,n,2,297.46,4.39,D,0
30.43354,76.10353,330.46,0.69,0.74,2025-05-18,0658,N20,VIIRS,n,2,298.75,3.66,D,0
30.42774,76.0831,345.63,0.69,0.74,2025-05-18,0658,N20,VIIRS,n,2,300.25,6.88,D,0
30.44079,76.07825,330.66,0.69,0.74,2025-05-18,0658,N20,VIIRS,n,2,300.3,2.37,D,0
30.51497,76.16297,336.2,0.68,0.74,2025-05-18,0658,N20,VIIRS,n,2,298.62,9.7,D,0
30.4659,75.96226,347.9,0.7,0.75,2025-05-18,0658,N20,VIIRS,n,2,302.12,6.4,D,0
30.46395,75.95532,331.42,0.7,0.75,2025-05-18,0658,N20,VIIRS,l,2,302.01,6.4,D,0
30.51199,76.16484,337.57,0.68,0.74,2025-05-18,0658,N20,VIIRS,n,2,298.44,4.37,D,0
30.52995,76.20258,332.12,0.67,0.74,2025-05-18,0658,N20,VIIRS,n,2,298.08,4.67,D,0
30.51656,76.15572,330.18,0.68,0.74,2025-05-18,0658,N20,VIIRS,n,2,297.76,4.37,D,0
30.46836,75.96233,334.36,0.7,0.75,2025-05-18,0658,N20,VIIRS,n,2,301.95,5.96,D,0
30.46637,75.95542,338.22,0.7,0.75,2025-05-18,0658,N20,VIIRS,n,2,301.39,5.33,D,0
30.46723,75.83149,341.64,0.71,0.75,2025-05-18,0658,N20,VIIRS,n,2,302.2,8.16,D,0
30.58414,76.11562,343.15,0.68,0.74,2025-05-18,0658,N20,VIIRS,n,2,298.21,7.99,D,0
30.66489,76.3783,339.95,0.65,0.73,2025-05-18,0658,N20,VIIRS,n,2,295.87,5.71,D,0
30.5841,75.98748,348.9,0.69,0.74,2025-05-18,0658,N20,VIIRS,n,2,299.31,9.87,D,0
30.50813,75.66631,333.53,0.72,0.76,2025-05-18,0658,N20,VIIRS,n,2,302.11,4.97,D,0
30.44875,75.40491,367,0.75,0.77,2025-05-18,0658,N20,VIIRS,h,2,302.71,18.05,D,0
30.45087,75.41235,343.86,0.75,0.77,2025-05-18,0658,N20,VIIRS,n,2,301.79,13.41,D,0
30.58601,75.98573,349.29,0.69,0.74,2025-05-18,0658,N20,VIIRS,n,2,299.94,10.04,D,0
30.50837,75.66566,335.1,0.72,0.76,2025-05-18,0658,N20,VIIRS,n,2,302.56,4.65,D,0
30.44762,75.4051,367,0.75,0.77,2025-05-18,0658,N20,VIIRS,h,2,302.95,12.71,D,0
30.44977,75.41251,340.4,0.75,0.77,2025-05-18,0658,N20,VIIRS,n,2,301.85,12.71,D,0
30.54061,75.70097,333.45,0.72,0.76,2025-05-18,0658,N20,VIIRS,n,2,302.31,5.2,D,0
30.48492,75.45663,333.15,0.75,0.77,2025-05-18,0658,N20,VIIRS,n,2,302.14,4.47,D,0
30.53452,75.55157,332.74,0.73,0.76,2025-05-18,0658,N20,VIIRS,n,2,301.05,3.32,D,0
30.68094,76.04059,330.13,0.68,0.74,2025-05-18,0658,N20,VIIRS,n,2,298.73,3.76,D,0
30.53321,75.49534,337.74,0.74,0.76,2025-05-18,0658,N20,VIIRS,n,2,301.68,4.56,D,0
30.55701,75.52678,342.68,0.74,0.76,2025-05-18,0658,N20,VIIRS,n,2,300.46,5.32,D,0
30.53358,75.49657,337.34,0.74,0.76,2025-05-18,0658,N20,VIIRS,n,2,301.14,4.65,D,0
30.55758,75.52794,336.45,0.73,0.76,2025-05-18,0658,N20,VIIRS,n,2,300.04,4.29,D,0
30.55546,75.52066,336.79,0.74,0.76,2025-05-18,0658,N20,VIIRS,n,2,301.04,4.29,D,0
30.69436,75.82348,334.7,0.7,0.75,2025-05-18,0658,N20,VIIRS,n,2,299.63,3.64,D,0
30.63964,75.63281,336.75,0.72,0.76,2025-05-18,0658,N20,VIIRS,n,2,301.2,6.04,D,0
30.61266,75.53924,344.81,0.73,0.76,2025-05-18,0658,N20,VIIRS,n,2,301.99,6.17,D,0
30.85736,76.34848,347.93,0.65,0.73,2025-05-18,0658,N20,VIIRS,n,2,294.94,8.67,D,0
30.63638,75.57031,341.55,0.73,0.76,2025-05-18,0658,N20,VIIRS,n,2,300.45,8.53,D,0
30.60707,75.46858,348.51,0.74,0.76,2025-05-18,0658,N20,VIIRS,n,2,300.89,12.64,D,0
30.64343,75.5435,367,0.73,0.76,2025-05-18,0658,N20,VIIRS,h,2,302.88,17.22,D,0
30.68245,75.67974,330.28,0.72,0.75,2025-05-18,0658,N20,VIIRS,n,2,298.79,3.13,D,0
30.74815,75.83385,331.43,0.7,0.75,2025-05-18,0658,N20,VIIRS,n,2,298.29,3.49,D,0
30.62568,75.40427,349.79,0.74,0.76,2025-05-18,0658,N20,VIIRS,n,2,301.93,9.6,D,0
30.76835,75.87969,333.81,0.69,0.75,2025-05-18,0658,N20,VIIRS,n,2,300.02,3.95,D,0
30.66382,75.5116,347.4,0.73,0.76,2025-05-18,0658,N20,VIIRS,n,2,300.23,10.43,D,0
30.66175,75.50433,336.91,0.73,0.76,2025-05-18,0658,N20,VIIRS,n,2,300.7,9.94,D,0
30.65131,75.46781,334.22,0.74,0.76,2025-05-18,0658,N20,VIIRS,n,2,301.12,3.38,D,0
30.65798,75.46523,331.45,0.74,0.76,2025-05-18,0658,N20,VIIRS,n,2,300.59,3.38,D,0
30.91364,76.34825,348.25,0.65,0.73,2025-05-18,0658,N20,VIIRS,n,2,293.84,13.92,D,0
30.8349,76.06536,332.03,0.67,0.74,2025-05-18,0658,N20,VIIRS,n,2,296.75,4.82,D,0
30.67297,75.49184,341.16,0.73,0.76,2025-05-18,0658,N20,VIIRS,n,2,300.72,6.13,D,0
30.86645,76.12729,367,0.67,0.73,2025-05-18,0658,N20,VIIRS,h,2,296.58,21.68,D,0
30.71553,75.56386,332.26,0.73,0.76,2025-05-18,0658,N20,VIIRS,n,2,299.55,2.98,D,0
30.74312,75.83456,331.55,0.7,0.75,2025-05-18,0658,N20,VIIRS,n,2,298.84,3.45,D,0
30.62489,75.40386,350.01,0.74,0.76,2025-05-18,0658,N20,VIIRS,n,2,302.04,14.11,D,0
30.77018,75.87795,333.38,0.69,0.74,2025-05-18,0658,N20,VIIRS,n,2,300.15,4.22,D,0
30.66364,75.51087,350.96,0.73,0.76,2025-05-18,0658,N20,VIIRS,n,2,300.54,7.28,D,0
30.66152,75.50363,335.91,0.73,0.76,2025-05-18,0658,N20,VIIRS,n,2,300.79,7.28,D,0
30.65088,75.46723,335.55,0.74,0.76,2025-05-18,0658,N20,VIIRS,n,2,300.41,4.44,D,0
30.91162,76.34746,353.84,0.65,0.73,2025-05-18,0658,N20,VIIRS,n,2,294.43,11.44,D,0
30.8313,76.06556,334.37,0.67,0.74,2025-05-18,0658,N20,VIIRS,n,2,296.93,6.44,D,0
30.67271,75.49124,340.96,0.73,0.76,2025-05-18,0658,N20,VIIRS,n,2,300.92,6.74,D,0
30.86324,76.12731,345.24,0.67,0.73,2025-05-18,0658,N20,VIIRS,n,2,295.72,9.9,D,0
30.86967,76.12487,367,0.67,0.73,2025-05-18,0658,N20,VIIRS,h,2,295.66,9.9,D,0
30.71574,75.56311,332.22,0.72,0.76,2025-05-18,0658,N20,VIIRS,n,2,299.97,4.51,D,0
30.79807,75.79829,342.23,0.7,0.75,2025-05-18,0658,N20,VIIRS,n,2,298.92,9.21,D,0
30.80321,75.76543,336.19,0.7,0.75,2025-05-18,0658,N20,VIIRS,n,2,298.98,6.64,D,0
30.81433,75.75343,330.13,0.7,0.75,2025-05-18,0658,N20,VIIRS,n,2,298.58,3.27,D,0
30.7493,75.52618,330.04,0.73,0.76,2025-05-18,0658,N20,VIIRS,n,2,298.98,3.7,D,0
30.83004,75.73191,367,0.7,0.75,2025-05-18,0658,N20,VIIRS,h,2,299.94,24.47,D,0
30.83202,75.73888,345.19,0.7,0.75,2025-05-18,0658,N20,VIIRS,n,2,297.81,17.65,D,0
30.82206,75.70383,343.67,0.71,0.75,2025-05-18,0658,N20,VIIRS,n,2,298.3,8.09,D,0
30.96083,76.17058,337.76,0.66,0.73,2025-05-18,0658,N20,VIIRS,n,2,296.52,6.33,D,0
30.96725,76.16814,330,0.66,0.73,2025-05-18,0658,N20,VIIRS,n,2,296.16,6.33,D,0
30.81311,75.62094,330.38,0.72,0.75,2025-05-18,0658,N20,VIIRS,n,2,297.97,1.97,D,0
30.97366,76.16571,367,0.66,0.73,2025-05-18,0658,N20,VIIRS,h,2,297.27,11.25,D,0
30.97549,76.17229,338.37,0.66,0.73,2025-05-18,0658,N20,VIIRS,n,2,294.95,11.25,D,0
30.7838,75.44033,330.37,0.73,0.76,2025-05-18,0658,N20,VIIRS,n,2,300.32,5.58,D,0
30.82665,75.73813,334.48,0.7,0.75,2025-05-18,0658,N20,VIIRS,n,2,298.95,7.84,D,0
30.8165,75.70322,338.43,0.71,0.75,2025-05-18,0658,N20,VIIRS,n,2,298.6,8.03,D,0
30.83322,75.73564,367,0.7,0.75,2025-05-18,0658,N20,VIIRS,h,2,298.23,10.04,D,0
30.8312,75.7287,336.63,0.7,0.75,2025-05-18,0658,N20,VIIRS,n,2,298.88,10.04,D,0
30.96441,76.16622,333.51,0.66,0.73,2025-05-18,0658,N20,VIIRS,n,2,296.01,11.11,D,0
30.9727,76.17038,343.77,0.66,0.73,2025-05-18,0658,N20,VIIRS,n,2,296.24,8.69,D,0
30.99216,76.2138,338.13,0.65,0.73,2025-05-18,0658,N20,VIIRS,n,2,295.6,7.21,D,0
30.97912,76.16797,344.55,0.66,0.73,2025-05-18,0658,N20,VIIRS,n,2,294.89,8.69,D,0
30.97725,76.16141,330.43,0.66,0.73,2025-05-18,0658,N20,VIIRS,n,2,295.69,16.35,D,0
30.93938,76.02878,331.04,0.67,0.74,2025-05-18,0658,N20,VIIRS,n,2,296.8,3.39,D,0
30.80198,75.37413,333.01,0.74,0.76,2025-05-18,0658,N20,VIIRS,n,2,301.79,10.82,D,0
30.84055,75.45647,336.63,0.73,0.76,2025-05-18,0658,N20,VIIRS,n,2,298.58,5.64,D,0
30.85215,75.41971,331.02,0.73,0.76,2025-05-18,0658,N20,VIIRS,n,2,299.3,3.47,D,0
30.94648,75.62189,333.22,0.71,0.75,2025-05-18,0658,N20,VIIRS,n,2,298.79,5.38,D,0
30.85195,75.41911,330.17,0.73,0.76,2025-05-18,0658,N20,VIIRS,n,2,299.47,3.57,D,0
30.94746,75.62073,333.49,0.71,0.75,2025-05-18,0658,N20,VIIRS,n,2,298.55,5.8,D,0
31.0225,75.83095,332.8,0.69,0.74,2025-05-18,0658,N20,VIIRS,n,2,296.88,5.29,D,0
30.90516,75.39855,332.02,0.73,0.76,2025-05-18,0658,N20,VIIRS,n,2,299.23,4.2,D,0
30.99248,75.65028,342.27,0.7,0.75,2025-05-18,0658,N20,VIIRS,n,2,299.49,10.8,D,0
31.05114,75.80482,353.59,0.69,0.74,2025-05-18,0658,N20,VIIRS,n,2,298.42,9.34,D,0
30.96169,75.44092,337.08,0.73,0.76,2025-05-18,0658,N20,VIIRS,n,2,298.67,9.2,D,0
31.08443,75.6925,353.42,0.7,0.75,2025-05-18,0658,N20,VIIRS,n,2,298.2,14.93,D,0
30.95835,75.45181,333.68,0.72,0.76,2025-05-18,0658,N20,VIIRS,n,2,298.56,7.38,D,0
30.96288,75.44208,338.61,0.72,0.76,2025-05-18,0658,N20,VIIRS,n,2,298.15,7.38,D,0
31.08051,75.69537,341.41,0.7,0.75,2025-05-18,0658,N20,VIIRS,n,2,297.56,7.94,D,0
31.0785,75.68842,335.21,0.7,0.75,2025-05-18,0658,N20,VIIRS,n,2,298.76,9.04,D,0
31.04332,75.49079,350.77,0.72,0.75,2025-05-18,0658,N20,VIIRS,n,2,299.74,11.13,D,0
31.09065,75.52792,331.43,0.71,0.75,2025-05-18,0658,N20,VIIRS,n,2,298.2,2.28,D,0
31.09927,75.53246,330.25,0.71,0.75,2025-05-18,0658,N20,VIIRS,n,2,298.1,2.4,D,0
31.25362,75.97531,339.25,0.67,0.73,2025-05-18,0658,N20,VIIRS,n,2,296.59,5.71,D,0
31.09159,75.52687,331.89,0.71,0.75,2025-05-18,0658,N20,VIIRS,n,2,298.17,3.43,D,0
31.10026,75.53142,331.02,0.71,0.75,2025-05-18,0658,N20,VIIRS,n,2,297.62,3.43,D,0
31.25708,75.97308,334.98,0.66,0.73,2025-05-18,0658,N20,VIIRS,n,2,296.38,5.48,D,0
30.44149,76.34103,347.47,0.36,0.57,2025-05-18,0838,N20,VIIRS,n,2,306.1,2.79,D,0
30.4468,76.34052,339.06,0.36,0.57,2025-05-18,0838,N20,VIIRS,n,2,306.22,2.79,D,0
30.44873,76.01924,337.02,0.35,0.56,2025-05-18,0838,N20,VIIRS,l,2,307.31,1.84,D,0
30.46052,76.10259,339.01,0.35,0.57,2025-05-18,0838,N20,VIIRS,n,2,308.21,5.19,D,0
30.44852,75.9502,347.54,0.34,0.56,2025-05-18,0838,N20,VIIRS,n,2,308.16,3.76,D,0
30.49664,76.36269,367,0.36,0.58,2025-05-18,0838,N20,VIIRS,h,2,306.7,8.56,D,0
30.50638,76.4195,333.89,0.37,0.58,2025-05-18,0838,N20,VIIRS,n,2,303.7,2.06,D,0
30.43383,75.51692,343.57,0.32,0.55,2025-05-18,0838,N20,VIIRS,n,2,308.96,5.23,D,0
30.50609,76.34647,338.46,0.36,0.58,2025-05-18,0838,N20,VIIRS,n,2,306.3,3.09,D,0
30.49224,76.17007,333.42,0.35,0.57,2025-05-18,0838,N20,VIIRS,l,2,306.47,4.15,D,0
30.52503,76.38307,367,0.36,0.58,2025-05-18,0838,N20,VIIRS,h,2,304.23,11.41,D,0
30.46814,75.68211,367,0.33,0.55,2025-05-18,0838,N20,VIIRS,h,2,306.04,5.77,D,0
30.52473,76.37925,351.36,0.36,0.58,2025-05-18,0838,N20,VIIRS,n,2,307.87,11.41,D,0
30.46843,75.68556,337.78,0.33,0.55,2025-05-18,0838,N20,VIIRS,n,2,304.71,5.77,D,0
30.50499,76.34703,336.08,0.36,0.58,2025-05-18,0838,N20,VIIRS,n,2,305.87,4.01,D,0
30.4923,76.17029,334.09,0.35,0.57,2025-05-18,0838,N20,VIIRS,l,2,306.33,3.34,D,0
30.52341,76.37984,367,0.36,0.58,2025-05-18,0838,N20,VIIRS,h,2,306.25,4.84,D,0
30.47136,75.68143,367,0.33,0.55,2025-05-18,0838,N20,VIIRS,h,2,307.03,5.98,D,0
30.52368,76.38364,335.5,0.36,0.58,2025-05-18,0838,N20,VIIRS,n,2,303.83,4.84,D,0
30.47163,75.68489,341.47,0.33,0.55,2025-05-18,0838,N20,VIIRS,n,2,305.93,5.98,D,0
30.52873,76.37932,367,0.36,0.58,2025-05-18,0838,N20,VIIRS,h,2,303.21,5.31,D,0
30.52901,76.38315,338.97,0.36,0.58,2025-05-18,0838,N20,VIIRS,n,2,303.47,5.31,D,0
30.45921,75.3973,353.39,0.63,0.54,2025-05-18,0838,N20,VIIRS,n,2,310.58,27.74,D,0
30.5486,76.28556,337.41,0.36,0.57,2025-05-18,0838,N20,VIIRS,n,2,304.22,1.17,D,0
30.51163,75.67035,348.25,0.33,0.55,2025-05-18,0838,N20,VIIRS,n,2,305.16,4.68,D,0
30.57724,76.38246,349.58,0.36,0.58,2025-05-18,0838,N20,VIIRS,n,2,303.4,3.3,D,0
30.53996,75.70248,340.98,0.33,0.55,2025-05-18,0838,N20,VIIRS,n,2,308.88,4.73,D,0
30.52147,75.47681,350.04,0.32,0.55,2025-05-18,0838,N20,VIIRS,n,2,310.98,6.57,D,0
30.52734,75.4864,367,0.32,0.55,2025-05-18,0838,N20,VIIRS,h,2,312.62,11.39,D,0
30.54592,75.71242,339.14,0.33,0.55,2025-05-18,0838,N20,VIIRS,n,2,307.45,4.36,D,0
30.57134,75.96354,339.49,0.34,0.56,2025-05-18,0838,N20,VIIRS,n,2,306.37,1.99,D,0
30.57941,75.93372,339.85,0.34,0.56,2025-05-18,0838,N20,VIIRS,n,2,308.41,3.54,D,0
30.5806,75.93269,338.41,0.34,0.56,2025-05-18,0838,N20,VIIRS,l,2,309.73,4.09,D,0
30.63056,76.32692,332.1,0.36,0.58,2025-05-18,0838,N20,VIIRS,l,2,304.08,2.07,D,0
30.60868,76.0285,336.34,0.35,0.57,2025-05-18,0838,N20,VIIRS,l,2,308.26,5.82,D,0
30.597,75.67101,342.4,0.33,0.55,2025-05-18,0838,N20,VIIRS,n,2,305.92,4.59,D,0
30.63982,76.16286,331.52,0.35,0.57,2025-05-18,0838,N20,VIIRS,n,2,301.3,1.71,D,0
30.63756,76.06259,338.11,0.35,0.57,2025-05-18,0838,N20,VIIRS,n,2,306.72,2.66,D,0
30.62785,75.93525,338.27,0.34,0.56,2025-05-18,0838,N20,VIIRS,n,2,306.84,3.4,D,0
30.60863,75.5588,340.85,0.33,0.55,2025-05-18,0838,N20,VIIRS,n,2,307.66,4.52,D,0
30.62171,75.65808,336.09,0.33,0.55,2025-05-18,0838,N20,VIIRS,l,2,306.37,2.16,D,0
30.61206,75.53783,340.38,0.32,0.55,2025-05-18,0838,N20,VIIRS,n,2,308.28,2.78,D,0
30.61178,75.53442,338.31,0.32,0.55,2025-05-18,0838,N20,VIIRS,n,2,307.26,2.78,D,0
30.69365,76.38266,343.12,0.37,0.58,2025-05-18,0838,N20,VIIRS,n,2,302.8,3.38,D,0
30.6984,76.37449,367,0.37,0.58,2025-05-18,0838,N20,VIIRS,h,2,305.18,7.88,D,0
30.69869,76.37833,338.68,0.37,0.58,2025-05-18,0838,N20,VIIRS,n,2,302.42,6.81,D,0
30.64353,75.67339,335.01,0.33,0.55,2025-05-18,0838,N20,VIIRS,n,2,304.81,2,D,0
30.64325,75.66991,343.96,0.33,0.55,2025-05-18,0838,N20,VIIRS,n,2,305.06,2,D,0
30.63764,75.60082,339.46,0.33,0.55,2025-05-18,0838,N20,VIIRS,n,2,307.27,2.3,D,0
30.64836,75.6694,334.3,0.33,0.55,2025-05-18,0838,N20,VIIRS,l,2,305.09,2,D,0
30.63739,75.53528,335.47,0.32,0.55,2025-05-18,0838,N20,VIIRS,l,2,306.18,3.62,D,0
30.64414,75.55522,367,0.33,0.55,2025-05-18,0838,N20,VIIRS,h,2,309.99,11.48,D,0
30.6637,75.79504,352.21,0.34,0.56,2025-05-18,0838,N20,VIIRS,n,2,307.11,8,D,0
30.66342,75.7915,356.39,0.34,0.56,2025-05-18,0838,N20,VIIRS,n,2,308.49,8.54,D,0
30.64387,75.55181,350.64,0.33,0.55,2025-05-18,0838,N20,VIIRS,n,2,312.13,11.48,D,0
30.66736,75.65003,335.43,0.33,0.55,2025-05-18,0838,N20,VIIRS,l,2,306.07,2.82,D,0
30.6673,75.58743,340.51,0.33,0.55,2025-05-18,0838,N20,VIIRS,n,2,308.79,3.55,D,0
30.73694,76.38647,338.45,0.37,0.58,2025-05-18,0838,N20,VIIRS,n,2,302.94,2.27,D,0
30.69147,75.81728,342.77,0.34,0.56,2025-05-18,0838,N20,VIIRS,n,2,308.63,3.19,D,0
30.6655,75.50498,336.76,0.32,0.55,2025-05-18,0838,N20,VIIRS,n,2,306.68,3.4,D,0
30.66512,75.38122,338.79,0.64,0.54,2025-05-18,0838,N20,VIIRS,n,2,308.07,9.53,D,0
30.67041,75.6479,338.22,0.33,0.55,2025-05-18,0838,N20,VIIRS,n,2,306.51,3.46,D,0
30.66441,75.50314,337.97,0.32,0.55,2025-05-18,0838,N20,VIIRS,n,2,305.97,5.21,D,0
30.73546,76.38925,331.14,0.37,0.58,2025-05-18,0838,N20,VIIRS,l,2,302,1.18,D,0
30.66973,75.50603,349.44,0.32,0.55,2025-05-18,0838,N20,VIIRS,n,2,305.31,6.88,D,0
30.7408,76.38876,337.59,0.37,0.58,2025-05-18,0838,N20,VIIRS,n,2,302.48,2.41,D,0
30.70968,75.96214,337.15,0.35,0.56,2025-05-18,0838,N20,VIIRS,n,2,305.83,1.83,D,0
30.66525,75.38418,338.48,0.32,0.54,2025-05-18,0838,N20,VIIRS,n,2,307.68,20.86,D,0
30.66499,75.38083,336.77,0.32,0.54,2025-05-18,0838,N20,VIIRS,n,2,307.86,58.5,D,0
30.67027,75.38364,367,0.32,0.54,2025-05-18,0838,N20,VIIRS,h,2,311.13,20.86,D,0
30.67054,75.38699,338.63,0.32,0.54,2025-05-18,0838,N20,VIIRS,n,2,307.71,20.86,D,0
30.72556,76.03407,367,0.35,0.57,2025-05-18,0838,N20,VIIRS,h,2,307.02,10.09,D,0
30.74958,76.28761,335.8,0.36,0.57,2025-05-18,0838,N20,VIIRS,n,2,301.87,2.24,D,0
30.7493,76.28381,334.39,0.36,0.57,2025-05-18,0838,N20,VIIRS,n,2,302.97,3.17,D,0
30.73381,76.07401,347.71,0.35,0.57,2025-05-18,0838,N20,VIIRS,n,2,305.91,2.81,D,0
30.71899,75.87759,335.55,0.34,0.56,2025-05-18,0838,N20,VIIRS,l,2,305.57,2.64,D,0
30.71077,75.70351,331.94,0.33,0.56,2025-05-18,0838,N20,VIIRS,l,2,305.27,1.39,D,0
30.71562,75.6995,338.61,0.33,0.55,2025-05-18,0838,N20,VIIRS,n,2,305.61,2.26,D,0
30.73875,75.79656,351.48,0.34,0.56,2025-05-18,0838,N20,VIIRS,n,2,306.89,3.68,D,0
30.73847,75.79301,336.06,0.34,0.56,2025-05-18,0838,N20,VIIRS,l,2,308.78,3.68,D,0
30.71292,75.40964,367,0.32,0.55,2025-05-18,0838,N20,VIIRS,h,2,314.11,29.15,D,0
30.76695,76.0932,333.2,0.35,0.57,2025-05-18,0838,N20,VIIRS,l,2,305.01,2.01,D,0
30.76469,76.06364,355.18,0.35,0.57,2025-05-18,0838,N20,VIIRS,n,2,305.44,5.18,D,0
30.75455,75.93219,335.56,0.34,0.56,2025-05-18,0838,N20,VIIRS,n,2,305.35,1.27,D,0
30.72309,75.53495,341.51,0.33,0.55,2025-05-18,0838,N20,VIIRS,n,2,305.6,3.98,D,0
30.7132,75.413,339.04,0.32,0.55,2025-05-18,0838,N20,VIIRS,n,2,308.02,17.2,D,0
30.71265,75.4063,349.77,0.32,0.55,2025-05-18,0838,N20,VIIRS,n,2,310.48,29.15,D,0
30.76993,76.06315,367,0.35,0.57,2025-05-18,0838,N20,VIIRS,h,2,302.5,6.89,D,0
30.77135,75.87975,348.73,0.34,0.56,2025-05-18,0838,N20,VIIRS,n,2,307.2,4.39,D,0
30.76967,75.79354,334.67,0.34,0.56,2025-05-18,0838,N20,VIIRS,l,2,305.21,0.94,D,0
30.82508,76.3654,346.39,0.37,0.58,2025-05-18,0838,N20,VIIRS,n,2,301.55,3.31,D,0
30.76333,75.46573,341.84,0.32,0.55,2025-05-18,0838,N20,VIIRS,n,2,306.7,1.61,D,0
30.82319,76.36512,346.52,0.37,0.58,2025-05-18,0838,N20,VIIRS,n,2,302.09,3.52,D,0
30.76222,75.46452,339.97,0.32,0.55,2025-05-18,0838,N20,VIIRS,n,2,306.65,1.53,D,0
30.80085,75.76801,338.23,0.34,0.56,2025-05-18,0838,N20,VIIRS,n,2,307.22,2.73,D,0
30.79471,75.62022,338.59,0.33,0.55,2025-05-18,0838,N20,VIIRS,l,2,308.91,3.86,D,0
30.79982,75.61971,346.86,0.33,0.55,2025-05-18,0838,N20,VIIRS,n,2,307.89,3.15,D,0
30.79598,75.44057,350.07,0.32,0.55,2025-05-18,0838,N20,VIIRS,n,2,305.42,4.8,D,0
30.87028,76.13143,345.02,0.35,0.57,2025-05-18,0838,N20,VIIRS,n,2,304.81,3.59,D,0
30.86381,76.046,353.04,0.35,0.57,2025-05-18,0838,N20,VIIRS,n,2,306.86,5.93,D,0
30.83775,75.64394,336.84,0.33,0.55,2025-05-18,0838,N20,VIIRS,n,2,307.19,1.96,D,0
30.83581,75.61957,334.49,0.33,0.55,2025-05-18,0838,N20,VIIRS,l,2,307.33,2.6,D,0
30.84286,75.64344,367,0.33,0.55,2025-05-18,0838,N20,VIIRS,h,2,307.94,4.81,D,0
30.90762,76.41613,331.63,0.37,0.58,2025-05-18,0838,N20,VIIRS,n,2,299.11,2.02,D,0
30.90458,76.30358,331.5,0.36,0.58,2025-05-18,0838,N20,VIIRS,l,2,302.64,2.32,D,0
30.83109,75.37244,345.78,0.32,0.54,2025-05-18,0838,N20,VIIRS,n,2,309.86,5.28,D,0
30.89604,76.12153,334.89,0.35,0.57,2025-05-18,0838,N20,VIIRS,n,2,303.69,3.7,D,0
30.89575,76.1178,345.39,0.35,0.57,2025-05-18,0838,N20,VIIRS,n,2,304.79,4.02,D,0
30.93888,76.40155,330.02,0.37,0.58,2025-05-18,0838,N20,VIIRS,l,2,300.17,2.35,D,0
30.91213,76.05642,341.79,0.35,0.57,2025-05-18,0838,N20,VIIRS,n,2,304.21,2.83,D,0
30.94424,76.40108,337.78,0.37,0.58,2025-05-18,0838,N20,VIIRS,n,2,298.77,1.63,D,0
30.92737,76.18294,346.12,0.36,0.57,2025-05-18,0838,N20,VIIRS,n,2,302.43,3.7,D,0
30.92707,76.17918,333.93,0.36,0.57,2025-05-18,0838,N20,VIIRS,l,2,305.49,3.7,D,0
30.91796,76.06334,338.3,0.35,0.57,2025-05-18,0838,N20,VIIRS,n,2,304.18,3.88,D,0
30.93206,76.17493,331.67,0.36,0.57,2025-05-18,0838,N20,VIIRS,l,2,304.69,3.34,D,0
30.92943,76.37182,332.86,0.37,0.58,2025-05-18,0838,N20,VIIRS,n,2,300.43,3.49,D,0
30.91245,76.05669,343,0.35,0.57,2025-05-18,0838,N20,VIIRS,n,2,304.37,3.06,D,0
30.94229,76.40189,349.16,0.37,0.58,2025-05-18,0838,N20,VIIRS,n,2,299.38,3.99,D,0
30.92685,76.18338,336.96,0.36,0.57,2025-05-18,0838,N20,VIIRS,n,2,302.09,3.33,D,0
30.92658,76.17961,341.9,0.36,0.57,2025-05-18,0838,N20,VIIRS,n,2,305.29,3.33,D,0
30.91823,76.06361,333.42,0.35,0.57,2025-05-18,0838,N20,VIIRS,l,2,303.57,1.77,D,0
30.91797,76.0599,334.48,0.35,0.57,2025-05-18,0838,N20,VIIRS,n,2,304.01,1.77,D,0
30.92133,76.0335,333.01,0.35,0.57,2025-05-18,0838,N20,VIIRS,l,2,304.1,0.92,D,0
30.9577,76.24154,351.26,0.36,0.57,2025-05-18,0838,N20,VIIRS,n,2,303.11,4.97,D,0
30.94146,76.02043,333.83,0.35,0.57,2025-05-18,0838,N20,VIIRS,n,2,303.78,1.6,D,0
30.96579,76.27924,332.65,0.36,0.58,2025-05-18,0838,N20,VIIRS,n,2,301.9,2.21,D,0
30.95802,76.17283,337.52,0.36,0.57,2025-05-18,0838,N20,VIIRS,n,2,304.76,3,D,0
30.9633,76.17235,335.49,0.36,0.57,2025-05-18,0838,N20,VIIRS,n,2,305.39,3,D,0
30.95775,76.09734,348.08,0.35,0.57,2025-05-18,0838,N20,VIIRS,n,2,305.34,4.92,D,0
30.96775,76.16054,337.43,0.36,0.57,2025-05-18,0838,N20,VIIRS,n,2,304.95,5.83,D,0
30.99228,76.20387,339.45,0.36,0.57,2025-05-18,0838,N20,VIIRS,n,2,303.74,3.61,D,0
30.95705,75.74554,339.31,0.34,0.56,2025-05-18,0838,N20,VIIRS,n,2,304.45,1.96,D,0
30.95677,75.742,334.64,0.34,0.56,2025-05-18,0838,N20,VIIRS,l,2,305.82,1.96,D,0
30.94287,75.56681,338.52,0.33,0.55,2025-05-18,0838,N20,VIIRS,n,2,303.13,2.04,D,0
30.93513,75.47057,342.59,0.32,0.55,2025-05-18,0838,N20,VIIRS,n,2,308.52,2.96,D,0
30.94047,75.47346,351.32,0.32,0.55,2025-05-18,0838,N20,VIIRS,n,2,307.62,2.96,D,0
30.9402,75.47006,336.02,0.32,0.55,2025-05-18,0838,N20,VIIRS,n,2,307.61,2.96,D,0
30.93412,75.39538,334.51,0.32,0.55,2025-05-18,0838,N20,VIIRS,l,2,306.79,1.52,D,0
30.94554,75.47297,367,0.32,0.55,2025-05-18,0838,N20,VIIRS,h,2,308.72,10.53,D,0
30.94581,75.47639,350.35,0.32,0.55,2025-05-18,0838,N20,VIIRS,n,2,307.29,7.92,D,0
30.97419,75.76537,367,0.34,0.56,2025-05-18,0838,N20,VIIRS,h,2,307.42,9.17,D,0
30.95061,75.47248,367,0.32,0.55,2025-05-18,0838,N20,VIIRS,h,2,308.06,10.53,D,0
30.95843,75.56876,337.13,0.33,0.55,2025-05-18,0838,N20,VIIRS,l,2,307.72,4.38,D,0
30.95507,75.52734,346.05,0.33,0.55,2025-05-18,0838,N20,VIIRS,n,2,308.53,5.43,D,0
30.95088,75.47588,345.14,0.32,0.55,2025-05-18,0838,N20,VIIRS,n,2,306.51,7.92,D,0
30.97567,75.71874,332.1,0.34,0.56,2025-05-18,0838,N20,VIIRS,l,2,302.85,1.98,D,0
30.96777,75.55737,367,0.33,0.55,2025-05-18,0838,N20,VIIRS,h,2,307.09,7.59,D,0
31.01296,76.12607,331.35,0.36,0.57,2025-05-18,0838,N20,VIIRS,l,2,302.66,1.48,D,0
31.02702,76.10211,351.85,0.35,0.57,2025-05-18,0838,N20,VIIRS,n,2,302.89,5.45,D,0
31.02661,76.10133,352.09,0.35,0.57,2025-05-18,0838,N20,VIIRS,n,2,302.97,5.61,D,0
31.03092,76.01475,334.19,0.35,0.57,2025-05-18,0838,N20,VIIRS,n,2,304.02,3.44,D,0
31.03155,75.95158,367,0.35,0.57,2025-05-18,0838,N20,VIIRS,h,2,303.94,8.96,D,0
31.02858,75.91146,367,0.35,0.56,2025-05-18,0838,N20,VIIRS,h,2,305.1,7.55,D,0
31.03127,75.94788,345.42,0.35,0.57,2025-05-18,0838,N20,VIIRS,n,2,306.28,7.96,D,0
31.0283,75.90782,333.01,0.35,0.56,2025-05-18,0838,N20,VIIRS,n,2,304.11,7.55,D,0
31.00653,75.61874,333.55,0.33,0.55,2025-05-18,0838,N20,VIIRS,l,2,305.42,1.9,D,0
31.03327,75.83434,354.54,0.34,0.56,2025-05-18,0838,N20,VIIRS,n,2,306.06,4.14,D,0
31.01484,75.52692,333.19,0.33,0.55,2025-05-18,0838,N20,VIIRS,l,2,304.06,1.97,D,0
31.05711,76.01218,332.55,0.35,0.57,2025-05-18,0838,N20,VIIRS,l,2,302.92,1.07,D,0
31.04881,75.83273,367,0.34,0.56,2025-05-18,0838,N20,VIIRS,h,2,306.75,3.78,D,0
31.04908,75.83633,336.89,0.34,0.56,2025-05-18,0838,N20,VIIRS,n,2,304.8,3.78,D,0
31.05178,75.8035,337.06,0.34,0.56,2025-05-18,0838,N20,VIIRS,n,2,306.11,4.74,D,0
31.05151,75.79989,338.64,0.34,0.56,2025-05-18,0838,N20,VIIRS,n,2,305.74,4.13,D,0
31.08414,76.02071,338.45,0.35,0.57,2025-05-18,0838,N20,VIIRS,n,2,302.84,3.02,D,0
31.08386,76.017,348.73,0.35,0.57,2025-05-18,0838,N20,VIIRS,n,2,302.84,4.8,D,0
31.03765,75.42789,334.06,0.32,0.55,2025-05-18,0838,N20,VIIRS,l,2,305.51,1.6,D,0
31.06995,75.76913,339.58,0.34,0.56,2025-05-18,0838,N20,VIIRS,n,2,307.83,2.19,D,0
31.07539,75.7722,336.67,0.34,0.56,2025-05-18,0838,N20,VIIRS,l,2,306.75,2.99,D,0
31.07511,75.76862,338.14,0.34,0.56,2025-05-18,0838,N20,VIIRS,l,2,308.23,3.05,D,0
31.07408,75.68993,367,0.34,0.56,2025-05-18,0838,N20,VIIRS,h,2,308.7,5.84,D,0
31.07914,75.75382,334.39,0.34,0.56,2025-05-18,0838,N20,VIIRS,l,2,305.48,1.62,D,0
31.07886,75.75024,335.15,0.34,0.56,2025-05-18,0838,N20,VIIRS,l,2,306.46,1.62,D,0
31.07977,75.6965,338.24,0.34,0.56,2025-05-18,0838,N20,VIIRS,n,2,306.49,2.03,D,0
31.07893,75.6859,338.84,0.34,0.56,2025-05-18,0838,N20,VIIRS,n,2,306.39,2.97,D,0
31.07865,75.68237,336.86,0.33,0.56,2025-05-18,0838,N20,VIIRS,n,2,306.41,3.11,D,0
31.06206,75.47701,333.71,0.33,0.55,2025-05-18,0838,N20,VIIRS,l,2,305.26,1.29,D,0
31.06715,75.41461,344.68,0.32,0.55,2025-05-18,0838,N20,VIIRS,n,2,303.93,3.01,D,0
31.12896,76.20245,330.14,0.36,0.57,2025-05-18,0838,N20,VIIRS,l,2,300.7,0.88,D,0
31.10027,75.52499,367,0.33,0.55,2025-05-18,0838,N20,VIIRS,h,2,305.79,5.77,D,0
31.1,75.52155,335.43,0.33,0.55,2025-05-18,0838,N20,VIIRS,n,2,304.4,5.77,D,0
31.13593,75.93072,367,0.35,0.57,2025-05-18,0838,N20,VIIRS,h,2,303.38,7.97,D,0
31.13821,75.82055,339.61,0.34,0.56,2025-05-18,0838,N20,VIIRS,n,2,305.63,2.7,D,0
31.13387,75.76295,351.27,0.34,0.56,2025-05-18,0838,N20,VIIRS,n,2,305.84,4.33,D,0
31.1546,75.96975,367,0.35,0.57,2025-05-18,0838,N20,VIIRS,h,2,303.17,4.73,D,0
31.16753,76.14533,330.48,0.36,0.57,2025-05-18,0838,N20,VIIRS,l,2,301.56,2.06,D,0
31.16725,76.14155,342.64,0.36,0.57,2025-05-18,0838,N20,VIIRS,n,2,303.27,2.06,D,0
31.16587,76.12268,343.45,0.36,0.57,2025-05-18,0838,N20,VIIRS,n,2,301.97,3.26,D,0
31.16507,76.03968,353.1,0.35,0.57,2025-05-18,0838,N20,VIIRS,n,2,301.81,3.92,D,0
31.15983,75.96925,332.73,0.35,0.57,2025-05-18,0838,N20,VIIRS,n,2,301.53,4.73,D,0
31.13108,75.5254,337.79,0.33,0.55,2025-05-18,0838,N20,VIIRS,n,2,305.81,2.35,D,0
31.15481,75.76453,334.46,0.34,0.56,2025-05-18,0838,N20,VIIRS,l,2,305.41,2.08,D,0
31.16579,75.8397,340.31,0.34,0.56,2025-05-18,0838,N20,VIIRS,n,2,303.11,2.59,D,0
31.16551,75.83609,339.32,0.34,0.56,2025-05-18,0838,N20,VIIRS,n,2,303.37,2.59,D,0
31.14774,75.54121,353.09,0.33,0.55,2025-05-18,0838,N20,VIIRS,n,2,305.96,4.66,D,0
31.14746,75.53773,346.13,0.33,0.55,2025-05-18,0838,N20,VIIRS,n,2,306.33,4.66,D,0
31.14719,75.53427,332.6,0.33,0.55,2025-05-18,0838,N20,VIIRS,l,2,304.86,2.07,D,0
31.19303,76.05962,337.75,0.35,0.57,2025-05-18,0838,N20,VIIRS,n,2,300.68,3.3,D,0
31.23097,76.13938,333.43,0.36,0.57,2025-05-18,0838,N20,VIIRS,n,2,300.73,3.09,D,0
31.222,76.02311,337.37,0.35,0.57,2025-05-18,0838,N20,VIIRS,n,2,302.03,2.66,D,0
31.19448,75.67449,346.03,0.34,0.56,2025-05-18,0838,N20,VIIRS,n,2,305.36,3.34,D,0
31.22609,75.87428,342.37,0.34,0.56,2025-05-18,0838,N20,VIIRS,n,2,303.93,3.76,D,0
31.2258,75.87063,341.77,0.34,0.56,2025-05-18,0838,N20,VIIRS,n,2,304.2,4.62,D,0
31.22551,75.86699,356.61,0.34,0.56,2025-05-18,0838,N20,VIIRS,n,2,304.84,4.62,D,0
31.22995,76.13696,330.14,0.36,0.57,2025-05-18,0838,N20,VIIRS,l,2,301.18,2.06,D,0
31.222,76.02422,335.03,0.35,0.57,2025-05-18,0838,N20,VIIRS,n,2,302.54,2.2,D,0
31.19935,75.71064,336.93,0.34,0.56,2025-05-18,0838,N20,VIIRS,n,2,306.48,2.42,D,0
31.22132,75.86834,340.22,0.35,0.56,2025-05-18,0838,N20,VIIRS,n,2,303.99,5.09,D,0
31.22653,75.86784,367,0.35,0.56,2025-05-18,0838,N20,VIIRS,h,2,303.95,5.09,D,0
31.22626,75.8642,367,0.34,0.56,2025-05-18,0838,N20,VIIRS,h,2,305.6,5.09,D,0
31.22706,75.87514,331.91,0.35,0.56,2025-05-18,0838,N20,VIIRS,l,2,302.1,3.26,D,0
31.2268,75.8715,332.66,0.35,0.56,2025-05-18,0838,N20,VIIRS,n,2,303.72,3.26,D,0
31.23146,75.8637,367,0.34,0.56,2025-05-18,0838,N20,VIIRS,h,2,307.65,20.88,D,0
31.23173,75.86735,337.23,0.35,0.56,2025-05-18,0838,N20,VIIRS,n,2,303.11,20.88,D,0
31.2312,75.86005,351.97,0.34,0.56,2025-05-18,0838,N20,VIIRS,n,2,303.8,22.61,D,0
31.24664,75.99936,344.8,0.35,0.57,2025-05-18,0838,N20,VIIRS,n,2,301.45,3.4,D,0
31.24637,75.99564,335.05,0.35,0.57,2025-05-18,0838,N20,VIIRS,n,2,301.15,3.4,D,0
31.25379,76.02491,335.88,0.35,0.57,2025-05-18,0838,N20,VIIRS,n,2,301.13,1.53,D,0
31.26758,76.06869,339.82,0.36,0.57,2025-05-18,0838,N20,VIIRS,n,2,302.66,2.96,D,0
31.25282,75.79941,332.07,0.34,0.56,2025-05-18,0838,N20,VIIRS,l,2,303.07,2.04,D,0
31.27728,76.05642,350.61,0.35,0.57,2025-05-18,0838,N20,VIIRS,n,2,303.01,3.95,D,0
31.2759,76.03776,336.43,0.35,0.57,2025-05-18,0838,N20,VIIRS,n,2,302.43,1.88,D,0
31.2589,75.47823,336.81,0.33,0.55,2025-05-18,0838,N20,VIIRS,n,2,305.75,2.14,D,0
31.31681,75.79698,333.35,0.34,0.56,2025-05-18,0838,N20,VIIRS,l,2,304.37,1.64,D,0
31.15257,75.75829,312.37,0.54,0.42,2025-05-18,2102,N20,VIIRS,n,2,297.5,0.79,N,0
31.15149,75.75671,313.63,0.54,0.42,2025-05-18,2102,N20,VIIRS,n,2,297.38,1.27,N,0
31.10843,75.75098,308.6,0.54,0.42,2025-05-18,2102,N20,VIIRS,n,2,297.75,1.04,N,0
31.01825,75.89869,314.85,0.55,0.43,2025-05-18,2102,N20,VIIRS,n,2,297.33,1.18,N,0
30.43938,76.35583,346.58,0.57,0.43,2025-05-19,0819,N20,VIIRS,n,2,305.91,10.56,D,0
30.43778,76.35914,339.72,0.57,0.43,2025-05-19,0819,N20,VIIRS,n,2,305.68,6.7,D,0
30.46104,76.38718,349.27,0.38,0.43,2025-05-19,0819,N20,VIIRS,n,2,309.43,22.51,D,0
30.46061,76.38318,342,0.38,0.43,2025-05-19,0819,N20,VIIRS,n,2,303.93,22.51,D,0
30.47653,76.1974,346.81,0.56,0.43,2025-05-19,0819,N20,VIIRS,n,2,304.69,10.4,D,0
30.45193,75.94338,344.36,0.55,0.42,2025-05-19,0819,N20,VIIRS,n,2,307.26,19.52,D,0
30.52737,76.29181,336.5,0.57,0.43,2025-05-19,0819,N20,VIIRS,n,2,302.74,1.64,D,0
30.5059,75.99908,335.93,0.55,0.43,2025-05-19,0819,N20,VIIRS,l,2,307.05,4.28,D,0
30.44392,75.40826,338.08,0.51,0.41,2025-05-19,0819,N20,VIIRS,n,2,305.02,6.1,D,0
30.56224,76.25525,341,0.57,0.43,2025-05-19,0819,N20,VIIRS,n,2,305.4,5.81,D,0
30.48833,75.45928,341.42,0.52,0.41,2025-05-19,0819,N20,VIIRS,n,2,306.1,10.32,D,0
30.52998,75.75301,346.48,0.53,0.42,2025-05-19,0819,N20,VIIRS,n,2,310.62,11.93,D,0
30.60678,76.40354,337.73,0.39,0.44,2025-05-19,0819,N20,VIIRS,n,2,303.49,2.84,D,0
30.61968,76.40988,333.37,0.39,0.44,2025-05-19,0819,N20,VIIRS,n,2,302.6,3.1,D,0
30.61117,76.29639,336.07,0.57,0.43,2025-05-19,0819,N20,VIIRS,n,2,302.01,4.45,D,0
30.59468,76.1134,334.74,0.56,0.43,2025-05-19,0819,N20,VIIRS,l,2,305.36,6.78,D,0
30.59403,76.10757,338.24,0.56,0.43,2025-05-19,0819,N20,VIIRS,n,2,305.16,4.34,D,0
30.58709,75.70492,344.54,0.53,0.42,2025-05-19,0819,N20,VIIRS,n,2,309.77,15.62,D,0
30.66394,76.39145,343.01,0.39,0.44,2025-05-19,0819,N20,VIIRS,n,2,303.61,5.78,D,0
30.69203,76.35067,345.31,0.38,0.43,2025-05-19,0819,N20,VIIRS,n,2,304.62,5.28,D,0
30.67182,76.12966,337.61,0.56,0.43,2025-05-19,0819,N20,VIIRS,n,2,303.38,7.38,D,0
30.65699,75.99629,338.21,0.55,0.43,2025-05-19,0819,N20,VIIRS,n,2,306.07,4.96,D,0
30.67786,76.00492,342.57,0.55,0.43,2025-05-19,0819,N20,VIIRS,n,2,303.84,7.39,D,0
30.63864,75.49409,339.39,0.52,0.42,2025-05-19,0819,N20,VIIRS,n,2,306.86,8.06,D,0
30.6649,75.68518,336.06,0.53,0.42,2025-05-19,0819,N20,VIIRS,l,2,307.78,5.09,D,0
30.64628,75.52607,345.68,0.52,0.42,2025-05-19,0819,N20,VIIRS,n,2,309.69,34,D,0
30.65715,75.58547,345.45,0.53,0.42,2025-05-19,0819,N20,VIIRS,n,2,307.88,14.44,D,0
30.68363,75.77873,341.12,0.54,0.42,2025-05-19,0819,N20,VIIRS,n,2,307,5.58,D,0
30.66097,75.5849,343.88,0.53,0.42,2025-05-19,0819,N20,VIIRS,n,2,309.33,13.49,D,0
30.65896,75.50201,338.44,0.52,0.42,2025-05-19,0819,N20,VIIRS,n,2,307.53,9.89,D,0
30.65832,75.4966,339.96,0.52,0.42,2025-05-19,0819,N20,VIIRS,n,2,306.56,9.7,D,0
30.68798,75.68171,332.81,0.53,0.42,2025-05-19,0819,N20,VIIRS,l,2,305.23,3.26,D,0
30.6579,75.5003,343.93,0.52,0.42,2025-05-19,0819,N20,VIIRS,n,2,307.46,11.94,D,0
30.68587,75.68027,334.69,0.53,0.42,2025-05-19,0819,N20,VIIRS,l,2,307.33,3.31,D,0
30.75893,76.31333,349.61,0.38,0.43,2025-05-19,0819,N20,VIIRS,n,2,303.13,7.47,D,0
30.77379,76.37651,351.69,0.39,0.44,2025-05-19,0819,N20,VIIRS,n,2,303.42,5.72,D,0
30.67818,75.50824,342.84,0.52,0.42,2025-05-19,0819,N20,VIIRS,n,2,307.54,13.39,D,0
30.76586,76.26469,334.22,0.57,0.43,2025-05-19,0819,N20,VIIRS,n,2,302.4,1.75,D,0
30.74665,76.0876,342.78,0.56,0.43,2025-05-19,0819,N20,VIIRS,n,2,304.38,5.64,D,0
30.67335,75.43189,346,0.52,0.41,2025-05-19,0819,N20,VIIRS,n,2,308.46,11.62,D,0
30.7375,75.86079,346.43,0.54,0.42,2025-05-19,0819,N20,VIIRS,n,2,296.18,8.38,D,0
30.72358,75.73685,340.26,0.54,0.42,2025-05-19,0819,N20,VIIRS,n,2,304.87,30.42,D,0
30.70975,75.6148,335.22,0.53,0.42,2025-05-19,0819,N20,VIIRS,n,2,305.13,2.44,D,0
30.75294,75.92804,339.03,0.55,0.43,2025-05-19,0819,N20,VIIRS,n,2,304.08,10.91,D,0
30.77174,75.98949,337.99,0.55,0.43,2025-05-19,0819,N20,VIIRS,n,2,304.26,5.04,D,0
30.74619,75.55896,342.06,0.53,0.42,2025-05-19,0819,N20,VIIRS,n,2,304.01,4.29,D,0
30.81488,76.01846,335.51,0.56,0.43,2025-05-19,0819,N20,VIIRS,n,2,303.45,6.26,D,0
30.81946,76.02368,349.95,0.56,0.43,2025-05-19,0819,N20,VIIRS,n,2,306.36,17.2,D,0
30.76845,75.51663,336.8,0.52,0.42,2025-05-19,0819,N20,VIIRS,n,2,304.07,5.55,D,0
30.87308,76.39103,354.13,0.39,0.44,2025-05-19,0819,N20,VIIRS,n,2,304.76,13.47,D,0
30.76693,75.51441,338.3,0.52,0.42,2025-05-19,0819,N20,VIIRS,n,2,305.61,5.66,D,0
30.87036,76.39159,348.61,0.39,0.44,2025-05-19,0819,N20,VIIRS,n,2,305.41,12.69,D,0
30.86993,76.38753,335.45,0.39,0.44,2025-05-19,0819,N20,VIIRS,n,2,301.35,6.25,D,0
30.79853,75.58769,333.99,0.53,0.42,2025-05-19,0819,N20,VIIRS,l,2,304.7,4,D,0
30.90737,76.39466,337.43,0.39,0.44,2025-05-19,0819,N20,VIIRS,n,2,301.34,2.74,D,0
30.83029,75.69574,340.75,0.53,0.42,2025-05-19,0819,N20,VIIRS,n,2,304.83,5.76,D,0
30.83858,75.73436,336.02,0.54,0.42,2025-05-19,0819,N20,VIIRS,n,2,304.9,3.86,D,0
30.81917,75.46207,333.94,0.52,0.42,2025-05-19,0819,N20,VIIRS,l,2,304.27,3.19,D,0
30.91509,76.13255,339.13,0.56,0.43,2025-05-19,0819,N20,VIIRS,n,2,304.25,5.36,D,0
30.91905,76.13198,339.14,0.56,0.43,2025-05-19,0819,N20,VIIRS,n,2,304.16,5.36,D,0
30.97686,75.90188,335.71,0.55,0.43,2025-05-19,0819,N20,VIIRS,n,2,302,7.8,D,0
30.98077,75.9013,339.85,0.55,0.43,2025-05-19,0819,N20,VIIRS,n,2,300.27,18.13,D,0
30.93862,75.49657,346.9,0.52,0.42,2025-05-19,0819,N20,VIIRS,n,2,305.54,7.98,D,0
31.05342,76.0144,341.52,0.56,0.43,2025-05-19,0819,N20,VIIRS,n,2,302.89,5.15,D,0
30.99797,75.53788,330.21,0.53,0.42,2025-05-19,0819,N20,VIIRS,n,2,298.75,2.36,D,0
31.05253,76.01254,338.26,0.56,0.43,2025-05-19,0819,N20,VIIRS,n,2,302.34,4.98,D,0
30.99987,75.53529,341.35,0.53,0.42,2025-05-19,0819,N20,VIIRS,n,2,303.09,9.02,D,0
31.04022,75.412,339.64,0.52,0.42,2025-05-19,0819,N20,VIIRS,n,2,303.36,3.04,D,0
31.05991,75.41453,341.91,0.52,0.42,2025-05-19,0819,N20,VIIRS,n,2,305.54,5.04,D,0
31.10039,75.66158,338.53,0.54,0.42,2025-05-19,0819,N20,VIIRS,n,2,302.81,6.03,D,0
31.09974,75.65598,338.24,0.54,0.42,2025-05-19,0819,N20,VIIRS,n,2,304.6,7.35,D,0
31.17568,76.21651,332.62,0.38,0.43,2025-05-19,0819,N20,VIIRS,l,2,303.45,3.07,D,0
31.11781,75.67611,335.42,0.54,0.42,2025-05-19,0819,N20,VIIRS,n,2,304.57,3.29,D,0
31.15348,75.95018,342.2,0.56,0.43,2025-05-19,0819,N20,VIIRS,n,2,303.35,7.2,D,0
31.12365,75.69244,338.97,0.54,0.42,2025-05-19,0819,N20,VIIRS,n,2,304.69,3.85,D,0
31.11253,75.68675,333.6,0.54,0.42,2025-05-19,0819,N20,VIIRS,n,2,302.54,2.27,D,0
31.17386,76.21762,334.59,0.38,0.43,2025-05-19,0819,N20,VIIRS,l,2,304.67,1.5,D,0
31.17343,76.21362,336.74,0.38,0.43,2025-05-19,0819,N20,VIIRS,n,2,305.31,2.45,D,0
31.15307,75.94884,343.51,0.56,0.43,2025-05-19,0819,N20,VIIRS,n,2,303.95,6.31,D,0
31.12539,75.69632,339.22,0.54,0.42,2025-05-19,0819,N20,VIIRS,n,2,304.43,4.84,D,0
31.12226,75.66809,341.84,0.54,0.42,2025-05-19,0819,N20,VIIRS,n,2,305.9,9.95,D,0
31.16411,75.97688,339.03,0.56,0.43,2025-05-19,0819,N20,VIIRS,n,2,304.93,10.61,D,0
31.14005,75.75755,340,0.54,0.42,2025-05-19,0819,N20,VIIRS,n,2,301.31,7.78,D,0
31.14394,75.75697,331.04,0.54,0.42,2025-05-19,0819,N20,VIIRS,n,2,301.01,7.78,D,0
31.16847,75.79974,338.6,0.55,0.42,2025-05-19,0819,N20,VIIRS,n,2,302.68,4.82,D,0
31.19617,76.01389,338.84,0.56,0.43,2025-05-19,0819,N20,VIIRS,n,2,303.11,4.2,D,0
31.19818,75.99568,341.25,0.56,0.43,2025-05-19,0819,N20,VIIRS,n,2,304.71,7.05,D,0
31.18204,75.85027,342.28,0.55,0.43,2025-05-19,0819,N20,VIIRS,n,2,304.95,7.9,D,0
31.18595,75.84969,345.45,0.55,0.43,2025-05-19,0819,N20,VIIRS,n,2,305.08,7.9,D,0
31.17827,75.74605,333.09,0.54,0.42,2025-05-19,0819,N20,VIIRS,l,2,303.5,2.11,D,0
31.1655,75.59879,341.77,0.53,0.42,2025-05-19,0819,N20,VIIRS,n,2,303.87,4.58,D,0
31.2363,76.08609,345.21,0.57,0.43,2025-05-19,0819,N20,VIIRS,n,2,305.07,6.84,D,0
31.23564,76.08016,337.99,0.57,0.43,2025-05-19,0819,N20,VIIRS,n,2,305.03,6.84,D,0
31.18156,75.60208,338.84,0.53,0.42,2025-05-19,0819,N20,VIIRS,n,2,303.37,3.25,D,0
31.18091,75.59649,336.33,0.53,0.42,2025-05-19,0819,N20,VIIRS,n,2,303.65,3.25,D,0
31.19625,75.5262,339.77,0.53,0.42,2025-05-19,0819,N20,VIIRS,n,2,306.05,5.23,D,0
31.232,75.73222,332.79,0.54,0.42,2025-05-19,0819,N20,VIIRS,l,2,303.56,2.88,D,0
31.23251,75.72994,332.88,0.54,0.42,2025-05-19,0820,N20,VIIRS,l,2,303.42,3.51,D,0
31.29197,76.13022,333.24,0.57,0.43,2025-05-19,0820,N20,VIIRS,l,2,304.91,1.83,D,0
31.27698,75.84581,334.73,0.55,0.43,2025-05-19,0820,N20,VIIRS,n,2,304.45,2.53,D,0
31.28602,75.8916,335.03,0.55,0.43,2025-05-19,0820,N20,VIIRS,n,2,304.74,3.94,D,0
31.31606,75.94641,334.96,0.56,0.43,2025-05-19,0820,N20,VIIRS,l,2,305.48,2.61,D,0
31.24965,75.61929,308.68,0.38,0.36,2025-05-19,2043,N20,VIIRS,n,2,297.47,0.65,N,0
30.96137,75.84419,328.32,0.39,0.36,2025-05-19,2043,N20,VIIRS,n,2,299.9,2.58,N,0
30.42083,76.00826,346.82,0.39,0.36,2025-05-20,0800,N20,VIIRS,n,2,312.79,18.13,D,0
30.42024,76.00428,347.5,0.39,0.36,2025-05-20,0800,N20,VIIRS,n,2,315.43,10.79,D,0
30.42412,76.00761,346.28,0.39,0.36,2025-05-20,0800,N20,VIIRS,n,2,313.67,18.13,D,0
30.42353,76.00363,340.85,0.39,0.36,2025-05-20,0800,N20,VIIRS,l,2,311.39,10.79,D,0
30.49266,76.26486,342.86,0.39,0.36,2025-05-20,0800,N20,VIIRS,n,2,310.25,5.42,D,0
30.51356,76.08379,344.14,0.39,0.36,2025-05-20,0800,N20,VIIRS,n,2,311.91,8.42,D,0
30.54967,76.12181,339.73,0.39,0.36,2025-05-20,0800,N20,VIIRS,l,2,311.9,3.03,D,0
30.59346,76.39749,347.15,0.39,0.36,2025-05-20,0800,N20,VIIRS,n,2,314.77,7.27,D,0
30.59287,76.39347,343.06,0.39,0.36,2025-05-20,0800,N20,VIIRS,l,2,314.04,7.27,D,0
30.48847,75.57752,345.42,0.38,0.36,2025-05-20,0800,N20,VIIRS,n,2,311.73,10.46,D,0
30.55684,75.96453,341.28,0.39,0.36,2025-05-20,0800,N20,VIIRS,l,2,313.03,6.3,D,0
30.4802,75.45663,338.28,0.38,0.36,2025-05-20,0800,N20,VIIRS,l,2,309.99,7.06,D,0
30.58203,76.11133,341.34,0.39,0.36,2025-05-20,0800,N20,VIIRS,l,2,313.88,9.56,D,0
30.54387,75.6937,348.12,0.38,0.36,2025-05-20,0800,N20,VIIRS,n,2,311.79,3.9,D,0
30.57929,75.90751,347.99,0.38,0.36,2025-05-20,0800,N20,VIIRS,n,2,312.17,11.5,D,0
30.53576,75.61765,342.48,0.38,0.36,2025-05-20,0800,N20,VIIRS,l,2,312.54,14.56,D,0
30.60443,76.05423,343.07,0.39,0.36,2025-05-20,0800,N20,VIIRS,l,2,313.63,4.25,D,0
30.59204,75.97054,349.38,0.39,0.36,2025-05-20,0800,N20,VIIRS,n,2,314.86,6.95,D,0
30.5582,75.69899,345.2,0.38,0.36,2025-05-20,0800,N20,VIIRS,n,2,313.83,16.08,D,0
30.56029,75.69038,342.02,0.38,0.36,2025-05-20,0800,N20,VIIRS,l,2,313.1,8.13,D,0
30.65361,76.13493,338.63,0.39,0.36,2025-05-20,0800,N20,VIIRS,l,2,309.94,3.68,D,0
30.67314,76.2217,342.46,0.39,0.36,2025-05-20,0800,N20,VIIRS,n,2,309.94,5.65,D,0
30.68465,76.27722,337.98,0.39,0.36,2025-05-20,0800,N20,VIIRS,l,2,311.56,5.04,D,0
30.67643,76.22106,343.17,0.39,0.36,2025-05-20,0800,N20,VIIRS,n,2,310.32,8.27,D,0
30.66349,76.13299,349.42,0.39,0.36,2025-05-20,0800,N20,VIIRS,n,2,315.74,17.38,D,0
30.6662,76.12835,338.56,0.39,0.36,2025-05-20,0800,N20,VIIRS,l,2,311.44,6.88,D,0
30.70901,76.35098,341.45,0.39,0.36,2025-05-20,0800,N20,VIIRS,l,2,312.42,6.02,D,0
30.66225,76.00994,340.2,0.39,0.36,2025-05-20,0800,N20,VIIRS,l,2,313.2,5.1,D,0
30.725,76.41415,345.22,0.39,0.36,2025-05-20,0800,N20,VIIRS,n,2,310.51,5.17,D,0
30.71327,76.33361,341.21,0.39,0.36,2025-05-20,0800,N20,VIIRS,l,2,311.33,7.27,D,0
30.61823,75.67052,343.68,0.38,0.36,2025-05-20,0800,N20,VIIRS,n,2,310.69,8.63,D,0
30.64778,75.84469,341.51,0.38,0.36,2025-05-20,0800,N20,VIIRS,l,2,314.99,6.89,D,0
30.73434,76.4082,350.23,0.39,0.36,2025-05-20,0800,N20,VIIRS,n,2,313.27,16.07,D,0
30.61393,75.55274,344.18,0.38,0.36,2025-05-20,0800,N20,VIIRS,n,2,312.09,11.17,D,0
30.61152,75.53687,343.32,0.38,0.36,2025-05-20,0800,N20,VIIRS,l,2,313.76,13.7,D,0
30.61091,75.53291,349.93,0.38,0.36,2025-05-20,0800,N20,VIIRS,n,2,316.66,22.18,D,0
30.61721,75.55208,340.32,0.38,0.36,2025-05-20,0800,N20,VIIRS,l,2,312.39,7.57,D,0
30.69333,76.03665,341.94,0.39,0.36,2025-05-20,0800,N20,VIIRS,l,2,312.51,6.08,D,0
30.59994,75.41649,343.98,0.38,0.36,2025-05-20,0800,N20,VIIRS,n,2,312.2,7.17,D,0
30.69682,76.03629,346.74,0.39,0.36,2025-05-20,0801,N20,VIIRS,n,2,312.28,6.92,D,0
30.61578,75.49538,342.93,0.38,0.36,2025-05-20,0801,N20,VIIRS,l,2,315.26,9.58,D,0
30.6374,75.59328,341.39,0.38,0.36,2025-05-20,0801,N20,VIIRS,n,2,310.9,7.98,D,0
30.76055,76.40347,341.77,0.39,0.36,2025-05-20,0801,N20,VIIRS,l,2,312.34,6.96,D,0
30.62623,75.49734,342.94,0.38,0.36,2025-05-20,0801,N20,VIIRS,n,2,311.82,9.02,D,0
30.70823,76.02169,343.08,0.39,0.36,2025-05-20,0801,N20,VIIRS,l,2,314.08,5.76,D,0
30.64037,75.56813,344.73,0.38,0.36,2025-05-20,0801,N20,VIIRS,n,2,313.12,9.13,D,0
30.66165,75.68662,344.52,0.38,0.36,2025-05-20,0801,N20,VIIRS,n,2,312.59,5.91,D,0
30.66702,75.67735,341.11,0.38,0.36,2025-05-20,0801,N20,VIIRS,l,2,313.47,5.81,D,0
30.73574,76.02447,343.6,0.39,0.36,2025-05-20,0801,N20,VIIRS,l,2,313.89,9.64,D,0
30.66027,75.4986,343.68,0.38,0.36,2025-05-20,0801,N20,VIIRS,n,2,311.71,12.06,D,0
30.69361,75.69656,341.4,0.38,0.36,2025-05-20,0801,N20,VIIRS,l,2,313.19,6.89,D,0
30.78562,76.29505,340.23,0.39,0.36,2025-05-20,0801,N20,VIIRS,l,2,311.8,6.46,D,0
30.78035,76.25886,339.97,0.39,0.36,2025-05-20,0801,N20,VIIRS,n,2,308.11,4.41,D,0
30.67254,75.51247,339.83,0.38,0.36,2025-05-20,0801,N20,VIIRS,l,2,312.18,7.94,D,0
30.72618,75.8007,341.2,0.38,0.36,2025-05-20,0801,N20,VIIRS,n,2,310.02,5.49,D,0
30.71902,75.75292,337.16,0.38,0.36,2025-05-20,0801,N20,VIIRS,l,2,309.08,5.9,D,0
30.74173,75.76888,341.7,0.38,0.36,2025-05-20,0801,N20,VIIRS,l,2,313.3,8.64,D,0
30.75726,75.78216,338.08,0.38,0.36,2025-05-20,0801,N20,VIIRS,l,2,310.97,4.78,D,0
30.76708,75.82522,340.33,0.38,0.36,2025-05-20,0801,N20,VIIRS,l,2,311.04,7.57,D,0
30.832,76.24049,346.68,0.39,0.36,2025-05-20,0801,N20,VIIRS,n,2,308.38,6.06,D,0
30.71756,75.47464,341.55,0.38,0.36,2025-05-20,0801,N20,VIIRS,n,2,311.24,8.3,D,0
30.8586,76.37695,339.98,0.39,0.36,2025-05-20,0801,N20,VIIRS,l,2,310.67,5.25,D,0
30.71839,75.40961,342.25,0.38,0.36,2025-05-20,0801,N20,VIIRS,l,2,316.07,7.16,D,0
30.83309,76.03885,339.38,0.39,0.36,2025-05-20,0801,N20,VIIRS,l,2,311.39,3.97,D,0
30.76226,75.56456,345.45,0.38,0.36,2025-05-20,0801,N20,VIIRS,n,2,314.28,14.06,D,0
30.87748,76.31933,345.98,0.39,0.36,2025-05-20,0801,N20,VIIRS,n,2,310.89,6.81,D,0
30.83639,76.0382,339.08,0.39,0.36,2025-05-20,0801,N20,VIIRS,l,2,309.71,3.97,D,0
30.8352,76.0302,345.99,0.39,0.36,2025-05-20,0801,N20,VIIRS,n,2,314.26,25.33,D,0
30.81283,75.74297,339.51,0.38,0.36,2025-05-20,0801,N20,VIIRS,l,2,312.35,6.81,D,0
30.91271,76.37476,343.51,0.39,0.36,2025-05-20,0801,N20,VIIRS,n,2,312.4,6.64,D,0
30.79963,75.61028,341.52,0.38,0.36,2025-05-20,0801,N20,VIIRS,l,2,314.02,5.64,D,0
30.8613,76.00031,341.91,0.39,0.36,2025-05-20,0801,N20,VIIRS,l,2,312.18,5.38,D,0
30.79148,75.53403,337.58,0.38,0.36,2025-05-20,0801,N20,VIIRS,l,2,310.68,5.49,D,0
30.80375,75.54793,336.86,0.38,0.36,2025-05-20,0801,N20,VIIRS,l,2,311.09,4.29,D,0
30.92632,76.35134,344.07,0.39,0.36,2025-05-20,0801,N20,VIIRS,n,2,312.45,17.6,D,0
30.92963,76.35069,345.6,0.39,0.36,2025-05-20,0801,N20,VIIRS,n,2,315.39,17.6,D,0
30.88527,75.97909,344.95,0.39,0.36,2025-05-20,0801,N20,VIIRS,n,2,314.14,6.88,D,0
30.92203,76.18227,348.55,0.39,0.36,2025-05-20,0801,N20,VIIRS,n,2,311.52,10.66,D,0
30.90286,76.02915,342.13,0.39,0.36,2025-05-20,0801,N20,VIIRS,l,2,312.81,6.62,D,0
30.83424,75.57046,340.53,0.38,0.36,2025-05-20,0801,N20,VIIRS,l,2,313.34,6.27,D,0
30.91996,76.07565,342.49,0.39,0.36,2025-05-20,0801,N20,VIIRS,l,2,314.52,8.67,D,0
30.86609,75.71208,341.49,0.38,0.36,2025-05-20,0801,N20,VIIRS,l,2,314.03,6.69,D,0
30.85472,75.63637,344.88,0.38,0.36,2025-05-20,0801,N20,VIIRS,n,2,312.17,7.42,D,0
30.81672,75.38571,353.73,0.38,0.36,2025-05-20,0801,N20,VIIRS,n,2,315.26,13.83,D,0
30.81612,75.38174,349.54,0.38,0.36,2025-05-20,0801,N20,VIIRS,n,2,310.91,13.83,D,0
30.92795,76.1071,351.12,0.39,0.36,2025-05-20,0801,N20,VIIRS,n,2,315.13,37.05,D,0
30.82001,75.38504,346.1,0.38,0.36,2025-05-20,0801,N20,VIIRS,n,2,311.75,13.83,D,0
30.94761,76.14869,340.71,0.39,0.36,2025-05-20,0801,N20,VIIRS,n,2,310.3,8.15,D,0
30.94444,76.10384,339.73,0.39,0.36,2025-05-20,0801,N20,VIIRS,l,2,309.91,3.59,D,0
30.94774,76.10319,339.4,0.39,0.36,2025-05-20,0801,N20,VIIRS,n,2,308.99,3.59,D,0
30.84092,75.38895,340.1,0.38,0.36,2025-05-20,0801,N20,VIIRS,l,2,311.63,6.77,D,0
30.97115,76.1937,341.22,0.39,0.36,2025-05-20,0801,N20,VIIRS,l,2,312.12,7.27,D,0
30.96997,76.18565,338.27,0.39,0.36,2025-05-20,0801,N20,VIIRS,l,2,311.69,6.88,D,0
30.9602,76.0264,341.31,0.39,0.36,2025-05-20,0801,N20,VIIRS,l,2,311.92,10.09,D,0
30.95961,76.02239,342.72,0.39,0.36,2025-05-20,0801,N20,VIIRS,l,2,312.81,10.7,D,0
30.90368,75.60183,340.63,0.38,0.36,2025-05-20,0801,N20,VIIRS,l,2,312.56,6.69,D,0
30.94228,75.70081,339.59,0.38,0.36,2025-05-20,0801,N20,VIIRS,l,2,312.52,6.15,D,0
31.03186,76.26056,337.02,0.39,0.36,2025-05-20,0801,N20,VIIRS,l,2,311.91,4.11,D,0
30.97924,75.90308,345.62,0.39,0.36,2025-05-20,0801,N20,VIIRS,l,2,316.64,13.96,D,0
31.00625,76.06271,338.96,0.39,0.36,2025-05-20,0801,N20,VIIRS,l,2,310.8,7.5,D,0
30.98253,75.90242,341.22,0.39,0.36,2025-05-20,0801,N20,VIIRS,l,2,314.2,7.14,D,0
30.93653,75.59516,345.55,0.38,0.36,2025-05-20,0801,N20,VIIRS,l,2,316.17,11.39,D,0
31.03553,76.23911,343.49,0.39,0.36,2025-05-20,0801,N20,VIIRS,n,2,310.07,7.09,D,0
31.02432,76.16254,341.23,0.39,0.36,2025-05-20,0801,N20,VIIRS,l,2,311.3,7.78,D,0
30.97661,75.81716,342.07,0.38,0.36,2025-05-20,0801,N20,VIIRS,l,2,315.37,11.15,D,0
30.95869,75.6523,342.08,0.38,0.36,2025-05-20,0801,N20,VIIRS,l,2,314.52,7.83,D,0
30.96005,75.59036,343.56,0.38,0.36,2025-05-20,0801,N20,VIIRS,l,2,314.54,7.99,D,0
31.02527,75.95987,341.76,0.39,0.36,2025-05-20,0801,N20,VIIRS,l,2,313.39,7.82,D,0
30.98937,75.69539,343.11,0.38,0.36,2025-05-20,0801,N20,VIIRS,n,2,312.33,5.8,D,0
31.03825,75.88716,343.69,0.39,0.36,2025-05-20,0801,N20,VIIRS,n,2,308.66,5.18,D,0
31.05254,75.93792,344.13,0.39,0.36,2025-05-20,0801,N20,VIIRS,n,2,310.92,5.03,D,0
31.00488,75.61825,350.4,0.38,0.36,2025-05-20,0801,N20,VIIRS,n,2,314.94,12.41,D,0
31.09101,76.15359,344,0.39,0.36,2025-05-20,0801,N20,VIIRS,n,2,311.06,5.71,D,0
31.10431,76.22151,344.23,0.39,0.36,2025-05-20,0801,N20,VIIRS,n,2,310.8,6.25,D,0
31.05537,75.7972,342.74,0.39,0.36,2025-05-20,0801,N20,VIIRS,n,2,312.69,11.77,D,0
31.0914,75.97147,340.96,0.39,0.36,2025-05-20,0801,N20,VIIRS,l,2,313.04,7.35,D,0
31.10069,75.96548,344.53,0.39,0.36,2025-05-20,0801,N20,VIIRS,n,2,310.22,6.52,D,0
31.07392,75.73995,345.14,0.38,0.36,2025-05-20,0801,N20,VIIRS,n,2,313.04,7.89,D,0
31.04085,75.40578,344.58,0.38,0.36,2025-05-20,0801,N20,VIIRS,n,2,315.04,6.77,D,0
31.16833,76.24262,339.48,0.39,0.36,2025-05-20,0801,N20,VIIRS,n,2,309.14,3.52,D,0
31.05864,75.50079,350.44,0.38,0.36,2025-05-20,0801,N20,VIIRS,n,2,315.11,13.02,D,0
31.07636,75.39438,342.49,0.38,0.36,2025-05-20,0801,N20,VIIRS,n,2,312.48,6.19,D,0
31.16118,75.84644,344.96,0.39,0.36,2025-05-20,0801,N20,VIIRS,n,2,307.75,6.73,D,0
31.11573,75.54262,348,0.38,0.36,2025-05-20,0801,N20,VIIRS,n,2,311.58,12.08,D,0
31.13373,75.61716,346.39,0.38,0.36,2025-05-20,0801,N20,VIIRS,l,2,316.65,31.57,D,0
31.17108,75.79906,340.61,0.39,0.36,2025-05-20,0801,N20,VIIRS,l,2,311.79,4.33,D,0
31.17049,75.79506,346.69,0.39,0.36,2025-05-20,0801,N20,VIIRS,n,2,312.58,4.33,D,0
31.18302,75.8338,342.62,0.39,0.36,2025-05-20,0801,N20,VIIRS,n,2,310.47,7.08,D,0
31.16931,75.7417,342.57,0.38,0.36,2025-05-20,0801,N20,VIIRS,n,2,310.59,7.17,D,0
31.16871,75.7377,340.48,0.38,0.36,2025-05-20,0801,N20,VIIRS,l,2,310.66,7.17,D,0
31.15496,75.64579,342.29,0.38,0.36,2025-05-20,0801,N20,VIIRS,n,2,308.07,7.47,D,0
31.15016,75.61382,338.68,0.38,0.36,2025-05-20,0801,N20,VIIRS,n,2,307.46,6.66,D,0
31.14835,75.60184,340.6,0.38,0.36,2025-05-20,0801,N20,VIIRS,l,2,310.88,8.08,D,0
31.18991,75.81179,345.57,0.39,0.36,2025-05-20,0801,N20,VIIRS,n,2,313,8.37,D,0
31.18276,75.71838,343.98,0.38,0.36,2025-05-20,0801,N20,VIIRS,n,2,311.56,10.63,D,0
31.17614,75.58051,367,0.38,0.36,2025-05-20,0801,N20,VIIRS,h,2,308.14,12.28,D,0
31.22675,75.92088,349.64,0.39,0.36,2025-05-20,0801,N20,VIIRS,n,2,311.06,10.25,D,0
31.18003,75.58384,346.77,0.38,0.36,2025-05-20,0801,N20,VIIRS,n,2,310.77,62.1,D,0
31.20331,75.55849,336.79,0.38,0.36,2025-05-20,0801,N20,VIIRS,l,2,309.28,3.92,D,0
31.22128,75.63313,345.32,0.38,0.36,2025-05-20,0801,N20,VIIRS,n,2,313.09,11.39,D,0
31.20867,75.54916,347.19,0.38,0.36,2025-05-20,0801,N20,VIIRS,n,2,315.32,9.21,D,0
31.22577,75.64046,348.45,0.38,0.36,2025-05-20,0801,N20,VIIRS,n,2,312.28,14.02,D,0
31.26039,75.82735,341.45,0.39,0.36,2025-05-20,0801,N20,VIIRS,n,2,310.51,7.85,D,0
31.27388,75.75854,335.54,0.39,0.36,2025-05-20,0801,N20,VIIRS,l,2,307.81,3.9,D,0
31.25305,75.46181,339.32,0.38,0.36,2025-05-20,0801,N20,VIIRS,n,2,308.12,6.02,D,0
31.31037,75.75162,342.42,0.39,0.36,2025-05-20,0801,N20,VIIRS,n,2,310.1,5.85,D,0
31.2274,75.95026,317.54,0.48,0.4,2025-05-20,2024,N20,VIIRS,n,2,296.85,2.39,N,0
31.01734,76.19809,308.37,0.47,0.4,2025-05-20,2024,N20,VIIRS,n,2,296.86,0.8,N,0
30.44907,76.39139,336.62,0.47,0.4,2025-05-21,0742,N20,VIIRS,l,2,306.44,3.89,D,0
30.43015,76.10771,345.49,0.49,0.4,2025-05-21,0742,N20,VIIRS,n,2,307.78,13.43,D,0
30.4452,76.00411,337.59,0.49,0.41,2025-05-21,0742,N20,VIIRS,n,2,304.26,3.31,D,0
30.44426,75.99905,338.32,0.49,0.41,2025-05-21,0742,N20,VIIRS,n,2,305.61,3.31,D,0
30.59941,76.30556,339.02,0.48,0.4,2025-05-21,0742,N20,VIIRS,l,2,306.04,9.3,D,0
30.56516,75.97649,348.47,0.49,0.41,2025-05-21,0742,N20,VIIRS,n,2,306.65,5.67,D,0
30.4861,75.42953,341.18,0.53,0.42,2025-05-21,0742,N20,VIIRS,l,2,312.76,8.95,D,0
30.4887,75.42653,339.84,0.52,0.42,2025-05-21,0742,N20,VIIRS,l,2,313.13,9.35,D,0
30.61129,76.02553,340.92,0.49,0.4,2025-05-21,0742,N20,VIIRS,n,2,308.75,5.79,D,0
30.54227,75.60212,348.4,0.51,0.41,2025-05-21,0742,N20,VIIRS,n,2,312.09,11.52,D,0
30.62358,75.94868,342.87,0.49,0.41,2025-05-21,0742,N20,VIIRS,n,2,306.09,8.24,D,0
30.67,76.1154,335.73,0.48,0.4,2025-05-21,0742,N20,VIIRS,l,2,305.82,3.95,D,0
30.62378,75.84752,342.66,0.5,0.41,2025-05-21,0742,N20,VIIRS,n,2,309.06,16.22,D,0
30.70458,76.26148,336.82,0.48,0.4,2025-05-21,0742,N20,VIIRS,l,2,305.91,4.17,D,0
30.64411,75.7293,344.54,0.51,0.41,2025-05-21,0742,N20,VIIRS,n,2,310.9,5.58,D,0
30.71436,76.02607,340.18,0.49,0.4,2025-05-21,0742,N20,VIIRS,n,2,307.21,6.01,D,0
30.71344,76.02106,343.31,0.49,0.4,2025-05-21,0742,N20,VIIRS,n,2,308.02,6.01,D,0
30.71326,76.0241,345.06,0.49,0.4,2025-05-21,0742,N20,VIIRS,n,2,307.74,11.13,D,0
30.71231,76.0191,338.8,0.49,0.4,2025-05-21,0742,N20,VIIRS,n,2,306.88,6.42,D,0
30.65892,75.57604,345.76,0.51,0.41,2025-05-21,0742,N20,VIIRS,n,2,311.41,11.4,D,0
30.75239,76.00912,339.25,0.49,0.4,2025-05-21,0742,N20,VIIRS,n,2,307.59,5.17,D,0
30.64955,75.4453,340.62,0.52,0.42,2025-05-21,0742,N20,VIIRS,n,2,309.82,6.93,D,0
30.72709,75.40073,335.61,0.52,0.42,2025-05-21,0742,N20,VIIRS,l,2,308.17,2.83,D,0
30.83517,75.90672,335.36,0.49,0.4,2025-05-21,0742,N20,VIIRS,n,2,305.2,2.41,D,0
30.75232,75.45016,338.8,0.52,0.41,2025-05-21,0742,N20,VIIRS,l,2,309.53,6,D,0
30.87846,75.97486,341.14,0.49,0.4,2025-05-21,0742,N20,VIIRS,n,2,307.43,7.23,D,0
30.89131,76.00308,341.46,0.49,0.4,2025-05-21,0742,N20,VIIRS,n,2,306.76,4.48,D,0
30.8876,75.98306,338.6,0.49,0.4,2025-05-21,0742,N20,VIIRS,n,2,308.25,5.3,D,0
30.89494,76.00217,341.1,0.49,0.4,2025-05-21,0742,N20,VIIRS,n,2,306.2,4.48,D,0
30.92054,76.09982,347.24,0.48,0.4,2025-05-21,0742,N20,VIIRS,n,2,306.07,29.66,D,0
30.98295,76.3802,340.13,0.47,0.4,2025-05-21,0742,N20,VIIRS,n,2,303.61,3.47,D,0
30.9232,76.05245,337.31,0.48,0.4,2025-05-21,0742,N20,VIIRS,n,2,306.79,4.6,D,0
30.92774,76.05651,341.35,0.48,0.4,2025-05-21,0742,N20,VIIRS,n,2,307.43,10.83,D,0
30.92683,76.05154,339.69,0.48,0.4,2025-05-21,0742,N20,VIIRS,n,2,306.28,4.6,D,0
30.92954,76.04567,339.08,0.48,0.4,2025-05-21,0742,N20,VIIRS,n,2,306.59,6.09,D,0
30.81434,75.38393,340.33,0.52,0.42,2025-05-21,0742,N20,VIIRS,l,2,312.74,9.98,D,0
30.97186,76.21565,335.24,0.48,0.4,2025-05-21,0742,N20,VIIRS,l,2,305.42,5.51,D,0
30.95039,76.09753,341,0.48,0.4,2025-05-21,0742,N20,VIIRS,n,2,306.7,7.69,D,0
30.94949,76.09258,337.51,0.48,0.4,2025-05-21,0742,N20,VIIRS,n,2,306.84,7.69,D,0
30.92689,76.01282,337.78,0.49,0.4,2025-05-21,0742,N20,VIIRS,n,2,306.81,5.15,D,0
30.97208,76.21324,337.25,0.48,0.4,2025-05-21,0742,N20,VIIRS,l,2,305.61,4.37,D,0
30.95001,76.09536,348.53,0.48,0.4,2025-05-21,0742,N20,VIIRS,n,2,307.38,9.1,D,0
30.95363,76.09446,339.1,0.48,0.4,2025-05-21,0742,N20,VIIRS,n,2,305.24,9.1,D,0
31.01522,76.16157,338.39,0.48,0.4,2025-05-21,0742,N20,VIIRS,n,2,304.86,4.48,D,0
31.01431,76.15665,339.75,0.48,0.4,2025-05-21,0742,N20,VIIRS,n,2,306.52,5.65,D,0
30.91732,75.63717,337.55,0.51,0.41,2025-05-21,0742,N20,VIIRS,n,2,305.1,5.11,D,0
30.94332,75.75474,335.69,0.5,0.41,2025-05-21,0742,N20,VIIRS,l,2,307.77,2.99,D,0
30.94236,75.74962,337.69,0.5,0.41,2025-05-21,0742,N20,VIIRS,n,2,307.32,2.99,D,0
30.94603,75.74868,342,0.5,0.41,2025-05-21,0742,N20,VIIRS,n,2,307.32,7.03,D,0
30.9556,75.67622,339.79,0.5,0.41,2025-05-21,0742,N20,VIIRS,n,2,308.71,7.61,D,0
30.94103,75.59842,336.95,0.51,0.41,2025-05-21,0742,N20,VIIRS,l,2,309.3,8.58,D,0
31.02954,76.03402,339.53,0.48,0.4,2025-05-21,0742,N20,VIIRS,n,2,305.88,4.64,D,0
30.98399,75.78726,339,0.5,0.41,2025-05-21,0742,N20,VIIRS,n,2,307.64,5.22,D,0
31.01171,75.83352,337.2,0.49,0.41,2025-05-21,0742,N20,VIIRS,l,2,308.63,5.38,D,0
31.01077,75.82844,340.98,0.49,0.41,2025-05-21,0742,N20,VIIRS,n,2,310.26,5.38,D,0
31.00966,75.83044,344.63,0.49,0.41,2025-05-21,0742,N20,VIIRS,n,2,310.54,10.73,D,0
30.98335,75.61143,346.36,0.51,0.41,2025-05-21,0742,N20,VIIRS,n,2,309.82,12.28,D,0
31.08231,76.11547,334.61,0.48,0.4,2025-05-21,0742,N20,VIIRS,l,2,305.98,2.65,D,0
30.98705,75.61051,349.32,0.51,0.41,2025-05-21,0742,N20,VIIRS,n,2,310.73,12.28,D,0
31.06931,76.02562,338.22,0.48,0.4,2025-05-21,0742,N20,VIIRS,n,2,305.56,2.58,D,0
31.07294,76.02472,335.35,0.48,0.4,2025-05-21,0742,N20,VIIRS,n,2,304.57,2.58,D,0
31.01806,75.65146,339.51,0.5,0.41,2025-05-21,0742,N20,VIIRS,n,2,308.91,8.25,D,0
31.10843,76.09348,334.87,0.48,0.4,2025-05-21,0742,N20,VIIRS,n,2,303.9,2.81,D,0
31.04094,75.73185,352.09,0.5,0.41,2025-05-21,0742,N20,VIIRS,n,2,309.45,12.4,D,0
31.11112,76.08765,342.16,0.48,0.4,2025-05-21,0742,N20,VIIRS,n,2,304.01,5.02,D,0
31.04462,75.73092,341.94,0.5,0.41,2025-05-21,0742,N20,VIIRS,n,2,309.53,8.58,D,0
31.05851,75.74348,337.37,0.5,0.41,2025-05-21,0742,N20,VIIRS,l,2,307.51,3.56,D,0
31.12374,76.07416,333.99,0.48,0.4,2025-05-21,0742,N20,VIIRS,l,2,305.47,3.21,D,0
31.12364,76.01198,338.64,0.48,0.4,2025-05-21,0742,N20,VIIRS,n,2,304.96,3.52,D,0
31.07801,75.64158,344.92,0.5,0.41,2025-05-21,0742,N20,VIIRS,n,2,308.66,7.48,D,0
31.08074,75.63547,340.63,0.5,0.41,2025-05-21,0742,N20,VIIRS,n,2,307.99,5.71,D,0
31.07926,75.63918,343.04,0.5,0.41,2025-05-21,0742,N20,VIIRS,n,2,308.02,6.86,D,0
31.08294,75.63824,339.96,0.5,0.41,2025-05-21,0742,N20,VIIRS,n,2,307.21,6.17,D,0
31.11528,75.72694,348.09,0.5,0.41,2025-05-21,0742,N20,VIIRS,n,2,307.55,10.31,D,0
31.14802,75.79862,340.93,0.49,0.4,2025-05-21,0742,N20,VIIRS,n,2,309.07,10.22,D,0
31.14706,75.79356,340.49,0.49,0.4,2025-05-21,0742,N20,VIIRS,n,2,309.17,8.56,D,0
31.18304,75.84275,336.42,0.49,0.4,2025-05-21,0742,N20,VIIRS,l,2,306.78,4.17,D,0
31.23191,76.086,339.51,0.48,0.4,2025-05-21,0742,N20,VIIRS,n,2,305.98,6.84,D,0
31.21641,76.00198,338.72,0.48,0.4,2025-05-21,0742,N20,VIIRS,n,2,306.05,3.95,D,0
31.21549,75.99702,338.06,0.48,0.4,2025-05-21,0742,N20,VIIRS,n,2,307.27,4.59,D,0
31.21537,75.95538,343,0.48,0.4,2025-05-21,0742,N20,VIIRS,n,2,305.28,6.35,D,0
31.15683,75.53781,340.76,0.51,0.41,2025-05-21,0742,N20,VIIRS,n,2,309.5,7.66,D,0
31.2362,75.94489,334.83,0.48,0.4,2025-05-21,0742,N20,VIIRS,n,2,303.79,3.3,D,0
31.18085,75.6457,340.33,0.5,0.41,2025-05-21,0742,N20,VIIRS,n,2,307.38,4.02,D,0
31.22679,75.83164,348.58,0.49,0.4,2025-05-21,0742,N20,VIIRS,n,2,306.78,6.58,D,0
31.23043,75.83072,343.11,0.49,0.4,2025-05-21,0742,N20,VIIRS,n,2,307.07,6.58,D,0
31.22528,75.82942,340.01,0.49,0.4,2025-05-21,0742,N20,VIIRS,n,2,305.8,3.51,D,0
31.22892,75.8285,348.4,0.49,0.4,2025-05-21,0742,N20,VIIRS,n,2,306.84,10.71,D,0
31.18799,75.53282,346.35,0.51,0.41,2025-05-21,0742,N20,VIIRS,n,2,311.93,7.54,D,0
31.19168,75.53187,343.85,0.51,0.41,2025-05-21,0742,N20,VIIRS,n,2,309.31,7.54,D,0
31.20872,75.56019,337.58,0.5,0.41,2025-05-21,0742,N20,VIIRS,l,2,309.41,4.93,D,0
31.25125,75.76453,335.61,0.49,0.4,2025-05-21,0742,N20,VIIRS,l,2,306.59,3.22,D,0
31.23176,75.64095,339.92,0.5,0.41,2025-05-21,0742,N20,VIIRS,n,2,307.32,4.23,D,0
31.30432,75.9668,339.33,0.48,0.4,2025-05-21,0742,N20,VIIRS,n,2,306.19,4.34,D,0
31.24938,75.65262,337.51,0.5,0.41,2025-05-21,0742,N20,VIIRS,l,2,308.27,3.36,D,0
31.28481,75.71867,339.66,0.49,0.41,2025-05-21,0742,N20,VIIRS,n,2,308.23,6.46,D,0
31.28847,75.71773,348.59,0.49,0.41,2025-05-21,0742,N20,VIIRS,n,2,308.61,6.46,D,0
31.30595,75.72929,340.61,0.49,0.41,2025-05-21,0742,N20,VIIRS,n,2,306.51,6.14,D,0
31.01715,75.92107,309.11,0.59,0.53,2025-05-21,2005,N20,VIIRS,n,2,293.73,1.44,N,0
31.03027,75.7132,309.62,0.6,0.53,2025-05-21,2005,N20,VIIRS,n,2,293.81,1.3,N,0
30.48436,76.05845,344.06,0.59,0.53,2025-05-22,0723,N20,VIIRS,n,2,298.79,6.94,D,0
30.55864,76.18776,341.05,0.58,0.52,2025-05-22,0723,N20,VIIRS,n,2,296.58,8.18,D,0
30.55733,76.18191,339.23,0.58,0.52,2025-05-22,0723,N20,VIIRS,n,2,297.01,7.94,D,0
30.61921,76.34888,337.22,0.57,0.52,2025-05-22,0723,N20,VIIRS,n,2,297.24,4.01,D,0
30.62045,76.3465,331.04,0.56,0.52,2025-05-22,0723,N20,VIIRS,n,2,297.47,6.83,D,0
30.61552,75.55537,345.85,0.63,0.54,2025-05-22,0723,N20,VIIRS,n,2,304,26.46,D,0
30.81591,76.39613,341.89,0.56,0.51,2025-05-22,0723,N20,VIIRS,n,2,298.43,18.2,D,0
30.60614,75.40182,340.45,0.32,0.55,2025-05-22,0723,N20,VIIRS,n,2,300.08,2.83,D,0
30.64526,75.43185,331.06,0.32,0.54,2025-05-22,0723,N20,VIIRS,n,2,301.03,1.44,D,0
30.64861,75.42391,331.85,0.32,0.54,2025-05-22,0723,N20,VIIRS,n,2,301.31,3.12,D,0
30.90092,76.34884,351.66,0.56,0.51,2025-05-22,0723,N20,VIIRS,n,2,300.03,14.5,D,0
30.9874,76.28521,332.79,0.56,0.51,2025-05-22,0723,N20,VIIRS,n,2,298.62,3.68,D,0
30.85432,75.63305,342.76,0.61,0.54,2025-05-22,0723,N20,VIIRS,n,2,300.9,9.27,D,0
30.85911,75.63157,342.75,0.61,0.54,2025-05-22,0723,N20,VIIRS,n,2,300.46,9.27,D,0
31.0115,76.10602,350.95,0.57,0.52,2025-05-22,0723,N20,VIIRS,n,2,301.48,14.09,D,0
31.01217,76.10384,342.5,0.57,0.52,2025-05-22,0723,N20,VIIRS,n,2,301.99,9.98,D,0
30.99706,75.90705,336.05,0.59,0.53,2025-05-22,0723,N20,VIIRS,n,2,300.73,6.03,D,0
30.99279,75.62203,336.05,0.61,0.53,2025-05-22,0723,N20,VIIRS,n,2,299.71,4.35,D,0
31.09127,76.03634,354.19,0.58,0.52,2025-05-22,0723,N20,VIIRS,n,2,302.17,11.92,D,0
31.10466,76.00717,344.83,0.58,0.52,2025-05-22,0723,N20,VIIRS,n,2,300.12,6.26,D,0
31.01439,75.58205,343.23,0.61,0.54,2025-05-22,0723,N20,VIIRS,n,2,300.99,9.28,D,0
31.01298,75.5758,330.23,0.61,0.54,2025-05-22,0723,N20,VIIRS,l,2,300.66,7.3,D,0
31.10541,76.00594,342.4,0.58,0.52,2025-05-22,0723,N20,VIIRS,n,2,300.43,5.67,D,0
31.01238,75.58205,342.54,0.61,0.54,2025-05-22,0723,N20,VIIRS,n,2,300.85,14.57,D,0
31.15585,76.09641,330.54,0.57,0.52,2025-05-22,0723,N20,VIIRS,n,2,299.51,0.4,D,0
31.10329,75.66653,332.68,0.6,0.53,2025-05-22,0723,N20,VIIRS,n,2,300.25,3.66,D,0
31.20045,76.00823,353.01,0.57,0.52,2025-05-22,0723,N20,VIIRS,n,2,302.36,14.16,D,0
31.20101,76.00629,345.18,0.57,0.52,2025-05-22,0723,N20,VIIRS,n,2,301.52,13.88,D,0
31.28793,76.0173,333.05,0.57,0.52,2025-05-22,0723,N20,VIIRS,n,2,299.91,2.53,D,0
31.27681,75.85704,333.14,0.58,0.52,2025-05-22,0723,N20,VIIRS,n,2,302.5,5.34,D,0
31.27547,75.85109,339.41,0.58,0.52,2025-05-22,0723,N20,VIIRS,n,2,302.42,5.34,D,0
31.23251,75.63811,334.78,0.6,0.53,2025-05-22,0723,N20,VIIRS,n,2,301.63,5.2,D,0
31.23586,75.63053,350.98,0.6,0.53,2025-05-22,0723,N20,VIIRS,n,2,302.39,11.01,D,0
31.27672,75.85449,341.63,0.58,0.52,2025-05-22,0723,N20,VIIRS,n,2,302.75,6.5,D,0
31.231,75.63618,330.93,0.6,0.53,2025-05-22,0723,N20,VIIRS,l,2,301.49,3.21,D,0
31.23575,75.63473,338.6,0.6,0.53,2025-05-22,0723,N20,VIIRS,n,2,301.75,7.67,D,0
31.23433,75.62864,343.61,0.6,0.53,2025-05-22,0723,N20,VIIRS,n,2,301.89,9.05,D,0
30.81021,75.55206,333.68,0.78,0.78,2025-05-22,0904,N20,VIIRS,n,2,296.73,4.88,D,0
30.81202,75.5517,334.8,0.79,0.78,2025-05-22,0904,N20,VIIRS,n,2,296.32,6.31,D,0
30.96845,75.62121,342.66,0.79,0.78,2025-05-22,0904,N20,VIIRS,n,2,294.45,10.01,D,0
30.44297,76.36372,367,0.54,0.68,2025-05-23,0704,N20,VIIRS,h,2,297.22,12.4,D,0
30.48063,76.1843,334.38,0.55,0.68,2025-05-23,0704,N20,VIIRS,n,2,295.25,6.84,D,0
30.47957,76.1838,334.87,0.55,0.68,2025-05-23,0704,N20,VIIRS,n,2,294.98,2.11,D,0
30.42989,75.95122,335.29,0.57,0.69,2025-05-23,0704,N20,VIIRS,n,2,295.56,2.78,D,0
30.68798,76.27953,344.64,0.54,0.68,2025-05-23,0704,N20,VIIRS,n,2,297.28,6.36,D,0
30.48202,75.4361,331.5,0.61,0.71,2025-05-23,0704,N20,VIIRS,n,2,296.19,1.95,D,0
30.48322,75.43534,332.12,0.61,0.71,2025-05-23,0704,N20,VIIRS,n,2,296.68,2.43,D,0
30.7818,76.36149,335.99,0.53,0.67,2025-05-23,0704,N20,VIIRS,n,2,297.22,2.79,D,0
30.71317,76.00652,367,0.56,0.68,2025-05-23,0704,N20,VIIRS,h,2,297.21,11.23,D,0
30.6339,75.52979,335.23,0.59,0.7,2025-05-23,0704,N20,VIIRS,n,2,295.55,3.18,D,0
30.76233,75.95003,337.87,0.56,0.69,2025-05-23,0704,N20,VIIRS,n,2,297.16,5.97,D,0
30.72564,75.81508,339.14,0.57,0.69,2025-05-23,0704,N20,VIIRS,n,2,296.64,4.34,D,0
30.76078,75.89532,336.32,0.56,0.69,2025-05-23,0704,N20,VIIRS,n,2,296.38,2.88,D,0
30.97408,76.1284,367,0.54,0.68,2025-05-23,0704,N20,VIIRS,h,2,296.92,7.68,D,0
30.97551,76.13378,330.47,0.54,0.68,2025-05-23,0704,N20,VIIRS,n,2,294.81,7.68,D,0
31.02454,76.24505,367,0.53,0.67,2025-05-23,0704,N20,VIIRS,h,2,296.91,12.51,D,0
30.88045,75.6547,332.32,0.58,0.69,2025-05-23,0704,N20,VIIRS,n,2,296.18,2.04,D,0
31.03733,76.17034,367,0.53,0.67,2025-05-23,0704,N20,VIIRS,h,2,297.74,9.06,D,0
31.02438,76.24258,367,0.53,0.67,2025-05-23,0704,N20,VIIRS,h,2,297.82,11.83,D,0
31.03825,76.17352,342.07,0.53,0.67,2025-05-23,0704,N20,VIIRS,n,2,296.72,5.6,D,0
31.03681,76.16818,342.23,0.53,0.67,2025-05-23,0704,N20,VIIRS,n,2,297.38,5.6,D,0
30.99018,75.92258,332,0.55,0.68,2025-05-23,0704,N20,VIIRS,n,2,296.5,4.24,D,0
30.96715,75.66521,367,0.57,0.69,2025-05-23,0704,N20,VIIRS,h,2,296.89,15.08,D,0
30.95692,75.47762,330.17,0.59,0.7,2025-05-23,0704,N20,VIIRS,n,2,296.6,2.11,D,0
30.96403,75.6153,332.9,0.58,0.69,2025-05-23,0704,N20,VIIRS,n,2,296.36,4.06,D,0
30.94318,75.41764,332.06,0.59,0.7,2025-05-23,0704,N20,VIIRS,n,2,296.85,4.22,D,0
31.19163,75.9154,344.84,0.55,0.68,2025-05-23,0704,N20,VIIRS,n,2,297.12,5.24,D,0
31.19016,75.91386,339.89,0.55,0.68,2025-05-23,0704,N20,VIIRS,n,2,297.31,4.47,D,0
31.14926,75.71508,338.23,0.56,0.69,2025-05-23,0704,N20,VIIRS,n,2,296.38,4.82,D,0
31.20962,75.91282,340.6,0.55,0.68,2025-05-23,0704,N20,VIIRS,n,2,295.77,7.09,D,0
31.20814,75.90733,345.09,0.55,0.68,2025-05-23,0704,N20,VIIRS,n,2,296.79,8.23,D,0
31.13338,75.58337,331.16,0.57,0.69,2025-05-23,0704,N20,VIIRS,n,2,295.89,4.45,D,0
31.13181,75.57764,336.49,0.57,0.69,2025-05-23,0704,N20,VIIRS,n,2,296.51,6.17,D,0
31.16708,75.54528,330.07,0.57,0.69,2025-05-23,0704,N20,VIIRS,n,2,296.32,3.72,D,0
31.29734,75.82584,349.65,0.55,0.68,2025-05-23,0704,N20,VIIRS,n,2,297.03,7.21,D,0
30.45476,76.23829,331.8,0.44,0.63,2025-05-23,0844,N20,VIIRS,n,2,300.7,2.49,D,0
30.45974,76.05684,331.16,0.43,0.62,2025-05-23,0844,N20,VIIRS,n,2,299.41,1.73,D,0
30.45503,76.23931,334.92,0.45,0.63,2025-05-23,0845,N20,VIIRS,n,2,300.83,2.56,D,0
30.47818,76.14393,333.14,0.44,0.62,2025-05-23,0845,N20,VIIRS,n,2,299.44,2.41,D,0
30.47292,75.47086,353.79,0.4,0.6,2025-05-23,0845,N20,VIIRS,n,2,302.33,6.81,D,0
30.55746,76.37893,343.28,0.45,0.63,2025-05-23,0845,N20,VIIRS,n,2,300.49,4.72,D,0
30.55705,76.3818,330.11,0.46,0.63,2025-05-23,0845,N20,VIIRS,n,2,299.14,3.6,D,0
30.55677,76.37701,338.78,0.46,0.63,2025-05-23,0845,N20,VIIRS,n,2,300.35,4.76,D,0
30.56398,75.42223,338.61,0.4,0.6,2025-05-23,0845,N20,VIIRS,n,2,300.52,3.75,D,0
30.63009,75.56565,340.95,0.41,0.6,2025-05-23,0845,N20,VIIRS,n,2,300.83,2.2,D,0
30.62875,75.566,340,0.41,0.6,2025-05-23,0845,N20,VIIRS,n,2,300.48,1.98,D,0
30.71572,76.29873,367,0.45,0.63,2025-05-23,0845,N20,VIIRS,h,2,301.22,9.59,D,0
30.71542,76.29398,337.28,0.45,0.63,2025-05-23,0845,N20,VIIRS,n,2,299.9,9.59,D,0
30.72788,76.03468,333.66,0.44,0.62,2025-05-23,0845,N20,VIIRS,n,2,299.39,3.14,D,0
30.74467,75.77523,335.18,0.42,0.61,2025-05-23,0845,N20,VIIRS,n,2,299.05,3.01,D,0
30.74753,75.77245,340.81,0.42,0.61,2025-05-23,0845,N20,VIIRS,n,2,300.6,3.2,D,0
30.83648,76.08409,345.18,0.44,0.62,2025-05-23,0845,N20,VIIRS,n,2,298.55,3.13,D,0
30.8951,75.99019,352.52,0.43,0.62,2025-05-23,0845,N20,VIIRS,n,2,301.69,5.84,D,0
30.92598,76.39598,331.12,0.46,0.64,2025-05-23,0845,N20,VIIRS,n,2,300.81,4.86,D,0
30.93535,76.35629,330.62,0.46,0.63,2025-05-23,0845,N20,VIIRS,n,2,299.45,2.15,D,0
30.94949,76.11642,335.23,0.44,0.63,2025-05-23,0845,N20,VIIRS,n,2,299.26,2.14,D,0
30.95527,76.11597,332.75,0.44,0.63,2025-05-23,0845,N20,VIIRS,n,2,299.21,2.14,D,0
30.95033,75.47579,338.82,0.4,0.6,2025-05-23,0845,N20,VIIRS,n,2,302.03,5.73,D,0
30.984,75.82117,339.79,0.42,0.61,2025-05-23,0845,N20,VIIRS,n,2,300.5,4.81,D,0
30.97285,75.64801,337.74,0.41,0.61,2025-05-23,0845,N20,VIIRS,n,2,300.26,3.38,D,0
30.98969,75.82072,336.97,0.42,0.61,2025-05-23,0845,N20,VIIRS,n,2,300.99,2.08,D,0
30.98454,75.56821,333.48,0.41,0.61,2025-05-23,0845,N20,VIIRS,n,2,301.06,2.78,D,0
31.02522,75.92713,333.2,0.43,0.62,2025-05-23,0845,N20,VIIRS,n,2,300.6,4.34,D,0
31.01315,75.57454,333.42,0.41,0.61,2025-05-23,0845,N20,VIIRS,n,2,302.48,4.4,D,0
31.07314,75.7869,346.61,0.42,0.61,2025-05-23,0845,N20,VIIRS,n,2,300.62,4.51,D,0
31.04942,75.45034,332.86,0.4,0.6,2025-05-23,0845,N20,VIIRS,n,2,301.2,2.34,D,0
31.06992,75.78765,343.07,0.42,0.61,2025-05-23,0845,N20,VIIRS,n,2,299.07,4.5,D,0
31.04838,75.45056,331.83,0.4,0.6,2025-05-23,0845,N20,VIIRS,n,2,300.83,1.7,D,0
31.10533,75.71748,335.16,0.42,0.61,2025-05-23,0845,N20,VIIRS,n,2,300.63,3.84,D,0
31.14139,75.74596,330.22,0.42,0.61,2025-05-23,0845,N20,VIIRS,n,2,299.02,1.16,D,0
31.17128,76.11222,337.75,0.44,0.63,2025-05-23,0845,N20,VIIRS,n,2,299.69,3.57,D,0
31.19011,76.04488,343.79,0.44,0.62,2025-05-23,0845,N20,VIIRS,n,2,300.8,3.04,D,0
31.17164,76.10992,345.04,0.44,0.63,2025-05-23,0845,N20,VIIRS,n,2,300.02,3.65,D,0
31.19116,76.04707,332.7,0.44,0.62,2025-05-23,0845,N20,VIIRS,n,2,299.95,2.37,D,0
31.19088,76.04241,332.51,0.44,0.62,2025-05-23,0845,N20,VIIRS,n,2,300.33,2.4,D,0
31.15925,75.5338,333.05,0.41,0.61,2025-05-23,0845,N20,VIIRS,n,2,300.73,2.24,D,0
31.21138,75.90609,332.19,0.43,0.62,2025-05-23,0845,N20,VIIRS,n,2,300.21,3.08,D,0
31.2344,75.81736,339.8,0.43,0.62,2025-05-23,0845,N20,VIIRS,n,2,300.1,2.31,D,0
31.2566,75.80653,345.84,0.43,0.62,2025-05-23,0845,N20,VIIRS,n,2,299.14,5.15,D,0
31.25873,75.80711,330.58,0.43,0.62,2025-05-23,0845,N20,VIIRS,n,2,299.33,2.9,D,0
31.25845,75.80257,342.44,0.43,0.62,2025-05-23,0845,N20,VIIRS,n,2,299.76,2.9,D,0
30.96928,75.4164,309.14,0.42,0.45,2025-05-23,2108,N20,VIIRS,n,2,296.31,1.24,N,0
30.96837,75.42072,317.35,0.42,0.45,2025-05-23,2108,N20,VIIRS,n,2,296.6,2.2,N,0
30.42561,75.97977,321.76,0.47,0.47,2025-05-23,2108,N20,VIIRS,n,2,295.49,2.28,N,0
30.42347,76.31854,339.57,0.47,0.47,2025-05-24,0826,N20,VIIRS,n,2,305.51,1.76,D,0
30.48442,76.16674,341.54,0.46,0.47,2025-05-24,0826,N20,VIIRS,n,2,304.34,4.39,D,0
30.45372,75.86292,336.04,0.44,0.46,2025-05-24,0826,N20,VIIRS,n,2,301.57,3.08,D,0
30.52208,76.27888,334.96,0.46,0.47,2025-05-24,0826,N20,VIIRS,n,2,304.81,2.58,D,0
30.48911,75.83047,354.97,0.44,0.46,2025-05-24,0826,N20,VIIRS,n,2,304.91,7.88,D,0
30.46651,75.45894,345.39,0.42,0.45,2025-05-24,0826,N20,VIIRS,n,2,303.98,6.06,D,0
30.46603,75.4546,344.38,0.42,0.45,2025-05-24,0826,N20,VIIRS,n,2,304.14,6.06,D,0
30.4638,75.4556,344.42,0.42,0.45,2025-05-24,0826,N20,VIIRS,n,2,303.2,8.24,D,0
30.49951,75.55721,335.31,0.42,0.45,2025-05-24,0826,N20,VIIRS,n,2,303.31,7.87,D,0
30.55844,76.10078,333.74,0.45,0.47,2025-05-24,0826,N20,VIIRS,n,2,303.52,1.6,D,0
30.52098,75.43894,335.3,0.42,0.45,2025-05-24,0826,N20,VIIRS,n,2,303.04,6.77,D,0
30.56644,75.66988,345.53,0.43,0.46,2025-05-24,0826,N20,VIIRS,n,2,303.95,5.84,D,0
30.62695,75.84311,341.65,0.44,0.46,2025-05-24,0826,N20,VIIRS,n,2,303.69,17.11,D,0
30.67422,75.67538,344.26,0.43,0.46,2025-05-24,0826,N20,VIIRS,n,2,303.63,8.47,D,0
30.72348,75.82572,335.67,0.44,0.46,2025-05-24,0826,N20,VIIRS,n,2,302.84,4.31,D,0
30.75884,75.8773,343.96,0.44,0.46,2025-05-24,0826,N20,VIIRS,n,2,300.53,5.56,D,0
30.81466,76.40109,343.45,0.48,0.48,2025-05-24,0826,N20,VIIRS,n,2,303.12,9.25,D,0
30.81418,76.3961,340,0.48,0.48,2025-05-24,0826,N20,VIIRS,n,2,305.22,11.39,D,0
30.8279,76.39941,334.84,0.48,0.48,2025-05-24,0826,N20,VIIRS,n,2,303.62,2.7,D,0
30.78536,75.63302,343.07,0.43,0.46,2025-05-24,0826,N20,VIIRS,n,2,302.87,11.79,D,0
30.91125,76.38682,344.94,0.48,0.48,2025-05-24,0826,N20,VIIRS,n,2,304.11,18.25,D,0
30.91078,76.38183,339.9,0.48,0.48,2025-05-24,0826,N20,VIIRS,n,2,303.61,18.25,D,0
30.91567,76.38626,345.27,0.48,0.48,2025-05-24,0826,N20,VIIRS,n,2,302.45,6.87,D,0
30.91136,76.3414,347.06,0.47,0.48,2025-05-24,0826,N20,VIIRS,n,2,303.29,4.59,D,0
30.91576,76.34084,346.16,0.47,0.48,2025-05-24,0826,N20,VIIRS,n,2,302.9,4.59,D,0
30.8427,75.56339,334.12,0.43,0.46,2025-05-24,0826,N20,VIIRS,n,2,302.86,3.05,D,0
30.83172,75.45691,346.8,0.42,0.45,2025-05-24,0826,N20,VIIRS,n,2,304.9,4.42,D,0
30.91461,76.10336,338.31,0.46,0.47,2025-05-24,0826,N20,VIIRS,n,2,302.89,1.6,D,0
30.92039,76.11726,334.37,0.46,0.47,2025-05-24,0826,N20,VIIRS,n,2,302.39,3.6,D,0
30.91991,76.11244,343.74,0.46,0.47,2025-05-24,0826,N20,VIIRS,n,2,303.74,3.6,D,0
30.94949,76.27645,336.59,0.47,0.48,2025-05-24,0826,N20,VIIRS,n,2,303.07,2.62,D,0
30.94557,76.23712,330.32,0.47,0.48,2025-05-24,0826,N20,VIIRS,l,2,301.96,6.41,D,0
30.94509,76.23223,352.36,0.47,0.48,2025-05-24,0826,N20,VIIRS,n,2,303.84,17.3,D,0
30.95387,76.27589,339.88,0.47,0.48,2025-05-24,0826,N20,VIIRS,n,2,303.15,2.62,D,0
30.97679,76.283,343.24,0.47,0.48,2025-05-24,0826,N20,VIIRS,n,2,302.6,8.91,D,0
30.97711,76.28489,347.14,0.47,0.48,2025-05-24,0826,N20,VIIRS,n,2,303.22,6.27,D,0
30.92951,75.61661,336.86,0.43,0.46,2025-05-24,0826,N20,VIIRS,n,2,303.24,5.36,D,0
30.93393,75.53403,335.56,0.43,0.46,2025-05-24,0826,N20,VIIRS,n,2,302.31,2.9,D,0
31.012,76.14153,336.92,0.46,0.47,2025-05-24,0826,N20,VIIRS,n,2,300.43,3.18,D,0
30.97068,75.64318,344.42,0.43,0.46,2025-05-24,0826,N20,VIIRS,n,2,301.96,13.33,D,0
30.96518,75.42633,337.72,0.42,0.45,2025-05-24,0826,N20,VIIRS,n,2,305.34,8.39,D,0
30.96471,75.42192,337.82,0.42,0.45,2025-05-24,0826,N20,VIIRS,n,2,305.53,5.85,D,0
30.96934,75.42577,346.37,0.42,0.45,2025-05-24,0826,N20,VIIRS,n,2,305.33,6.24,D,0
31.05604,75.76833,343.14,0.44,0.46,2025-05-24,0826,N20,VIIRS,n,2,303.41,6.17,D,0
31.12942,76.2032,348.19,0.47,0.48,2025-05-24,0826,N20,VIIRS,n,2,307,45.84,D,0
31.09669,75.82893,336.68,0.44,0.46,2025-05-24,0826,N20,VIIRS,n,2,303.57,3.65,D,0
31.176,76.1378,349.53,0.46,0.47,2025-05-24,0826,N20,VIIRS,n,2,299.24,4.67,D,0
31.15766,75.67216,345.02,0.44,0.46,2025-05-24,0826,N20,VIIRS,n,2,300.6,2.53,D,0
31.13715,75.4685,343.38,0.42,0.46,2025-05-24,0826,N20,VIIRS,n,2,302.54,6.53,D,0
31.19119,75.92307,342.51,0.45,0.47,2025-05-24,0826,N20,VIIRS,n,2,302.01,5.1,D,0
31.19959,75.66195,333.58,0.44,0.46,2025-05-24,0826,N20,VIIRS,n,2,303.43,3.32,D,0
31.19912,75.65736,334.69,0.44,0.46,2025-05-24,0826,N20,VIIRS,n,2,303.52,3.27,D,0
31.22468,75.82309,336.14,0.45,0.47,2025-05-24,0826,N20,VIIRS,n,2,303.81,5.75,D,0
31.28038,76.33648,339.45,0.48,0.48,2025-05-24,0826,N20,VIIRS,n,2,301.54,5.31,D,0
31.24036,75.80682,344.66,0.44,0.46,2025-05-24,0826,N20,VIIRS,n,2,304.23,8.23,D,0
31.24119,75.73119,336.37,0.44,0.46,2025-05-24,0826,N20,VIIRS,n,2,303.58,3.72,D,0
31.24002,75.72752,336.49,0.44,0.46,2025-05-24,0826,N20,VIIRS,n,2,304.16,7.99,D,0
31.30639,76.38094,335.27,0.48,0.48,2025-05-24,0826,N20,VIIRS,n,2,300.67,3.47,D,0
31.24418,75.63825,334.28,0.44,0.46,2025-05-24,0826,N20,VIIRS,n,2,301.44,3.3,D,0
31.24373,75.63366,337.97,0.44,0.46,2025-05-24,0826,N20,VIIRS,n,2,301.67,3.28,D,0
31.25963,75.66409,336.41,0.44,0.46,2025-05-24,0826,N20,VIIRS,n,2,300.77,5.29,D,0
31.30172,75.91454,338.71,0.45,0.47,2025-05-24,0826,N20,VIIRS,n,2,302.36,4.32,D,0
30.44458,76.35564,350.46,0.42,0.38,2025-05-25,0807,N20,VIIRS,n,2,304.06,9.41,D,0
30.46271,76.05032,332.45,0.41,0.37,2025-05-25,0807,N20,VIIRS,l,2,302.72,1.98,D,0
30.51479,76.25565,339.45,0.42,0.37,2025-05-25,0807,N20,VIIRS,n,2,301.73,2.87,D,0
30.6242,76.23746,334.6,0.42,0.37,2025-05-25,0807,N20,VIIRS,n,2,303.57,1.9,D,0
30.70002,76.35722,342.76,0.42,0.38,2025-05-25,0807,N20,VIIRS,n,2,309.15,16.54,D,0
30.69924,76.35838,340.06,0.42,0.38,2025-05-25,0807,N20,VIIRS,n,2,306.02,10.67,D,0
30.74227,76.39101,340.01,0.42,0.38,2025-05-25,0807,N20,VIIRS,n,2,306.59,14.96,D,0
30.69134,75.98484,345.44,0.41,0.37,2025-05-25,0807,N20,VIIRS,n,2,304.48,5.74,D,0
30.79265,76.34626,341.81,0.42,0.38,2025-05-25,0807,N20,VIIRS,n,2,306.7,7.55,D,0
30.7798,75.99181,341.31,0.41,0.37,2025-05-25,0807,N20,VIIRS,n,2,304.39,3.59,D,0
30.90162,76.35082,349.07,0.42,0.38,2025-05-25,0807,N20,VIIRS,n,2,308.87,10.45,D,0
30.86557,75.95453,338.93,0.41,0.37,2025-05-25,0807,N20,VIIRS,n,2,306.17,1.72,D,0
30.9293,76.40926,336.47,0.42,0.38,2025-05-25,0807,N20,VIIRS,l,2,307.81,4.13,D,0
30.93734,76.38979,338.6,0.42,0.38,2025-05-25,0807,N20,VIIRS,n,2,308.46,6.49,D,0
30.9159,76.1479,348.35,0.42,0.37,2025-05-25,0807,N20,VIIRS,n,2,306.83,6.77,D,0
30.9118,76.09113,339.03,0.41,0.37,2025-05-25,0807,N20,VIIRS,n,2,305.99,3.17,D,0
30.93777,76.25962,335.29,0.42,0.38,2025-05-25,0807,N20,VIIRS,n,2,304.87,3.09,D,0
30.94759,76.30708,338.04,0.42,0.38,2025-05-25,0807,N20,VIIRS,n,2,307.21,5.32,D,0
30.95102,76.30647,341.17,0.42,0.38,2025-05-25,0807,N20,VIIRS,n,2,308.97,11.63,D,0
30.92076,76.02785,338.68,0.41,0.37,2025-05-25,0807,N20,VIIRS,n,2,304.31,2.32,D,0
30.96309,76.31777,340.52,0.42,0.38,2025-05-25,0807,N20,VIIRS,n,2,308.84,21.73,D,0
30.91082,75.92883,336.47,0.41,0.37,2025-05-25,0807,N20,VIIRS,n,2,305.81,1.75,D,0
30.94713,75.81329,332.66,0.41,0.37,2025-05-25,0807,N20,VIIRS,l,2,303.43,4.16,D,0
30.94654,75.80905,332.53,0.41,0.37,2025-05-25,0807,N20,VIIRS,l,2,304.62,6.64,D,0
31.01456,76.23395,350.51,0.42,0.38,2025-05-25,0807,N20,VIIRS,n,2,309.93,10.67,D,0
31.05237,76.25401,336.92,0.42,0.38,2025-05-25,0807,N20,VIIRS,n,2,305.48,4.63,D,0
31.03786,76.1451,335.02,0.42,0.37,2025-05-25,0807,N20,VIIRS,n,2,304.79,2.8,D,0
31.00246,75.85661,339.58,0.41,0.37,2025-05-25,0807,N20,VIIRS,n,2,304.83,2.81,D,0
31.03658,76.08323,335.23,0.41,0.37,2025-05-25,0807,N20,VIIRS,l,2,306.42,2.15,D,0
31.04341,76.08199,335.82,0.41,0.37,2025-05-25,0807,N20,VIIRS,l,2,305.96,2.3,D,0
31.01085,75.6901,333.13,0.4,0.37,2025-05-25,0807,N20,VIIRS,n,2,302.95,2.09,D,0
31.11243,76.2298,342.36,0.42,0.38,2025-05-25,0807,N20,VIIRS,n,2,310.21,7.02,D,0
31.11515,76.23036,340.52,0.42,0.38,2025-05-25,0807,N20,VIIRS,n,2,306.86,7.48,D,0
31.13409,76.29423,336.73,0.42,0.38,2025-05-25,0807,N20,VIIRS,n,2,302.68,1.11,D,0
31.10239,76.02804,337.75,0.41,0.37,2025-05-25,0807,N20,VIIRS,n,2,302.98,4.42,D,0
31.18018,76.13828,345.72,0.42,0.37,2025-05-25,0807,N20,VIIRS,n,2,306.83,8.23,D,0
31.23762,75.63707,339.77,0.4,0.37,2025-05-25,0807,N20,VIIRS,n,2,305.01,3.15,D,0
31.3158,76.00492,334.77,0.41,0.37,2025-05-25,0807,N20,VIIRS,n,2,300.9,2.75,D,0
30.89379,76.12025,316.06,0.41,0.37,2025-05-25,2031,N20,VIIRS,n,2,292.28,1.35,N,0
30.45376,76.27653,339.5,0.42,0.38,2025-05-26,0748,N20,VIIRS,l,2,306.54,8.91,D,0
30.47243,76.34359,347.75,0.42,0.37,2025-05-26,0748,N20,VIIRS,l,2,311.3,22.86,D,0
30.44,76.09518,335.13,0.42,0.38,2025-05-26,0748,N20,VIIRS,l,2,306.22,4.42,D,0
30.49672,76.07304,340.67,0.42,0.38,2025-05-26,0748,N20,VIIRS,n,2,302.87,3.14,D,0
30.56939,76.1483,344.01,0.42,0.38,2025-05-26,0748,N20,VIIRS,l,2,304.27,6.08,D,0
30.60396,76.32841,335.57,0.42,0.37,2025-05-26,0748,N20,VIIRS,l,2,306.67,2.33,D,0
30.65728,75.9431,346.07,0.43,0.38,2025-05-26,0748,N20,VIIRS,n,2,310.31,10.52,D,0
30.90411,76.35106,341.81,0.41,0.37,2025-05-26,0748,N20,VIIRS,l,2,310.71,15.27,D,0
30.89738,76.10702,343.45,0.42,0.38,2025-05-26,0748,N20,VIIRS,l,2,312.62,14.23,D,0
30.81004,75.44376,344.29,0.44,0.39,2025-05-26,0748,N20,VIIRS,n,2,308.12,11.33,D,0
31.02107,75.79754,336.6,0.43,0.38,2025-05-26,0748,N20,VIIRS,l,2,309.03,4.07,D,0
31.01833,75.73027,337.49,0.43,0.38,2025-05-26,0748,N20,VIIRS,l,2,310.09,9.16,D,0
31.10453,75.83427,340.27,0.43,0.38,2025-05-26,0748,N20,VIIRS,l,2,309.71,4.22,D,0
31.10184,75.79817,342.1,0.43,0.38,2025-05-26,0748,N20,VIIRS,l,2,308.23,3.76,D,0
31.11978,75.79855,335.67,0.43,0.38,2025-05-26,0748,N20,VIIRS,l,2,309.91,2.49,D,0
30.4941,76.29389,332.65,0.46,0.47,2025-05-27,0729,N20,VIIRS,n,2,299.55,5.97,D,0
30.48753,75.9851,332.99,0.48,0.48,2025-05-27,0729,N20,VIIRS,n,2,300.16,3.92,D,0
30.56772,76.05838,338.24,0.48,0.48,2025-05-27,0729,N20,VIIRS,n,2,299.57,7.65,D,0
30.69302,76.37428,347.79,0.45,0.47,2025-05-27,0729,N20,VIIRS,n,2,299.77,13.13,D,0
30.72941,76.04421,340.63,0.47,0.48,2025-05-27,0729,N20,VIIRS,n,2,299.62,0.99,D,0
30.70801,75.66512,344.76,0.5,0.49,2025-05-27,0729,N20,VIIRS,n,2,301.27,6.98,D,0
30.70563,75.54645,340,0.51,0.49,2025-05-27,0729,N20,VIIRS,n,2,300.95,5.03,D,0
30.94883,76.3167,333.35,0.45,0.47,2025-05-27,0729,N20,VIIRS,n,2,298,2.75,D,0
30.80234,75.6137,342.89,0.5,0.49,2025-05-27,0729,N20,VIIRS,n,2,301.45,4.53,D,0
30.95431,76.30045,339.95,0.45,0.47,2025-05-27,0729,N20,VIIRS,n,2,297.95,3.4,D,0
30.91047,76.09401,343.63,0.47,0.47,2025-05-27,0729,N20,VIIRS,n,2,299.89,9.24,D,0
30.93456,76.12238,334.4,0.46,0.47,2025-05-27,0729,N20,VIIRS,n,2,300.81,2.02,D,0
30.93255,76.1129,336.03,0.47,0.47,2025-05-27,0729,N20,VIIRS,n,2,299.63,5.67,D,0
30.98151,76.30259,341.4,0.45,0.47,2025-05-27,0729,N20,VIIRS,n,2,295.02,7.82,D,0
30.9642,76.19891,340.12,0.46,0.47,2025-05-27,0729,N20,VIIRS,n,2,298.43,5.53,D,0
30.93727,76.0712,343.14,0.47,0.48,2025-05-27,0729,N20,VIIRS,n,2,300.71,5.1,D,0
31.01899,76.31155,348.81,0.45,0.47,2025-05-27,0729,N20,VIIRS,n,2,299.18,12.04,D,0
30.98389,76.07809,339.13,0.47,0.47,2025-05-27,0729,N20,VIIRS,n,2,302.31,4.84,D,0
30.98628,76.08015,334.09,0.47,0.47,2025-05-27,0729,N20,VIIRS,n,2,300.87,2.72,D,0
30.98795,76.00368,333.17,0.47,0.48,2025-05-27,0729,N20,VIIRS,n,2,302.21,3.59,D,0
31.02417,76.1096,342.9,0.46,0.47,2025-05-27,0729,N20,VIIRS,n,2,300.83,5.8,D,0
31.03307,75.66009,345.49,0.49,0.49,2025-05-27,0729,N20,VIIRS,n,2,301.21,9.85,D,0
31.10618,75.95676,345.33,0.47,0.48,2025-05-27,0729,N20,VIIRS,n,2,303.55,11.56,D,0
31.03307,75.59595,341.84,0.5,0.49,2025-05-27,0729,N20,VIIRS,n,2,302.37,4.55,D,0
31.14057,76.03318,346.59,0.47,0.47,2025-05-27,0729,N20,VIIRS,n,2,301.73,9.03,D,0
31.2068,76.13443,333.4,0.46,0.47,2025-05-27,0729,N20,VIIRS,n,2,301.58,3.3,D,0
31.12594,75.74932,336.82,0.48,0.48,2025-05-27,0729,N20,VIIRS,n,2,301.37,3.18,D,0
31.20972,76.13488,335.33,0.46,0.47,2025-05-27,0729,N20,VIIRS,n,2,300.36,2.18,D,0
31.12648,75.75095,338.07,0.48,0.48,2025-05-27,0729,N20,VIIRS,n,2,300.36,4.53,D,0
31.13084,75.62296,330.94,0.49,0.49,2025-05-27,0729,N20,VIIRS,n,2,299.1,3.39,D,0
31.30797,75.78408,332.18,0.48,0.48,2025-05-27,0729,N20,VIIRS,n,2,298.96,1.83,D,0
30.49916,76.40714,324.13,0.42,0.61,2025-05-27,1953,N20,VIIRS,n,2,291.6,1.98,N,0
30.62234,76.3095,341.51,0.43,0.62,2025-05-28,0710,N20,VIIRS,n,2,293.78,3.35,D,0
30.53219,75.95153,338.41,0.46,0.63,2025-05-28,0710,N20,VIIRS,n,2,297.21,3.57,D,0
30.84915,76.30771,340.99,0.43,0.62,2025-05-28,0710,N20,VIIRS,n,2,296.44,2.63,D,0
30.71402,75.5565,336.71,0.48,0.64,2025-05-28,0711,N20,VIIRS,n,2,299.28,4.77,D,0
30.9045,76.01454,331.49,0.44,0.63,2025-05-28,0711,N20,VIIRS,n,2,296.66,1.62,D,0
30.98988,76.30889,337.4,0.43,0.62,2025-05-28,0711,N20,VIIRS,n,2,295.74,2.6,D,0
30.9323,76.07752,333.74,0.44,0.62,2025-05-28,0711,N20,VIIRS,n,2,296.87,3.53,D,0
30.98795,76.30843,333.96,0.42,0.61,2025-05-28,0711,N20,VIIRS,n,2,296.28,3.57,D,0
30.93445,76.0759,335.22,0.44,0.62,2025-05-28,0711,N20,VIIRS,n,2,297.14,3.75,D,0
30.98316,76.0786,367,0.44,0.62,2025-05-28,0711,N20,VIIRS,h,2,296.54,6.68,D,0
30.85756,75.56364,332.53,0.47,0.64,2025-05-28,0711,N20,VIIRS,n,2,296.51,2.16,D,0
31.07467,76.00191,344.93,0.44,0.62,2025-05-28,0711,N20,VIIRS,n,2,298.88,3.91,D,0
31.12354,76.17129,336.74,0.43,0.62,2025-05-28,0711,N20,VIIRS,n,2,298.15,2.61,D,0
30.96265,75.54076,336.68,0.47,0.64,2025-05-28,0711,N20,VIIRS,n,2,298.94,4.08,D,0
30.99265,75.56132,331.7,0.47,0.64,2025-05-28,0711,N20,VIIRS,n,2,298.83,2.75,D,0
31.13807,75.84023,331.5,0.45,0.63,2025-05-28,0711,N20,VIIRS,n,2,299.6,2.27,D,0
31.13691,75.83571,337.23,0.45,0.63,2025-05-28,0711,N20,VIIRS,n,2,299.81,2.27,D,0
31.20352,75.68629,346.91,0.46,0.63,2025-05-28,0711,N20,VIIRS,n,2,302.69,5.93,D,0
30.66907,76.02908,338.83,0.54,0.68,2025-05-28,0851,N20,VIIRS,n,2,294.67,5.78,D,0
30.81712,75.4726,336.65,0.5,0.66,2025-05-28,0851,N20,VIIRS,n,2,298.9,2.82,D,0
31.08918,75.8243,332.47,0.53,0.67,2025-05-28,0851,N20,VIIRS,n,2,300.53,1.38,D,0
31.15774,76.25465,344.14,0.79,0.78,2025-05-29,0652,N20,VIIRS,n,2,299.55,8.11,D,0
31.15569,76.25742,332.35,0.79,0.78,2025-05-29,0652,N20,VIIRS,n,2,297.62,7.03,D,0
30.50757,76.11057,335.52,0.56,0.52,2025-05-29,0832,N20,VIIRS,l,2,306.58,4.82,D,0
30.86674,75.58176,335.83,0.53,0.5,2025-05-29,0832,N20,VIIRS,l,2,310.83,4.69,D,0
30.94117,76.09113,338.27,0.57,0.52,2025-05-29,0832,N20,VIIRS,n,2,306.24,8.64,D,0
30.62936,75.99171,338.12,0.46,0.39,2025-05-30,0813,N20,VIIRS,n,2,301.77,4.8,D,0
30.73383,75.87371,341.87,0.46,0.39,2025-05-30,0813,N20,VIIRS,n,2,310.2,6.61,D,0
30.84042,75.71671,337.86,0.45,0.39,2025-05-30,0813,N20,VIIRS,l,2,308.22,3.42,D,0
30.91923,76.08308,340.22,0.47,0.4,2025-05-30,0813,N20,VIIRS,n,2,310.09,5.46,D,0
30.96827,76.29851,331.43,0.48,0.4,2025-05-30,0813,N20,VIIRS,l,2,303.85,2.07,D,0
30.96702,76.28844,347.29,0.48,0.4,2025-05-30,0813,N20,VIIRS,n,2,309.77,19.39,D,0
30.96723,76.29642,332.85,0.48,0.4,2025-05-30,0813,N20,VIIRS,l,2,305.4,7.74,D,0
30.96663,76.29138,342.75,0.48,0.4,2025-05-30,0813,N20,VIIRS,n,2,309.69,7.74,D,0
30.9938,76.14419,339.83,0.48,0.4,2025-05-30,0813,N20,VIIRS,n,2,307.84,6.64,D,0
30.98658,76.08479,337.36,0.47,0.4,2025-05-30,0813,N20,VIIRS,n,2,305.64,2.71,D,0
30.98598,76.07984,342.28,0.47,0.4,2025-05-30,0813,N20,VIIRS,n,2,308.28,7.94,D,0
30.95666,75.7823,336.36,0.46,0.39,2025-05-30,0813,N20,VIIRS,l,2,306.38,1.06,D,0
30.96563,75.76615,347.19,0.46,0.39,2025-05-30,0813,N20,VIIRS,n,2,311.53,8.5,D,0
30.96922,75.76556,339,0.46,0.39,2025-05-30,0813,N20,VIIRS,l,2,309.34,5.1,D,0
31.02417,76.05853,337.95,0.47,0.4,2025-05-30,0813,N20,VIIRS,n,2,307.92,4.82,D,0
31.00127,75.62607,336.51,0.45,0.39,2025-05-30,0813,N20,VIIRS,l,2,308.7,7.62,D,0
31.00836,75.65386,340.58,0.45,0.39,2025-05-30,0813,N20,VIIRS,l,2,310.86,6.7,D,0
31.00484,75.62547,348.25,0.45,0.39,2025-05-30,0813,N20,VIIRS,n,2,309.77,7.62,D,0
31.01192,75.65326,340.82,0.45,0.39,2025-05-30,0813,N20,VIIRS,l,2,311.07,6.31,D,0
30.98386,75.3997,344.57,0.44,0.39,2025-05-30,0813,N20,VIIRS,n,2,308.1,3.69,D,0
31.17789,76.03723,338.04,0.47,0.4,2025-05-30,0813,N20,VIIRS,l,2,308.29,3.54,D,0
31.19307,76.00954,348.06,0.47,0.4,2025-05-30,0813,N20,VIIRS,n,2,309.04,8.04,D,0
31.13638,75.46526,334.72,0.45,0.39,2025-05-30,0813,N20,VIIRS,l,2,309.34,2.81,D,0
31.2355,76.02275,334.85,0.47,0.4,2025-05-30,0813,N20,VIIRS,l,2,307.09,2.83,D,0
31.30795,76.38327,336.04,0.49,0.4,2025-05-30,0813,N20,VIIRS,l,2,310.91,4.54,D,0
30.80993,76.01878,321.25,0.39,0.36,2025-05-30,2037,N20,VIIRS,n,2,295.09,1.84,N,0
30.62046,76.31587,337.35,0.57,0.43,2025-06-01,0736,N20,VIIRS,l,2,308.7,3.46,D,0
30.8201,76.00465,339.75,0.39,0.44,2025-06-01,0736,N20,VIIRS,l,2,311.5,3.19,D,0
30.88072,76.02689,342.76,0.39,0.44,2025-06-01,0736,N20,VIIRS,l,2,313.13,5.59,D,0
30.9726,76.36784,337.71,0.55,0.43,2025-06-01,0736,N20,VIIRS,n,2,308.45,7.38,D,0
30.82366,75.57537,338.62,0.41,0.45,2025-06-01,0736,N20,VIIRS,l,2,312.22,3.88,D,0
30.96017,76.11619,339.69,0.57,0.43,2025-06-01,0736,N20,VIIRS,l,2,313.66,10.49,D,0
30.95877,76.11481,341.53,0.57,0.43,2025-06-01,0736,N20,VIIRS,l,2,314.91,10.7,D,0
31.01751,76.3061,342.6,0.56,0.43,2025-06-01,0736,N20,VIIRS,l,2,313.82,11.48,D,0
31.0006,75.84801,346.62,0.39,0.44,2025-06-01,0736,N20,VIIRS,n,2,310.33,8.16,D,0
31.06919,75.57654,338.67,0.4,0.45,2025-06-01,0736,N20,VIIRS,l,2,309.51,5.42,D,0
31.3006,75.80221,336.25,0.39,0.44,2025-06-01,0736,N20,VIIRS,l,2,310.32,1.96,D,0
31.30454,75.80115,337.98,0.39,0.44,2025-06-01,0736,N20,VIIRS,l,2,312.5,4.01,D,0
30.9427,75.97571,301.7,0.36,0.57,2025-06-01,1959,N20,VIIRS,n,2,290.52,0.31,N,0
30.94241,75.97953,302.81,0.36,0.57,2025-06-01,1959,N20,VIIRS,n,2,291.06,0.6,N,0
30.93739,75.97512,306.3,0.36,0.57,2025-06-01,1959,N20,VIIRS,n,2,290.64,1.06,N,0
30.93711,75.97894,306.65,0.36,0.57,2025-06-01,1959,N20,VIIRS,n,2,290.9,1.04,N,0
30.44358,76.34716,338.18,0.35,0.57,2025-06-02,0717,N20,VIIRS,n,2,307.48,1.25,D,0
30.44445,76.32779,336.15,0.35,0.57,2025-06-02,0717,N20,VIIRS,l,2,308.98,2.82,D,0
30.45204,76.33684,334.55,0.35,0.57,2025-06-02,0717,N20,VIIRS,n,2,306.58,2.1,D,0
30.4571,76.33524,367,0.35,0.57,2025-06-02,0717,N20,VIIRS,h,2,308.03,6.35,D,0
30.49638,76.35658,341.12,0.35,0.57,2025-06-02,0717,N20,VIIRS,n,2,307.24,1.83,D,0
30.54697,76.34075,335.14,0.35,0.57,2025-06-02,0717,N20,VIIRS,l,2,305.5,1.81,D,0
30.48876,76.09599,346.42,0.36,0.58,2025-06-02,0717,N20,VIIRS,n,2,306.95,1.89,D,0
30.58044,76.39073,335.26,0.35,0.57,2025-06-02,0717,N20,VIIRS,n,2,304.53,1.07,D,0
30.56979,76.2992,337.34,0.35,0.57,2025-06-02,0717,N20,VIIRS,n,2,303.79,2.11,D,0
30.56896,76.29565,335.56,0.35,0.57,2025-06-02,0717,N20,VIIRS,n,2,304.46,2.11,D,0
30.67859,76.12604,343.77,0.36,0.57,2025-06-02,0717,N20,VIIRS,n,2,306.35,3.51,D,0
31.00748,76.3502,337.17,0.34,0.56,2025-06-02,0717,N20,VIIRS,n,2,299.51,2.76,D,0
31.02875,76.22345,330.69,0.35,0.56,2025-06-02,0717,N20,VIIRS,n,2,294.8,2.8,D,0
30.94387,75.68876,336.35,0.37,0.58,2025-06-02,0717,N20,VIIRS,n,2,305.67,2.44,D,0
31.0093,75.84509,336.21,0.37,0.58,2025-06-02,0717,N20,VIIRS,n,2,304.95,3.86,D,0
30.94014,75.48695,335.7,0.38,0.59,2025-06-02,0717,N20,VIIRS,l,2,308.22,3.35,D,0
30.9584,75.38828,336.71,0.39,0.59,2025-06-02,0717,N20,VIIRS,n,2,305.99,4.02,D,0
31.05631,75.62759,337.12,0.38,0.58,2025-06-02,0717,N20,VIIRS,l,2,308.18,3.53,D,0
31.07918,75.65282,341.47,0.37,0.58,2025-06-02,0717,N20,VIIRS,n,2,305.18,2.09,D,0
31.07842,75.65398,334,0.37,0.58,2025-06-02,0717,N20,VIIRS,l,2,305.21,1.24,D,0
31.07749,75.65021,331.81,0.37,0.58,2025-06-02,0717,N20,VIIRS,l,2,304.41,1.24,D,0
30.93818,76.39669,356.1,0.71,0.75,2025-06-02,0857,N20,VIIRS,n,2,302.11,15.11,D,0
30.94516,76.39642,351.68,0.71,0.75,2025-06-02,0857,N20,VIIRS,n,2,298.46,9.66,D,0
30.98059,76.0685,352.14,0.68,0.74,2025-06-02,0857,N20,VIIRS,n,2,299.72,9.19,D,0
30.98029,76.06136,340.69,0.68,0.74,2025-06-02,0857,N20,VIIRS,n,2,301.86,9.19,D,0
30.9811,76.0671,367,0.68,0.74,2025-06-02,0857,N20,VIIRS,h,2,300.62,14.87,D,0
30.98084,76.05991,334.5,0.68,0.74,2025-06-02,0857,N20,VIIRS,n,2,301.98,13.01,D,0
31.00872,75.5678,335.6,0.64,0.72,2025-06-02,0857,N20,VIIRS,l,2,305.66,5.97,D,0
31.04336,75.44518,337.13,0.63,0.72,2025-06-02,0857,N20,VIIRS,n,2,300.05,6.56,D,0
31.04098,75.4454,336.84,0.63,0.72,2025-06-02,0857,N20,VIIRS,n,2,300.28,6.32,D,0
30.98131,75.97052,341.78,0.35,0.57,2025-06-03,0838,N20,VIIRS,n,2,302.87,4.1,D,0
31.0213,76.15432,330.14,0.36,0.57,2025-06-03,0838,N20,VIIRS,l,2,300.87,1.83,D,0
31.31161,76.38184,330.93,0.37,0.58,2025-06-03,0839,N20,VIIRS,l,2,303.26,1.53,D,0
30.65162,76.27626,303.95,0.39,0.44,2025-06-03,2102,N20,VIIRS,n,2,289.37,0.37,N,0
30.6539,76.27905,303.05,0.39,0.44,2025-06-03,2102,N20,VIIRS,n,2,289.59,0.57,N,0
30.97479,76.28423,334.03,0.38,0.44,2025-06-04,0820,N20,VIIRS,l,2,307.84,3.09,D,0
31.04976,75.9167,338.95,0.55,0.43,2025-06-04,0820,N20,VIIRS,n,2,305.97,4.87,D,0
31.12789,75.58541,340.92,0.53,0.42,2025-06-04,0820,N20,VIIRS,n,2,308.07,7.24,D,0
31.02132,76.12469,335.93,0.39,0.36,2025-06-05,0801,N20,VIIRS,n,2,303.55,3.21,D,0
30.57472,76.21182,334.64,0.48,0.4,2025-06-06,0742,N20,VIIRS,n,2,304.22,1.98,D,0
30.56741,76.17233,336.93,0.48,0.4,2025-06-06,0742,N20,VIIRS,l,2,307.75,3.36,D,0
30.72668,76.25793,330.19,0.48,0.4,2025-06-06,0742,N20,VIIRS,l,2,304.79,1.14,D,0
30.61233,76.13381,337.72,0.58,0.52,2025-06-07,0723,N20,VIIRS,n,2,299.6,2.97,D,0
30.7181,75.56565,350.02,0.62,0.54,2025-06-07,0723,N20,VIIRS,n,2,304.45,14.89,D,0
30.91593,76.41291,331.73,0.55,0.51,2025-06-07,0723,N20,VIIRS,n,2,300.56,6.26,D,0
30.83371,75.45297,334.47,0.63,0.54,2025-06-07,0723,N20,VIIRS,n,2,302.21,3.74,D,0
30.45283,76.03016,341.53,0.43,0.62,2025-06-08,0845,N20,VIIRS,n,2,304.39,4.56,D,0
30.45444,76.03324,334.51,0.43,0.62,2025-06-08,0845,N20,VIIRS,n,2,303.8,2.53,D,0
30.45416,76.02869,336.42,0.43,0.62,2025-06-08,0845,N20,VIIRS,n,2,304.87,2.53,D,0
30.53407,76.37904,337.82,0.45,0.63,2025-06-08,0845,N20,VIIRS,n,2,302.29,2.79,D,0
30.60422,76.19073,332.53,0.44,0.63,2025-06-08,0845,N20,VIIRS,n,2,301.92,2.21,D,0
30.42237,75.89656,344.51,0.44,0.46,2025-06-09,0826,N20,VIIRS,l,2,315.11,8.79,D,0
30.49676,76.26691,345.55,0.46,0.47,2025-06-09,0826,N20,VIIRS,n,2,313.96,12.8,D,0
30.5428,76.15371,339.61,0.46,0.47,2025-06-09,0826,N20,VIIRS,l,2,309.61,4.58,D,0
30.75868,76.21777,340.82,0.46,0.47,2025-06-09,0826,N20,VIIRS,n,2,310.38,2.92,D,0
30.78207,76.31889,345.23,0.47,0.48,2025-06-09,0826,N20,VIIRS,n,2,311.36,7.94,D,0
30.78646,76.31834,338.42,0.47,0.48,2025-06-09,0826,N20,VIIRS,l,2,310.86,5.82,D,0
30.77516,76.20583,342.35,0.46,0.47,2025-06-09,0826,N20,VIIRS,n,2,312.09,5.87,D,0
30.86039,75.4695,330.5,0.4,0.37,2025-06-09,2050,N20,VIIRS,n,2,301.65,4.89,N,0
30.85704,75.46873,316.08,0.4,0.37,2025-06-09,2050,N20,VIIRS,n,2,296.57,4.89,N,0
30.56708,76.15385,340.2,0.41,0.37,2025-06-10,0807,N20,VIIRS,l,2,314.35,5.7,D,0
30.59581,76.23685,340.58,0.42,0.37,2025-06-10,0807,N20,VIIRS,l,2,315.51,6.45,D,0
30.77962,76.22852,345.56,0.42,0.37,2025-06-10,0807,N20,VIIRS,n,2,312.09,6.56,D,0
30.77545,76.14512,340.92,0.41,0.37,2025-06-10,0807,N20,VIIRS,l,2,315.29,5.93,D,0
30.75994,75.54172,344.4,0.4,0.37,2025-06-10,0807,N20,VIIRS,l,2,317.88,9.04,D,0
30.86943,75.50056,346.82,0.4,0.37,2025-06-10,0807,N20,VIIRS,n,2,317.05,11.16,D,0
31.23848,75.46798,337.66,0.4,0.37,2025-06-10,0807,N20,VIIRS,l,2,312.45,4.17,D,0
30.85834,75.46928,313.54,0.43,0.38,2025-06-10,2031,N20,VIIRS,n,2,296.89,0.96,N,0
30.64618,75.94128,344.85,0.43,0.38,2025-06-11,0748,N20,VIIRS,l,2,316.37,13.58,D,0
30.56059,76.32213,344.24,0.46,0.47,2025-06-12,0729,N20,VIIRS,n,2,304.69,5,D,0
30.5631,76.32334,344.05,0.46,0.47,2025-06-12,0729,N20,VIIRS,n,2,304.75,4.58,D,0
30.59509,76.21965,335.71,0.47,0.47,2025-06-12,0729,N20,VIIRS,n,2,305.06,3.19,D,0
30.60011,76.15775,330.43,0.47,0.48,2025-06-12,0729,N20,VIIRS,l,2,304.97,2.91,D,0
30.62976,76.16962,342.16,0.47,0.48,2025-06-12,0729,N20,VIIRS,n,2,305.11,3.58,D,0
30.67067,76.01309,339.95,0.48,0.48,2025-06-12,0729,N20,VIIRS,n,2,304.97,1.52,D,0
30.72439,76.24587,336.37,0.46,0.47,2025-06-12,0729,N20,VIIRS,n,2,304.17,0.91,D,0
30.7414,76.30556,330.28,0.46,0.47,2025-06-12,0729,N20,VIIRS,l,2,302.97,0.94,D,0
30.718,76.17261,333.74,0.47,0.47,2025-06-12,0729,N20,VIIRS,l,2,307.9,3.09,D,0
30.75181,76.24809,333.94,0.46,0.47,2025-06-12,0729,N20,VIIRS,l,2,305.12,2.68,D,0
30.75713,76.17867,330.6,0.46,0.47,2025-06-12,0729,N20,VIIRS,l,2,302.47,1.25,D,0
30.76868,76.19044,338.12,0.46,0.47,2025-06-12,0729,N20,VIIRS,n,2,307.05,5.43,D,0
30.76585,76.15613,330.52,0.47,0.47,2025-06-12,0729,N20,VIIRS,l,2,305.41,1.28,D,0
30.76178,76.13715,331.39,0.47,0.47,2025-06-12,0729,N20,VIIRS,l,2,303.96,2.74,D,0
30.78622,76.23042,331.9,0.46,0.47,2025-06-12,0729,N20,VIIRS,l,2,305.96,3.69,D,0
30.86936,76.24162,335.58,0.46,0.47,2025-06-12,0729,N20,VIIRS,n,2,304.53,2.01,D,0
30.86481,76.19815,334.19,0.46,0.47,2025-06-12,0729,N20,VIIRS,n,2,303.52,1.84,D,0
30.87213,76.24205,335.61,0.46,0.47,2025-06-12,0729,N20,VIIRS,n,2,304.06,2.32,D,0
30.86633,76.19402,335.15,0.46,0.47,2025-06-12,0729,N20,VIIRS,n,2,304.08,3.63,D,0
30.86592,76.12907,333.2,0.46,0.47,2025-06-12,0729,N20,VIIRS,l,2,305.81,1.8,D,0
30.83466,75.85632,337.25,0.48,0.48,2025-06-12,0729,N20,VIIRS,l,2,308.01,2.76,D,0
30.87052,75.57755,339.31,0.5,0.49,2025-06-12,0729,N20,VIIRS,n,2,307.22,4.61,D,0
30.92518,75.70101,335.23,0.49,0.49,2025-06-12,0729,N20,VIIRS,l,2,305.34,2.43,D,0
31.1702,75.39097,335.29,0.5,0.49,2025-06-12,0730,N20,VIIRS,n,2,309.94,3.52,D,0
30.42013,76.26966,332.45,0.44,0.62,2025-06-13,0710,N20,VIIRS,n,2,295.27,2.29,D,0
30.52842,76.21201,336.11,0.44,0.62,2025-06-13,0711,N20,VIIRS,n,2,295.68,3.04,D,0
30.54511,76.23038,337.93,0.44,0.62,2025-06-13,0711,N20,VIIRS,n,2,294.71,3.64,D,0
30.53027,76.12441,330.94,0.45,0.63,2025-06-13,0711,N20,VIIRS,n,2,294.88,3.27,D,0
30.56599,76.14637,367,0.44,0.63,2025-06-13,0711,N20,VIIRS,h,2,295.12,14.91,D,0
30.56487,76.14191,336.68,0.44,0.63,2025-06-13,0711,N20,VIIRS,n,2,295.13,12.27,D,0
30.74574,76.32778,341.19,0.43,0.62,2025-06-13,0711,N20,VIIRS,n,2,295.85,4.38,D,0
30.74331,76.32615,338.09,0.43,0.62,2025-06-13,0711,N20,VIIRS,n,2,296.06,4.32,D,0
30.80938,75.65202,330.04,0.47,0.64,2025-06-13,0711,N20,VIIRS,n,2,297.31,2.06,D,0
30.87132,75.53268,367,0.47,0.64,2025-06-13,0711,N20,VIIRS,h,2,297.35,9.73,D,0
30.87094,75.53481,351.61,0.47,0.64,2025-06-13,0711,N20,VIIRS,n,2,297,6.76,D,0
30.86969,75.53004,335.96,0.47,0.64,2025-06-13,0711,N20,VIIRS,n,2,297.27,6.76,D,0
31.25034,75.40373,340.22,0.47,0.64,2025-06-13,0711,N20,VIIRS,n,2,297.47,6.79,D,0
30.72446,76.07426,331.08,0.54,0.68,2025-06-13,0851,N20,VIIRS,n,2,295.21,1.04,D,0
30.74516,76.10787,336.27,0.55,0.68,2025-06-13,0851,N20,VIIRS,n,2,295.85,2.95,D,0
30.82951,76.21449,332.7,0.56,0.69,2025-06-13,0851,N20,VIIRS,n,2,295.29,3.1,D,0
30.93681,76.40621,331.89,0.57,0.69,2025-06-13,0851,N20,VIIRS,n,2,294.94,4.02,D,0
31.00043,76.26355,332.35,0.56,0.69,2025-06-13,0851,N20,VIIRS,n,2,294.75,5.38,D,0
31.00224,76.26101,336.08,0.56,0.69,2025-06-13,0851,N20,VIIRS,n,2,295.31,3.35,D,0
31.0387,75.49709,331.16,0.51,0.66,2025-06-13,0851,N20,VIIRS,n,2,297.43,3.16,D,0
30.51162,75.99721,342.44,0.55,0.51,2025-06-14,0832,N20,VIIRS,n,2,295.75,2.68,D,0
30.55013,76.2112,331.8,0.57,0.52,2025-06-14,0832,N20,VIIRS,n,2,296.65,2.98,D,0
30.59277,76.20033,335.63,0.57,0.52,2025-06-14,0832,N20,VIIRS,n,2,294.84,2,D,0
30.59338,76.15202,342.42,0.57,0.52,2025-06-14,0832,N20,VIIRS,n,2,294.65,7.32,D,0
30.59286,76.14606,341.48,0.57,0.52,2025-06-14,0832,N20,VIIRS,n,2,296.14,7.32,D,0
30.60236,76.19927,342.56,0.57,0.52,2025-06-14,0832,N20,VIIRS,n,2,296.68,5.11,D,0
30.62099,76.13689,335.97,0.57,0.52,2025-06-14,0832,N20,VIIRS,n,2,297.57,4.53,D,0
30.57522,75.43923,333.73,0.51,0.5,2025-06-14,0832,N20,VIIRS,n,2,301.61,2.75,D,0
30.57576,75.44149,332.48,0.51,0.5,2025-06-14,0832,N20,VIIRS,n,2,301.07,2.61,D,0
30.75905,76.22576,337.64,0.58,0.52,2025-06-14,0832,N20,VIIRS,n,2,299.31,4.99,D,0
30.77574,76.1934,346.58,0.57,0.52,2025-06-14,0832,N20,VIIRS,n,2,300.08,7.91,D,0
30.78638,76.20439,342.19,0.57,0.52,2025-06-14,0832,N20,VIIRS,n,2,299.8,3.51,D,0
30.76344,75.72354,353.24,0.54,0.51,2025-06-14,0832,N20,VIIRS,n,2,303.4,21.09,D,0
30.8569,76.23332,333.91,0.58,0.52,2025-06-14,0832,N20,VIIRS,n,2,301.16,3.27,D,0
30.85895,76.14774,336.28,0.57,0.52,2025-06-14,0832,N20,VIIRS,n,2,301.28,5.05,D,0
30.87181,76.18281,345.44,0.57,0.52,2025-06-14,0832,N20,VIIRS,n,2,301.08,8.53,D,0
30.85621,76.23232,334.72,0.58,0.52,2025-06-14,0832,N20,VIIRS,n,2,300.77,3.8,D,0
30.87143,76.18164,342.74,0.57,0.52,2025-06-14,0832,N20,VIIRS,n,2,301.23,6.37,D,0
30.87313,75.55091,346.22,0.53,0.5,2025-06-14,0832,N20,VIIRS,n,2,300.97,6.59,D,0
30.86551,75.46841,337.14,0.52,0.5,2025-06-14,0832,N20,VIIRS,n,2,300.28,2.27,D,0
30.89413,75.4761,333.69,0.52,0.5,2025-06-14,0832,N20,VIIRS,n,2,300.69,4.12,D,0
30.97647,76.16813,333.25,0.57,0.52,2025-06-14,0832,N20,VIIRS,n,2,302.18,3.31,D,0
31.13788,75.46127,331.75,0.52,0.5,2025-06-14,0832,N20,VIIRS,n,2,300.56,2.81,D,0
31.21934,75.43491,342.29,0.52,0.5,2025-06-14,0832,N20,VIIRS,n,2,300.7,10.05,D,0
31.21919,75.43877,341.5,0.52,0.5,2025-06-14,0832,N20,VIIRS,n,2,300.08,6.01,D,0
31.2187,75.43324,330.39,0.52,0.5,2025-06-14,0832,N20,VIIRS,n,2,299.99,6.91,D,0
31.26939,75.42716,335.19,0.52,0.5,2025-06-14,0832,N20,VIIRS,n,2,301.51,4.33,D,0
30.51654,76.32676,330.66,0.48,0.4,2025-06-15,0813,N20,VIIRS,n,2,293.1,2.22,D,0
30.54632,76.23605,334.76,0.47,0.4,2025-06-15,0813,N20,VIIRS,n,2,292.68,5.12,D,0
30.54578,76.2332,338.66,0.47,0.4,2025-06-15,0813,N20,VIIRS,n,2,293.67,6.88,D,0
30.54941,75.92993,334.89,0.46,0.39,2025-06-15,0813,N20,VIIRS,n,2,295.73,6.52,D,0
30.54882,75.92513,333.07,0.46,0.39,2025-06-15,0813,N20,VIIRS,n,2,299.24,7.86,D,0
30.62322,75.86141,333.49,0.46,0.39,2025-06-15,0813,N20,VIIRS,n,2,300.03,2.7,D,0
30.62682,75.86082,337.62,0.46,0.39,2025-06-15,0813,N20,VIIRS,n,2,300.98,4.32,D,0
30.71575,76.10272,334.02,0.47,0.4,2025-06-15,0813,N20,VIIRS,n,2,299,5.03,D,0
30.71514,76.09782,331.82,0.47,0.4,2025-06-15,0813,N20,VIIRS,l,2,302.51,9.18,D,0
30.74632,76.28951,331.63,0.48,0.4,2025-06-15,0813,N20,VIIRS,n,2,300.01,3.67,D,0
30.76408,76.31217,338.72,0.48,0.4,2025-06-15,0813,N20,VIIRS,n,2,296.85,6.67,D,0
30.78326,76.2298,334.86,0.48,0.4,2025-06-15,0813,N20,VIIRS,n,2,300.25,1.83,D,0
30.81429,76.30119,332.72,0.48,0.4,2025-06-15,0813,N20,VIIRS,n,2,296.94,8.11,D,0
30.81436,76.20954,336.68,0.48,0.4,2025-06-15,0813,N20,VIIRS,n,2,300.26,4.78,D,0
30.84612,76.28584,342.74,0.48,0.4,2025-06-15,0813,N20,VIIRS,n,2,296.42,5.9,D,0
30.84546,76.21974,342.44,0.48,0.4,2025-06-15,0813,N20,VIIRS,n,2,299.56,6.44,D,0
30.79762,75.66461,338.56,0.45,0.39,2025-06-15,0813,N20,VIIRS,n,2,301.96,7.04,D,0
30.79602,75.66142,340.1,0.45,0.39,2025-06-15,0813,N20,VIIRS,n,2,301.71,7.23,D,0
30.87804,75.64765,339.07,0.45,0.39,2025-06-15,0813,N20,VIIRS,n,2,300.57,7.84,D,0
30.97776,75.4983,337.17,0.45,0.39,2025-06-15,0813,N20,VIIRS,n,2,300.41,2.77,D,0
30.9787,75.39367,341.79,0.44,0.39,2025-06-15,0813,N20,VIIRS,n,2,298.2,7.76,D,0
30.97879,75.39568,340.47,0.44,0.39,2025-06-15,0813,N20,VIIRS,n,2,298,7.34,D,0
31.18615,75.46664,334.16,0.45,0.39,2025-06-15,0813,N20,VIIRS,n,2,302.88,3.23,D,0
31.19324,75.46544,333.38,0.45,0.39,2025-06-15,0813,N20,VIIRS,n,2,298.96,3.74,D,0
31.19264,75.46075,334.26,0.45,0.39,2025-06-15,0813,N20,VIIRS,n,2,304.03,7.4,D,0
31.25671,75.48558,330.84,0.45,0.39,2025-06-15,0813,N20,VIIRS,l,2,303.29,3.38,D,0
31.25612,75.48087,333.11,0.45,0.39,2025-06-15,0813,N20,VIIRS,n,2,302.43,3.11,D,0
31.24958,75.40058,337.38,0.45,0.39,2025-06-15,0813,N20,VIIRS,n,2,302.77,4.04,D,0
31.2484,75.39124,336.85,0.45,0.39,2025-06-15,0813,N20,VIIRS,n,2,303.19,5.09,D,0
31.30688,75.39558,334.96,0.45,0.39,2025-06-15,0813,N20,VIIRS,n,2,299.7,5.83,D,0
31.30627,75.39091,334.04,0.45,0.39,2025-06-15,0813,N20,VIIRS,n,2,303.14,5.83,D,0
31.30571,75.39182,346.86,0.45,0.39,2025-06-15,0813,N20,VIIRS,n,2,303.39,12.33,D,0
31.18656,75.48585,333.26,0.38,0.59,2025-06-18,0717,N20,VIIRS,n,2,292.9,2.08,D,0
31.16375,75.39294,341.39,0.38,0.59,2025-06-18,0717,N20,VIIRS,n,2,294.19,3.37,D,0
30.54532,75.95686,330.05,0.69,0.74,2025-06-19,0658,N20,VIIRS,n,2,289.4,4.73,D,0
30.52572,76.20522,335.71,0.36,0.57,2025-06-19,0838,N20,VIIRS,n,2,292.88,5.65,D,0
30.52494,76.20456,339.52,0.36,0.57,2025-06-19,0838,N20,VIIRS,n,2,293.33,6.61,D,0
30.74764,75.72109,352.77,0.33,0.56,2025-06-19,0839,N20,VIIRS,n,2,294.42,4.87,D,0
30.87156,75.55551,339.96,0.33,0.55,2025-06-19,0839,N20,VIIRS,n,2,291.34,4.44,D,0
30.87128,75.55206,336.97,0.33,0.55,2025-06-19,0839,N20,VIIRS,n,2,292.12,4.95,D,0
30.92701,75.70403,331.45,0.34,0.56,2025-06-19,0839,N20,VIIRS,n,2,292.3,1.89,D,0
30.92148,75.56331,367,0.33,0.55,2025-06-19,0839,N20,VIIRS,h,2,292.49,8.35,D,0
30.91856,75.52523,343.26,0.33,0.55,2025-06-19,0839,N20,VIIRS,n,2,292.87,4.21,D,0
30.91829,75.52177,344.2,0.33,0.55,2025-06-19,0839,N20,VIIRS,n,2,292.63,4.21,D,0
31.05515,75.5218,330.11,0.33,0.55,2025-06-19,0839,N20,VIIRS,n,2,291.7,1.67,D,0
31.24239,75.40259,345.62,0.32,0.55,2025-06-19,0839,N20,VIIRS,n,2,292.06,2.97,D,0
31.31277,75.51402,367,0.33,0.55,2025-06-19,0839,N20,VIIRS,h,2,292.17,7.24,D,0
31.31249,75.51054,334.19,0.33,0.55,2025-06-19,0839,N20,VIIRS,n,2,292.25,4.84,D,0
30.44297,76.20267,337.81,0.56,0.43,2025-06-20,0820,N20,VIIRS,n,2,293.24,4.93,D,0
30.71384,75.71856,335.03,0.54,0.42,2025-06-20,0820,N20,VIIRS,n,2,291.29,4.98,D,0
30.7379,75.82385,335.55,0.54,0.42,2025-06-20,0820,N20,VIIRS,n,2,292.59,6.16,D,0
30.73903,75.82783,335.45,0.54,0.42,2025-06-20,0820,N20,VIIRS,n,2,292.53,4.77,D,0
30.75927,75.3855,337.06,0.52,0.41,2025-06-20,0820,N20,VIIRS,n,2,295.52,6.01,D,0
30.47645,75.47842,334.6,0.44,0.39,2025-06-27,0748,N20,VIIRS,n,2,297.26,3.03,D,0
30.78566,75.65792,350.27,0.43,0.38,2025-06-27,0749,N20,VIIRS,n,2,299.47,13.22,D,0
30.74028,75.3823,332.37,0.44,0.39,2025-06-27,0749,N20,VIIRS,n,2,294.83,4.34,D,0
30.85902,75.53518,331.76,0.44,0.38,2025-06-27,0749,N20,VIIRS,l,2,297.8,2.45,D,0
30.91105,75.52284,340.65,0.44,0.38,2025-06-27,0749,N20,VIIRS,n,2,297.41,8.14,D,0
30.92712,75.49087,336.24,0.44,0.38,2025-06-27,0749,N20,VIIRS,n,2,298.08,4.42,D,0
30.88365,75.62228,338.77,0.49,0.49,2025-06-28,0730,N20,VIIRS,n,2,284.83,7.18,D,0
30.86871,75.55177,342.01,0.5,0.49,2025-06-28,0730,N20,VIIRS,n,2,287.15,6.45,D,0
30.88695,75.616,341.54,0.49,0.49,2025-06-28,0730,N20,VIIRS,n,2,285.37,7.18,D,0
30.87308,75.55048,332.45,0.5,0.49,2025-06-28,0730,N20,VIIRS,n,2,286.3,6.45,D,0
30.88292,75.6238,335.04,0.49,0.49,2025-06-28,0730,N20,VIIRS,n,2,284.67,5.06,D,0
30.88183,75.61881,336.1,0.49,0.49,2025-06-28,0730,N20,VIIRS,n,2,285.45,5.06,D,0
30.88619,75.61755,341.16,0.49,0.49,2025-06-28,0730,N20,VIIRS,n,2,285.07,5.06,D,0
30.8719,75.55225,355.53,0.5,0.49,2025-06-28,0730,N20,VIIRS,n,2,286.98,15.27,D,0
30.91785,75.54965,335.13,0.49,0.49,2025-06-28,0730,N20,VIIRS,n,2,283.75,3.45,D,0
30.90909,75.48759,341.4,0.5,0.49,2025-06-28,0730,N20,VIIRS,n,2,285.18,13.72,D,0
30.94084,75.52684,342.74,0.5,0.49,2025-06-28,0730,N20,VIIRS,n,2,282.78,7.05,D,0
30.92792,75.52563,332.62,0.39,0.37,2025-07-02,0755,N20,VIIRS,n,2,297.35,2.14,D,0
30.6346,75.88614,330.85,0.36,0.58,2025-07-04,0718,N20,VIIRS,n,2,290.4,1.96,D,0
30.58832,76.04623,331.66,0.68,0.74,2025-07-04,0858,N20,VIIRS,n,2,287.79,4.93,D,0
30.58189,76.0471,330.89,0.68,0.74,2025-07-04,0858,N20,VIIRS,n,2,288.31,7.29,D,0
30.92069,75.58359,367,0.34,0.56,2025-07-05,0839,N20,VIIRS,h,2,292.02,7.29,D,0
30.93696,75.40244,335.78,0.33,0.55,2025-07-05,0839,N20,VIIRS,n,2,292.76,2.82,D,0
30.67641,75.81681,330.97,0.39,0.36,2025-07-07,0801,N20,VIIRS,n,2,294.35,2.55,D,0
31.17701,75.50082,337.14,0.44,0.46,2025-07-11,0827,N20,VIIRS,n,2,289.63,4.39,D,0
31.29428,75.43126,330.4,0.43,0.46,2025-07-11,0827,N20,VIIRS,n,2,294.67,2.62,D,0
30.42852,75.88403,338.88,0.39,0.44,2025-07-19,0736,N20,VIIRS,n,2,297.06,4.94,D,0
31.19657,75.61845,333.64,0.39,0.44,2025-07-19,0737,N20,VIIRS,n,2,296.27,1.82,D,0
31.16654,75.45061,330.07,0.4,0.44,2025-07-19,0737,N20,VIIRS,n,2,294.02,1.15,D,0
30.88955,75.90565,308.08,0.39,0.36,2025-08-18,2038,N20,VIIRS,n,2,292.73,1.71,N,0
30.60439,75.63346,338.16,0.43,0.46,2025-09-13,0826,N20,VIIRS,n,2,291.92,9.55,D,0
31.19058,76.04471,333.87,0.46,0.47,2025-09-13,0827,N20,VIIRS,n,2,291.84,4.81,D,0
30.49885,75.87446,346.28,0.39,0.36,2025-09-20,0755,N20,VIIRS,n,2,302.66,18.57,D,0
31.10714,76.22568,330.8,0.39,0.36,2025-09-20,0755,N20,VIIRS,n,2,298.8,1.83,D,0
31.19821,76.04845,332.85,0.39,0.36,2025-09-20,0755,N20,VIIRS,n,2,301.94,2.87,D,0
30.53208,75.39026,344.21,0.4,0.6,2025-09-22,0717,N20,VIIRS,n,2,299.65,4.44,D,0
30.49566,76.34955,332.92,0.39,0.36,2025-09-25,0801,N20,VIIRS,n,2,302.6,2.74,D,0
31.19383,75.49282,336.21,0.38,0.36,2025-09-25,0801,N20,VIIRS,n,2,305.5,2.89,D,0
31.07243,76.23042,335.9,0.42,0.37,2025-10-01,0749,N20,VIIRS,n,2,302.72,4.88,D,0
31.16068,75.50575,337.83,0.52,0.5,2025-10-04,0833,N20,VIIRS,n,2,298.36,4.75,D,0
30.67871,76.25911,305.94,0.49,0.4,2025-10-04,2056,N20,VIIRS,n,2,293.57,0.89,N,0
30.67841,76.26199,299.62,0.39,0.36,2025-10-10,2044,N20,VIIRS,n,2,287.72,0.81,N,0
30.49711,75.93646,346.49,0.38,0.36,2025-10-11,0801,N20,VIIRS,n,2,302.34,4.88,D,0
30.90529,76.25939,329.55,0.39,0.36,2025-10-11,0801,N20,VIIRS,n,2,300.03,0.82,D,0
31.28418,75.41057,346.34,0.4,0.37,2025-10-16,0807,N20,VIIRS,n,2,309.33,11.45,D,0
30.43985,76.29572,330.35,0.42,0.38,2025-10-17,0748,N20,VIIRS,n,2,303.46,1.7,D,0
30.45531,76.09606,330.36,0.43,0.38,2025-10-17,0748,N20,VIIRS,n,2,304.6,1.92,D,0
30.98564,75.43929,332.06,0.45,0.39,2025-10-17,0748,N20,VIIRS,n,2,303.33,3.32,D,0
30.46714,75.75323,332.01,0.45,0.39,2025-10-21,0814,N20,VIIRS,n,2,297.89,17.28,D,0
30.8696,76.39062,333.58,0.48,0.4,2025-10-21,0814,N20,VIIRS,n,2,300.91,4.11,D,0
31.03517,76.22389,333.3,0.47,0.4,2025-10-21,0814,N20,VIIRS,n,2,302.33,2.84,D,0
31.02924,76.0821,343.57,0.47,0.39,2025-10-21,0814,N20,VIIRS,n,2,304.36,7.1,D,0
31.21056,76.10845,332.66,0.47,0.4,2025-10-21,0814,N20,VIIRS,n,2,301.85,2.05,D,0
31.20772,75.88052,333.1,0.46,0.39,2025-10-21,0814,N20,VIIRS,n,2,302.02,7.19,D,0
31.20893,75.87777,341.8,0.46,0.39,2025-10-21,0814,N20,VIIRS,n,2,302.72,7.27,D,0
31.27501,75.42416,299.57,0.4,0.37,2025-10-21,2037,N20,VIIRS,n,2,289.2,0.32,N,0
31.06023,76.22185,343.29,0.39,0.36,2025-10-22,0755,N20,VIIRS,n,2,303.66,4.27,D,0
30.98079,75.52218,341.03,0.4,0.37,2025-10-22,0755,N20,VIIRS,n,2,301.75,4.31,D,0
30.97751,75.37689,331.42,0.4,0.37,2025-10-22,0755,N20,VIIRS,n,2,303.2,2.57,D,0
31.06566,75.89391,332.73,0.39,0.36,2025-10-22,0755,N20,VIIRS,l,2,303.11,5.33,D,0
31.12615,76.05716,334.56,0.39,0.36,2025-10-22,0755,N20,VIIRS,n,2,303.28,3.18,D,0
31.24398,75.88094,330.82,0.39,0.36,2025-10-22,0755,N20,VIIRS,n,2,301.41,1.9,D,0
31.12085,75.50869,304.37,0.41,0.45,2025-10-22,2019,N20,VIIRS,n,2,288.77,0.69,N,0
30.42245,76.32781,340.95,0.36,0.57,2025-10-25,0839,N20,VIIRS,n,2,301.3,4.88,D,0
30.85061,75.85775,333.52,0.34,0.56,2025-10-25,0839,N20,VIIRS,n,2,300.72,2.63,D,0
30.85273,75.85752,335.1,0.34,0.56,2025-10-25,0839,N20,VIIRS,n,2,301.67,2.32,D,0
31.00621,76.21693,339.98,0.35,0.57,2025-10-25,0839,N20,VIIRS,n,2,300.08,1.87,D,0
30.97928,75.52863,335.77,0.32,0.55,2025-10-25,0839,N20,VIIRS,n,2,301.75,2.08,D,0
30.45914,76.05954,330.02,0.55,0.42,2025-10-26,0820,N20,VIIRS,l,2,302.51,3.88,D,0
30.62698,76.35295,337.81,0.57,0.43,2025-10-26,0820,N20,VIIRS,n,2,302.74,4.27,D,0
30.57997,75.89602,332.19,0.54,0.42,2025-10-26,0820,N20,VIIRS,n,2,303.91,1.67,D,0
30.59266,75.47051,331.71,0.51,0.41,2025-10-26,0820,N20,VIIRS,l,2,302.77,2.41,D,0
30.6681,76.18924,333.71,0.56,0.43,2025-10-26,0820,N20,VIIRS,n,2,305.07,3.15,D,0
30.59568,75.46747,333.21,0.51,0.41,2025-10-26,0820,N20,VIIRS,l,2,303.75,2.87,D,0
30.85783,76.31614,330.27,0.57,0.43,2025-10-26,0820,N20,VIIRS,n,2,303.94,2.25,D,0
31.04931,75.40314,302.8,0.38,0.36,2025-10-26,2044,N20,VIIRS,n,2,288.92,0.59,N,0
31.04869,75.40713,309.72,0.38,0.36,2025-10-26,2044,N20,VIIRS,n,2,289.37,0.84,N,0
30.43544,75.7707,335.35,0.38,0.36,2025-10-27,0801,N20,VIIRS,n,2,304.97,5.76,D,0
30.52527,75.71231,337.3,0.38,0.36,2025-10-27,0801,N20,VIIRS,n,2,302.77,2.13,D,0
30.56629,75.96217,344.68,0.38,0.36,2025-10-27,0801,N20,VIIRS,n,2,306.06,6.63,D,0
30.52856,75.71165,330.33,0.38,0.36,2025-10-27,0801,N20,VIIRS,n,2,302.29,2.13,D,0
30.72467,76.09122,334.93,0.39,0.36,2025-10-27,0801,N20,VIIRS,n,2,304.88,2.68,D,0
30.68793,75.61889,330.41,0.38,0.36,2025-10-27,0801,N20,VIIRS,n,2,302.65,2.13,D,0
30.81561,75.83496,338.71,0.38,0.36,2025-10-27,0801,N20,VIIRS,n,2,303.35,2.49,D,0
31.00564,76.01591,345.29,0.39,0.36,2025-10-27,0801,N20,VIIRS,n,2,303.35,6.02,D,0
30.94271,75.59611,333.01,0.38,0.36,2025-10-27,0801,N20,VIIRS,n,2,303.33,2.72,D,0
31.06875,76.14401,334.7,0.39,0.36,2025-10-27,0801,N20,VIIRS,n,2,303.87,2.26,D,0
30.98473,75.55907,345.81,0.38,0.36,2025-10-27,0801,N20,VIIRS,n,2,303.21,5.73,D,0
30.99191,75.56171,342.01,0.38,0.36,2025-10-27,0801,N20,VIIRS,n,2,303.52,3.66,D,0
31.21234,76.17484,331.32,0.39,0.36,2025-10-27,0801,N20,VIIRS,n,2,305.95,1.99,D,0
31.18222,75.74213,346.57,0.38,0.36,2025-10-27,0801,N20,VIIRS,n,2,305.49,7.37,D,0
31.20485,75.62193,332.16,0.38,0.36,2025-10-27,0801,N20,VIIRS,n,2,303.7,1.81,D,0
31.18557,75.44891,331.15,0.38,0.36,2025-10-27,0801,N20,VIIRS,n,2,305.26,1.17,D,0
30.91849,75.84158,307.01,0.49,0.4,2025-10-27,2025,N20,VIIRS,n,2,292.94,0.83,N,0
30.81125,76.25328,312.66,0.47,0.4,2025-10-27,2025,N20,VIIRS,n,2,290.43,1.11,N,0
30.81037,76.25581,312.59,0.47,0.4,2025-10-27,2025,N20,VIIRS,n,2,289.98,1.47,N,0
30.49652,76.05996,332.04,0.49,0.41,2025-10-28,0742,N20,VIIRS,l,2,303.27,4.08,D,0
30.62039,75.63412,332.31,0.51,0.41,2025-10-28,0743,N20,VIIRS,n,2,301.36,10.68,D,0
30.93118,75.97758,332.42,0.49,0.4,2025-10-28,0743,N20,VIIRS,n,2,300.97,3.07,D,0
31.1646,75.73254,301.48,0.61,0.54,2025-10-28,2006,N20,VIIRS,n,2,289.02,1.19,N,0
30.81172,76.01432,306,0.58,0.52,2025-10-28,2006,N20,VIIRS,n,2,289.46,1.25,N,0
30.58822,75.5186,350.47,0.32,0.54,2025-10-29,0724,N20,VIIRS,n,2,300.34,12.32,D,0
30.8475,76.27828,329.79,0.57,0.52,2025-10-29,0724,N20,VIIRS,n,2,299.96,3.58,D,0
30.97971,75.6,335.53,0.78,0.78,2025-10-29,0904,N20,VIIRS,n,2,296.49,5.5,D,0
30.42402,75.50932,367,0.4,0.6,2025-10-30,0845,N20,VIIRS,h,2,296.99,7.21,D,0
30.42352,75.50956,352.24,0.4,0.6,2025-10-30,0845,N20,VIIRS,n,2,296.48,8.78,D,0
30.45892,75.79011,335.05,0.41,0.61,2025-10-30,0845,N20,VIIRS,n,2,296.85,2.26,D,0
30.53751,75.77922,342.54,0.41,0.61,2025-10-30,0845,N20,VIIRS,n,2,298.69,5.45,D,0
30.53743,75.72408,339.02,0.41,0.61,2025-10-30,0845,N20,VIIRS,n,2,297.3,2.89,D,0
30.99623,75.6926,338.35,0.41,0.61,2025-10-30,0846,N20,VIIRS,n,2,298.08,3.4,D,0
30.46004,76.3458,341.97,0.46,0.47,2025-10-31,0827,N20,VIIRS,n,2,306.94,9.57,D,0
30.4608,76.34752,343.04,0.46,0.47,2025-10-31,0827,N20,VIIRS,n,2,307.21,15.85,D,0
30.43342,75.84682,336.2,0.43,0.46,2025-10-31,0827,N20,VIIRS,n,2,302.32,2.8,D,0
30.45798,76.04881,331.71,0.45,0.47,2025-10-31,0827,N20,VIIRS,n,2,303.46,2.97,D,0
30.43272,75.75544,336.95,0.43,0.46,2025-10-31,0827,N20,VIIRS,n,2,303.82,3.52,D,0
30.5088,76.38577,346.28,0.47,0.48,2025-10-31,0827,N20,VIIRS,n,2,303.07,6.09,D,0
30.43479,75.65128,348.39,0.42,0.45,2025-10-31,0827,N20,VIIRS,n,2,303.19,7.15,D,0
30.49979,76.24951,337.77,0.46,0.47,2025-10-31,0827,N20,VIIRS,n,2,302.46,6.89,D,0
30.45898,75.6795,336.56,0.43,0.46,2025-10-31,0827,N20,VIIRS,n,2,302.85,2.91,D,0
30.54431,76.34167,340.18,0.46,0.47,2025-10-31,0827,N20,VIIRS,n,2,303.58,4.38,D,0
30.56468,76.17918,340.61,0.46,0.47,2025-10-31,0827,N20,VIIRS,n,2,303.36,4.01,D,0
30.56111,75.92324,337.29,0.44,0.46,2025-10-31,0827,N20,VIIRS,n,2,301.78,2.74,D,0
30.59317,76.11292,334.04,0.45,0.47,2025-10-31,0827,N20,VIIRS,n,2,301.17,2.29,D,0
30.56656,75.72434,330.84,0.43,0.46,2025-10-31,0827,N20,VIIRS,n,2,301.01,2.86,D,0
30.58668,75.71253,337,0.43,0.46,2025-10-31,0827,N20,VIIRS,n,2,302.09,3.01,D,0
30.62519,75.99931,330.76,0.45,0.47,2025-10-31,0827,N20,VIIRS,n,2,301.7,1.72,D,0
30.58743,75.42318,341.38,0.41,0.45,2025-10-31,0827,N20,VIIRS,n,2,303.77,5.92,D,0
30.70605,75.95698,337.07,0.44,0.46,2025-10-31,0827,N20,VIIRS,n,2,302.51,2.56,D,0
30.70492,75.60876,330.31,0.42,0.46,2025-10-31,0827,N20,VIIRS,n,2,302.66,1.88,D,0
30.72532,75.47631,341.44,0.42,0.45,2025-10-31,0827,N20,VIIRS,n,2,301.61,3.59,D,0
30.8775,76.1006,333.43,0.45,0.47,2025-10-31,0827,N20,VIIRS,n,2,300.55,1.43,D,0
31.07873,75.5018,331.32,0.42,0.45,2025-10-31,0827,N20,VIIRS,n,2,301.9,2.01,D,0
31.27415,75.951,314.64,0.41,0.37,2025-10-31,2050,N20,VIIRS,n,2,288.79,1.28,N,0
31.24692,76.08662,306.77,0.41,0.37,2025-10-31,2050,N20,VIIRS,n,2,289.23,1.03,N,0
31.24354,76.08582,301.65,0.41,0.37,2025-10-31,2050,N20,VIIRS,n,2,289.02,1.03,N,0
30.99809,75.7718,300.77,0.41,0.37,2025-10-31,2050,N20,VIIRS,n,2,288.99,0.27,N,0
30.44499,76.29081,335.27,0.41,0.37,2025-11-01,0808,N20,VIIRS,n,2,302.55,6.27,D,0
30.44192,76.21661,334.16,0.41,0.37,2025-11-01,0808,N20,VIIRS,n,2,303,3.73,D,0
30.42465,75.98887,348.54,0.41,0.37,2025-11-01,0808,N20,VIIRS,n,2,303.69,5.02,D,0
30.42979,76.00092,348.37,0.41,0.37,2025-11-01,0808,N20,VIIRS,n,2,304.11,6.49,D,0
30.45389,76.07467,330.14,0.41,0.37,2025-11-01,0808,N20,VIIRS,n,2,303.58,1.59,D,0
30.4248,75.78305,336.15,0.4,0.37,2025-11-01,0808,N20,VIIRS,n,2,303.62,3.3,D,0
30.51146,76.37286,334.3,0.42,0.38,2025-11-01,0808,N20,VIIRS,n,2,300.63,3.03,D,0
30.44585,75.86069,339.25,0.4,0.37,2025-11-01,0808,N20,VIIRS,n,2,302.42,3.76,D,0
30.51176,76.19177,333.51,0.41,0.37,2025-11-01,0808,N20,VIIRS,n,2,301.68,3.63,D,0
30.45746,75.79417,332.85,0.4,0.37,2025-11-01,0808,N20,VIIRS,l,2,303.43,1.85,D,0
30.49898,76.07169,333.75,0.41,0.37,2025-11-01,0808,N20,VIIRS,n,2,301.82,2.97,D,0
30.46064,75.74222,334.96,0.4,0.37,2025-11-01,0808,N20,VIIRS,n,2,302.35,2.29,D,0
30.55906,76.41333,338.72,0.42,0.38,2025-11-01,0808,N20,VIIRS,n,2,302.53,10.29,D,0
30.51375,76.07772,343.95,0.41,0.37,2025-11-01,0808,N20,VIIRS,n,2,306.35,8.58,D,0
30.51715,76.0771,341.16,0.41,0.37,2025-11-01,0808,N20,VIIRS,n,2,302.96,8.58,D,0
30.56653,76.41646,339.82,0.42,0.38,2025-11-01,0808,N20,VIIRS,n,2,305.34,16.98,D,0
30.47644,75.75641,331.08,0.4,0.37,2025-11-01,0808,N20,VIIRS,n,2,305.02,2.24,D,0
30.55793,75.83698,333.75,0.4,0.37,2025-11-01,0808,N20,VIIRS,n,2,302.51,2.49,D,0
30.56584,75.84414,343.71,0.4,0.37,2025-11-01,0808,N20,VIIRS,n,2,301.37,4.14,D,0
30.65175,76.34929,331.48,0.42,0.38,2025-11-01,0808,N20,VIIRS,n,2,299.25,2.87,D,0
30.58539,75.56248,333.08,0.4,0.37,2025-11-01,0808,N20,VIIRS,n,2,302.85,1.96,D,0
30.71025,76.3656,334.9,0.42,0.38,2025-11-01,0808,N20,VIIRS,n,2,302.2,13.91,D,0
30.60843,75.49437,334.37,0.4,0.37,2025-11-01,0808,N20,VIIRS,n,2,301.92,2.23,D,0
30.63224,75.56635,334.5,0.4,0.37,2025-11-01,0808,N20,VIIRS,n,2,304.01,6.25,D,0
30.69445,75.9678,338.5,0.41,0.37,2025-11-01,0808,N20,VIIRS,n,2,303.67,3.3,D,0
30.66536,75.7054,331.43,0.4,0.37,2025-11-01,0808,N20,VIIRS,n,2,304.08,2.4,D,0
30.64679,75.44904,344.34,0.4,0.37,2025-11-01,0808,N20,VIIRS,n,2,304.43,7.48,D,0
30.67708,75.46877,333.3,0.4,0.37,2025-11-01,0808,N20,VIIRS,n,2,300.82,2.52,D,0
30.74273,75.45743,335.48,0.4,0.37,2025-11-01,0808,N20,VIIRS,n,2,302.03,3.05,D,0
30.9668,76.30471,337.17,0.42,0.38,2025-11-01,0808,N20,VIIRS,n,2,300.45,3.64,D,0
30.93946,75.79459,330.61,0.41,0.37,2025-11-01,0808,N20,VIIRS,n,2,299.91,2.16,D,0
31.01446,76.3186,334.8,0.42,0.38,2025-11-01,0808,N20,VIIRS,n,2,303.69,6.45,D,0
31.01298,76.22943,333.64,0.42,0.37,2025-11-01,0808,N20,VIIRS,n,2,301.6,5.43,D,0
30.98408,75.55901,345.78,0.4,0.37,2025-11-01,0808,N20,VIIRS,n,2,305.34,9.68,D,0
30.98117,75.53813,332.1,0.4,0.37,2025-11-01,0808,N20,VIIRS,n,2,300.87,4.77,D,0
30.98059,75.53396,330.61,0.4,0.37,2025-11-01,0808,N20,VIIRS,n,2,304.95,4.77,D,0
31.01224,75.68717,338.95,0.4,0.37,2025-11-01,0808,N20,VIIRS,n,2,303.09,6.49,D,0
30.99825,75.58639,332.26,0.4,0.37,2025-11-01,0808,N20,VIIRS,n,2,302.81,2.42,D,0
31.01562,75.68654,332.4,0.4,0.37,2025-11-01,0808,N20,VIIRS,n,2,301.9,3.06,D,0
31.05709,75.86118,334.54,0.41,0.37,2025-11-01,0808,N20,VIIRS,n,2,302.23,4.73,D,0
31.01261,75.54081,333.51,0.4,0.37,2025-11-01,0808,N20,VIIRS,n,2,301.69,2.27,D,0
31.06048,75.86056,335.96,0.41,0.37,2025-11-01,0808,N20,VIIRS,n,2,302.48,6.39,D,0
31.17077,75.87536,339.72,0.41,0.37,2025-11-01,0808,N20,VIIRS,n,2,301.72,4.55,D,0
31.24895,76.03868,333.33,0.41,0.37,2025-11-01,0808,N20,VIIRS,n,2,302.68,5.91,D,0
31.28241,75.74329,332.42,0.41,0.37,2025-11-01,0808,N20,VIIRS,n,2,301.73,2.25,D,0
31.31034,75.8212,331.49,0.41,0.37,2025-11-01,0808,N20,VIIRS,n,2,300.17,1.62,D,0
31.15618,75.97138,321.41,0.42,0.38,2025-11-01,2032,N20,VIIRS,n,2,288.55,2.04,N,0
30.42137,76.3771,338.93,0.42,0.37,2025-11-02,0749,N20,VIIRS,n,2,310.08,23.24,D,0
30.43239,76.01488,341.5,0.43,0.38,2025-11-02,0749,N20,VIIRS,n,2,304.41,3.82,D,0
30.45758,75.95398,338.55,0.43,0.38,2025-11-02,0749,N20,VIIRS,n,2,304.78,6.21,D,0
30.46525,75.95679,333.74,0.43,0.38,2025-11-02,0749,N20,VIIRS,n,2,304.77,10.46,D,0
30.43126,75.74221,335.16,0.44,0.38,2025-11-02,0749,N20,VIIRS,l,2,306.44,22.61,D,0
30.47512,75.69976,341.78,0.44,0.38,2025-11-02,0749,N20,VIIRS,n,2,305.19,6.25,D,0
30.56202,76.04919,336.77,0.43,0.38,2025-11-02,0749,N20,VIIRS,n,2,303.57,4.82,D,0
30.56885,75.96531,343,0.43,0.38,2025-11-02,0749,N20,VIIRS,n,2,306.31,9.17,D,0
30.58223,75.93922,333.05,0.43,0.38,2025-11-02,0749,N20,VIIRS,n,2,302.55,3.67,D,0
30.58642,75.90141,337.82,0.43,0.38,2025-11-02,0749,N20,VIIRS,n,2,302.7,2.27,D,0
30.58096,75.82874,340.12,0.43,0.38,2025-11-02,0749,N20,VIIRS,n,2,308.16,16.68,D,0
30.61857,75.96288,341.59,0.43,0.38,2025-11-02,0749,N20,VIIRS,n,2,302.93,4.57,D,0
30.70824,76.36366,342.04,0.42,0.37,2025-11-02,0749,N20,VIIRS,n,2,308.19,20.43,D,0
30.63847,75.8402,330.31,0.43,0.38,2025-11-02,0749,N20,VIIRS,n,2,303.7,2.72,D,0
30.61777,75.68207,334.33,0.44,0.38,2025-11-02,0749,N20,VIIRS,n,2,302.93,3.28,D,0
30.60201,75.57278,333.02,0.44,0.38,2025-11-02,0749,N20,VIIRS,n,2,304.01,3.28,D,0
30.6012,75.56824,332.94,0.44,0.38,2025-11-02,0749,N20,VIIRS,n,2,305.29,3.28,D,0
30.59089,75.48994,333.21,0.44,0.39,2025-11-02,0749,N20,VIIRS,n,2,307.7,8.23,D,0
30.68084,75.95921,339.89,0.43,0.38,2025-11-02,0749,N20,VIIRS,n,2,304.39,5.16,D,0
30.64275,75.74163,341.56,0.44,0.38,2025-11-02,0749,N20,VIIRS,n,2,302.81,3.59,D,0
30.74818,76.28757,330.65,0.42,0.37,2025-11-02,0749,N20,VIIRS,n,2,303.22,2.24,D,0
30.66166,75.74651,340.18,0.43,0.38,2025-11-02,0749,N20,VIIRS,n,2,304.11,3.87,D,0
30.63102,75.4899,330.25,0.44,0.39,2025-11-02,0749,N20,VIIRS,n,2,304.62,2.28,D,0
30.76269,75.90461,332.6,0.43,0.38,2025-11-02,0749,N20,VIIRS,n,2,303.69,3.85,D,0
30.69641,75.50919,334.3,0.44,0.39,2025-11-02,0749,N20,VIIRS,n,2,303.78,4.19,D,0
30.72565,75.6533,331.19,0.44,0.38,2025-11-02,0749,N20,VIIRS,l,2,305.44,3.37,D,0
30.86515,76.33308,332.05,0.41,0.37,2025-11-02,0749,N20,VIIRS,n,2,301.31,1.98,D,0
30.74776,75.44929,347.03,0.44,0.39,2025-11-02,0749,N20,VIIRS,n,2,304.63,6.09,D,0
30.80362,75.41415,337.32,0.45,0.39,2025-11-02,0749,N20,VIIRS,n,2,303.29,3.13,D,0
30.96358,76.28953,336.56,0.42,0.37,2025-11-02,0749,N20,VIIRS,n,2,301.92,3.3,D,0
30.97574,76.34019,331.06,0.41,0.37,2025-11-02,0749,N20,VIIRS,n,2,301.06,2.2,D,0
30.97063,76.3102,334.71,0.41,0.37,2025-11-02,0749,N20,VIIRS,n,2,299.33,1.64,D,0
30.97402,76.30943,331.05,0.41,0.37,2025-11-02,0749,N20,VIIRS,n,2,300.81,2.14,D,0
30.88298,75.51097,330.37,0.44,0.38,2025-11-02,0749,N20,VIIRS,l,2,302.3,2.99,D,0
30.98498,76.04728,344.88,0.42,0.38,2025-11-02,0749,N20,VIIRS,n,2,301.61,6.3,D,0
30.88714,75.45301,334.19,0.44,0.39,2025-11-02,0749,N20,VIIRS,n,2,305.68,10.87,D,0
31.03056,76.20803,332.61,0.42,0.37,2025-11-02,0749,N20,VIIRS,n,2,301.78,3.44,D,0
30.99134,75.85854,332.88,0.43,0.38,2025-11-02,0749,N20,VIIRS,n,2,302,3.31,D,0
31.05006,76.13609,332.58,0.42,0.38,2025-11-02,0749,N20,VIIRS,n,2,300.52,2.38,D,0
31.05272,76.13096,335.19,0.42,0.38,2025-11-02,0749,N20,VIIRS,n,2,300.62,5.57,D,0
31.03255,75.9725,333.04,0.42,0.38,2025-11-02,0749,N20,VIIRS,n,2,301.53,3.14,D,0
30.98584,75.64176,341.79,0.44,0.38,2025-11-02,0749,N20,VIIRS,n,2,301.6,3.74,D,0
30.98143,75.59595,334.97,0.44,0.38,2025-11-02,0749,N20,VIIRS,n,2,304.72,7.8,D,0
30.98064,75.59143,330.27,0.44,0.38,2025-11-02,0749,N20,VIIRS,l,2,302.23,6.1,D,0
31.12498,76.18243,331.67,0.42,0.37,2025-11-02,0749,N20,VIIRS,n,2,301.82,1.96,D,0
31.04164,75.52154,339.78,0.44,0.38,2025-11-02,0749,N20,VIIRS,n,2,309.2,24.54,D,0
31.15158,75.94547,340.54,0.42,0.38,2025-11-02,0749,N20,VIIRS,n,2,302.61,4.51,D,0
31.21053,76.20746,330.78,0.42,0.37,2025-11-02,0749,N20,VIIRS,n,2,303.15,2.02,D,0
31.2262,76.0744,353.28,0.42,0.38,2025-11-02,0749,N20,VIIRS,n,2,309.18,17.52,D,0
31.24823,76.03761,332.7,0.42,0.38,2025-11-02,0749,N20,VIIRS,n,2,303,2.33,D,0
30.51602,75.7591,330.97,0.5,0.49,2025-11-03,0730,N20,VIIRS,n,2,302.98,1.5,D,0
30.55422,75.82833,345.5,0.49,0.49,2025-11-03,0730,N20,VIIRS,n,2,306.48,7.96,D,0
30.63327,75.83482,330.92,0.49,0.49,2025-11-03,0730,N20,VIIRS,l,2,302.29,5.77,D,0
30.60801,75.63265,335.63,0.5,0.49,2025-11-03,0730,N20,VIIRS,n,2,303.72,4.08,D,0
30.66491,75.431,340.8,0.52,0.5,2025-11-03,0730,N20,VIIRS,n,2,305.84,6.06,D,0
30.93067,76.28843,334.86,0.46,0.47,2025-11-03,0730,N20,VIIRS,n,2,303.11,4.16,D,0
30.92928,76.2907,333.46,0.46,0.47,2025-11-03,0730,N20,VIIRS,n,2,303.32,3.26,D,0
30.97271,76.11373,343.74,0.47,0.47,2025-11-03,0730,N20,VIIRS,n,2,303.4,6.37,D,0
31.03802,76.17804,333.43,0.46,0.47,2025-11-03,0730,N20,VIIRS,n,2,302.5,2.26,D,0
31.08787,76.30753,334.8,0.45,0.47,2025-11-03,0730,N20,VIIRS,n,2,301.39,2.54,D,0
31.00682,75.819,331.72,0.48,0.48,2025-11-03,0730,N20,VIIRS,n,2,302.96,1.67,D,0
30.98475,75.60758,333.12,0.5,0.49,2025-11-03,0730,N20,VIIRS,n,2,303.11,3.22,D,0
31.14676,75.76527,334.12,0.48,0.48,2025-11-03,0730,N20,VIIRS,n,2,303.74,11.7,D,0
31.14635,75.76341,342.01,0.48,0.48,2025-11-03,0730,N20,VIIRS,n,2,307.75,15.53,D,0
31.14527,75.75846,330.81,0.48,0.48,2025-11-03,0730,N20,VIIRS,n,2,304.53,15.53,D,0
31.23504,75.89867,340.62,0.47,0.48,2025-11-03,0730,N20,VIIRS,n,2,302.86,2.88,D,0
30.42145,75.75156,367,0.47,0.64,2025-11-04,0711,N20,VIIRS,h,2,297.85,9.16,D,0
30.42045,75.75012,367,0.47,0.64,2025-11-04,0712,N20,VIIRS,h,2,298.38,7.34,D,0
30.70948,75.57861,337.66,0.48,0.64,2025-11-04,0712,N20,VIIRS,n,2,296.33,7.87,D,0
30.67024,75.52908,331.11,0.48,0.65,2025-11-04,0712,N20,VIIRS,n,2,296.03,2.88,D,0
30.70822,75.5788,336.17,0.48,0.64,2025-11-04,0712,N20,VIIRS,n,2,296.16,7.93,D,0
30.42844,76.25692,331.13,0.55,0.68,2025-11-04,0852,N20,VIIRS,n,2,296.49,6.23,D,0
30.42486,76.26022,338.08,0.55,0.68,2025-11-04,0852,N20,VIIRS,n,2,295.58,4.71,D,0
30.4432,75.66799,345.72,0.51,0.66,2025-11-04,0852,N20,VIIRS,n,2,294.7,5.32,D,0
30.5154,75.84393,341.3,0.52,0.67,2025-11-04,0852,N20,VIIRS,n,2,294.25,4.4,D,0
30.52029,75.39832,349.91,0.49,0.65,2025-11-04,0852,N20,VIIRS,n,2,290.47,4.49,D,0
30.52635,75.3979,332.34,0.49,0.65,2025-11-04,0852,N20,VIIRS,n,2,296.13,4.49,D,0
30.58808,75.71927,338.84,0.51,0.66,2025-11-04,0852,N20,VIIRS,n,2,294.21,2.87,D,0
30.58178,75.72776,333.81,0.52,0.66,2025-11-04,0852,N20,VIIRS,n,2,294.71,7.5,D,0
30.66077,75.38539,339.92,0.49,0.65,2025-11-04,0852,N20,VIIRS,n,2,296.27,6.4,D,0
30.70873,75.5729,335.45,0.5,0.66,2025-11-04,0852,N20,VIIRS,n,2,293.74,4.6,D,0
30.73785,75.87707,336.37,0.53,0.67,2025-11-04,0852,N20,VIIRS,n,2,295.68,6.02,D,0
30.74191,75.39394,367,0.49,0.65,2025-11-04,0852,N20,VIIRS,h,2,296.55,21.6,D,0
30.80082,75.79745,345.28,0.52,0.67,2025-11-04,0852,N20,VIIRS,n,2,295.5,5.73,D,0
31.13665,75.39188,333.61,0.5,0.66,2025-11-04,0852,N20,VIIRS,n,2,293.49,4.93,D,0
31.24409,75.92284,338.62,0.54,0.68,2025-11-04,0852,N20,VIIRS,n,2,295.93,5.57,D,0
30.48054,75.66994,332.79,0.53,0.5,2025-11-05,0833,N20,VIIRS,n,2,300.33,3.26,D,0
30.48672,75.686,330.2,0.53,0.5,2025-11-05,0833,N20,VIIRS,n,2,300.2,3.52,D,0
30.63623,75.79128,337.24,0.54,0.51,2025-11-05,0833,N20,VIIRS,n,2,299.32,3.57,D,0
30.63385,75.78917,337.46,0.54,0.51,2025-11-05,0833,N20,VIIRS,n,2,300.11,5.09,D,0
30.63007,75.6931,332.75,0.53,0.5,2025-11-05,0833,N20,VIIRS,n,2,299.41,3.16,D,0
30.63936,75.69199,337.83,0.53,0.5,2025-11-05,0833,N20,VIIRS,n,2,300.99,4.61,D,0
30.61311,75.40212,337.37,0.51,0.49,2025-11-05,0833,N20,VIIRS,n,2,300.76,4.25,D,0
30.68731,75.80582,344.6,0.54,0.51,2025-11-05,0833,N20,VIIRS,n,2,302.15,14.56,D,0
30.7207,75.91183,338.28,0.55,0.51,2025-11-05,0833,N20,VIIRS,n,2,299.72,4.58,D,0
30.72658,75.67051,335.7,0.53,0.5,2025-11-05,0833,N20,VIIRS,n,2,300.39,5.33,D,0
30.72558,75.67454,338.29,0.53,0.5,2025-11-05,0833,N20,VIIRS,n,2,300.34,2.91,D,0
30.78898,75.80397,333.28,0.54,0.51,2025-11-05,0833,N20,VIIRS,n,2,299.68,4.76,D,0
30.93887,76.13155,339.51,0.57,0.52,2025-11-05,0833,N20,VIIRS,n,2,298.23,10.83,D,0
30.97301,76.18856,332.56,0.57,0.52,2025-11-05,0833,N20,VIIRS,n,2,296.86,3.37,D,0
30.97255,76.1875,339.45,0.57,0.52,2025-11-05,0833,N20,VIIRS,n,2,297.83,6.42,D,0
31.00068,76.2335,330.77,0.58,0.52,2025-11-05,0833,N20,VIIRS,n,2,296.71,2.58,D,0
31.14571,76.18351,295.94,0.48,0.4,2025-11-05,2057,N20,VIIRS,n,2,284.85,0.53,N,0
31.02337,75.59101,302.54,0.45,0.39,2025-11-05,2057,N20,VIIRS,n,2,283.11,0.85,N,0
31.04842,75.43726,299.84,0.45,0.39,2025-11-05,2057,N20,VIIRS,n,2,282.96,0.49,N,0
31.04757,75.44186,297.06,0.45,0.39,2025-11-05,2057,N20,VIIRS,n,2,283.88,0.49,N,0
31.02371,75.59321,296.36,0.45,0.39,2025-11-05,2057,N20,VIIRS,n,2,283.01,0.83,N,0
31.04809,75.43918,308.4,0.45,0.39,2025-11-05,2057,N20,VIIRS,n,2,283.58,1.1,N,0
31.0398,75.38424,303.9,0.45,0.39,2025-11-05,2057,N20,VIIRS,n,2,283.57,0.69,N,0
30.80794,76.12634,327.58,0.48,0.4,2025-11-05,2057,N20,VIIRS,n,2,285.44,5.83,N,0
30.807,76.13126,320.44,0.48,0.4,2025-11-05,2057,N20,VIIRS,n,2,288.86,5.83,N,0
30.80739,76.13013,340.95,0.48,0.4,2025-11-05,2057,N20,VIIRS,n,2,288.32,10.49,N,0
30.742,76.27505,320.28,0.49,0.4,2025-11-05,2057,N20,VIIRS,n,2,291.62,7.97,N,0
30.74295,76.27003,302.52,0.49,0.4,2025-11-05,2057,N20,VIIRS,n,2,285.78,7.97,N,0
30.60406,76.22167,331.73,0.49,0.4,2025-11-05,2057,N20,VIIRS,n,2,287.08,8.09,N,0
30.59477,75.85209,310.25,0.47,0.4,2025-11-05,2057,N20,VIIRS,n,2,284.94,0.84,N,0
30.50635,76.0814,335.35,0.47,0.39,2025-11-06,0814,N20,VIIRS,n,2,302.93,4.18,D,0
30.60205,76.22255,333.56,0.47,0.4,2025-11-06,0814,N20,VIIRS,n,2,302,3.3,D,0
30.58839,75.71607,331.75,0.45,0.39,2025-11-06,0814,N20,VIIRS,n,2,304.61,1.69,D,0
30.5949,75.73901,334.35,0.45,0.39,2025-11-06,0814,N20,VIIRS,n,2,305.15,2.3,D,0
30.5986,75.62347,332.62,0.45,0.39,2025-11-06,0814,N20,VIIRS,n,2,304.64,1.65,D,0
30.63649,75.86768,334.58,0.46,0.39,2025-11-06,0814,N20,VIIRS,n,2,304.42,2.78,D,0
30.60158,75.58967,336.27,0.45,0.39,2025-11-06,0814,N20,VIIRS,n,2,307.67,6.22,D,0
30.63059,75.64671,337.07,0.45,0.39,2025-11-06,0814,N20,VIIRS,n,2,305.89,3.31,D,0
30.73869,76.27388,339.35,0.48,0.4,2025-11-06,0814,N20,VIIRS,n,2,303.66,4.52,D,0
30.64043,75.4696,335.14,0.44,0.39,2025-11-06,0814,N20,VIIRS,n,2,306.21,4.19,D,0
30.65395,75.46259,332.56,0.44,0.39,2025-11-06,0814,N20,VIIRS,n,2,304.79,1.77,D,0
30.69915,75.42345,332.84,0.44,0.38,2025-11-06,0814,N20,VIIRS,l,2,304.73,2.35,D,0
30.72513,75.54182,334.91,0.45,0.39,2025-11-06,0814,N20,VIIRS,n,2,306.59,6.62,D,0
30.80614,76.12864,333.64,0.47,0.4,2025-11-06,0814,N20,VIIRS,n,2,303.43,3.13,D,0
30.73749,75.49707,336.77,0.44,0.39,2025-11-06,0814,N20,VIIRS,n,2,306.19,6.26,D,0
30.96778,76.20112,338.06,0.48,0.4,2025-11-06,0814,N20,VIIRS,n,2,302.59,4.44,D,0
30.95964,76.10629,334.71,0.47,0.4,2025-11-06,0814,N20,VIIRS,n,2,301.19,3.59,D,0
30.97104,76.20192,337.23,0.48,0.4,2025-11-06,0814,N20,VIIRS,n,2,301.04,2.74,D,0
30.95972,76.10751,334.54,0.47,0.4,2025-11-06,0814,N20,VIIRS,n,2,300.81,2.64,D,0
30.88023,75.46133,330.37,0.44,0.39,2025-11-06,0814,N20,VIIRS,l,2,303.07,1.78,D,0
31.01987,76.20417,334.31,0.48,0.4,2025-11-06,0814,N20,VIIRS,n,2,302.87,3.11,D,0
31.03391,76.19678,330.67,0.48,0.4,2025-11-06,0814,N20,VIIRS,l,2,303.54,1.88,D,0
31.01206,75.69815,330.01,0.45,0.39,2025-11-06,0814,N20,VIIRS,n,2,301.5,2.52,D,0
31.02344,75.45322,333.65,0.45,0.39,2025-11-06,0814,N20,VIIRS,n,2,303.25,3.13,D,0
31.09256,75.7405,331.86,0.46,0.39,2025-11-06,0814,N20,VIIRS,n,2,300.14,2.53,D,0
31.09196,75.73571,331.74,0.46,0.39,2025-11-06,0814,N20,VIIRS,l,2,303.16,2.53,D,0
31.24681,75.90445,332.24,0.47,0.39,2025-11-06,0814,N20,VIIRS,n,2,301.79,1.47,D,0
30.80754,76.12948,296.88,0.39,0.36,2025-11-06,2038,N20,VIIRS,n,2,284.81,0.44,N,0
30.7413,76.27369,304.03,0.39,0.36,2025-11-06,2038,N20,VIIRS,n,2,285.58,0.72,N,0
30.60634,76.22212,296.11,0.39,0.36,2025-11-06,2038,N20,VIIRS,n,2,284.44,0.32,N,0
30.60304,76.22145,305.08,0.39,0.36,2025-11-06,2038,N20,VIIRS,n,2,284.26,0.63,N,0
30.49294,76.3973,330.66,0.39,0.36,2025-11-07,0755,N20,VIIRS,l,2,303.13,0.96,D,0
30.43656,75.8774,337.53,0.39,0.36,2025-11-07,0755,N20,VIIRS,n,2,307.4,2.9,D,0
30.461,75.94335,335.55,0.39,0.36,2025-11-07,0755,N20,VIIRS,n,2,306.9,4.89,D,0
30.48782,76.06703,337.09,0.39,0.36,2025-11-07,0755,N20,VIIRS,n,2,304.87,2.08,D,0
30.56527,76.29556,330.48,0.39,0.36,2025-11-07,0755,N20,VIIRS,n,2,304.48,2.05,D,0
30.58704,76.39021,331.2,0.39,0.36,2025-11-07,0755,N20,VIIRS,n,2,304.17,2.03,D,0
30.53679,76.05236,333.76,0.39,0.36,2025-11-07,0755,N20,VIIRS,l,2,304.5,5.97,D,0
30.53565,76.00252,338.47,0.39,0.36,2025-11-07,0755,N20,VIIRS,n,2,303.04,2.54,D,0
30.52685,75.6776,335.97,0.4,0.37,2025-11-07,0755,N20,VIIRS,n,2,306.61,2.6,D,0
30.58503,75.97186,331.04,0.39,0.36,2025-11-07,0755,N20,VIIRS,l,2,304.54,1.22,D,0
30.61304,76.10351,331.63,0.39,0.36,2025-11-07,0755,N20,VIIRS,n,2,303.09,2.23,D,0
30.65174,76.28213,334.85,0.39,0.36,2025-11-07,0755,N20,VIIRS,n,2,304.25,1.87,D,0
30.63686,75.89417,337.01,0.39,0.36,2025-11-07,0755,N20,VIIRS,n,2,306.72,4.27,D,0
30.62693,75.7281,333.22,0.39,0.37,2025-11-07,0755,N20,VIIRS,n,2,305.11,0.81,D,0
30.6175,75.62868,334.18,0.4,0.37,2025-11-07,0755,N20,VIIRS,n,2,304.94,1.91,D,0
30.6713,75.89509,345.81,0.39,0.36,2025-11-07,0755,N20,VIIRS,n,2,310.24,4.48,D,0
30.65484,75.77261,334.13,0.39,0.36,2025-11-07,0755,N20,VIIRS,n,2,304.37,16.68,D,0
30.65418,75.76853,340.1,0.39,0.36,2025-11-07,0755,N20,VIIRS,n,2,313.84,16.68,D,0
30.62611,75.59711,339.37,0.4,0.37,2025-11-07,0755,N20,VIIRS,n,2,307.06,3.8,D,0
30.6089,75.4091,334,0.4,0.37,2025-11-07,0755,N20,VIIRS,l,2,305.38,6.44,D,0
30.62994,75.51549,333.57,0.4,0.37,2025-11-07,0755,N20,VIIRS,n,2,305.75,2.96,D,0
30.64467,75.54203,352.86,0.4,0.37,2025-11-07,0755,N20,VIIRS,n,2,311.43,19.36,D,0
30.62022,75.39372,333.35,0.4,0.37,2025-11-07,0755,N20,VIIRS,l,2,304.89,3.35,D,0
30.62357,75.39298,341.88,0.4,0.37,2025-11-07,0755,N20,VIIRS,n,2,304.54,3.35,D,0
30.67411,75.67977,343.15,0.4,0.37,2025-11-07,0755,N20,VIIRS,n,2,306.4,8.44,D,0
30.71693,75.92292,332.85,0.39,0.36,2025-11-07,0755,N20,VIIRS,n,2,303.59,2.41,D,0
30.68408,75.67759,339.93,0.4,0.37,2025-11-07,0755,N20,VIIRS,n,2,303.87,5.13,D,0
30.6424,75.42307,345.94,0.4,0.37,2025-11-07,0755,N20,VIIRS,n,2,308.32,5.82,D,0
30.69737,75.69581,330.27,0.39,0.37,2025-11-07,0755,N20,VIIRS,n,2,304.9,1.62,D,0
30.70336,75.69027,333.89,0.39,0.37,2025-11-07,0755,N20,VIIRS,n,2,306.28,1.66,D,0
30.67462,75.49282,332.18,0.4,0.37,2025-11-07,0755,N20,VIIRS,n,2,304.89,0.88,D,0
30.69974,75.59042,337.19,0.4,0.37,2025-11-07,0755,N20,VIIRS,n,2,307.26,2.6,D,0
30.75697,75.91935,344.11,0.39,0.36,2025-11-07,0755,N20,VIIRS,n,2,305.83,5.32,D,0
30.76159,75.92673,335.69,0.39,0.36,2025-11-07,0755,N20,VIIRS,n,2,304.82,5.33,D,0
30.73653,75.75153,336.13,0.39,0.36,2025-11-07,0755,N20,VIIRS,n,2,304.97,5.72,D,0
30.68927,75.44369,335.2,0.4,0.37,2025-11-07,0755,N20,VIIRS,l,2,305.69,2.72,D,0
30.74914,75.74456,333.88,0.39,0.36,2025-11-07,0755,N20,VIIRS,l,2,307.56,3.19,D,0
30.7383,75.55219,341.9,0.4,0.37,2025-11-07,0755,N20,VIIRS,n,2,310.95,10.76,D,0
30.71453,75.40814,333.46,0.4,0.37,2025-11-07,0755,N20,VIIRS,n,2,305.14,2.18,D,0
30.75764,75.56493,337.19,0.4,0.37,2025-11-07,0755,N20,VIIRS,n,2,306.03,3.28,D,0
30.78386,75.43975,338,0.4,0.37,2025-11-07,0756,N20,VIIRS,n,2,303.97,2.87,D,0
30.78317,75.43563,333.1,0.4,0.37,2025-11-07,0756,N20,VIIRS,n,2,305.66,2.87,D,0
30.98232,75.90047,333.13,0.39,0.36,2025-11-07,0756,N20,VIIRS,n,2,302.09,2.78,D,0
31.01264,75.93996,331.1,0.39,0.36,2025-11-07,0756,N20,VIIRS,n,2,301.93,1.4,D,0
30.96435,75.49461,335.12,0.4,0.37,2025-11-07,0756,N20,VIIRS,n,2,302.04,3.88,D,0
30.95217,75.4205,337.46,0.4,0.37,2025-11-07,0756,N20,VIIRS,n,2,302.75,2.14,D,0
31.07269,76.12332,338.53,0.39,0.36,2025-11-07,0756,N20,VIIRS,n,2,303.68,5.61,D,0
30.95952,75.42314,334.55,0.4,0.37,2025-11-07,0756,N20,VIIRS,n,2,304.31,3.23,D,0
30.98305,75.52453,341.92,0.4,0.37,2025-11-07,0756,N20,VIIRS,n,2,308.16,14.86,D,0
31.0532,75.85149,333.93,0.39,0.36,2025-11-07,0756,N20,VIIRS,n,2,304.86,5.6,D,0
31.01436,75.56862,330.6,0.4,0.37,2025-11-07,0756,N20,VIIRS,l,2,303.79,2.22,D,0
30.98344,75.3793,333.65,0.4,0.37,2025-11-07,0756,N20,VIIRS,l,2,304.69,2.63,D,0
31.03734,75.63203,333.74,0.39,0.36,2025-11-07,0756,N20,VIIRS,l,2,305.78,10.47,D,0
31.06358,75.43488,332.92,0.4,0.37,2025-11-07,0756,N20,VIIRS,n,2,304.13,2.93,D,0
31.14018,75.57218,332.28,0.39,0.37,2025-11-07,0756,N20,VIIRS,l,2,303.7,2.68,D,0
31.24536,75.90342,339.81,0.39,0.36,2025-11-07,0756,N20,VIIRS,n,2,304.47,2.19,D,0
31.25095,75.76766,333.33,0.39,0.36,2025-11-07,0756,N20,VIIRS,n,2,304.27,1.95,D,0
31.25426,75.76694,331.27,0.39,0.36,2025-11-07,0756,N20,VIIRS,n,2,302.52,2.52,D,0
31.25953,75.77842,335.07,0.39,0.36,2025-11-07,0756,N20,VIIRS,n,2,301.95,4.03,D,0
30.49243,76.17978,330.27,0.38,0.44,2025-11-08,0737,N20,VIIRS,n,2,301.87,2.01,D,0
30.45144,75.82709,333.16,0.4,0.44,2025-11-08,0737,N20,VIIRS,n,2,305.18,1.89,D,0
30.55705,75.93237,334.62,0.4,0.44,2025-11-08,0737,N20,VIIRS,n,2,303.06,2.09,D,0
30.56345,75.94344,333.3,0.39,0.44,2025-11-08,0737,N20,VIIRS,n,2,302.61,2.15,D,0
30.58005,75.90067,341.09,0.4,0.44,2025-11-08,0737,N20,VIIRS,n,2,306.44,4.29,D,0
30.5896,75.90664,332.75,0.4,0.44,2025-11-08,0737,N20,VIIRS,n,2,303.93,1.37,D,0
30.69279,76.32829,331.16,0.56,0.43,2025-11-08,0737,N20,VIIRS,n,2,302.54,2.42,D,0
30.69231,76.3271,332.74,0.56,0.43,2025-11-08,0737,N20,VIIRS,n,2,302.65,3.17,D,0
30.76958,76.40907,331.58,0.56,0.43,2025-11-08,0737,N20,VIIRS,n,2,303.07,3.39,D,0
30.63801,75.55511,348.4,0.41,0.45,2025-11-08,0737,N20,VIIRS,n,2,305.66,5.44,D,0
30.63686,75.55525,350.99,0.41,0.45,2025-11-08,0737,N20,VIIRS,n,2,305.51,6.24,D,0
30.62636,75.40095,341.91,0.42,0.45,2025-11-08,0737,N20,VIIRS,n,2,309.22,15.47,D,0
30.62547,75.39664,333.62,0.42,0.45,2025-11-08,0737,N20,VIIRS,l,2,303.68,10.15,D,0
30.76307,76.00861,334.76,0.39,0.44,2025-11-08,0737,N20,VIIRS,n,2,301.16,2.54,D,0
30.75239,75.89335,340.45,0.39,0.44,2025-11-08,0737,N20,VIIRS,n,2,304.71,4.22,D,0
30.65702,75.42426,342.36,0.42,0.45,2025-11-08,0737,N20,VIIRS,n,2,313.09,21.6,D,0
30.7756,75.96748,346.91,0.39,0.44,2025-11-08,0737,N20,VIIRS,n,2,304.97,5.17,D,0
30.71566,75.56489,341.07,0.41,0.45,2025-11-08,0737,N20,VIIRS,n,2,305.69,8.03,D,0
30.73237,75.62658,342.56,0.41,0.45,2025-11-08,0737,N20,VIIRS,n,2,304.27,4.21,D,0
30.96462,76.11618,334,0.57,0.43,2025-11-08,0737,N20,VIIRS,n,2,301.57,4.08,D,0
30.83622,75.42632,336.23,0.42,0.45,2025-11-08,0737,N20,VIIRS,n,2,305.31,2.94,D,0
30.96823,76.11958,332.73,0.57,0.43,2025-11-08,0737,N20,VIIRS,n,2,302.53,6.99,D,0
30.83899,75.42659,333.9,0.42,0.45,2025-11-08,0737,N20,VIIRS,n,2,303.05,2.05,D,0
31.00834,76.17632,332.33,0.57,0.43,2025-11-08,0737,N20,VIIRS,n,2,301.29,3.33,D,0
30.86684,75.4369,336.43,0.41,0.45,2025-11-08,0737,N20,VIIRS,n,2,301.35,1.65,D,0
30.95321,75.46227,333.55,0.41,0.45,2025-11-08,0737,N20,VIIRS,n,2,301.48,2.1,D,0
30.95272,75.46394,333.41,0.41,0.45,2025-11-08,0737,N20,VIIRS,n,2,301.91,2.84,D,0
30.96771,75.43308,333.35,0.41,0.45,2025-11-08,0737,N20,VIIRS,n,2,302.04,1.95,D,0
30.97257,75.37346,339.37,0.42,0.45,2025-11-08,0737,N20,VIIRS,n,2,309.97,18.96,D,0
31.0179,75.57419,344.04,0.4,0.45,2025-11-08,0737,N20,VIIRS,n,2,303.84,7.15,D,0
31.03935,75.6382,340.79,0.4,0.44,2025-11-08,0737,N20,VIIRS,n,2,304.9,2.29,D,0
31.06499,75.6399,340.49,0.4,0.44,2025-11-08,0737,N20,VIIRS,n,2,303.78,3.75,D,0
31.03246,75.41527,333.64,0.41,0.45,2025-11-08,0737,N20,VIIRS,n,2,302.82,2.68,D,0
31.14275,75.90459,333.6,0.39,0.44,2025-11-08,0737,N20,VIIRS,n,2,299.22,2.06,D,0
31.20824,75.86951,333.56,0.39,0.44,2025-11-08,0737,N20,VIIRS,n,2,303.43,1.65,D,0
30.93643,75.39737,346.06,0.39,0.6,2025-11-08,2000,N20,VIIRS,n,2,284.55,3.99,N,0
30.93416,75.39612,324.22,0.6,0.71,2025-11-08,2141,N20,VIIRS,n,2,282.66,3.34,N,0
30.93947,75.39719,300.17,0.6,0.71,2025-11-08,2141,N20,VIIRS,n,2,281.4,2.06,N,0
30.93326,75.39482,302.61,0.6,0.71,2025-11-08,2141,N20,VIIRS,n,2,282.12,1.17,N,0
30.9316,75.40084,295.63,0.6,0.71,2025-11-08,2141,N20,VIIRS,n,2,282.45,1.17,N,0
30.45958,75.83874,330.14,0.38,0.58,2025-11-09,0718,N20,VIIRS,n,2,304.73,1.28,D,0
30.67982,75.7891,333.83,0.37,0.58,2025-11-09,0718,N20,VIIRS,n,2,301.42,3.67,D,0
30.67892,75.78532,333.79,0.37,0.58,2025-11-09,0718,N20,VIIRS,n,2,303.87,3.66,D,0
30.67749,75.78578,342.45,0.37,0.58,2025-11-09,0718,N20,VIIRS,n,2,304.78,4.42,D,0
30.68111,75.68638,339.43,0.38,0.59,2025-11-09,0718,N20,VIIRS,n,2,302.46,2.51,D,0
30.78143,75.68254,334.57,0.38,0.59,2025-11-09,0718,N20,VIIRS,n,2,301.64,1.32,D,0
30.78493,75.6805,347.77,0.38,0.58,2025-11-09,0718,N20,VIIRS,n,2,303.23,3.52,D,0
30.84103,75.43698,335.11,0.39,0.59,2025-11-09,0718,N20,VIIRS,n,2,300.76,4.44,D,0
30.93488,75.40173,340.27,0.39,0.59,2025-11-09,0718,N20,VIIRS,n,2,301.75,2.12,D,0
30.93235,75.40388,334.88,0.39,0.59,2025-11-09,0718,N20,VIIRS,n,2,300.48,2.51,D,0
31.05904,75.62071,352.43,0.37,0.58,2025-11-09,0718,N20,VIIRS,n,2,304.21,5.56,D,0
31.07274,75.5379,330.33,0.38,0.59,2025-11-09,0718,N20,VIIRS,n,2,300.21,1.28,D,0
30.56566,75.78226,339.39,0.65,0.73,2025-11-09,0858,N20,VIIRS,n,2,301.49,4.85,D,0
30.64311,75.50108,336.73,0.62,0.72,2025-11-09,0858,N20,VIIRS,n,2,302.11,5.52,D,0
30.64721,75.50546,337.01,0.63,0.72,2025-11-09,0858,N20,VIIRS,n,2,301.45,7.67,D,0
30.74737,75.95429,337.76,0.67,0.73,2025-11-09,0858,N20,VIIRS,n,2,301.23,4.14,D,0
30.93162,75.90422,300.19,0.34,0.56,2025-11-09,2122,N20,VIIRS,n,2,283.83,0.53,N,0
30.59083,76.0983,323.66,0.36,0.57,2025-11-09,2122,N20,VIIRS,n,2,283.28,1.67,N,0
30.84048,75.91991,331.17,0.68,0.74,2025-11-10,0659,N20,VIIRS,n,2,298.09,4.52,D,0
30.84358,75.91939,331.52,0.68,0.74,2025-11-10,0659,N20,VIIRS,n,2,298.32,4.48,D,0
30.53738,75.69631,353.72,0.33,0.55,2025-11-10,0840,N20,VIIRS,n,2,304.63,3.87,D,0
30.53483,75.69709,342.74,0.33,0.55,2025-11-10,0840,N20,VIIRS,n,2,304.54,4.25,D,0
30.56483,75.75056,348.83,0.33,0.56,2025-11-10,0840,N20,VIIRS,n,2,305.38,3.49,D,0
30.56155,75.70848,334.27,0.33,0.55,2025-11-10,0840,N20,VIIRS,n,2,304.18,1.48,D,0
30.5821,75.90661,335.4,0.34,0.56,2025-11-10,0840,N20,VIIRS,n,2,302.49,3.51,D,0
30.56997,75.75005,332.89,0.33,0.56,2025-11-10,0840,N20,VIIRS,l,2,304.85,1.74,D,0
30.59062,75.94941,338.05,0.34,0.56,2025-11-10,0840,N20,VIIRS,n,2,303.87,1.63,D,0
30.62782,75.39762,331.64,0.32,0.54,2025-11-10,0840,N20,VIIRS,l,2,302.7,2.15,D,0
30.65723,75.38442,342.63,0.32,0.54,2025-11-10,0840,N20,VIIRS,n,2,304.6,2.6,D,0
30.6859,75.67831,342.72,0.33,0.55,2025-11-10,0840,N20,VIIRS,n,2,301.03,2.64,D,0
30.72107,75.41859,347.05,0.32,0.55,2025-11-10,0840,N20,VIIRS,n,2,302.26,2.85,D,0
30.76933,75.93952,337.75,0.34,0.56,2025-11-10,0840,N20,VIIRS,n,2,302.43,2.58,D,0
30.7264,75.42143,337.34,0.32,0.55,2025-11-10,0840,N20,VIIRS,n,2,300.03,2.85,D,0
30.72001,75.4173,342.37,0.32,0.55,2025-11-10,0840,N20,VIIRS,n,2,302.5,2.63,D,0
30.72533,75.42014,347.38,0.32,0.55,2025-11-10,0840,N20,VIIRS,n,2,300.79,3.2,D,0
30.76997,75.93848,340.81,0.35,0.56,2025-11-10,0840,N20,VIIRS,n,2,302.12,2.63,D,0
30.81342,75.37709,353.26,0.32,0.55,2025-11-10,0840,N20,VIIRS,n,2,304.75,3.76,D,0
30.82825,75.37219,330.57,0.32,0.55,2025-11-10,0840,N20,VIIRS,n,2,301.36,1.83,D,0
30.82763,75.37174,330.98,0.32,0.55,2025-11-10,0840,N20,VIIRS,n,2,301.7,1.39,D,0
30.869,75.57427,331.17,0.33,0.55,2025-11-10,0840,N20,VIIRS,l,2,301.36,2.26,D,0
30.95842,76.26335,336.24,0.36,0.58,2025-11-10,0840,N20,VIIRS,n,2,302.62,3.36,D,0
30.98128,76.14261,367,0.36,0.57,2025-11-10,0840,N20,VIIRS,h,2,301.61,4.91,D,0
30.98099,76.13885,332.88,0.36,0.57,2025-11-10,0840,N20,VIIRS,n,2,302.41,4.91,D,0
30.98035,76.142,344.76,0.36,0.57,2025-11-10,0840,N20,VIIRS,n,2,301.54,5.19,D,0
30.98564,76.14152,343.55,0.36,0.57,2025-11-10,0840,N20,VIIRS,n,2,298.4,5.19,D,0
30.99326,75.4184,344.56,0.32,0.55,2025-11-10,0840,N20,VIIRS,n,2,303.99,2.52,D,0
30.6013,75.73425,330.99,0.54,0.42,2025-11-11,0821,N20,VIIRS,n,2,302.79,1.98,D,0
30.68569,76.30976,333.98,0.38,0.43,2025-11-11,0821,N20,VIIRS,n,2,303.4,1.58,D,0
30.62452,75.62901,330.79,0.53,0.42,2025-11-11,0821,N20,VIIRS,n,2,303.11,1.93,D,0
30.70721,75.96943,333.23,0.55,0.43,2025-11-11,0821,N20,VIIRS,n,2,302.34,4.24,D,0
30.70658,75.96365,331.55,0.55,0.43,2025-11-11,0821,N20,VIIRS,n,2,305.76,4.24,D,0
30.70434,75.83594,333.69,0.54,0.42,2025-11-11,0821,N20,VIIRS,n,2,304.45,3.05,D,0
30.71498,75.41716,332.11,0.52,0.41,2025-11-11,0821,N20,VIIRS,n,2,301.71,3.12,D,0
30.72319,75.38841,341.53,0.52,0.41,2025-11-11,0821,N20,VIIRS,n,2,303.66,7.57,D,0
30.76265,75.46878,339.59,0.52,0.42,2025-11-11,0821,N20,VIIRS,n,2,302.37,9.38,D,0
30.99082,76.04868,330.27,0.56,0.43,2025-11-11,0821,N20,VIIRS,n,2,302.7,2.67,D,0
30.98093,75.89012,337.41,0.55,0.43,2025-11-11,0821,N20,VIIRS,n,2,302.48,4.42,D,0
31.07444,75.52895,337.32,0.53,0.42,2025-11-11,0821,N20,VIIRS,n,2,301.96,3.44,D,0
31.16123,75.76006,332.9,0.55,0.42,2025-11-11,0821,N20,VIIRS,n,2,301.71,3.47,D,0
31.18905,75.65752,331.72,0.54,0.42,2025-11-11,0821,N20,VIIRS,n,2,301.06,4.88,D,0
31.18979,75.6548,336.93,0.54,0.42,2025-11-11,0821,N20,VIIRS,n,2,301.78,3.74,D,0
31.30455,75.86539,333.08,0.55,0.43,2025-11-11,0821,N20,VIIRS,n,2,303.3,3.13,D,0
31.10253,75.51173,330.35,0.38,0.36,2025-11-11,2045,N20,VIIRS,n,2,284.8,23.7,N,0
31.10189,75.51571,317.33,0.38,0.36,2025-11-11,2045,N20,VIIRS,n,2,286.9,29.7,N,0
31.09925,75.51102,328.58,0.38,0.36,2025-11-11,2045,N20,VIIRS,n,2,295.6,23.7,N,0
31.06153,75.55351,295.91,0.38,0.36,2025-11-11,2045,N20,VIIRS,n,2,279.95,0.55,N,0
31.0609,75.5575,301.28,0.38,0.36,2025-11-11,2045,N20,VIIRS,n,2,281.92,0.59,N,0
30.46726,76.2366,337.36,0.39,0.36,2025-11-12,0802,N20,VIIRS,n,2,305.49,2.2,D,0
30.44652,75.82242,344.65,0.38,0.36,2025-11-12,0802,N20,VIIRS,n,2,308.81,11.34,D,0
30.53813,76.05022,333.83,0.39,0.36,2025-11-12,0802,N20,VIIRS,l,2,304.36,18.63,D,0
30.51747,75.7304,335.44,0.38,0.36,2025-11-12,0802,N20,VIIRS,n,2,308.36,3.75,D,0
30.61504,76.36517,345.54,0.39,0.36,2025-11-12,0802,N20,VIIRS,n,2,305.44,7.2,D,0
30.56323,75.89814,334.42,0.39,0.36,2025-11-12,0802,N20,VIIRS,n,2,306.27,3.36,D,0
30.54301,75.71777,334.42,0.38,0.36,2025-11-12,0802,N20,VIIRS,n,2,306.2,1.67,D,0
30.54032,75.67735,332.1,0.38,0.36,2025-11-12,0802,N20,VIIRS,n,2,306.24,1.41,D,0
30.72195,75.48508,345.32,0.38,0.36,2025-11-12,0802,N20,VIIRS,n,2,305.39,3.28,D,0
30.80652,75.73078,333.97,0.38,0.36,2025-11-12,0802,N20,VIIRS,n,2,303.11,2.94,D,0
30.86525,76.01134,330.84,0.39,0.36,2025-11-12,0802,N20,VIIRS,n,2,301.57,1.61,D,0
30.8373,75.8232,338.16,0.39,0.36,2025-11-12,0802,N20,VIIRS,n,2,305.74,4.2,D,0
30.79351,75.53209,331.17,0.38,0.36,2025-11-12,0802,N20,VIIRS,n,2,302.9,1.74,D,0
30.95705,76.10525,330.39,0.39,0.36,2025-11-12,0802,N20,VIIRS,n,2,303.92,1.93,D,0
30.9574,76.08447,331.27,0.39,0.36,2025-11-12,0802,N20,VIIRS,n,2,302.84,1.93,D,0
31.02588,76.08834,336.95,0.39,0.36,2025-11-12,0802,N20,VIIRS,n,2,303.22,4.69,D,0
30.94326,75.42045,332.93,0.38,0.36,2025-11-12,0802,N20,VIIRS,n,2,302.75,3.98,D,0
31.04844,75.91827,336.13,0.39,0.36,2025-11-12,0802,N20,VIIRS,n,2,302.3,2.29,D,0
31.06513,75.98528,332.76,0.39,0.36,2025-11-12,0802,N20,VIIRS,n,2,302.68,3.61,D,0
31.06454,75.98125,331.44,0.39,0.36,2025-11-12,0802,N20,VIIRS,n,2,302.24,2.48,D,0
31.05422,75.84277,336.08,0.39,0.36,2025-11-12,0802,N20,VIIRS,n,2,301.39,1.48,D,0
31.10039,75.5163,332.51,0.38,0.36,2025-11-12,0802,N20,VIIRS,n,2,299.47,11.46,D,0
31.18464,75.37612,333.24,0.38,0.36,2025-11-12,0802,N20,VIIRS,n,2,302.3,1.79,D,0
31.10101,75.51395,331.01,0.51,0.41,2025-11-12,2026,N20,VIIRS,n,2,286.25,6.23,N,0
30.53987,76.25763,332.17,0.48,0.4,2025-11-13,0743,N20,VIIRS,n,2,300.8,2.12,D,0
30.5421,76.02657,332.84,0.49,0.4,2025-11-13,0743,N20,VIIRS,n,2,303.17,1.8,D,0
30.59656,75.92873,331.77,0.49,0.4,2025-11-13,0743,N20,VIIRS,n,2,303.97,2.48,D,0
30.6425,75.58563,332.56,0.51,0.41,2025-11-13,0743,N20,VIIRS,n,2,301.06,5.32,D,0
30.6425,75.58317,334.75,0.51,0.41,2025-11-13,0743,N20,VIIRS,n,2,302.41,5.52,D,0
30.66009,75.57323,339.35,0.51,0.41,2025-11-13,0743,N20,VIIRS,n,2,302.52,4.41,D,0
30.63295,75.39169,346.18,0.52,0.42,2025-11-13,0743,N20,VIIRS,n,2,302.75,8.15,D,0
30.6968,75.60223,336.79,0.51,0.41,2025-11-13,0743,N20,VIIRS,n,2,303.22,4,D,0
30.65342,75.37524,330.44,0.52,0.42,2025-11-13,0743,N20,VIIRS,n,2,303.78,2.15,D,0
30.74141,75.81769,343.54,0.5,0.41,2025-11-13,0743,N20,VIIRS,n,2,303.15,13.58,D,0
30.68237,75.42375,333.08,0.52,0.41,2025-11-13,0743,N20,VIIRS,n,2,302.09,6.19,D,0
30.81495,75.829,333.76,0.49,0.41,2025-11-13,0743,N20,VIIRS,n,2,302.41,2.64,D,0
30.84649,75.75166,332.68,0.5,0.41,2025-11-13,0743,N20,VIIRS,n,2,303.21,3.38,D,0
31.02716,76.23535,332.21,0.47,0.4,2025-11-13,0743,N20,VIIRS,n,2,304.21,2.83,D,0
31.03613,76.24329,337.51,0.47,0.4,2025-11-13,0743,N20,VIIRS,n,2,303.99,5.05,D,0
30.90198,75.42449,332.74,0.51,0.41,2025-11-13,0743,N20,VIIRS,n,2,300.49,3.96,D,0
30.94495,75.50723,331.6,0.51,0.41,2025-11-13,0743,N20,VIIRS,n,2,299.9,5.53,D,0
30.98376,75.59016,338.08,0.5,0.41,2025-11-13,0743,N20,VIIRS,n,2,302.94,7.79,D,0
30.98565,75.59313,332.44,0.5,0.41,2025-11-13,0743,N20,VIIRS,l,2,302.44,4.27,D,0
31.09134,75.92859,331.72,0.48,0.4,2025-11-13,0743,N20,VIIRS,l,2,303.75,7.26,D,0
31.05132,75.42507,332.4,0.51,0.41,2025-11-13,0743,N20,VIIRS,n,2,301.94,2.17,D,0
31.1675,75.81117,333.11,0.49,0.4,2025-11-13,0743,N20,VIIRS,n,2,301.68,3.25,D,0
30.60251,75.40714,367,0.32,0.54,2025-11-14,0724,N20,VIIRS,h,2,302.31,16.59,D,0
30.65271,76.32388,296.24,0.46,0.63,2025-11-14,2128,N20,VIIRS,n,2,285.18,1.1,N,0
31.2337,75.94231,328.98,0.54,0.68,2025-11-15,0706,N20,VIIRS,n,2,301.51,2.4,D,0
31.23335,75.94149,330.49,0.54,0.68,2025-11-15,0706,N20,VIIRS,n,2,301.4,3.33,D,0
30.51257,75.46594,350.63,0.4,0.6,2025-11-15,0846,N20,VIIRS,n,2,304.04,3.92,D,0
30.51843,75.4697,336.82,0.4,0.6,2025-11-15,0846,N20,VIIRS,n,2,303.29,9.92,D,0
30.51814,75.46546,353.45,0.4,0.6,2025-11-15,0846,N20,VIIRS,n,2,306.65,13.99,D,0
30.63904,75.52827,335.73,0.41,0.6,2025-11-15,0846,N20,VIIRS,n,2,301.08,2.72,D,0
30.70271,75.4087,356.22,0.4,0.6,2025-11-15,0846,N20,VIIRS,n,2,302.28,6.16,D,0
30.88349,75.92521,308.04,0.46,0.47,2025-11-15,2110,N20,VIIRS,n,2,284.96,1.36,N,0
30.8825,75.92986,306.36,0.46,0.47,2025-11-15,2110,N20,VIIRS,n,2,285.95,1.36,N,0
30.85498,75.91207,299.14,0.46,0.47,2025-11-15,2110,N20,VIIRS,n,2,285.29,0.65,N,0
30.65092,76.32248,299.59,0.49,0.48,2025-11-15,2110,N20,VIIRS,n,2,284.36,0.72,N,0
30.62777,76.33411,330.05,0.47,0.48,2025-11-16,0827,N20,VIIRS,n,2,300.31,1.27,D,0
30.66679,76.05345,334.04,0.46,0.47,2025-11-16,0827,N20,VIIRS,n,2,300.4,2.85,D,0
30.73136,75.80436,334.83,0.44,0.46,2025-11-16,0827,N20,VIIRS,n,2,302.15,4.87,D,0
30.85439,75.46268,337.21,0.42,0.45,2025-11-16,0827,N20,VIIRS,n,2,300.95,2.21,D,0
30.88902,75.45963,336.2,0.42,0.46,2025-11-16,0827,N20,VIIRS,n,2,302.58,2.46,D,0
30.98944,75.89731,342.38,0.45,0.47,2025-11-16,0827,N20,VIIRS,n,2,302.35,5.29,D,0
31.03411,76.20971,336.41,0.47,0.48,2025-11-16,0827,N20,VIIRS,n,2,303.19,2.78,D,0
31.00817,75.95263,331.33,0.45,0.47,2025-11-16,0827,N20,VIIRS,n,2,300.16,3.12,D,0
31.04911,75.43896,336.98,0.42,0.46,2025-11-16,0827,N20,VIIRS,n,2,302.47,3.55,D,0
31.17781,75.86079,330.82,0.45,0.47,2025-11-16,0827,N20,VIIRS,n,2,299.24,2.87,D,0
31.19677,75.6218,347.73,0.44,0.46,2025-11-16,0827,N20,VIIRS,n,2,303.97,9.36,D,0
30.59938,76.29984,333.58,0.42,0.38,2025-11-17,0808,N20,VIIRS,n,2,301.62,3.37,D,0
30.67678,75.46352,338.51,0.4,0.37,2025-11-17,0808,N20,VIIRS,n,2,303.53,3,D,0
31.31445,75.9555,335.23,0.41,0.37,2025-11-17,0809,N20,VIIRS,n,2,299.27,2.83,D,0
30.79686,76.33037,335.35,0.41,0.37,2025-11-18,0750,N20,VIIRS,n,2,300.67,3.68,D,0
30.7173,75.80318,331.59,0.43,0.38,2025-11-18,0750,N20,VIIRS,n,2,302.7,2.8,D,0
31.05674,75.82991,340.78,0.47,0.48,2025-11-19,0731,N20,VIIRS,n,2,302.41,4.82,D,0
30.74884,75.46728,333.61,0.51,0.66,2025-11-20,0853,N20,VIIRS,n,2,300.96,2.89,D,0
30.74952,75.47102,332.73,0.51,0.66,2025-11-20,0853,N20,VIIRS,n,2,297.25,4.87,D,0
31.05708,75.61575,339.69,0.54,0.51,2025-11-21,0834,N20,VIIRS,n,2,297.61,3.67,D,0
30.7418,75.91697,333.13,0.39,0.36,2025-11-23,0756,N20,VIIRS,n,2,300.44,3.43,D,0
31.03561,75.6216,335.91,0.4,0.44,2025-11-24,0737,N20,VIIRS,n,2,301.75,3.02,D,0
31.04591,75.40804,317.33,0.39,0.59,2025-11-24,2001,N20,VIIRS,n,2,281.76,2.12,N,0
31.04721,75.4063,309.13,0.61,0.71,2025-11-24,2141,N20,VIIRS,n,2,280.18,2.53,N,0
31.04645,75.40532,299.85,0.61,0.71,2025-11-24,2141,N20,VIIRS,n,2,280.01,1.57,N,0
31.04478,75.41138,296.32,0.61,0.71,2025-11-24,2141,N20,VIIRS,n,2,280.03,1.61,N,0
30.77734,75.98969,335.72,0.36,0.57,2025-11-25,0719,N20,VIIRS,n,2,297.28,2.64,D,0
30.80869,75.55968,295.89,0.33,0.56,2025-11-25,2123,N20,VIIRS,n,2,280.1,0.38,N,0
31.15635,76.17934,328.96,0.36,0.58,2025-11-26,0840,N20,VIIRS,n,2,297.64,1.57,D,0
30.61703,75.85193,337.22,0.39,0.36,2025-11-28,0802,N20,VIIRS,n,2,299.37,4.15,D,0
30.73735,75.56565,337.24,0.38,0.36,2025-11-28,0802,N20,VIIRS,n,2,299.92,6.85,D,0
30.87749,75.50469,334.79,0.38,0.36,2025-11-28,0802,N20,VIIRS,n,2,300.84,6.7,D,0
31.05222,75.62602,330.58,0.38,0.36,2025-11-28,0803,N20,VIIRS,l,2,301.25,3.03,D,0
30.58045,75.89004,319.11,0.56,0.69,2025-11-30,1949,N20,VIIRS,n,2,278.52,1.98,N,0
30.57411,75.88949,296.2,0.56,0.69,2025-11-30,1949,N20,VIIRS,n,2,277.66,0.58,N,0
30.57783,75.88819,305.76,0.56,0.69,2025-11-30,1949,N20,VIIRS,n,2,277.98,1.89,N,0
30.5775,75.89407,309.2,0.56,0.69,2025-11-30,1949,N20,VIIRS,n,2,278.69,1.89,N,0
30.57627,75.89138,317.11,0.44,0.62,2025-11-30,2129,N20,VIIRS,n,2,277.8,1.62,N,0
30.57515,75.89579,302.53,0.44,0.62,2025-11-30,2129,N20,VIIRS,n,2,278.78,1.62,N,0
30.85242,75.9472,296.64,0.42,0.38,2025-12-02,2051,N20,VIIRS,n,2,281.18,0.61,N,0
30.72961,76.39187,331.28,0.43,0.38,2025-12-03,0809,N20,VIIRS,n,2,299.12,8.05,D,0
30.85191,75.94837,295.43,0.46,0.47,2025-12-04,2014,N20,VIIRS,n,2,281.39,0.85,N,0
31.01277,75.9407,332.76,0.47,0.47,2025-12-05,0731,N20,VIIRS,n,2,296.05,3.39,D,0
31.06894,75.94194,338.93,0.46,0.47,2025-12-05,0731,N20,VIIRS,n,2,296.01,4.32,D,0
30.94123,76.01553,326.74,0.57,0.52,2025-12-07,0834,N20,VIIRS,n,2,294.36,3.31,D,0
30.7928,76.38899,326.17,0.49,0.4,2025-12-08,0815,N20,VIIRS,n,2,296.76,1.74,D,0
31.10167,76.14476,344.59,0.48,0.4,2025-12-08,0815,N20,VIIRS,n,2,297.65,6.89,D,0
31.25746,75.99025,332.1,0.48,0.4,2025-12-08,0815,N20,VIIRS,n,2,296.59,3.71,D,0
31.28308,75.83397,338.24,0.47,0.4,2025-12-08,0815,N20,VIIRS,n,2,297.02,4.58,D,0
31.18969,75.78188,332.63,0.39,0.44,2025-12-10,0738,N20,VIIRS,n,2,296.48,1.92,D,0
31.21393,75.82112,325.21,0.38,0.43,2025-12-10,0738,N20,VIIRS,n,2,293.49,1.15,D,0
30.85975,75.46706,316.11,0.38,0.59,2025-12-10,2001,N20,VIIRS,n,2,282.59,1.26,N,0
30.85785,75.46743,317.18,0.38,0.59,2025-12-10,2001,N20,VIIRS,n,2,282.34,1.37,N,0
30.85999,75.46645,301.78,0.62,0.72,2025-12-10,2142,N20,VIIRS,n,2,280.5,1.13,N,0
31.07747,76.12662,327.97,0.34,0.56,2025-12-11,0719,N20,VIIRS,n,2,296.57,3.51,D,0
31.08683,75.91438,334.56,0.35,0.57,2025-12-11,0719,N20,VIIRS,n,2,294.41,2.19,D,0
31.08801,75.91371,332.69,0.35,0.57,2025-12-11,0719,N20,VIIRS,n,2,294.67,2.17,D,0
31.16664,76.01448,334.07,0.35,0.57,2025-12-11,0719,N20,VIIRS,n,2,295.53,3.81,D,0
31.20497,76.05514,327.15,0.47,0.4,2025-12-15,0744,N20,VIIRS,n,2,294.27,2.12,D,0
31.16611,75.6022,332.56,0.49,0.41,2025-12-15,0744,N20,VIIRS,n,2,296.46,4.92,D,0
31.29294,76.01939,327.73,0.47,0.4,2025-12-15,0744,N20,VIIRS,n,2,296.19,2.65,D,0
30.85748,75.46619,328.44,0.44,0.46,2025-12-17,2111,N20,VIIRS,n,2,267.24,6.78,N,0
30.85655,75.47063,335.19,0.44,0.46,2025-12-17,2111,N20,VIIRS,n,2,271.99,6.78,N,0
30.85193,75.94872,295.56,0.57,0.52,2025-12-22,2117,N20,VIIRS,n,2,285.17,0.75,N,0
30.54893,76.08994,338.66,0.58,0.52,2025-12-23,0834,N20,VIIRS,n,2,294.08,7.17,D,0
30.54876,76.09389,338.21,0.58,0.52,2025-12-23,0834,N20,VIIRS,n,2,292.59,10.69,D,0
30.64415,75.96812,326.31,0.57,0.52,2025-12-23,0834,N20,VIIRS,n,2,293.26,2.17,D,0
30.9183,76.11488,327.46,0.58,0.52,2025-12-23,0834,N20,VIIRS,n,2,294.62,3.62,D,0
31.01173,76.17925,327.48,0.49,0.4,2025-12-24,0816,N20,VIIRS,n,2,293.32,3.22,D,0
31.08569,75.90343,333.59,0.47,0.4,2025-12-24,0816,N20,VIIRS,n,2,294.36,3.91,D,0
31.15992,76.08744,329.23,0.48,0.4,2025-12-24,0816,N20,VIIRS,n,2,293.75,2.35,D,0
31.20694,75.95172,330.36,0.48,0.4,2025-12-24,0816,N20,VIIRS,n,2,293.45,2.85,D,0
30.87235,75.88506,299.95,0.39,0.36,2025-12-24,2039,N20,VIIRS,n,2,282.86,0.29,N,0
31.14932,76.08744,326.88,0.39,0.36,2025-12-25,0757,N20,VIIRS,n,2,282.14,2.39,D,0
31.04513,76.20038,329.56,0.55,0.43,2025-12-26,0738,N20,VIIRS,n,2,288.84,4.45,D,0
30.42392,75.86145,348.52,0.35,0.56,2025-12-28,0841,N20,VIIRS,n,2,293.63,4.07,D,0
31.11971,75.82113,327.64,0.35,0.57,2025-12-28,0841,N20,VIIRS,n,2,291.17,2.18,D,0
31.2275,75.68891,325.17,0.42,0.38,2026-01-05,0751,N20,VIIRS,n,2,289.25,2.01,D,0
31.304,75.86729,330.63,0.42,0.38,2026-01-05,0751,N20,VIIRS,n,2,290.51,2.57,D,0
31.24937,76.11472,338.63,0.48,0.48,2026-01-19,0829,N20,VIIRS,n,2,293.22,4.79,D,0
31.22449,75.86412,338.6,0.46,0.47,2026-01-19,0829,N20,VIIRS,n,2,292.16,5.75,D,0
31.27379,75.81539,338.19,0.46,0.47,2026-01-19,0829,N20,VIIRS,n,2,292.6,4.11,D,0
30.81918,76.16437,329.44,0.42,0.38,2026-01-20,0810,N20,VIIRS,n,2,294.19,2,D,0
31.13986,75.9493,328.73,0.42,0.37,2026-01-20,0810,N20,VIIRS,n,2,292.22,2.03,D,0
30.81254,76.38441,326.16,0.41,0.37,2026-01-21,0751,N20,VIIRS,n,2,294.31,2.09,D,0
31.07907,75.92268,331.13,0.42,0.38,2026-01-21,0751,N20,VIIRS,n,2,293.14,2.18,D,0
31.31836,76.29465,326.64,0.41,0.37,2026-01-21,0751,N20,VIIRS,n,2,300.91,2.67,D,0
31.22398,75.60065,327.84,0.43,0.38,2026-01-21,0751,N20,VIIRS,n,2,295.56,8.37,D,0
31.1525,75.99638,329.92,0.46,0.47,2026-01-22,0732,N20,VIIRS,n,2,292.39,2.58,D,0
31.09102,75.70592,342.75,0.48,0.48,2026-01-22,0732,N20,VIIRS,n,2,291.45,11.64,D,0
30.88892,75.90649,295.65,0.39,0.36,2026-01-30,2046,N20,VIIRS,n,2,283.54,0.28,N,0
30.64947,76.32417,295.6,0.43,0.38,2026-02-04,2053,N20,VIIRS,n,2,283.93,0.45,N,0
31.24392,75.76714,336.83,0.41,0.37,2026-02-05,0810,N20,VIIRS,n,2,298.85,10.78,D,0
31.31258,75.73252,327.36,0.41,0.37,2026-02-05,0810,N20,VIIRS,n,2,292.84,2.17,D,0
31.31287,75.73383,327.79,0.41,0.37,2026-02-05,0810,N20,VIIRS,n,2,292.97,1.65,D,0
30.85261,75.94603,299.89,0.46,0.47,2026-02-06,2015,N20,VIIRS,n,2,283.41,0.65,N,0
31.20311,75.84654,326.43,0.46,0.47,2026-02-07,0733,N20,VIIRS,n,2,293.26,2.59,D,0
30.74228,76.31216,334.04,0.49,0.4,2026-02-10,0816,N20,VIIRS,n,2,295.25,3.34,D,0
30.76262,76.38734,331.76,0.49,0.41,2026-02-10,0816,N20,VIIRS,n,2,296.85,5.64,D,0
31.02888,75.8848,342.41,0.47,0.4,2026-02-10,0816,N20,VIIRS,n,2,297.2,12.25,D,0
31.12254,75.95257,335.17,0.48,0.4,2026-02-10,0816,N20,VIIRS,n,2,298.03,17.65,D,0
31.12324,75.83617,340.89,0.47,0.4,2026-02-10,0816,N20,VIIRS,n,2,294.87,6,D,0
31.21959,75.7119,326.32,0.47,0.39,2026-02-10,0816,N20,VIIRS,n,2,293.34,2.63,D,0
30.54555,76.33315,327.9,0.39,0.36,2026-02-11,0757,N20,VIIRS,n,2,293.87,1.78,D,0
30.66006,76.06601,325.27,0.39,0.36,2026-02-11,0757,N20,VIIRS,n,2,295.48,1.85,D,0
31.26291,75.85155,331.14,0.39,0.36,2026-02-11,0758,N20,VIIRS,n,2,295.69,2.95,D,0
30.88774,75.90737,296.97,0.57,0.43,2026-02-11,2021,N20,VIIRS,n,2,286.32,0.62,N,0
30.85071,75.94975,296.5,0.56,0.43,2026-02-11,2021,N20,VIIRS,n,2,285.75,0.46,N,0
30.67916,76.26179,298.57,0.54,0.42,2026-02-11,2021,N20,VIIRS,n,2,285.28,0.64,N,0
30.82391,76.31574,329.26,0.34,0.56,2026-02-13,0720,N20,VIIRS,n,2,295.35,1.57,D,0
31.01659,76.03522,352.15,0.35,0.56,2026-02-13,0720,N20,VIIRS,n,2,295.71,3.72,D,0
31.01841,76.03414,352.75,0.35,0.56,2026-02-13,0720,N20,VIIRS,n,2,295.62,4.23,D,0
31.02637,75.61082,326.03,0.37,0.58,2026-02-13,0720,N20,VIIRS,n,2,294.85,2.32,D,0
31.0263,75.61176,339.31,0.37,0.58,2026-02-13,0720,N20,VIIRS,n,2,294.43,2.69,D,0
31.13412,75.80566,336.62,0.36,0.57,2026-02-13,0720,N20,VIIRS,n,2,292.51,4.07,D,0
31.17748,75.8728,329.66,0.35,0.57,2026-02-13,0720,N20,VIIRS,n,2,293.6,1.76,D,0
31.28168,75.93787,334.2,0.35,0.56,2026-02-13,0720,N20,VIIRS,n,2,293.6,2.45,D,0
31.13014,76.17739,329.26,0.37,0.58,2026-02-14,0842,N20,VIIRS,n,2,293.8,1.76,D,0
31.19086,75.85333,334.95,0.35,0.57,2026-02-14,0842,N20,VIIRS,n,2,294.6,1.33,D,0
31.19612,75.85284,341.74,0.35,0.57,2026-02-14,0842,N20,VIIRS,n,2,293.92,3.08,D,0
31.28844,75.88871,334.53,0.36,0.57,2026-02-14,0842,N20,VIIRS,n,2,295.83,1.91,D,0
31.29372,75.8882,330.45,0.36,0.57,2026-02-14,0842,N20,VIIRS,n,2,293.82,1.96,D,0
30.66229,76.09762,331.05,0.57,0.43,2026-02-15,0823,N20,VIIRS,n,2,295.48,4.63,D,0
30.66407,76.09536,331.74,0.57,0.43,2026-02-15,0823,N20,VIIRS,n,2,295.32,5.29,D,0
31.18489,76.15117,327,0.39,0.44,2026-02-15,0823,N20,VIIRS,n,2,296.18,0.85,D,0
31.18475,76.0769,342.44,0.39,0.44,2026-02-15,0823,N20,VIIRS,n,2,297.93,4.52,D,0
31.15518,75.786,331.3,0.56,0.43,2026-02-15,0823,N20,VIIRS,n,2,297.02,5.04,D,0
31.29598,75.69086,340.39,0.55,0.43,2026-02-15,0823,N20,VIIRS,n,2,300.42,8.11,D,0
30.75025,76.32166,331.39,0.39,0.36,2026-02-16,0804,N20,VIIRS,n,2,298.21,1.87,D,0
30.76676,76.10657,331.13,0.39,0.36,2026-02-16,0804,N20,VIIRS,n,2,297.58,2.8,D,0
30.87063,76.40373,334.71,0.39,0.36,2026-02-16,0804,N20,VIIRS,n,2,298.61,2.99,D,0
31.06384,76.16628,331.33,0.39,0.36,2026-02-16,0804,N20,VIIRS,n,2,297.85,2.54,D,0
31.06716,76.16564,331.81,0.39,0.36,2026-02-16,0804,N20,VIIRS,n,2,296.41,3.52,D,0
31.15067,76.08717,329.01,0.39,0.36,2026-02-16,0804,N20,VIIRS,n,2,297.73,2,D,0
31.15647,75.82418,329.41,0.39,0.36,2026-02-16,0804,N20,VIIRS,n,2,295.08,2.56,D,0
31.15587,75.82015,327.59,0.39,0.36,2026-02-16,0804,N20,VIIRS,n,2,296.71,2.59,D,0
31.1998,75.5432,332.36,0.38,0.36,2026-02-16,0804,N20,VIIRS,n,2,299.06,3.76,D,0
30.77366,76.34403,326.24,0.46,0.39,2026-02-17,0745,N20,VIIRS,n,2,296.67,1.87,D,0
31.05395,76.18887,333.91,0.47,0.39,2026-02-17,0745,N20,VIIRS,n,2,296.54,3.09,D,0
31.05554,76.19064,332.32,0.47,0.39,2026-02-17,0745,N20,VIIRS,n,2,297.57,3.87,D,0
31.28209,76.32192,336.44,0.46,0.39,2026-02-17,0745,N20,VIIRS,n,2,301.06,4.01,D,0
30.60888,76.1013,330.41,0.45,0.63,2026-02-19,0848,N20,VIIRS,n,2,293.2,2.63,D,0
31.21223,75.84788,325.81,0.44,0.62,2026-02-19,0848,N20,VIIRS,n,2,292.81,1.9,D,0
31.1825,75.81313,338.83,0.46,0.47,2026-02-20,0829,N20,VIIRS,n,2,297.13,5.75,D,0
31.31218,75.77847,331.62,0.46,0.47,2026-02-20,0829,N20,VIIRS,n,2,297.65,4.21,D,0
31.15281,75.56402,327.42,0.41,0.37,2026-02-21,0810,N20,VIIRS,n,2,298.31,2.1,D,0
31.30802,75.67691,333.85,0.41,0.37,2026-02-21,0810,N20,VIIRS,n,2,299.73,5.38,D,0
30.77687,76.29016,325.82,0.41,0.37,2026-02-22,0751,N20,VIIRS,n,2,295.8,1.24,D,0
30.97072,76.30972,332.59,0.41,0.37,2026-02-22,0751,N20,VIIRS,n,2,300.32,3.89,D,0
31.09508,76.15024,329.59,0.41,0.37,2026-02-22,0752,N20,VIIRS,n,2,296.88,1.57,D,0
31.08029,75.93948,343.14,0.42,0.37,2026-02-22,0752,N20,VIIRS,n,2,298.33,8.98,D,0
31.15302,75.8508,335.23,0.42,0.38,2026-02-22,0752,N20,VIIRS,n,2,295.42,3.54,D,0
31.30573,76.22758,327.36,0.41,0.37,2026-02-22,0752,N20,VIIRS,n,2,300.52,1.89,D,0
31.24231,75.63118,325.48,0.43,0.38,2026-02-22,0752,N20,VIIRS,n,2,296.24,1.51,D,0
31.29981,75.79987,333.14,0.42,0.38,2026-02-22,0752,N20,VIIRS,n,2,296.98,3.82,D,0
31.29931,75.80116,337.95,0.42,0.38,2026-02-22,0752,N20,VIIRS,n,2,297.18,3.6,D,0
31.07532,75.97431,329.29,0.43,0.62,2026-02-24,0714,N20,VIIRS,n,2,296.56,2.09,D,0
31.05251,75.50139,330.88,0.52,0.67,2026-02-24,0855,N20,VIIRS,n,2,296.15,4.02,D,0
31.05869,75.50097,334.68,0.52,0.67,2026-02-24,0855,N20,VIIRS,n,2,294.74,4.02,D,0
30.79643,76.32487,338.78,0.6,0.53,2026-02-25,0836,N20,VIIRS,n,2,296.21,13.82,D,0
30.79589,76.31856,334.46,0.6,0.53,2026-02-25,0836,N20,VIIRS,n,2,299.03,10.38,D,0
31.02026,76.05936,345.31,0.58,0.52,2026-02-25,0836,N20,VIIRS,n,2,298.58,25.43,D,0
31.02416,76.06162,339.09,0.58,0.52,2026-02-25,0836,N20,VIIRS,n,2,295.58,15.06,D,0
30.83433,76.31705,343.04,0.49,0.4,2026-02-26,0817,N20,VIIRS,n,2,301.9,13.58,D,0
30.86389,76.06445,330.05,0.48,0.4,2026-02-26,0817,N20,VIIRS,n,2,298.57,3,D,0
31.12453,76.04031,328.21,0.48,0.4,2026-02-26,0817,N20,VIIRS,n,2,296.07,2.37,D,0
31.25474,75.76733,336.7,0.47,0.4,2026-02-26,0817,N20,VIIRS,n,2,297.9,4.1,D,0
31.3171,75.81935,328.05,0.47,0.4,2026-02-26,0817,N20,VIIRS,n,2,297.54,2.84,D,0
30.42347,76.3644,327.97,0.39,0.36,2026-02-27,0758,N20,VIIRS,n,2,298.95,1.8,D,0
30.80528,75.68278,333.27,0.39,0.36,2026-02-27,0758,N20,VIIRS,n,2,301.33,12.08,D,0
30.80794,75.678,327.2,0.39,0.36,2026-02-27,0758,N20,VIIRS,l,2,301.9,12.08,D,0
31.07364,75.86863,331.62,0.39,0.36,2026-02-27,0758,N20,VIIRS,n,2,298.3,1.93,D,0
31.26136,76.36908,333.39,0.38,0.36,2026-02-27,0758,N20,VIIRS,n,2,303.14,3.79,D,0
31.31681,75.8133,331.64,0.39,0.36,2026-02-27,0758,N20,VIIRS,n,2,296.96,2.71,D,0
30.70236,76.36674,331.29,0.55,0.42,2026-02-28,0739,N20,VIIRS,n,2,298.5,3.67,D,0
31.06268,75.92668,338.92,0.35,0.57,2026-03-01,0720,N20,VIIRS,n,2,298.43,2.82,D,0
31.11666,75.73819,326.55,0.36,0.57,2026-03-01,0720,N20,VIIRS,n,2,296.85,1.38,D,0
31.11733,75.62727,332.79,0.36,0.58,2026-03-01,0720,N20,VIIRS,n,2,297.31,3.7,D,0
30.84895,75.93462,300.66,0.35,0.57,2026-03-01,2124,N20,VIIRS,n,2,287.33,0.47,N,0
30.72787,76.39687,325.08,0.63,0.72,2026-03-02,0702,N20,VIIRS,l,2,296.48,4.89,D,0
30.72664,76.39578,329.71,0.63,0.72,2026-03-02,0702,N20,VIIRS,n,2,296.82,3.31,D,0
30.70264,76.12528,339.05,0.36,0.58,2026-03-02,0842,N20,VIIRS,n,2,298.92,3.25,D,0
30.70145,76.12781,327.89,0.36,0.58,2026-03-02,0842,N20,VIIRS,n,2,297.82,2.35,D,0
30.85219,76.38424,346.73,0.38,0.58,2026-03-02,0842,N20,VIIRS,n,2,303.05,3.5,D,0
31.06288,75.93272,337.33,0.36,0.57,2026-03-02,0842,N20,VIIRS,n,2,298.92,3.52,D,0
31.06616,75.9667,333.6,0.57,0.43,2026-03-03,0823,N20,VIIRS,n,2,299.33,3.43,D,0
31.11127,76.0088,331.29,0.57,0.43,2026-03-03,0823,N20,VIIRS,n,2,299.47,5.16,D,0
30.85043,75.94624,299.37,0.39,0.36,2026-03-03,2047,N20,VIIRS,n,2,287.6,0.93,N,0
30.79067,76.32123,331.89,0.39,0.36,2026-03-04,0804,N20,VIIRS,n,2,299.34,1.93,D,0
30.90229,76.13617,335.73,0.47,0.4,2026-03-05,0745,N20,VIIRS,n,2,309.07,4.02,D,0
31.1643,76.05766,333.23,0.47,0.4,2026-03-05,0745,N20,VIIRS,n,2,302.91,5.22,D,0
31.22149,75.8974,339.32,0.48,0.4,2026-03-05,0745,N20,VIIRS,n,2,300.35,4.16,D,0
31.11315,75.86832,334.82,0.57,0.52,2026-03-06,0727,N20,VIIRS,n,2,299.99,7.78,D,0
31.18105,76.12861,330.85,0.55,0.51,2026-03-06,0727,N20,VIIRS,n,2,299.82,3.25,D,0
30.56572,76.33582,329.38,0.48,0.48,2026-03-08,0829,N20,VIIRS,n,2,299.29,3,D,0
31.19029,75.75878,338.54,0.45,0.47,2026-03-08,0830,N20,VIIRS,n,2,298.84,3.57,D,0
31.28476,75.7674,342.5,0.45,0.47,2026-03-08,0830,N20,VIIRS,n,2,297.54,7.41,D,0
31.01465,75.99298,335.38,0.42,0.37,2026-03-09,0811,N20,VIIRS,n,2,304.73,10.44,D,0
31.20331,75.89,336.48,0.42,0.37,2026-03-09,0811,N20,VIIRS,n,2,304.58,7.55,D,0
31.09661,75.83957,325.62,0.44,0.62,2026-03-12,0714,N20,VIIRS,n,2,289.38,1.64,D,0
31.29111,75.81844,329.9,0.47,0.4,2026-03-14,0817,N20,VIIRS,n,2,298.32,4.05,D,0
30.80965,76.01796,296.34,0.39,0.36,2026-03-14,2041,N20,VIIRS,n,2,284.91,0.26,N,0
30.65616,76.30877,302.63,0.38,0.36,2026-03-14,2041,N20,VIIRS,n,2,287.79,0.48,N,0
31.14926,75.8052,337.1,0.45,0.47,2026-03-24,0830,N20,VIIRS,n,2,295.9,2.7,D,0
30.42858,76.29082,331.04,0.41,0.37,2026-03-26,0752,N20,VIIRS,n,2,299.7,1.89,D,0
30.60769,75.95702,335.48,0.42,0.38,2026-03-26,0752,N20,VIIRS,n,2,301.1,4.45,D,0
31.07465,76.04257,354.13,0.35,0.57,2026-04-02,0721,N20,VIIRS,n,2,290.89,4.4,D,0
31.15574,76.11089,329.55,0.34,0.56,2026-04-02,0721,N20,VIIRS,n,2,286.34,1.51,D,0
30.5465,76.17219,333.05,0.39,0.36,2026-04-05,0804,N20,VIIRS,n,2,301.93,2.46,D,0
31.08648,76.13439,332.83,0.47,0.4,2026-04-06,0746,N20,VIIRS,n,2,303.2,2.33,D,0
30.88866,75.90891,308.26,0.42,0.37,2026-04-09,2053,N20,VIIRS,n,2,288.87,0.53,N,0
31.08154,76.09945,332.49,0.44,0.62,2026-04-12,1957,N20,VIIRS,n,2,288,3.59,N,0
31.08568,76.10002,299.26,0.54,0.68,2026-04-12,2137,N20,VIIRS,n,2,286.54,1.39,N,0
31.07973,76.09785,309.65,0.54,0.68,2026-04-12,2137,N20,VIIRS,n,2,286.62,1.39,N,0
31.07825,76.10323,297.17,0.54,0.68,2026-04-12,2137,N20,VIIRS,n,2,286.9,2.28,N,0
31.08479,76.10281,299.27,0.54,0.68,2026-04-12,2137,N20,VIIRS,n,2,286.77,0.49,N,0
31.07885,76.10061,325.87,0.54,0.68,2026-04-12,2137,N20,VIIRS,n,2,286.89,2.66,N,0
30.89137,75.9503,347.06,0.56,0.52,2026-04-14,0836,N20,VIIRS,n,2,312.64,6.54,D,0
30.96521,75.81158,345.04,0.55,0.51,2026-04-14,0836,N20,VIIRS,n,2,310.92,4.15,D,0
30.96168,75.80969,338.59,0.55,0.51,2026-04-14,0836,N20,VIIRS,l,2,310.3,3.77,D,0
30.65442,76.38683,339.9,0.49,0.4,2026-04-15,0817,N20,VIIRS,n,2,311.25,1.54,D,0
30.66642,75.86512,342.66,0.39,0.36,2026-04-16,0758,N20,VIIRS,n,2,308.61,4.41,D,0
30.42798,75.8841,331.13,0.4,0.44,2026-04-17,0739,N20,VIIRS,l,2,303.23,2.51,D,0
30.65903,75.58237,352.87,0.41,0.45,2026-04-17,0739,N20,VIIRS,n,2,299.88,24.97,D,0
30.87477,75.96115,332.66,0.39,0.44,2026-04-17,0739,N20,VIIRS,l,2,306.42,2.01,D,0
30.92856,75.90837,334.45,0.39,0.44,2026-04-17,0739,N20,VIIRS,l,2,308.79,2.23,D,0
30.50528,76.27774,333.46,0.35,0.57,2026-04-18,0721,N20,VIIRS,l,2,305.86,2,D,0
30.79149,75.56863,340.09,0.53,0.42,2026-04-20,0823,N20,VIIRS,n,2,314.21,2.67,D,0
30.79361,75.57063,343.95,0.53,0.42,2026-04-20,0823,N20,VIIRS,n,2,316.8,7.08,D,0
31.22393,75.96592,350.62,0.56,0.43,2026-04-20,0824,N20,VIIRS,n,2,311.58,78.49,D,0
31.22855,75.97124,367,0.56,0.43,2026-04-20,0824,N20,VIIRS,h,2,334.9,78.49,D,0
31.22788,75.96534,354.75,0.56,0.43,2026-04-20,0824,N20,VIIRS,n,2,319.18,78.49,D,0
31.2325,75.97066,352.74,0.56,0.43,2026-04-20,0824,N20,VIIRS,n,2,316.41,51.74,D,0
31.23117,75.95886,349.25,0.56,0.43,2026-04-20,0824,N20,VIIRS,n,2,317.3,33.53,D,0
31.23184,75.96476,367,0.56,0.43,2026-04-20,0824,N20,VIIRS,l,2,328.69,51.74,D,0
31.23578,75.96418,351.45,0.56,0.43,2026-04-20,0824,N20,VIIRS,n,2,318.44,51.74,D,0
31.23446,75.95238,344.22,0.56,0.43,2026-04-20,0824,N20,VIIRS,l,2,318.62,33.53,D,0
31.2384,75.95181,341.67,0.56,0.43,2026-04-20,0824,N20,VIIRS,l,2,315.72,10.05,D,0
30.86235,76.03824,341.93,0.39,0.36,2026-04-21,0805,N20,VIIRS,n,2,316.16,1.64,D,0
30.82193,75.58593,345.88,0.38,0.36,2026-04-21,0805,N20,VIIRS,n,2,309.77,3.98,D,0
30.52257,75.50082,345.15,0.63,0.54,2026-04-23,0727,N20,VIIRS,n,2,309.88,6.52,D,0
30.52365,75.49922,343.77,0.63,0.54,2026-04-23,0727,N20,VIIRS,n,2,311.43,5.48,D,0
31.0107,75.42483,335.78,0.62,0.54,2026-04-23,0727,N20,VIIRS,l,2,309.85,6.39,D,0
31.27785,75.55812,337.13,0.6,0.53,2026-04-23,0727,N20,VIIRS,n,2,306.64,2.83,D,0
30.81775,75.71164,332.48,0.57,0.69,2026-04-24,0708,N20,VIIRS,l,2,303.77,3.24,D,0
30.82064,75.70718,334.38,0.57,0.69,2026-04-24,0708,N20,VIIRS,n,2,303.76,3.21,D,0
30.96562,75.37743,333.1,0.59,0.7,2026-04-24,0708,N20,VIIRS,n,2,302.12,2.72,D,0
30.60896,75.44755,367,0.4,0.6,2026-04-24,0849,N20,VIIRS,h,2,302.7,5.38,D,0
30.60866,75.44332,342.27,0.4,0.6,2026-04-24,0849,N20,VIIRS,n,2,302.33,5.38,D,0
31.27022,75.69905,367,0.42,0.61,2026-04-24,0849,N20,VIIRS,h,2,304.16,15.38,D,0
30.44246,76.11179,354.18,0.46,0.47,2026-04-25,0830,N20,VIIRS,n,2,310.68,18.77,D,0
30.62146,76.24881,336.54,0.47,0.47,2026-04-25,0830,N20,VIIRS,l,2,307.11,4.19,D,0
31.14548,75.45399,345.24,0.43,0.46,2026-04-25,0830,N20,VIIRS,n,2,309.93,5.15,D,0
30.7561,76.04892,324.27,0.42,0.38,2026-04-25,2054,N20,VIIRS,n,2,294.65,2.05,N,0
30.75534,76.05324,317.94,0.42,0.38,2026-04-25,2054,N20,VIIRS,n,2,295.47,2.05,N,0
30.52999,75.61514,367,0.4,0.37,2026-04-26,0811,N20,VIIRS,l,2,333.35,62.89,D,0
30.53335,75.61452,350.5,0.4,0.37,2026-04-26,0811,N20,VIIRS,l,2,323.48,12.74,D,0
30.6793,76.32543,367,0.42,0.38,2026-04-26,0811,N20,VIIRS,l,2,326.17,18.94,D,0
30.68274,76.32481,348.15,0.42,0.38,2026-04-26,0811,N20,VIIRS,l,2,320.86,14.86,D,0
30.74191,75.98384,342.06,0.41,0.37,2026-04-26,0811,N20,VIIRS,l,2,316.63,32.6,D,0
30.74133,75.97957,367,0.41,0.37,2026-04-26,0811,N20,VIIRS,l,2,350.75,130.13,D,0
30.75451,76.05168,349.6,0.41,0.37,2026-04-26,0811,N20,VIIRS,n,2,321.75,9.39,D,0
30.74473,75.97895,352.47,0.41,0.37,2026-04-26,0811,N20,VIIRS,l,2,326.15,33.34,D,0
30.74415,75.97468,367,0.41,0.37,2026-04-26,0811,N20,VIIRS,l,2,331.99,33.34,D,0
30.76614,75.65441,342.56,0.4,0.37,2026-04-26,0811,N20,VIIRS,l,2,314.07,7.35,D,0
30.93199,76.41351,343.11,0.42,0.38,2026-04-26,0811,N20,VIIRS,n,2,314.51,4.32,D,0
30.89474,75.51579,342.06,0.4,0.37,2026-04-26,0811,N20,VIIRS,l,2,314.14,11.22,D,0
31.03412,76.10429,348.52,0.42,0.37,2026-04-26,0811,N20,VIIRS,l,2,322.48,17.6,D,0
31.01308,75.9491,345.58,0.41,0.37,2026-04-26,0811,N20,VIIRS,l,2,317.03,6.8,D,0
31.0125,75.9448,349.97,0.41,0.37,2026-04-26,0811,N20,VIIRS,n,2,318.64,6.8,D,0
31.01649,75.94846,349.05,0.41,0.37,2026-04-26,0811,N20,VIIRS,l,2,319.86,6.8,D,0
31.01532,75.93989,350.13,0.41,0.37,2026-04-26,0811,N20,VIIRS,l,2,326.36,18.41,D,0
31.01814,75.93498,347.76,0.41,0.37,2026-04-26,0811,N20,VIIRS,l,2,320.9,10.11,D,0
31.09318,76.02402,344.01,0.41,0.37,2026-04-26,0811,N20,VIIRS,l,2,318.72,6.36,D,0
31.09659,76.0234,367,0.41,0.37,2026-04-26,0811,N20,VIIRS,l,2,325.68,17.8,D,0
31.10001,76.02278,348.96,0.41,0.37,2026-04-26,0811,N20,VIIRS,n,2,320.59,17.8,D,0
31.09943,76.01846,348.45,0.41,0.37,2026-04-26,0811,N20,VIIRS,n,2,321.27,17.8,D,0
31.10284,76.01784,367,0.41,0.37,2026-04-26,0811,N20,VIIRS,h,2,323.67,13,D,0
31.10567,76.0129,367,0.41,0.37,2026-04-26,0811,N20,VIIRS,l,2,326.61,8.89,D,0
31.21357,76.19491,339.98,0.42,0.38,2026-04-26,0811,N20,VIIRS,l,2,314.54,2.9,D,0
31.2219,76.07272,346.82,0.42,0.37,2026-04-26,0811,N20,VIIRS,l,2,319.92,7.06,D,0
31.22415,76.06341,367,0.42,0.37,2026-04-26,0811,N20,VIIRS,h,2,334.73,57.27,D,0
31.22473,76.06774,349.05,0.42,0.37,2026-04-26,0811,N20,VIIRS,n,2,320.07,27.06,D,0
31.22532,76.07209,367,0.42,0.37,2026-04-26,0811,N20,VIIRS,l,2,327.01,27.06,D,0
31.22874,76.07148,355.06,0.42,0.37,2026-04-26,0811,N20,VIIRS,n,2,322.11,27.06,D,0
31.235,76.06589,367,0.42,0.37,2026-04-26,0811,N20,VIIRS,h,2,320.76,18.11,D,0
31.2238,75.7025,349.16,0.41,0.37,2026-04-26,0811,N20,VIIRS,l,2,322.82,16.8,D,0
31.27971,75.93043,349.28,0.41,0.37,2026-04-26,0811,N20,VIIRS,n,2,320.5,15.62,D,0
31.27913,75.92611,355.51,0.41,0.37,2026-04-26,0811,N20,VIIRS,n,2,324.36,15.62,D,0
31.28196,75.92117,355.56,0.41,0.37,2026-04-26,0811,N20,VIIRS,n,2,320.08,25.02,D,0
31.28993,75.92856,342.27,0.41,0.37,2026-04-26,0811,N20,VIIRS,l,2,316.65,14.82,D,0
31.28935,75.92423,352.49,0.41,0.37,2026-04-26,0811,N20,VIIRS,l,2,324.14,14.82,D,0
30.42503,75.38888,340.18,0.45,0.39,2026-04-27,0752,N20,VIIRS,l,2,314.87,3.31,D,0
30.53328,75.62834,367,0.44,0.38,2026-04-27,0752,N20,VIIRS,l,2,329.32,65.23,D,0
30.53596,75.62302,348.61,0.44,0.38,2026-04-27,0752,N20,VIIRS,l,2,319.04,10.83,D,0
30.77925,75.824,352.39,0.43,0.38,2026-04-27,0752,N20,VIIRS,l,2,323.68,58.79,D,0
31.2328,76.20203,351.47,0.41,0.37,2026-04-27,0752,N20,VIIRS,n,2,318.08,9.1,D,0
31.23619,76.20129,348.16,0.41,0.37,2026-04-27,0752,N20,VIIRS,n,2,315.55,3.03,D,0
30.44924,75.46566,336.69,0.52,0.5,2026-04-28,0733,N20,VIIRS,n,2,293.36,3.62,D,0
30.44808,75.46043,333.83,0.52,0.5,2026-04-28,0733,N20,VIIRS,n,2,293.78,3.62,D,0
30.48553,75.39365,340.24,0.52,0.5,2026-04-28,0733,N20,VIIRS,n,2,295.76,6.47,D,0
30.45912,76.3371,333.68,0.44,0.62,2026-04-29,0714,N20,VIIRS,n,2,300.23,1.83,D,0
30.43787,76.18149,335.62,0.45,0.63,2026-04-29,0714,N20,VIIRS,n,2,298.28,1.8,D,0
30.51642,76.30367,335.03,0.44,0.62,2026-04-29,0714,N20,VIIRS,n,2,297.99,2.18,D,0
30.52904,76.15249,350.29,0.44,0.63,2026-04-29,0714,N20,VIIRS,n,2,298.71,6.35,D,0
30.49554,75.85232,330.84,0.46,0.64,2026-04-29,0714,N20,VIIRS,n,2,299.8,2.63,D,0
30.49618,75.85262,333.15,0.46,0.64,2026-04-29,0714,N20,VIIRS,n,2,299.56,2.64,D,0
30.43161,75.53403,331.22,0.49,0.65,2026-04-29,0714,N20,VIIRS,n,2,299.71,2.3,D,0
30.64615,76.34187,339.26,0.43,0.62,2026-04-29,0714,N20,VIIRS,n,2,299.19,5.44,D,0
30.42206,75.47365,332.65,0.49,0.65,2026-04-29,0714,N20,VIIRS,n,2,298.28,3.23,D,0
30.65053,76.3357,334.91,0.43,0.62,2026-04-29,0714,N20,VIIRS,n,2,301.05,2.81,D,0
30.44631,75.51845,334.14,0.49,0.65,2026-04-29,0714,N20,VIIRS,n,2,298.59,3.48,D,0
30.42974,75.45498,343.49,0.49,0.65,2026-04-29,0714,N20,VIIRS,n,2,299.48,5.7,D,0
30.47466,75.38582,330.88,0.49,0.65,2026-04-29,0714,N20,VIIRS,n,2,298.34,2.36,D,0
30.64053,75.96342,333.5,0.45,0.63,2026-04-29,0714,N20,VIIRS,n,2,298.59,1.91,D,0
30.64208,75.96449,332.39,0.45,0.63,2026-04-29,0714,N20,VIIRS,n,2,296.01,2.51,D,0
30.61565,75.83894,336.76,0.46,0.64,2026-04-29,0714,N20,VIIRS,n,2,298.13,3.49,D,0
30.64108,75.79499,333.74,0.46,0.64,2026-04-29,0714,N20,VIIRS,n,2,298.22,1.08,D,0
30.57207,75.45614,331.42,0.49,0.65,2026-04-29,0714,N20,VIIRS,n,2,298.03,2.77,D,0
30.7311,76.05196,335.35,0.45,0.63,2026-04-29,0714,N20,VIIRS,n,2,297.02,3.63,D,0
30.42467,75.46011,330.7,0.5,0.66,2026-04-29,0855,N20,VIIRS,n,2,296.06,2.87,D,0
30.43107,75.46493,330.57,0.5,0.66,2026-04-29,0855,N20,VIIRS,n,2,297.08,2.87,D,0
30.43075,75.45967,342.86,0.5,0.66,2026-04-29,0855,N20,VIIRS,n,2,298.31,2.87,D,0
30.43297,75.39651,341.63,0.49,0.65,2026-04-29,0855,N20,VIIRS,n,2,298.38,2.93,D,0
30.48096,75.88584,336.58,0.53,0.67,2026-04-29,0855,N20,VIIRS,n,2,296.35,3.73,D,0
30.43194,75.46179,352.55,0.5,0.66,2026-04-29,0855,N20,VIIRS,n,2,298.84,6.93,D,0
30.50986,75.64919,336.97,0.51,0.66,2026-04-29,0855,N20,VIIRS,n,2,297.32,6.11,D,0
30.51343,75.49844,367,0.5,0.66,2026-04-29,0855,N20,VIIRS,h,2,301.18,35.06,D,0
30.51375,75.50376,331.69,0.5,0.66,2026-04-29,0855,N20,VIIRS,n,2,296.26,35.06,D,0
30.51312,75.49315,350.87,0.5,0.66,2026-04-29,0855,N20,VIIRS,n,2,300.15,41.64,D,0
31.02129,75.42397,331.22,0.5,0.66,2026-04-29,0855,N20,VIIRS,n,2,292.6,4,D,0
30.44353,75.47357,337.2,0.52,0.5,2026-04-30,0836,N20,VIIRS,n,2,305.36,4.38,D,0
30.50572,76.09837,343.87,0.56,0.52,2026-04-30,0836,N20,VIIRS,n,2,305.16,12.06,D,0
30.51048,76.09783,345.04,0.56,0.52,2026-04-30,0836,N20,VIIRS,n,2,304.72,12.06,D,0
30.50995,76.09194,344.26,0.56,0.52,2026-04-30,0836,N20,VIIRS,n,2,305.43,16.68,D,0
30.48201,75.68484,338.39,0.53,0.5,2026-04-30,0836,N20,VIIRS,n,2,308.1,6.82,D,0
30.47007,75.55815,347.26,0.52,0.5,2026-04-30,0836,N20,VIIRS,n,2,312.58,53.59,D,0
30.50491,75.58172,345.15,0.52,0.5,2026-04-30,0836,N20,VIIRS,n,2,309.23,8.68,D,0
30.50431,75.57989,344.1,0.52,0.5,2026-04-30,0836,N20,VIIRS,n,2,309.02,7.14,D,0
30.50892,75.57933,339.77,0.52,0.5,2026-04-30,0836,N20,VIIRS,n,2,307.78,4.41,D,0
30.52595,75.51099,349.41,0.52,0.5,2026-04-30,0836,N20,VIIRS,n,2,307.6,8.56,D,0
30.54431,75.5088,342.34,0.52,0.5,2026-04-30,0836,N20,VIIRS,n,2,307.05,4.62,D,0
30.55044,75.47514,343.23,0.52,0.5,2026-04-30,0836,N20,VIIRS,n,2,304.38,8.63,D,0
30.54993,75.46973,338.09,0.52,0.5,2026-04-30,0836,N20,VIIRS,n,2,304.78,8.63,D,0
30.63611,76.31248,342.89,0.58,0.52,2026-04-30,0836,N20,VIIRS,n,2,304.67,6.26,D,0
30.63558,76.30637,340.7,0.58,0.52,2026-04-30,0836,N20,VIIRS,n,2,306.13,6.26,D,0
30.60731,75.88538,337.12,0.55,0.51,2026-04-30,0836,N20,VIIRS,n,2,301.59,8.32,D,0
30.59911,75.59641,340.64,0.53,0.5,2026-04-30,0836,N20,VIIRS,n,2,307.28,6.97,D,0
30.59839,75.59806,345.26,0.53,0.5,2026-04-30,0836,N20,VIIRS,n,2,308.47,7.3,D,0
30.71962,76.27486,343.78,0.58,0.52,2026-04-30,0836,N20,VIIRS,n,2,304.89,5.77,D,0
30.83398,75.92991,343.47,0.55,0.51,2026-04-30,0836,N20,VIIRS,n,2,305.63,5.41,D,0
30.80646,75.5828,336.12,0.53,0.5,2026-04-30,0836,N20,VIIRS,n,2,303.14,6.97,D,0
30.87258,75.44987,336.61,0.52,0.5,2026-04-30,0836,N20,VIIRS,n,2,303.66,4,D,0
30.93575,75.77589,335.79,0.54,0.51,2026-04-30,0836,N20,VIIRS,n,2,304.34,3.07,D,0
30.93798,75.77416,343.01,0.55,0.51,2026-04-30,0836,N20,VIIRS,n,2,305.94,4.77,D,0
30.99682,75.79634,335.23,0.55,0.51,2026-04-30,0836,N20,VIIRS,n,2,302.21,4.77,D,0
30.99991,75.42186,336.26,0.52,0.5,2026-04-30,0836,N20,VIIRS,n,2,305.93,4.16,D,0
30.99939,75.4164,342.19,0.52,0.5,2026-04-30,0836,N20,VIIRS,n,2,304.13,4.16,D,0
31.02533,75.44958,337.65,0.52,0.5,2026-04-30,0836,N20,VIIRS,n,2,302.69,2.49,D,0
31.18069,75.4224,336.74,0.52,0.5,2026-04-30,0836,N20,VIIRS,n,2,304.56,3.43,D,0
30.43671,76.28892,335.76,0.48,0.4,2026-05-01,0817,N20,VIIRS,l,2,309.86,3.45,D,0
30.42896,75.74636,347.1,0.45,0.39,2026-05-01,0817,N20,VIIRS,n,2,312.54,6.74,D,0
30.43252,75.74576,339.17,0.45,0.39,2026-05-01,0817,N20,VIIRS,l,2,311.14,6.74,D,0
30.4284,75.65583,336.99,0.45,0.39,2026-05-01,0817,N20,VIIRS,l,2,311.53,3.97,D,0
30.47359,75.86899,348.48,0.46,0.39,2026-05-01,0817,N20,VIIRS,n,2,314.14,8.06,D,0
30.49689,75.87968,338.98,0.46,0.39,2026-05-01,0817,N20,VIIRS,l,2,311.37,5.18,D,0
30.44116,75.44653,339.93,0.44,0.38,2026-05-01,0817,N20,VIIRS,l,2,312.77,5.54,D,0
30.49285,75.64972,343.64,0.45,0.39,2026-05-01,0817,N20,VIIRS,l,2,314.56,5.09,D,0
30.56061,75.84709,341.47,0.46,0.39,2026-05-01,0817,N20,VIIRS,l,2,312.88,4.67,D,0
30.52792,75.44765,343.33,0.44,0.38,2026-05-01,0817,N20,VIIRS,l,2,316.11,7.22,D,0
30.60679,76.04028,341.03,0.47,0.39,2026-05-01,0817,N20,VIIRS,n,2,309.38,5.17,D,0
30.54089,75.49234,350.26,0.44,0.39,2026-05-01,0817,N20,VIIRS,n,2,315.56,6.34,D,0
30.66224,76.33768,349.08,0.48,0.4,2026-05-01,0817,N20,VIIRS,n,2,316.19,6.92,D,0
30.58089,75.49493,343.78,0.44,0.39,2026-05-01,0817,N20,VIIRS,n,2,310.88,6.71,D,0
30.61709,75.7458,349.09,0.45,0.39,2026-05-01,0817,N20,VIIRS,n,2,312.71,10.76,D,0
30.5682,75.37075,341.69,0.44,0.38,2026-05-01,0817,N20,VIIRS,l,2,313.76,5.15,D,0
30.61594,75.74772,342.96,0.45,0.39,2026-05-01,0817,N20,VIIRS,n,2,311.78,8.86,D,0
30.56873,75.37206,344.94,0.44,0.38,2026-05-01,0817,N20,VIIRS,n,2,313.95,6.54,D,0
30.63424,75.83661,339.04,0.46,0.39,2026-05-01,0817,N20,VIIRS,l,2,312.53,5.24,D,0
30.57866,75.39368,341.75,0.44,0.38,2026-05-01,0817,N20,VIIRS,l,2,313.53,6.08,D,0
30.58218,75.39307,341.8,0.44,0.38,2026-05-01,0817,N20,VIIRS,l,2,311.98,6.08,D,0
30.58159,75.3885,343.99,0.44,0.38,2026-05-01,0817,N20,VIIRS,l,2,316.34,26.07,D,0
30.62257,75.68413,341.95,0.45,0.39,2026-05-01,0817,N20,VIIRS,l,2,312.97,4.46,D,0
30.62613,75.68353,344.33,0.45,0.39,2026-05-01,0817,N20,VIIRS,n,2,311.43,4.46,D,0
30.72112,76.30492,338.38,0.48,0.4,2026-05-01,0817,N20,VIIRS,l,2,309.13,3.48,D,0
30.61148,75.42547,345.05,0.44,0.38,2026-05-01,0817,N20,VIIRS,n,2,312.84,5.23,D,0
30.6356,75.50124,350.45,0.44,0.39,2026-05-01,0817,N20,VIIRS,n,2,315.34,11.03,D,0
30.76856,76.17558,336.84,0.47,0.4,2026-05-01,0817,N20,VIIRS,l,2,307.35,2.35,D,0
30.70488,75.61762,343.53,0.45,0.39,2026-05-01,0817,N20,VIIRS,n,2,308.39,4.2,D,0
30.70903,75.6217,341.7,0.45,0.39,2026-05-01,0817,N20,VIIRS,l,2,313.08,3.67,D,0
30.70857,75.62386,339.22,0.45,0.39,2026-05-01,0817,N20,VIIRS,l,2,312.23,2.76,D,0
30.70798,75.61918,340.42,0.45,0.39,2026-05-01,0817,N20,VIIRS,l,2,311.36,2.76,D,0
30.81157,76.1611,345.24,0.47,0.4,2026-05-01,0817,N20,VIIRS,n,2,312.04,15.99,D,0
30.73516,75.40617,339.46,0.44,0.38,2026-05-01,0817,N20,VIIRS,l,2,311.6,7.34,D,0
30.80376,75.91829,339.12,0.46,0.39,2026-05-01,0817,N20,VIIRS,l,2,310.95,3.7,D,0
30.77483,75.57444,339.47,0.45,0.39,2026-05-01,0817,N20,VIIRS,l,2,310.64,9.34,D,0
30.87624,76.32356,339.55,0.48,0.4,2026-05-01,0817,N20,VIIRS,l,2,313.65,11.78,D,0
30.84807,75.8618,335.87,0.46,0.39,2026-05-01,0817,N20,VIIRS,l,2,310.01,2.63,D,0
30.84745,75.85701,336.45,0.46,0.39,2026-05-01,0817,N20,VIIRS,l,2,310.76,2.63,D,0
30.84911,75.85856,340.1,0.46,0.39,2026-05-01,0817,N20,VIIRS,l,2,310.54,4.86,D,0
30.84463,75.53081,334.74,0.45,0.39,2026-05-01,0817,N20,VIIRS,l,2,307.74,3.2,D,0
30.89424,75.52237,339.74,0.45,0.39,2026-05-01,0817,N20,VIIRS,n,2,308.67,5.72,D,0
30.93703,75.7706,339.49,0.46,0.39,2026-05-01,0817,N20,VIIRS,l,2,312.35,4.55,D,0
30.89462,75.44161,347.94,0.44,0.39,2026-05-01,0817,N20,VIIRS,n,2,315.16,7.03,D,0
31.09611,76.05495,348.31,0.47,0.4,2026-05-01,0817,N20,VIIRS,n,2,315.13,6.46,D,0
31.02756,75.3837,337.04,0.44,0.39,2026-05-01,0817,N20,VIIRS,l,2,310.97,2.33,D,0
31.05291,75.46957,340.3,0.45,0.39,2026-05-01,0817,N20,VIIRS,l,2,311.25,4.04,D,0
31.05465,75.42645,339.09,0.45,0.39,2026-05-01,0817,N20,VIIRS,l,2,313.88,6.68,D,0
31.07893,75.50333,342.74,0.45,0.39,2026-05-01,0817,N20,VIIRS,n,2,311.89,5.49,D,0
31.08248,75.50272,341.19,0.45,0.39,2026-05-01,0817,N20,VIIRS,n,2,309.87,8.54,D,0
31.09792,75.53845,347.92,0.45,0.39,2026-05-01,0817,N20,VIIRS,n,2,312.64,6.92,D,0
31.10068,75.4471,346.77,0.45,0.39,2026-05-01,0817,N20,VIIRS,n,2,312.53,7.4,D,0
31.1927,76.11505,337.91,0.48,0.4,2026-05-01,0817,N20,VIIRS,l,2,309.78,3.62,D,0
31.20256,76.16435,341.18,0.48,0.4,2026-05-01,0817,N20,VIIRS,n,2,311.15,5.3,D,0
31.15188,75.54102,342.42,0.45,0.39,2026-05-01,0817,N20,VIIRS,l,2,312.72,3.01,D,0
31.17483,75.37933,330.45,0.44,0.39,2026-05-01,0817,N20,VIIRS,l,2,304.86,1.79,D,0
31.23842,75.76493,339.02,0.46,0.39,2026-05-01,0817,N20,VIIRS,l,2,310.69,3.6,D,0
31.23781,75.76011,336.72,0.46,0.39,2026-05-01,0817,N20,VIIRS,l,2,309.82,3.6,D,0
31.24201,75.76433,338.34,0.46,0.39,2026-05-01,0817,N20,VIIRS,l,2,309.69,3.6,D,0
31.27614,75.97755,349.7,0.47,0.4,2026-05-01,0817,N20,VIIRS,n,2,312.84,6.01,D,0
31.27977,75.97694,352.51,0.47,0.4,2026-05-01,0817,N20,VIIRS,n,2,312.46,9.94,D,0
31.24281,75.59809,338.21,0.45,0.39,2026-05-01,0817,N20,VIIRS,l,2,309.17,3.63,D,0
31.24459,75.59467,339.68,0.45,0.39,2026-05-01,0817,N20,VIIRS,n,2,307.56,2.9,D,0
31.26958,75.56135,332.52,0.45,0.39,2026-05-01,0817,N20,VIIRS,l,2,306.4,1.44,D,0
30.44717,76.30503,348.75,0.39,0.36,2026-05-02,0758,N20,VIIRS,n,2,313.44,9.53,D,0
30.45142,75.41033,352.16,0.4,0.37,2026-05-02,0758,N20,VIIRS,l,2,317.49,12.93,D,0
30.44936,75.39795,350.59,0.4,0.37,2026-05-02,0758,N20,VIIRS,l,2,317.98,11.93,D,0
30.47403,75.37962,342.13,0.4,0.37,2026-05-02,0758,N20,VIIRS,l,2,315.12,11.1,D,0
30.57551,75.9157,337.43,0.39,0.36,2026-05-02,0758,N20,VIIRS,l,2,310.87,3.03,D,0
30.60216,76.06013,335.79,0.39,0.36,2026-05-02,0758,N20,VIIRS,l,2,309.16,2.78,D,0
30.67421,76.02045,339.62,0.39,0.36,2026-05-02,0758,N20,VIIRS,l,2,310.86,4.31,D,0
30.65944,75.80194,338.63,0.39,0.36,2026-05-02,0758,N20,VIIRS,l,2,313.4,4.43,D,0
30.61411,75.50332,352.6,0.4,0.37,2026-05-02,0758,N20,VIIRS,l,2,324.28,12.98,D,0
30.93132,75.92489,340.25,0.39,0.36,2026-05-02,0758,N20,VIIRS,n,2,306.48,2.79,D,0
30.87985,75.46381,339.24,0.4,0.37,2026-05-02,0758,N20,VIIRS,l,2,312.11,5.28,D,0
30.63511,75.57983,313.81,0.4,0.44,2026-05-02,2022,N20,VIIRS,n,2,294.12,1.9,N,0
30.53087,75.50925,331.14,0.42,0.45,2026-05-03,0739,N20,VIIRS,l,2,304.9,1.95,D,0
30.51231,75.41938,331.42,0.42,0.45,2026-05-03,0739,N20,VIIRS,l,2,303.25,4.19,D,0
30.5592,75.62636,331.62,0.41,0.45,2026-05-03,0739,N20,VIIRS,l,2,305.74,2.5,D,0
30.53493,75.50814,335.17,0.42,0.45,2026-05-03,0739,N20,VIIRS,n,2,305.09,1.95,D,0
30.51817,75.42687,342.74,0.42,0.45,2026-05-03,0739,N20,VIIRS,n,2,304.97,3.13,D,0
30.61768,75.89302,367,0.4,0.44,2026-05-03,0739,N20,VIIRS,h,2,306.89,11.37,D,0
30.61687,75.88897,352.03,0.4,0.44,2026-05-03,0739,N20,VIIRS,n,2,310.05,24.02,D,0
30.59937,75.78182,331.64,0.4,0.44,2026-05-03,0739,N20,VIIRS,l,2,302.74,7.03,D,0
30.59853,75.77772,350.37,0.4,0.44,2026-05-03,0739,N20,VIIRS,n,2,307.46,7.03,D,0
30.5219,75.4031,343.97,0.42,0.45,2026-05-03,0739,N20,VIIRS,n,2,306.24,6.62,D,0
30.60669,75.79716,330.32,0.4,0.44,2026-05-03,0739,N20,VIIRS,l,2,303.95,1.91,D,0
30.60586,75.79306,335.95,0.4,0.44,2026-05-03,0739,N20,VIIRS,n,2,304.29,1.91,D,0
30.52153,75.38037,343.71,0.43,0.46,2026-05-03,0739,N20,VIIRS,n,2,306.44,5.64,D,0
30.56418,75.56728,334.08,0.41,0.45,2026-05-03,0739,N20,VIIRS,l,2,304.88,1.76,D,0
30.53913,75.40293,349.6,0.42,0.45,2026-05-03,0739,N20,VIIRS,n,2,306.05,9.43,D,0
30.66238,75.94905,348.99,0.39,0.44,2026-05-03,0739,N20,VIIRS,n,2,304.4,6.41,D,0
30.54698,75.37797,337.25,0.42,0.46,2026-05-03,0739,N20,VIIRS,n,2,304.65,1.8,D,0
30.56512,75.44575,331.85,0.42,0.45,2026-05-03,0739,N20,VIIRS,l,2,304.04,1.52,D,0
30.60676,75.60898,334.55,0.41,0.45,2026-05-03,0739,N20,VIIRS,n,2,303.5,0.77,D,0
30.57734,75.4424,335.93,0.42,0.45,2026-05-03,0739,N20,VIIRS,n,2,303.52,1.91,D,0
30.65635,75.81396,330.61,0.4,0.44,2026-05-03,0739,N20,VIIRS,l,2,303.84,1.66,D,0
30.42379,76.20785,340.19,0.39,0.44,2026-05-03,0739,N20,VIIRS,n,2,306.77,3.64,D,0
30.43794,76.23711,330.69,0.38,0.43,2026-05-03,0739,N20,VIIRS,l,2,304.1,1.83,D,0
30.4314,75.87273,335.91,0.4,0.44,2026-05-03,0739,N20,VIIRS,l,2,306.25,3.69,D,0
30.45083,75.94892,343.5,0.4,0.44,2026-05-03,0739,N20,VIIRS,n,2,307.48,6.12,D,0
30.4619,75.92036,344.22,0.4,0.44,2026-05-03,0739,N20,VIIRS,n,2,306.9,12.35,D,0
30.46109,75.9163,353.91,0.4,0.44,2026-05-03,0739,N20,VIIRS,n,2,312.13,12.35,D,0
30.46507,75.91521,337.85,0.4,0.44,2026-05-03,0739,N20,VIIRS,n,2,305.13,12.35,D,0
30.46359,75.88238,332.37,0.4,0.44,2026-05-03,0739,N20,VIIRS,l,2,305.89,1.47,D,0
30.42227,75.6405,336.57,0.41,0.45,2026-05-03,0739,N20,VIIRS,n,2,305.21,1.99,D,0
30.4214,75.63629,335.22,0.41,0.45,2026-05-03,0739,N20,VIIRS,l,2,305.6,3.12,D,0
30.46682,75.79521,338.87,0.4,0.45,2026-05-03,0739,N20,VIIRS,n,2,304.9,2.98,D,0
30.46176,75.77048,343.48,0.41,0.45,2026-05-03,0739,N20,VIIRS,n,2,306.97,3.46,D,0
30.46387,75.73936,349.4,0.41,0.45,2026-05-03,0739,N20,VIIRS,n,2,308.15,9.61,D,0
30.43989,75.62241,337.4,0.41,0.45,2026-05-03,0739,N20,VIIRS,n,2,306.35,2.52,D,0
30.52651,76.02718,343.1,0.39,0.44,2026-05-03,0739,N20,VIIRS,n,2,305.13,2.03,D,0
30.47016,75.64526,333.07,0.41,0.45,2026-05-03,0739,N20,VIIRS,l,2,305.86,1.79,D,0
30.43195,75.45841,332.99,0.42,0.45,2026-05-03,0739,N20,VIIRS,l,2,305.33,0.91,D,0
30.53004,75.92026,331.7,0.4,0.44,2026-05-03,0739,N20,VIIRS,l,2,304.49,2.12,D,0
30.43603,75.4573,352.74,0.42,0.45,2026-05-03,0739,N20,VIIRS,n,2,306.21,9.81,D,0
30.45847,75.54597,336.82,0.42,0.45,2026-05-03,0739,N20,VIIRS,n,2,304.93,3.26,D,0
30.4576,75.54173,340.01,0.42,0.45,2026-05-03,0739,N20,VIIRS,n,2,305.85,3.26,D,0
30.50537,75.69305,345.4,0.41,0.45,2026-05-03,0739,N20,VIIRS,n,2,308.56,5.54,D,0
30.47272,75.51062,347.66,0.42,0.45,2026-05-03,0739,N20,VIIRS,n,2,305.12,3.75,D,0
30.47246,75.48813,339.02,0.42,0.45,2026-05-03,0739,N20,VIIRS,n,2,303.2,2,D,0
30.56907,75.94812,343.83,0.4,0.44,2026-05-03,0739,N20,VIIRS,n,2,305.64,3.58,D,0
30.54394,75.82205,333.72,0.4,0.44,2026-05-03,0739,N20,VIIRS,l,2,306.25,2.73,D,0
30.49072,75.51469,332.57,0.42,0.45,2026-05-03,0739,N20,VIIRS,l,2,305.54,3.04,D,0
30.49478,75.51359,343.61,0.42,0.45,2026-05-03,0739,N20,VIIRS,n,2,305.49,3.04,D,0
30.4997,75.51674,340.08,0.42,0.45,2026-05-03,0739,N20,VIIRS,n,2,305.31,4.73,D,0
30.50377,75.51563,350.73,0.42,0.45,2026-05-03,0739,N20,VIIRS,n,2,306.48,4.73,D,0
30.50242,75.51697,342.73,0.42,0.45,2026-05-03,0739,N20,VIIRS,n,2,305.46,4.9,D,0
30.50154,75.51272,340.86,0.42,0.45,2026-05-03,0739,N20,VIIRS,n,2,306.32,4.9,D,0
30.58374,75.82922,332.92,0.4,0.44,2026-05-03,0739,N20,VIIRS,l,2,304.95,2.03,D,0
30.59999,75.86781,337.98,0.4,0.44,2026-05-03,0739,N20,VIIRS,n,2,305.21,2.08,D,0
30.48961,75.80695,334.11,0.38,0.59,2026-05-04,0721,N20,VIIRS,n,2,298.45,2.24,D,0
30.5262,75.93341,340.38,0.37,0.58,2026-05-04,0721,N20,VIIRS,n,2,298.58,3.52,D,0
30.47559,75.65794,367,0.39,0.59,2026-05-04,0721,N20,VIIRS,h,2,299.1,6.05,D,0
30.44958,75.55231,334.14,0.39,0.6,2026-05-04,0721,N20,VIIRS,n,2,301.49,2.16,D,0
30.49471,75.64336,330.97,0.39,0.59,2026-05-04,0721,N20,VIIRS,l,2,301.11,2.43,D,0
30.44927,75.45805,332.41,0.4,0.6,2026-05-04,0721,N20,VIIRS,n,2,300.09,2.93,D,0
30.44828,75.45404,333.39,0.4,0.6,2026-05-04,0721,N20,VIIRS,n,2,300.72,2.93,D,0
30.45261,75.4483,348.4,0.4,0.6,2026-05-04,0721,N20,VIIRS,n,2,299.8,4.56,D,0
30.4378,75.38808,355.24,0.4,0.6,2026-05-04,0721,N20,VIIRS,n,2,301.19,7.59,D,0
30.61861,76.06332,343.72,0.36,0.58,2026-05-04,0721,N20,VIIRS,n,2,298.6,3.68,D,0
30.57406,75.87766,336.62,0.37,0.58,2026-05-04,0721,N20,VIIRS,n,2,300.58,2.73,D,0
30.5401,75.73702,332.09,0.38,0.59,2026-05-04,0721,N20,VIIRS,n,2,299.63,5.49,D,0
30.47832,75.48302,330.07,0.4,0.6,2026-05-04,0721,N20,VIIRS,n,2,300.83,6.91,D,0
30.48363,75.48129,367,0.4,0.6,2026-05-04,0721,N20,VIIRS,h,2,303.7,6.91,D,0
30.53938,75.68743,367,0.38,0.59,2026-05-04,0721,N20,VIIRS,h,2,300.27,10.25,D,0
30.53845,75.68356,355.8,0.38,0.59,2026-05-04,0721,N20,VIIRS,n,2,302.1,10.71,D,0
30.53244,75.63531,343.54,0.39,0.59,2026-05-04,0721,N20,VIIRS,n,2,300.63,3.4,D,0
30.64413,76.0314,367,0.36,0.58,2026-05-04,0721,N20,VIIRS,h,2,300.67,5.1,D,0
30.64454,76.03197,367,0.36,0.58,2026-05-04,0721,N20,VIIRS,h,2,299.96,6.24,D,0
30.59898,75.84618,331.26,0.37,0.58,2026-05-04,0721,N20,VIIRS,n,2,298.62,1.19,D,0
30.55802,75.61149,367,0.39,0.59,2026-05-04,0721,N20,VIIRS,h,2,300.53,10.85,D,0
30.59407,75.75778,332.55,0.38,0.59,2026-05-04,0721,N20,VIIRS,n,2,300.44,1.87,D,0
30.55706,75.6076,354.07,0.39,0.59,2026-05-04,0721,N20,VIIRS,n,2,302.16,10.85,D,0
30.56232,75.60589,367,0.39,0.59,2026-05-04,0721,N20,VIIRS,h,2,299.34,5.28,D,0
30.60955,75.79796,345.16,0.38,0.58,2026-05-04,0721,N20,VIIRS,n,2,300.68,5.81,D,0
30.60862,75.79416,336.42,0.38,0.59,2026-05-04,0721,N20,VIIRS,n,2,300.23,3.72,D,0
30.60583,75.78278,342.45,0.38,0.59,2026-05-04,0721,N20,VIIRS,n,2,300.77,4.22,D,0
30.59742,75.74847,350.82,0.38,0.59,2026-05-04,0721,N20,VIIRS,n,2,301.39,4.52,D,0
30.59648,75.74466,338.08,0.38,0.59,2026-05-04,0721,N20,VIIRS,n,2,300.08,4.52,D,0
30.56328,75.60978,337.04,0.39,0.59,2026-05-04,0721,N20,VIIRS,n,2,299.58,5.28,D,0
30.61382,75.79249,340.49,0.38,0.59,2026-05-04,0721,N20,VIIRS,n,2,299.46,3.72,D,0
30.61213,75.73961,330.93,0.38,0.59,2026-05-04,0721,N20,VIIRS,l,2,302.76,2.88,D,0
30.60242,75.63062,367,0.39,0.59,2026-05-04,0721,N20,VIIRS,h,2,300.85,6.68,D,0
30.62869,75.73831,345.45,0.38,0.59,2026-05-04,0721,N20,VIIRS,n,2,299.71,4.83,D,0
30.62497,75.72302,335.71,0.38,0.59,2026-05-04,0721,N20,VIIRS,n,2,299.14,3.65,D,0
30.62403,75.7192,342.2,0.38,0.59,2026-05-04,0721,N20,VIIRS,n,2,300.5,3.65,D,0
30.62217,75.71155,338.45,0.38,0.59,2026-05-04,0721,N20,VIIRS,n,2,299.14,4.15,D,0
30.62926,75.71751,341.21,0.38,0.59,2026-05-04,0721,N20,VIIRS,n,2,300.15,3.65,D,0
30.56827,75.46795,335.07,0.39,0.6,2026-05-04,0721,N20,VIIRS,n,2,299.75,3.16,D,0
30.5929,75.54519,330.82,0.39,0.59,2026-05-04,0721,N20,VIIRS,n,2,298.62,1.56,D,0
30.60151,75.48701,331.11,0.39,0.6,2026-05-04,0721,N20,VIIRS,n,2,300.89,1.26,D,0
30.71489,75.75361,337.9,0.38,0.58,2026-05-04,0721,N20,VIIRS,n,2,298.52,8.19,D,0
30.71396,75.74981,355.63,0.38,0.59,2026-05-04,0721,N20,VIIRS,n,2,303.15,11,D,0
30.62889,75.38174,331.9,0.4,0.6,2026-05-04,0721,N20,VIIRS,n,2,299.34,1.87,D,0
30.65875,75.47929,336.81,0.39,0.59,2026-05-04,0721,N20,VIIRS,n,2,299.79,1.92,D,0
30.74668,75.60668,331.15,0.38,0.59,2026-05-04,0721,N20,VIIRS,n,2,298.26,2.44,D,0
30.76762,75.59982,367,0.38,0.59,2026-05-04,0721,N20,VIIRS,h,2,299.92,12.84,D,0
30.76855,75.60368,331.71,0.38,0.59,2026-05-04,0721,N20,VIIRS,n,2,296.23,5.95,D,0
30.74919,75.60291,330.06,0.38,0.59,2026-05-04,0721,N20,VIIRS,n,2,298.23,2.62,D,0
30.76585,75.60165,367,0.38,0.59,2026-05-04,0721,N20,VIIRS,h,2,298.59,6.4,D,0
30.7649,75.59779,338.25,0.38,0.59,2026-05-04,0721,N20,VIIRS,n,2,297.05,6.4,D,0
30.77525,75.50197,333.84,0.39,0.59,2026-05-04,0721,N20,VIIRS,n,2,295.4,1.55,D,0
30.77998,75.47498,338.65,0.39,0.59,2026-05-04,0721,N20,VIIRS,n,2,298.55,4.36,D,0
30.81247,75.37451,353.47,0.39,0.6,2026-05-04,0721,N20,VIIRS,n,2,300.69,5.57,D,0
30.81425,75.37437,367,0.39,0.6,2026-05-04,0721,N20,VIIRS,h,2,300.03,6.53,D,0
31.0104,75.75988,333.58,0.37,0.58,2026-05-04,0721,N20,VIIRS,n,2,296.46,2.39,D,0
31.07446,75.95511,330.18,0.36,0.57,2026-05-04,0721,N20,VIIRS,n,2,297.5,1.32,D,0
31.17619,76.12733,340.86,0.35,0.57,2026-05-04,0721,N20,VIIRS,n,2,297.98,3.48,D,0
31.18722,75.52904,334.6,0.38,0.59,2026-05-04,0721,N20,VIIRS,n,2,298.3,2.39,D,0
31.18602,75.53057,344.43,0.38,0.59,2026-05-04,0721,N20,VIIRS,n,2,298.11,3.32,D,0
30.42575,75.45018,347.62,0.62,0.71,2026-05-04,0901,N20,VIIRS,n,2,295.12,11.75,D,0
30.43612,75.39101,345.15,0.61,0.71,2026-05-04,0901,N20,VIIRS,n,2,295.38,5.18,D,0
30.50511,75.9535,339.27,0.66,0.73,2026-05-04,0901,N20,VIIRS,n,2,293.88,6.39,D,0
30.50389,75.60983,355.75,0.63,0.72,2026-05-04,0901,N20,VIIRS,n,2,296.49,13.14,D,0
30.59183,75.76849,344.87,0.65,0.73,2026-05-04,0901,N20,VIIRS,n,2,296.45,8.43,D,0
30.60695,75.80225,330.4,0.65,0.73,2026-05-04,0901,N20,VIIRS,n,2,295.05,5.25,D,0
30.6137,75.80195,340.37,0.65,0.73,2026-05-04,0901,N20,VIIRS,n,2,296.03,5.25,D,0
30.59479,75.76856,346.94,0.65,0.73,2026-05-04,0901,N20,VIIRS,n,2,295.81,8.56,D,0
30.60971,75.80233,331.6,0.65,0.73,2026-05-04,0901,N20,VIIRS,n,2,295.13,3.39,D,0
30.61646,75.80199,343.44,0.65,0.73,2026-05-04,0901,N20,VIIRS,n,2,296.3,7.27,D,0
30.62025,75.73302,367,0.65,0.73,2026-05-04,0901,N20,VIIRS,h,2,297.32,13.43,D,0
30.61995,75.7262,335.86,0.64,0.72,2026-05-04,0901,N20,VIIRS,n,2,295.62,13.43,D,0
30.61965,75.71937,330.38,0.64,0.72,2026-05-04,0901,N20,VIIRS,n,2,295.01,4.43,D,0
30.62697,75.73268,340.13,0.65,0.73,2026-05-04,0901,N20,VIIRS,n,2,295.7,11.37,D,0
30.68235,75.62127,330.69,0.64,0.72,2026-05-04,0901,N20,VIIRS,n,2,293.85,4.26,D,0
30.67889,75.61582,331.79,0.64,0.72,2026-05-04,0901,N20,VIIRS,n,2,294.76,5.04,D,0
30.76519,75.59795,332.33,0.63,0.72,2026-05-04,0901,N20,VIIRS,n,2,293.38,2.2,D,0
30.76895,75.59786,330.8,0.64,0.72,2026-05-04,0901,N20,VIIRS,n,2,292.88,4.57,D,0
31.00795,75.76271,336.34,0.65,0.73,2026-05-04,0901,N20,VIIRS,n,2,294.82,6.84,D,0
31.01061,75.76283,331.13,0.65,0.73,2026-05-04,0901,N20,VIIRS,n,2,294.51,9.38,D,0
30.53888,75.73981,338.89,0.72,0.75,2026-05-05,0702,N20,VIIRS,n,2,289.59,13.88,D,0
30.54049,75.74073,347.67,0.72,0.75,2026-05-05,0702,N20,VIIRS,n,2,291.17,9.14,D,0
30.56605,75.54772,340.81,0.73,0.76,2026-05-05,0702,N20,VIIRS,n,2,291.14,2.89,D,0
30.5727,75.54517,340.08,0.73,0.76,2026-05-05,0702,N20,VIIRS,n,2,292.37,5.04,D,0
30.56647,75.52331,330.78,0.74,0.76,2026-05-05,0702,N20,VIIRS,n,2,292.88,3.62,D,0
30.56595,75.54745,352.05,0.73,0.76,2026-05-05,0702,N20,VIIRS,n,2,291.91,7.62,D,0
30.57261,75.54491,331.74,0.73,0.76,2026-05-05,0702,N20,VIIRS,n,2,292.14,7.62,D,0
30.56625,75.52314,331.75,0.74,0.76,2026-05-05,0702,N20,VIIRS,n,2,293.05,3.74,D,0
30.68367,75.49413,331.97,0.73,0.76,2026-05-05,0702,N20,VIIRS,n,2,292.84,4.61,D,0
30.72469,75.65932,332.21,0.72,0.75,2026-05-05,0702,N20,VIIRS,n,2,291.29,6.14,D,0
30.6666,75.40881,330.24,0.74,0.76,2026-05-05,0702,N20,VIIRS,n,2,293.7,4.53,D,0
31.11158,76.13178,330.78,0.66,0.73,2026-05-05,0702,N20,VIIRS,n,2,291.63,3.21,D,0
30.46194,75.7971,338.77,0.33,0.56,2026-05-05,0842,N20,VIIRS,n,2,301.1,2.39,D,0
30.46305,75.74765,340.96,0.33,0.55,2026-05-05,0842,N20,VIIRS,n,2,301,2.1,D,0
30.47684,75.85246,331.51,0.34,0.56,2026-05-05,0842,N20,VIIRS,n,2,300.12,2.14,D,0
30.49607,75.87438,330.52,0.34,0.56,2026-05-05,0842,N20,VIIRS,l,2,300.65,1.14,D,0
30.49497,75.72556,343.46,0.33,0.55,2026-05-05,0842,N20,VIIRS,n,2,300.88,2.08,D,0
30.51479,75.84744,336.36,0.34,0.56,2026-05-05,0842,N20,VIIRS,n,2,301.12,1.48,D,0
30.50903,75.77345,344.86,0.33,0.56,2026-05-05,0842,N20,VIIRS,n,2,303,2.98,D,0
30.5204,75.78644,341.83,0.34,0.56,2026-05-05,0842,N20,VIIRS,n,2,301.53,2.53,D,0
30.4975,75.43656,340.02,0.32,0.54,2026-05-05,0842,N20,VIIRS,n,2,302.93,1.6,D,0
30.52206,75.67732,340,0.33,0.55,2026-05-05,0842,N20,VIIRS,n,2,304.51,2.46,D,0
30.52502,75.58694,335.03,0.33,0.55,2026-05-05,0842,N20,VIIRS,n,2,303.48,1.73,D,0
30.52474,75.58353,332.98,0.33,0.55,2026-05-05,0842,N20,VIIRS,l,2,304.41,1.73,D,0
30.53737,75.6758,338.81,0.33,0.55,2026-05-05,0842,N20,VIIRS,n,2,303.92,1.95,D,0
30.51704,75.42777,332.36,0.32,0.54,2026-05-05,0842,N20,VIIRS,l,2,303.32,1.68,D,0
30.55807,75.74029,337.35,0.33,0.56,2026-05-05,0842,N20,VIIRS,n,2,303.01,4.02,D,0
30.57349,75.86663,343,0.34,0.56,2026-05-05,0842,N20,VIIRS,n,2,305.22,4.9,D,0
30.57206,75.84889,334.25,0.34,0.56,2026-05-05,0842,N20,VIIRS,n,2,302.76,1.99,D,0
30.5629,75.73628,333.33,0.33,0.55,2026-05-05,0842,N20,VIIRS,n,2,303.31,3.29,D,0
30.56888,75.74624,332.61,0.33,0.56,2026-05-05,0842,N20,VIIRS,n,2,301.86,1.83,D,0
30.58151,75.83723,352.74,0.34,0.56,2026-05-05,0842,N20,VIIRS,n,2,303.22,9.03,D,0
30.58122,75.83369,337.97,0.34,0.56,2026-05-05,0842,N20,VIIRS,n,2,304.12,4.51,D,0
30.58318,75.79434,335.37,0.34,0.56,2026-05-05,0842,N20,VIIRS,n,2,300.65,1.91,D,0
30.59123,75.82913,367,0.34,0.56,2026-05-05,0842,N20,VIIRS,h,2,303.33,5.99,D,0
30.56112,75.40979,346.26,0.32,0.54,2026-05-05,0842,N20,VIIRS,n,2,305.55,3.45,D,0
30.60948,75.92431,342.04,0.34,0.56,2026-05-05,0842,N20,VIIRS,n,2,302.44,4.08,D,0
30.58574,75.79584,337.17,0.34,0.56,2026-05-05,0842,N20,VIIRS,n,2,301.14,2.13,D,0
30.59357,75.83067,351.28,0.34,0.56,2026-05-05,0842,N20,VIIRS,n,2,302.92,3.32,D,0
30.5933,75.82713,335.52,0.34,0.56,2026-05-05,0842,N20,VIIRS,n,2,302.43,3.32,D,0
30.5611,75.41091,352.41,0.32,0.54,2026-05-05,0842,N20,VIIRS,n,2,304.25,3.42,D,0
30.61092,75.92239,346.18,0.34,0.56,2026-05-05,0842,N20,VIIRS,n,2,304.2,4.28,D,0
30.61038,75.91521,338.57,0.34,0.56,2026-05-05,0842,N20,VIIRS,n,2,304.81,3.38,D,0
30.61175,75.86466,336.18,0.34,0.56,2026-05-05,0842,N20,VIIRS,n,2,302.07,1.73,D,0
30.61147,75.8611,330.37,0.34,0.56,2026-05-05,0842,N20,VIIRS,l,2,302.91,1.73,D,0
30.6074,75.80789,339.05,0.34,0.56,2026-05-05,0842,N20,VIIRS,n,2,302.25,2.24,D,0
30.60089,75.7235,344.74,0.33,0.55,2026-05-05,0842,N20,VIIRS,n,2,302.2,2.71,D,0
30.5858,75.53058,342.19,0.32,0.55,2026-05-05,0842,N20,VIIRS,n,2,303.4,3.53,D,0
30.58553,75.52718,347.45,0.32,0.55,2026-05-05,0842,N20,VIIRS,n,2,305.14,3.53,D,0
30.58499,75.5204,354.67,0.32,0.55,2026-05-05,0842,N20,VIIRS,n,2,306.63,5.63,D,0
30.61063,75.78262,336.41,0.34,0.56,2026-05-05,0842,N20,VIIRS,n,2,302.03,3.49,D,0
30.61036,75.77909,340.3,0.34,0.56,2026-05-05,0842,N20,VIIRS,n,2,303.54,5.92,D,0
30.60954,75.76852,331.73,0.34,0.56,2026-05-05,0842,N20,VIIRS,n,2,301.59,3.8,D,0
30.58548,75.46249,337.5,0.32,0.55,2026-05-05,0842,N20,VIIRS,n,2,303.61,1.53,D,0
30.58119,75.4088,344.12,0.32,0.54,2026-05-05,0842,N20,VIIRS,n,2,303.65,3.52,D,0
30.61004,75.70851,336.48,0.33,0.55,2026-05-05,0842,N20,VIIRS,n,2,298.75,4.64,D,0
30.60052,75.58756,349.71,0.33,0.55,2026-05-05,0842,N20,VIIRS,n,2,303.41,3.63,D,0
30.62146,75.78864,367,0.34,0.56,2026-05-05,0842,N20,VIIRS,h,2,301.75,5.28,D,0
30.61488,75.70452,367,0.33,0.55,2026-05-05,0842,N20,VIIRS,h,2,303.06,4.64,D,0
30.62174,75.79217,340.26,0.34,0.56,2026-05-05,0842,N20,VIIRS,n,2,301.49,5.28,D,0
30.60673,75.47385,338.61,0.32,0.55,2026-05-05,0842,N20,VIIRS,n,2,302.68,1.21,D,0
30.61205,75.47669,367,0.32,0.55,2026-05-05,0842,N20,VIIRS,h,2,304.52,9.23,D,0
30.63745,75.79418,354.22,0.34,0.56,2026-05-05,0842,N20,VIIRS,n,2,303.09,4.29,D,0
30.63328,75.74139,345.48,0.33,0.56,2026-05-05,0842,N20,VIIRS,n,2,300.47,5.52,D,0
30.63134,75.71692,338.07,0.33,0.55,2026-05-05,0842,N20,VIIRS,n,2,300.45,3.98,D,0
30.63106,75.71343,333.22,0.33,0.55,2026-05-05,0842,N20,VIIRS,n,2,302.22,4.48,D,0
30.67355,76.05522,343.05,0.35,0.57,2026-05-05,0842,N20,VIIRS,n,2,301.77,2.71,D,0
30.66146,75.77045,337.32,0.34,0.56,2026-05-05,0842,N20,VIIRS,n,2,303.36,2.14,D,0
30.64062,75.51466,331.57,0.32,0.55,2026-05-05,0842,N20,VIIRS,l,2,302.34,1.33,D,0
30.67888,75.9229,336.13,0.34,0.56,2026-05-05,0842,N20,VIIRS,n,2,302.46,0.99,D,0
30.65611,75.64088,337.12,0.33,0.55,2026-05-05,0842,N20,VIIRS,n,2,302.92,1.59,D,0
30.65264,75.41486,345.4,0.32,0.54,2026-05-05,0842,N20,VIIRS,n,2,304.57,3.13,D,0
30.68022,75.50037,332.04,0.32,0.55,2026-05-05,0842,N20,VIIRS,n,2,302,0.44,D,0
30.70853,75.81458,355.91,0.34,0.56,2026-05-05,0842,N20,VIIRS,n,2,300.29,4.54,D,0
30.68412,75.49869,334.19,0.32,0.55,2026-05-05,0842,N20,VIIRS,n,2,300.53,1.6,D,0
30.68358,75.49189,336.24,0.32,0.55,2026-05-05,0842,N20,VIIRS,n,2,304.43,2.31,D,0
30.71369,75.81405,339.16,0.34,0.56,2026-05-05,0842,N20,VIIRS,n,2,299.91,2.16,D,0
30.68917,75.49816,332.6,0.32,0.55,2026-05-05,0842,N20,VIIRS,n,2,300.98,0.92,D,0
30.68329,75.4239,350.33,0.32,0.55,2026-05-05,0842,N20,VIIRS,n,2,306.07,4.28,D,0
30.69799,75.54532,367,0.33,0.55,2026-05-05,0842,N20,VIIRS,h,2,302.34,12.02,D,0
30.69772,75.5419,351.95,0.33,0.55,2026-05-05,0842,N20,VIIRS,n,2,303.79,12.02,D,0
30.68619,75.39655,339.39,0.32,0.54,2026-05-05,0842,N20,VIIRS,n,2,301.5,1.98,D,0
30.71473,75.69334,338.65,0.33,0.55,2026-05-05,0842,N20,VIIRS,n,2,297.77,3.17,D,0
30.70306,75.5448,348.69,0.33,0.55,2026-05-05,0842,N20,VIIRS,n,2,302.57,3.17,D,0
30.70279,75.54138,338.38,0.33,0.55,2026-05-05,0842,N20,VIIRS,n,2,303.77,3.17,D,0
30.71266,75.53693,336.54,0.33,0.55,2026-05-05,0842,N20,VIIRS,n,2,303.79,2.93,D,0
30.7276,75.66045,332.76,0.33,0.55,2026-05-05,0842,N20,VIIRS,n,2,297.84,1.12,D,0
30.72733,75.65697,333.64,0.33,0.55,2026-05-05,0842,N20,VIIRS,n,2,298.79,1.12,D,0
30.7124,75.40732,337.89,0.32,0.55,2026-05-05,0842,N20,VIIRS,n,2,302.28,2.41,D,0
30.82376,76.15234,330.31,0.36,0.57,2026-05-05,0842,N20,VIIRS,n,2,299.83,1.55,D,0
30.78115,75.3829,334.3,0.32,0.54,2026-05-05,0842,N20,VIIRS,n,2,300.92,1.02,D,0
30.79204,75.45654,341.04,0.32,0.55,2026-05-05,0842,N20,VIIRS,n,2,300.72,4.06,D,0
30.79177,75.45315,331.61,0.32,0.55,2026-05-05,0842,N20,VIIRS,n,2,300.89,3.94,D,0
30.82683,75.57347,338.75,0.33,0.55,2026-05-05,0842,N20,VIIRS,n,2,295.92,4.31,D,0
30.85991,75.53894,342.27,0.33,0.55,2026-05-05,0842,N20,VIIRS,n,2,299.11,2.87,D,0
30.87219,75.38028,330.78,0.32,0.55,2026-05-05,0842,N20,VIIRS,n,2,296.67,2.64,D,0
30.8719,75.37691,337.14,0.32,0.54,2026-05-05,0842,N20,VIIRS,n,2,298.07,2.72,D,0
30.90393,75.69904,347.59,0.33,0.56,2026-05-05,0842,N20,VIIRS,n,2,298.74,4.8,D,0
30.87158,75.37892,344.47,0.32,0.55,2026-05-05,0842,N20,VIIRS,n,2,297.1,3.43,D,0
30.90119,75.6982,340.63,0.33,0.56,2026-05-05,0842,N20,VIIRS,n,2,299.63,2.68,D,0
30.90632,75.69769,335.02,0.33,0.56,2026-05-05,0842,N20,VIIRS,n,2,299.6,2.31,D,0
30.93661,75.75524,332.42,0.34,0.56,2026-05-05,0842,N20,VIIRS,n,2,298.36,3.37,D,0
31.03245,75.49231,333.22,0.33,0.55,2026-05-05,0842,N20,VIIRS,n,2,299.55,2.9,D,0
31.11194,76.18193,337.15,0.36,0.57,2026-05-05,0842,N20,VIIRS,n,2,297.74,4.36,D,0
31.06182,75.4136,354.99,0.32,0.55,2026-05-05,0842,N20,VIIRS,n,2,303.6,5.67,D,0
31.12904,76.12709,330.05,0.36,0.57,2026-05-05,0842,N20,VIIRS,n,2,298.49,3.1,D,0
31.11645,75.64132,334.58,0.33,0.55,2026-05-05,0842,N20,VIIRS,n,2,297.29,1.14,D,0
31.11908,75.64169,335.7,0.33,0.56,2026-05-05,0842,N20,VIIRS,n,2,297.12,1.27,D,0
31.19932,76.0801,343.82,0.35,0.57,2026-05-05,0842,N20,VIIRS,n,2,297.62,4.05,D,0
31.21083,76.16243,333.4,0.36,0.57,2026-05-05,0842,N20,VIIRS,n,2,298.64,2.01,D,0
31.16155,75.4623,339,0.33,0.55,2026-05-05,0842,N20,VIIRS,n,2,297.16,1.46,D,0
31.22239,76.10436,331.86,0.36,0.57,2026-05-05,0842,N20,VIIRS,n,2,300.01,2.4,D,0
31.21158,75.89629,342.69,0.35,0.56,2026-05-05,0842,N20,VIIRS,n,2,301.42,4.58,D,0
31.24333,75.88596,341.82,0.35,0.56,2026-05-05,0842,N20,VIIRS,n,2,301.12,3.43,D,0
31.29859,75.99181,346.32,0.35,0.57,2026-05-05,0842,N20,VIIRS,n,2,297.35,2.68,D,0
30.56417,76.07951,336.88,0.56,0.43,2026-05-06,0823,N20,VIIRS,l,2,310.58,5.19,D,0
30.55473,75.99325,337.45,0.55,0.43,2026-05-06,0823,N20,VIIRS,l,2,308.4,15.66,D,0
30.53285,75.79543,340.75,0.54,0.42,2026-05-06,0823,N20,VIIRS,l,2,314,14.02,D,0
30.49336,75.44557,337.41,0.51,0.41,2026-05-06,0823,N20,VIIRS,n,2,306.99,5.81,D,0
30.52987,75.73365,337.3,0.53,0.42,2026-05-06,0823,N20,VIIRS,l,2,310.14,11.28,D,0
30.6034,76.36795,343.61,0.38,0.43,2026-05-06,0823,N20,VIIRS,n,2,308.75,2.85,D,0
30.53694,75.72693,338.46,0.53,0.42,2026-05-06,0823,N20,VIIRS,l,2,309.94,9.35,D,0
30.61483,76.39887,333.06,0.39,0.44,2026-05-06,0823,N20,VIIRS,l,2,307.29,2.24,D,0
30.52583,75.59447,347.88,0.52,0.42,2026-05-06,0823,N20,VIIRS,n,2,315.82,25.44,D,0
30.61796,76.39026,343.55,0.38,0.44,2026-05-06,0823,N20,VIIRS,n,2,307.39,5.18,D,0
30.544,75.72023,339.4,0.53,0.42,2026-05-06,0823,N20,VIIRS,l,2,311.85,11.87,D,0
30.5365,75.65407,340.61,0.53,0.42,2026-05-06,0823,N20,VIIRS,l,2,310.9,11.2,D,0
30.55854,75.81429,342.21,0.54,0.42,2026-05-06,0823,N20,VIIRS,l,2,312.98,14.84,D,0
30.59428,76.06329,353.57,0.55,0.43,2026-05-06,0823,N20,VIIRS,n,2,313.11,10.07,D,0
30.5803,75.90263,342.95,0.54,0.42,2026-05-06,0823,N20,VIIRS,l,2,316.59,25.18,D,0
30.57654,75.83438,340.21,0.54,0.42,2026-05-06,0823,N20,VIIRS,l,2,313.17,11.34,D,0
30.57978,75.82819,348.73,0.54,0.42,2026-05-06,0823,N20,VIIRS,n,2,313.99,16.07,D,0
30.55827,75.60615,345.05,0.52,0.42,2026-05-06,0823,N20,VIIRS,n,2,312.22,11.41,D,0
30.57795,75.74327,346.24,0.53,0.42,2026-05-06,0823,N20,VIIRS,n,2,313.91,15.2,D,0
30.61462,75.92632,350.46,0.55,0.42,2026-05-06,0823,N20,VIIRS,n,2,316.76,22.65,D,0
30.62306,75.96559,338,0.55,0.43,2026-05-06,0823,N20,VIIRS,l,2,310.29,8.25,D,0
30.61592,75.86855,346.51,0.54,0.42,2026-05-06,0823,N20,VIIRS,n,2,317.09,9.36,D,0
30.61073,75.82352,345.07,0.54,0.42,2026-05-06,0823,N20,VIIRS,n,2,313.93,10.02,D,0
30.60299,75.75646,340.12,0.53,0.42,2026-05-06,0823,N20,VIIRS,l,2,313.74,9.37,D,0
30.6185,75.85668,341.03,0.54,0.42,2026-05-06,0823,N20,VIIRS,l,2,314.17,12.05,D,0
30.58056,75.53077,343.88,0.52,0.42,2026-05-06,0823,N20,VIIRS,n,2,309.54,10.02,D,0
30.56532,75.40178,338.23,0.51,0.41,2026-05-06,0823,N20,VIIRS,n,2,307.69,6.89,D,0
30.5691,75.40119,340.57,0.51,0.41,2026-05-06,0823,N20,VIIRS,n,2,310.09,6.89,D,0
30.61133,75.72693,339.07,0.53,0.42,2026-05-06,0823,N20,VIIRS,l,2,312.78,12.12,D,0
30.62622,75.8212,346.64,0.54,0.42,2026-05-06,0823,N20,VIIRS,n,2,311.33,14.99,D,0
30.59451,75.51762,345.26,0.52,0.42,2026-05-06,0823,N20,VIIRS,l,2,315.39,10.02,D,0
30.59386,75.51221,342.02,0.52,0.41,2026-05-06,0823,N20,VIIRS,l,2,313.91,11.26,D,0
30.59831,75.51703,349.51,0.52,0.42,2026-05-06,0823,N20,VIIRS,n,2,312.62,10.02,D,0
30.63586,75.80263,340.21,0.54,0.42,2026-05-06,0823,N20,VIIRS,l,2,311.26,7.62,D,0
30.67538,76.07484,347.2,0.56,0.43,2026-05-06,0823,N20,VIIRS,n,2,314.82,6.85,D,0
30.68132,76.09164,339.64,0.56,0.43,2026-05-06,0823,N20,VIIRS,l,2,311.04,8.05,D,0
30.67998,76.08004,335.73,0.56,0.43,2026-05-06,0823,N20,VIIRS,l,2,310.42,6.85,D,0
30.66646,75.89549,349.26,0.54,0.42,2026-05-06,0823,N20,VIIRS,n,2,312.37,9.35,D,0
30.67561,76.07917,337.03,0.56,0.43,2026-05-06,0823,N20,VIIRS,l,2,310.69,4.69,D,0
30.67497,76.07336,337.8,0.56,0.43,2026-05-06,0823,N20,VIIRS,l,2,312.75,6.83,D,0
30.6808,76.0902,340.36,0.56,0.43,2026-05-06,0823,N20,VIIRS,l,2,310.96,5.31,D,0
30.68017,76.08439,339.53,0.56,0.43,2026-05-06,0823,N20,VIIRS,l,2,311.84,8.02,D,0
30.66774,75.89937,337.96,0.54,0.42,2026-05-06,0823,N20,VIIRS,l,2,310.16,17.8,D,0
30.66711,75.8937,340.84,0.54,0.42,2026-05-06,0823,N20,VIIRS,l,2,314.88,17.8,D,0
30.6539,75.7754,340.28,0.54,0.42,2026-05-06,0823,N20,VIIRS,l,2,312.76,7.4,D,0
30.63124,75.37329,337.65,0.51,0.41,2026-05-06,0823,N20,VIIRS,l,2,307.76,12.21,D,0
30.64876,75.49084,342.82,0.52,0.41,2026-05-06,0823,N20,VIIRS,n,2,311.79,9.91,D,0
30.64814,75.48544,343.31,0.52,0.41,2026-05-06,0823,N20,VIIRS,l,2,313.38,12.56,D,0
30.6995,75.90038,337.99,0.55,0.42,2026-05-06,0823,N20,VIIRS,l,2,311.48,5.72,D,0
30.63942,75.37746,338.68,0.51,0.41,2026-05-06,0823,N20,VIIRS,n,2,308.61,10.28,D,0
30.66774,75.55424,337.98,0.52,0.42,2026-05-06,0823,N20,VIIRS,n,2,306.04,4.36,D,0
30.65516,75.41313,337.72,0.51,0.41,2026-05-06,0823,N20,VIIRS,n,2,307.35,8.78,D,0
30.71119,75.86402,339.48,0.54,0.42,2026-05-06,0823,N20,VIIRS,l,2,311.95,5.69,D,0
30.69642,75.70094,342.26,0.53,0.42,2026-05-06,0823,N20,VIIRS,n,2,313.62,6.44,D,0
30.676,75.4263,340.23,0.52,0.41,2026-05-06,0823,N20,VIIRS,l,2,311.92,13.56,D,0
30.73964,75.83676,340.58,0.54,0.42,2026-05-06,0823,N20,VIIRS,n,2,309.27,3.16,D,0
30.72791,75.73578,339.3,0.53,0.42,2026-05-06,0823,N20,VIIRS,l,2,311.63,7.54,D,0
30.73027,75.6227,347.12,0.53,0.42,2026-05-06,0823,N20,VIIRS,n,2,310.92,7.39,D,0
30.7283,75.62061,344.31,0.53,0.42,2026-05-06,0823,N20,VIIRS,n,2,312.19,5.64,D,0
30.73213,75.62003,338.58,0.53,0.42,2026-05-06,0823,N20,VIIRS,n,2,306.74,5.64,D,0
30.75927,75.75716,340.57,0.54,0.42,2026-05-06,0823,N20,VIIRS,l,2,313.48,6.43,D,0
30.73059,75.50336,339.52,0.52,0.42,2026-05-06,0823,N20,VIIRS,n,2,308.86,5.65,D,0
30.8294,76.36056,336.27,0.39,0.44,2026-05-06,0823,N20,VIIRS,l,2,308.98,3.01,D,0
30.82897,76.35653,343.37,0.39,0.44,2026-05-06,0823,N20,VIIRS,n,2,311.08,3.01,D,0
30.76313,75.75658,340.57,0.54,0.42,2026-05-06,0823,N20,VIIRS,n,2,312.3,6.43,D,0
30.7625,75.75098,335.67,0.54,0.42,2026-05-06,0823,N20,VIIRS,l,2,310.45,6.54,D,0
30.74186,75.56824,335.45,0.53,0.42,2026-05-06,0823,N20,VIIRS,l,2,308.96,2.73,D,0
30.72572,75.42702,338.93,0.52,0.41,2026-05-06,0823,N20,VIIRS,l,2,309.32,9.09,D,0
30.7488,75.59508,339.98,0.53,0.42,2026-05-06,0823,N20,VIIRS,l,2,310.95,5.06,D,0
30.73455,75.43662,338.43,0.52,0.41,2026-05-06,0823,N20,VIIRS,n,2,307.23,5.32,D,0
30.75089,75.5113,334.32,0.52,0.42,2026-05-06,0823,N20,VIIRS,l,2,307.34,4.1,D,0
30.78134,75.6069,337.12,0.53,0.42,2026-05-06,0823,N20,VIIRS,l,2,307.98,5.01,D,0
30.78007,75.59589,337.57,0.53,0.42,2026-05-06,0823,N20,VIIRS,l,2,308.44,9.09,D,0
30.76364,75.45412,347,0.52,0.41,2026-05-06,0823,N20,VIIRS,n,2,303.7,6.88,D,0
30.78265,75.55084,347.07,0.52,0.42,2026-05-06,0823,N20,VIIRS,n,2,317.62,16.72,D,0
30.79539,75.6272,339.05,0.53,0.42,2026-05-06,0823,N20,VIIRS,l,2,311.9,6.38,D,0
30.78711,75.55573,338.89,0.52,0.42,2026-05-06,0823,N20,VIIRS,l,2,310.61,16.72,D,0
30.78647,75.55025,341.78,0.52,0.42,2026-05-06,0823,N20,VIIRS,n,2,308.75,16.72,D,0
30.78584,75.54478,347.42,0.52,0.42,2026-05-06,0823,N20,VIIRS,n,2,309.93,10.33,D,0
30.82953,75.85558,339.26,0.54,0.42,2026-05-06,0823,N20,VIIRS,l,2,312.67,8.65,D,0
30.83275,75.81479,345.42,0.54,0.42,2026-05-06,0823,N20,VIIRS,n,2,313.97,9.02,D,0
30.82162,75.61759,336.89,0.53,0.42,2026-05-06,0823,N20,VIIRS,l,2,311.68,5.33,D,0
30.81189,75.50193,334.91,0.52,0.42,2026-05-06,0823,N20,VIIRS,l,2,307.87,2.9,D,0
30.87659,76.02377,338.98,0.56,0.43,2026-05-06,0823,N20,VIIRS,l,2,311.24,4.81,D,0
30.89096,76.00986,343.76,0.55,0.43,2026-05-06,0823,N20,VIIRS,n,2,311.26,4.39,D,0
30.83941,75.57007,337.74,0.53,0.42,2026-05-06,0823,N20,VIIRS,l,2,309.22,2.33,D,0
30.82762,75.43877,346.13,0.52,0.41,2026-05-06,0823,N20,VIIRS,n,2,309.11,19.29,D,0
30.88268,76.00855,335.72,0.56,0.43,2026-05-06,0823,N20,VIIRS,l,2,309.62,3.36,D,0
30.89052,76.00739,340.33,0.56,0.43,2026-05-06,0823,N20,VIIRS,n,2,309.7,4.76,D,0
30.84217,75.57245,331.92,0.53,0.42,2026-05-06,0823,N20,VIIRS,l,2,305.58,3.02,D,0
30.82669,75.43604,336.73,0.52,0.41,2026-05-06,0823,N20,VIIRS,l,2,308.58,8.83,D,0
30.83111,75.44087,337.94,0.52,0.41,2026-05-06,0823,N20,VIIRS,n,2,306.31,19.99,D,0
30.84734,75.54931,336.35,0.53,0.42,2026-05-06,0823,N20,VIIRS,l,2,306.66,3.8,D,0
30.82934,75.39169,343.5,0.52,0.41,2026-05-06,0823,N20,VIIRS,n,2,311.04,9.71,D,0
30.85436,75.54264,341.44,0.53,0.42,2026-05-06,0823,N20,VIIRS,n,2,306.7,5.44,D,0
30.85642,75.45904,334.9,0.52,0.42,2026-05-06,0823,N20,VIIRS,l,2,308.04,1.72,D,0
30.86588,75.50746,339.01,0.52,0.42,2026-05-06,0823,N20,VIIRS,n,2,308.98,3.59,D,0
30.86525,75.502,334.79,0.52,0.42,2026-05-06,0823,N20,VIIRS,l,2,308.93,3.11,D,0
30.86404,75.45787,334.61,0.52,0.42,2026-05-06,0823,N20,VIIRS,l,2,309.49,3.35,D,0
30.86407,75.42475,336.85,0.52,0.41,2026-05-06,0823,N20,VIIRS,l,2,309.55,3.18,D,0
30.9756,76.34343,337.07,0.39,0.44,2026-05-06,0823,N20,VIIRS,n,2,303.37,1.97,D,0
30.89132,75.4592,335.18,0.52,0.42,2026-05-06,0823,N20,VIIRS,l,2,309.56,1.32,D,0
30.92526,75.64984,338.45,0.53,0.42,2026-05-06,0823,N20,VIIRS,l,2,310.53,3.78,D,0
30.91683,75.54427,332.42,0.53,0.42,2026-05-06,0823,N20,VIIRS,l,2,306.75,4.54,D,0
30.90454,75.37455,338.18,0.52,0.41,2026-05-06,0823,N20,VIIRS,n,2,307.34,5.78,D,0
30.94045,75.54626,333.92,0.53,0.42,2026-05-06,0823,N20,VIIRS,l,2,306.96,3.85,D,0
30.93862,75.54413,338.69,0.53,0.42,2026-05-06,0823,N20,VIIRS,n,2,309.37,3.32,D,0
30.98218,75.79328,335.92,0.54,0.42,2026-05-06,0823,N20,VIIRS,l,2,307.39,2.8,D,0
31.05588,76.245,333.12,0.57,0.43,2026-05-06,0823,N20,VIIRS,l,2,304.88,2.47,D,0
31.037,76.07272,332.3,0.56,0.43,2026-05-06,0823,N20,VIIRS,l,2,305.25,4.03,D,0
30.99669,75.50729,338.74,0.52,0.42,2026-05-06,0823,N20,VIIRS,n,2,309.44,3.82,D,0
30.98907,75.4085,348.59,0.52,0.41,2026-05-06,0823,N20,VIIRS,n,2,309.25,6.74,D,0
31.06526,76.03867,334.03,0.56,0.43,2026-05-06,0823,N20,VIIRS,l,2,305.6,2.99,D,0
31.0178,75.6221,339.49,0.53,0.42,2026-05-06,0823,N20,VIIRS,l,2,312.46,5.22,D,0
30.99605,75.43507,338.47,0.52,0.42,2026-05-06,0823,N20,VIIRS,n,2,308.3,5.71,D,0
30.99541,75.42963,340.61,0.52,0.42,2026-05-06,0823,N20,VIIRS,n,2,309.16,7.34,D,0
31.00747,75.43331,333.87,0.52,0.42,2026-05-06,0823,N20,VIIRS,l,2,306.54,4.32,D,0
31.06528,75.62623,339.47,0.53,0.42,2026-05-06,0823,N20,VIIRS,l,2,310.97,4.38,D,0
30.42204,76.41368,341.32,0.38,0.43,2026-05-06,0823,N20,VIIRS,n,2,308.81,2.85,D,0
30.42629,76.30524,340.32,0.57,0.43,2026-05-06,0823,N20,VIIRS,n,2,309.88,4.9,D,0
30.46684,76.41531,345.94,0.38,0.43,2026-05-06,0823,N20,VIIRS,n,2,315.36,4.98,D,0
30.47128,76.41873,347.42,0.38,0.44,2026-05-06,0823,N20,VIIRS,n,2,314.59,4.98,D,0
30.47527,76.41816,341.01,0.38,0.44,2026-05-06,0823,N20,VIIRS,l,2,314.79,3.21,D,0
30.45773,76.0872,339.29,0.55,0.43,2026-05-06,0823,N20,VIIRS,l,2,310.39,2.61,D,0
30.48175,76.26118,345.02,0.57,0.43,2026-05-06,0823,N20,VIIRS,n,2,312.67,9.75,D,0
30.48571,76.26061,344.91,0.57,0.43,2026-05-06,0823,N20,VIIRS,n,2,314.71,9.75,D,0
30.46157,76.05157,340.42,0.55,0.43,2026-05-06,0823,N20,VIIRS,n,2,309.82,4.92,D,0
30.45754,76.08568,339.25,0.55,0.43,2026-05-06,0823,N20,VIIRS,l,2,310.55,5.39,D,0
30.48113,76.26585,337.74,0.57,0.43,2026-05-06,0823,N20,VIIRS,l,2,309.62,7.43,D,0
30.48049,76.25995,338.4,0.57,0.43,2026-05-06,0823,N20,VIIRS,l,2,310.27,8.31,D,0
30.48509,76.26527,336.04,0.57,0.43,2026-05-06,0823,N20,VIIRS,l,2,310.3,6.71,D,0
30.46158,76.04999,338.37,0.55,0.43,2026-05-06,0823,N20,VIIRS,l,2,309.46,8.54,D,0
30.48841,76.25879,341.59,0.57,0.43,2026-05-06,0823,N20,VIIRS,l,2,312.07,10.86,D,0
30.49138,76.13946,337.29,0.56,0.43,2026-05-06,0823,N20,VIIRS,n,2,305.35,9.07,D,0
30.45149,75.71414,338.55,0.53,0.42,2026-05-06,0823,N20,VIIRS,n,2,308.49,6.3,D,0
30.42769,75.50735,342.75,0.52,0.41,2026-05-06,0823,N20,VIIRS,n,2,311.61,13.51,D,0
30.46418,75.79105,344.73,0.53,0.42,2026-05-06,0823,N20,VIIRS,n,2,310.7,11.13,D,0
30.43148,75.50677,349.39,0.52,0.41,2026-05-06,0823,N20,VIIRS,n,2,312.19,16.32,D,0
30.4542,75.60233,338.17,0.52,0.42,2026-05-06,0823,N20,VIIRS,l,2,310.25,6.07,D,0
30.45357,75.59689,338.53,0.52,0.42,2026-05-06,0823,N20,VIIRS,l,2,309.88,8.3,D,0
30.5625,76.4185,336.89,0.39,0.44,2026-05-06,0823,N20,VIIRS,l,2,309.27,2.44,D,0
30.54517,76.26248,333.7,0.57,0.43,2026-05-06,0823,N20,VIIRS,l,2,307.59,3.76,D,0
30.54451,76.25659,337.59,0.57,0.43,2026-05-06,0823,N20,VIIRS,l,2,310.56,3.76,D,0
30.47456,75.64362,343.62,0.53,0.42,2026-05-06,0823,N20,VIIRS,n,2,311.7,13.82,D,0
30.46249,75.54037,347.57,0.52,0.41,2026-05-06,0823,N20,VIIRS,n,2,310.46,21.24,D,0
30.51701,75.94311,339.78,0.55,0.42,2026-05-06,0823,N20,VIIRS,l,2,310.56,6.27,D,0
30.48602,75.60856,343.37,0.52,0.42,2026-05-06,0823,N20,VIIRS,l,2,314.39,13.39,D,0
30.47771,75.53805,340.42,0.52,0.41,2026-05-06,0823,N20,VIIRS,l,2,310.64,9.21,D,0
30.53385,75.91755,343.44,0.54,0.42,2026-05-06,0823,N20,VIIRS,n,2,309.74,8.11,D,0
30.51558,75.76071,339.47,0.53,0.42,2026-05-06,0823,N20,VIIRS,l,2,310.37,7.46,D,0
30.52269,75.78792,337.38,0.54,0.42,2026-05-06,0823,N20,VIIRS,l,2,307.84,7.05,D,0
30.57413,76.19846,331.64,0.56,0.43,2026-05-06,0823,N20,VIIRS,l,2,305.1,3.54,D,0
30.56471,76.08151,340.72,0.55,0.43,2026-05-06,0823,N20,VIIRS,n,2,310.27,5.71,D,0
30.56006,76.0412,338.1,0.55,0.43,2026-05-06,0823,N20,VIIRS,l,2,309.8,6.54,D,0
30.53171,75.7979,349.07,0.54,0.42,2026-05-06,0823,N20,VIIRS,n,2,314.41,17.25,D,0
30.60196,76.37209,340.9,0.38,0.43,2026-05-06,0823,N20,VIIRS,n,2,309.51,1.71,D,0
30.60151,76.3681,340.89,0.38,0.43,2026-05-06,0823,N20,VIIRS,n,2,309.22,2.12,D,0
30.59959,76.35116,337.69,0.57,0.43,2026-05-06,0823,N20,VIIRS,l,2,310.44,4.09,D,0
30.55799,75.98911,346.08,0.55,0.43,2026-05-06,0823,N20,VIIRS,n,2,308.06,6.21,D,0
30.4934,75.44267,338.25,0.51,0.41,2026-05-06,0823,N20,VIIRS,l,2,309.13,8.6,D,0
30.54075,75.80789,340.37,0.54,0.42,2026-05-06,0823,N20,VIIRS,l,2,313.59,10.41,D,0
30.53156,75.73011,341.56,0.53,0.42,2026-05-06,0823,N20,VIIRS,n,2,311.51,12.03,D,0
31.06309,75.62485,337.03,0.53,0.42,2026-05-06,0824,N20,VIIRS,l,2,309.94,3.03,D,0
31.04753,75.48653,343.66,0.52,0.42,2026-05-06,0824,N20,VIIRS,n,2,314.78,7.07,D,0
31.09292,75.78653,335.89,0.54,0.42,2026-05-06,0824,N20,VIIRS,l,2,306.4,7.37,D,0
31.04593,75.37029,347.98,0.52,0.41,2026-05-06,0824,N20,VIIRS,n,2,306.39,4.36,D,0
31.07661,75.60577,340.28,0.53,0.42,2026-05-06,0824,N20,VIIRS,n,2,312.05,3.12,D,0
31.05471,75.41314,335.47,0.52,0.42,2026-05-06,0824,N20,VIIRS,l,2,306.23,3.42,D,0
31.10013,75.74502,351.35,0.54,0.42,2026-05-06,0824,N20,VIIRS,n,2,309.29,7.48,D,0
31.09949,75.73934,344.67,0.54,0.42,2026-05-06,0824,N20,VIIRS,n,2,311.53,7.48,D,0
31.10401,75.74443,347.75,0.54,0.42,2026-05-06,0824,N20,VIIRS,n,2,314.41,31.64,D,0
31.06926,75.43859,337.09,0.52,0.42,2026-05-06,0824,N20,VIIRS,l,2,308.17,1.29,D,0
31.06863,75.43314,341.43,0.52,0.42,2026-05-06,0824,N20,VIIRS,n,2,308.22,2.8,D,0
31.13438,75.76871,339.44,0.54,0.42,2026-05-06,0824,N20,VIIRS,n,2,308.43,5.92,D,0
31.20821,75.96268,341.04,0.56,0.43,2026-05-06,0824,N20,VIIRS,n,2,306.74,7.39,D,0
31.20754,75.95686,336.3,0.56,0.43,2026-05-06,0824,N20,VIIRS,l,2,306.87,7.39,D,0
31.20751,75.9607,349.18,0.56,0.43,2026-05-06,0824,N20,VIIRS,n,2,307.68,13.23,D,0
31.19621,75.47247,340.7,0.53,0.42,2026-05-06,0824,N20,VIIRS,n,2,304.32,4.85,D,0
31.28655,75.81349,346.72,0.55,0.43,2026-05-06,0824,N20,VIIRS,n,2,309.75,5.22,D,0
31.28684,75.81189,342.28,0.55,0.43,2026-05-06,0824,N20,VIIRS,n,2,309.72,7.09,D,0
30.4427,76.28724,331.34,0.39,0.36,2026-05-07,0804,N20,VIIRS,n,2,298.26,2.21,D,0
30.46936,76.14653,337.15,0.39,0.36,2026-05-07,0804,N20,VIIRS,n,2,305.22,2.34,D,0
30.46699,76.13059,334.51,0.39,0.36,2026-05-07,0804,N20,VIIRS,n,2,302.98,1.33,D,0
30.51012,76.30727,336.2,0.39,0.36,2026-05-07,0804,N20,VIIRS,n,2,302.77,2.07,D,0
30.42084,75.6414,331.65,0.38,0.36,2026-05-07,0804,N20,VIIRS,l,2,303.67,0.4,D,0
30.51026,76.14693,332.47,0.39,0.36,2026-05-07,0804,N20,VIIRS,l,2,304.76,1.43,D,0
30.50081,76.08318,334.87,0.39,0.36,2026-05-07,0804,N20,VIIRS,l,2,305.74,2.58,D,0
30.45012,75.65587,348.48,0.38,0.36,2026-05-07,0804,N20,VIIRS,n,2,308.38,4.75,D,0
30.53357,76.16696,340.71,0.39,0.36,2026-05-07,0804,N20,VIIRS,n,2,304.39,3.13,D,0
30.45566,75.58125,337.8,0.38,0.36,2026-05-07,0804,N20,VIIRS,n,2,306.06,5.47,D,0
30.4662,75.62811,337.84,0.38,0.36,2026-05-07,0804,N20,VIIRS,n,2,307.25,2.41,D,0
30.48754,75.74635,339.18,0.38,0.36,2026-05-07,0804,N20,VIIRS,n,2,304.87,2.26,D,0
30.48694,75.74238,336.81,0.38,0.36,2026-05-07,0804,N20,VIIRS,n,2,306.44,2.45,D,0
30.45253,75.51654,342.15,0.38,0.36,2026-05-07,0804,N20,VIIRS,n,2,307.48,2.74,D,0
30.46128,75.55151,337.27,0.38,0.36,2026-05-07,0804,N20,VIIRS,l,2,307.31,1.34,D,0
30.45703,75.52379,347.58,0.38,0.36,2026-05-07,0804,N20,VIIRS,n,2,308.3,4.3,D,0
30.49291,75.73708,347.16,0.38,0.36,2026-05-07,0804,N20,VIIRS,n,2,308.99,11.69,D,0
30.49231,75.73312,347.1,0.38,0.36,2026-05-07,0804,N20,VIIRS,n,2,311.01,19.16,D,0
30.48268,75.66969,337.49,0.38,0.36,2026-05-07,0804,N20,VIIRS,n,2,305.67,1.97,D,0
30.46031,75.52312,333.94,0.38,0.36,2026-05-07,0804,N20,VIIRS,l,2,307.48,1.53,D,0
30.44327,75.41222,330.25,0.38,0.36,2026-05-07,0804,N20,VIIRS,l,2,303.94,1.02,D,0
30.54333,76.05015,332.49,0.39,0.36,2026-05-07,0804,N20,VIIRS,l,2,302.94,0.95,D,0
30.49319,75.7166,337.42,0.38,0.36,2026-05-07,0804,N20,VIIRS,n,2,305.31,1.95,D,0
30.44656,75.41154,330.34,0.38,0.36,2026-05-07,0804,N20,VIIRS,l,2,304.92,1.02,D,0
30.56321,76.16111,334.02,0.39,0.36,2026-05-07,0804,N20,VIIRS,n,2,302.17,2.38,D,0
30.49855,75.70734,342.01,0.38,0.36,2026-05-07,0804,N20,VIIRS,n,2,305.27,2.49,D,0
30.49521,75.66306,335.01,0.38,0.36,2026-05-07,0804,N20,VIIRS,l,2,306.31,1.75,D,0
30.57013,76.13921,343.74,0.39,0.36,2026-05-07,0804,N20,VIIRS,n,2,308.91,23.47,D,0
30.57968,76.15786,335.45,0.39,0.36,2026-05-07,0804,N20,VIIRS,n,2,301.81,2.84,D,0
30.56604,76.06614,345.39,0.39,0.36,2026-05-07,0804,N20,VIIRS,n,2,306.18,12.02,D,0
30.54938,75.9547,348.51,0.38,0.36,2026-05-07,0804,N20,VIIRS,n,2,308.19,8.76,D,0
30.57861,76.05954,346.85,0.39,0.36,2026-05-07,0804,N20,VIIRS,n,2,308.75,5.19,D,0
30.52242,75.68616,337.45,0.38,0.36,2026-05-07,0804,N20,VIIRS,l,2,308.19,9.12,D,0
30.48304,75.42857,331.79,0.38,0.36,2026-05-07,0804,N20,VIIRS,l,2,306.58,0.85,D,0
30.48021,75.38419,348.05,0.38,0.36,2026-05-07,0804,N20,VIIRS,n,2,305.34,14.47,D,0
30.48349,75.38353,341.54,0.38,0.36,2026-05-07,0804,N20,VIIRS,n,2,311.39,14.47,D,0
30.54665,75.77532,333.96,0.38,0.36,2026-05-07,0804,N20,VIIRS,l,2,305.89,2.52,D,0
30.50748,75.51759,339.18,0.38,0.36,2026-05-07,0804,N20,VIIRS,n,2,307.01,2.14,D,0
30.62565,76.21468,341.44,0.39,0.36,2026-05-07,0804,N20,VIIRS,n,2,300.87,2.99,D,0
30.605,76.07488,333.68,0.39,0.36,2026-05-07,0804,N20,VIIRS,l,2,305.6,1.16,D,0
30.50357,75.40393,340.28,0.38,0.36,2026-05-07,0804,N20,VIIRS,n,2,305.03,2.58,D,0
30.62408,76.11218,345.25,0.39,0.36,2026-05-07,0804,N20,VIIRS,n,2,304.85,5.68,D,0
30.62738,76.11153,347.07,0.39,0.36,2026-05-07,0804,N20,VIIRS,n,2,306.45,5.68,D,0
30.56569,75.67741,338.77,0.38,0.36,2026-05-07,0804,N20,VIIRS,n,2,307.41,4.32,D,0
30.61384,75.92958,341.09,0.38,0.36,2026-05-07,0804,N20,VIIRS,n,2,307.91,3.73,D,0
30.61205,75.91764,344.97,0.38,0.36,2026-05-07,0804,N20,VIIRS,n,2,307.25,8.37,D,0
30.58636,75.74686,338.19,0.38,0.36,2026-05-07,0804,N20,VIIRS,n,2,306.8,2.61,D,0
30.56649,75.61592,350.89,0.38,0.36,2026-05-07,0804,N20,VIIRS,n,2,308.32,4.99,D,0
30.59504,75.78194,336.68,0.38,0.36,2026-05-07,0804,N20,VIIRS,n,2,305.55,2.17,D,0
30.62041,75.92826,353.42,0.38,0.36,2026-05-07,0804,N20,VIIRS,n,2,309.38,14.25,D,0
30.59772,75.7773,330.92,0.38,0.36,2026-05-07,0804,N20,VIIRS,l,2,304.9,1.89,D,0
30.6445,76.06705,333.15,0.39,0.36,2026-05-07,0804,N20,VIIRS,l,2,305.55,2.37,D,0
30.5703,75.57425,334.25,0.38,0.36,2026-05-07,0804,N20,VIIRS,l,2,305.73,1.76,D,0
30.6043,75.77598,336.03,0.38,0.36,2026-05-07,0804,N20,VIIRS,n,2,305.97,0.75,D,0
30.57358,75.57358,338.54,0.38,0.36,2026-05-07,0804,N20,VIIRS,n,2,305.89,1.76,D,0
30.55598,75.45859,338.45,0.38,0.36,2026-05-07,0804,N20,VIIRS,n,2,307.55,4.36,D,0
30.60458,75.75546,339.02,0.38,0.36,2026-05-07,0804,N20,VIIRS,n,2,307.24,4.38,D,0
30.61175,75.7581,338.82,0.38,0.36,2026-05-07,0804,N20,VIIRS,n,2,306.79,3.75,D,0
30.61115,75.75414,342.79,0.38,0.36,2026-05-07,0804,N20,VIIRS,n,2,308.93,3.75,D,0
30.61744,75.77332,344.59,0.38,0.36,2026-05-07,0804,N20,VIIRS,n,2,309.54,11.28,D,0
30.61683,75.76936,345.4,0.38,0.36,2026-05-07,0804,N20,VIIRS,n,2,310.1,11.28,D,0
30.61444,75.75347,338.38,0.38,0.36,2026-05-07,0804,N20,VIIRS,n,2,306.39,3.75,D,0
30.59396,75.61852,334.99,0.38,0.36,2026-05-07,0804,N20,VIIRS,l,2,307.39,4.08,D,0
30.61952,75.76472,335.55,0.38,0.36,2026-05-07,0804,N20,VIIRS,l,2,307.56,6.33,D,0
30.61921,75.74023,339.47,0.38,0.36,2026-05-07,0804,N20,VIIRS,n,2,307.09,3.05,D,0
30.58747,75.50941,333.85,0.38,0.36,2026-05-07,0804,N20,VIIRS,l,2,308.77,1.82,D,0
30.58686,75.50546,336.86,0.38,0.36,2026-05-07,0804,N20,VIIRS,l,2,306.9,1.82,D,0
30.57165,75.4063,330.48,0.38,0.36,2026-05-07,0804,N20,VIIRS,l,2,305.16,4.14,D,0
30.71791,76.35748,332.29,0.39,0.36,2026-05-07,0804,N20,VIIRS,n,2,301.65,1.38,D,0
30.63717,75.8144,335.06,0.38,0.36,2026-05-07,0804,N20,VIIRS,l,2,308.03,3.03,D,0
30.63657,75.81042,341.9,0.38,0.36,2026-05-07,0804,N20,VIIRS,n,2,304.75,2.46,D,0
30.57493,75.40562,348.49,0.38,0.36,2026-05-07,0804,N20,VIIRS,n,2,306.72,4.14,D,0
30.63806,75.79784,345.37,0.38,0.36,2026-05-07,0804,N20,VIIRS,n,2,307.17,2.92,D,0
30.63026,75.74619,343.36,0.38,0.36,2026-05-07,0804,N20,VIIRS,n,2,305.33,8.97,D,0
30.68487,76.08779,333.15,0.39,0.36,2026-05-07,0804,N20,VIIRS,l,2,303.67,1.8,D,0
30.64135,75.79717,331.38,0.38,0.36,2026-05-07,0804,N20,VIIRS,l,2,305.24,2.92,D,0
30.63354,75.74551,352.86,0.38,0.36,2026-05-07,0804,N20,VIIRS,n,2,309.8,8.97,D,0
30.58783,75.42343,337.57,0.38,0.36,2026-05-07,0804,N20,VIIRS,n,2,306.12,5.83,D,0
30.60631,75.52192,331.35,0.38,0.36,2026-05-07,0804,N20,VIIRS,l,2,305.55,0.92,D,0
30.73899,76.38685,335.77,0.39,0.36,2026-05-07,0804,N20,VIIRS,n,2,301.63,2.86,D,0
30.65578,75.82327,334.34,0.38,0.36,2026-05-07,0804,N20,VIIRS,l,2,307.42,2.57,D,0
30.63061,75.65639,355.54,0.38,0.36,2026-05-07,0804,N20,VIIRS,n,2,309.2,31.16,D,0
30.65847,75.81862,333.35,0.38,0.36,2026-05-07,0804,N20,VIIRS,l,2,306.65,2.57,D,0
30.65249,75.77885,346.04,0.38,0.36,2026-05-07,0804,N20,VIIRS,n,2,309.21,5.42,D,0
30.62967,75.62792,341.38,0.38,0.36,2026-05-07,0804,N20,VIIRS,n,2,308.85,4.59,D,0
30.65578,75.77819,344.74,0.38,0.36,2026-05-07,0804,N20,VIIRS,n,2,311.02,18.31,D,0
30.62839,75.575,341.07,0.38,0.36,2026-05-07,0804,N20,VIIRS,n,2,307.54,19,D,0
30.6086,75.42357,333.3,0.38,0.36,2026-05-07,0804,N20,VIIRS,l,2,305.19,1.93,D,0
30.66564,75.7762,333.43,0.38,0.36,2026-05-07,0804,N20,VIIRS,l,2,306.42,8.25,D,0
30.62646,75.40762,333.44,0.38,0.36,2026-05-07,0804,N20,VIIRS,l,2,307.76,2.78,D,0
30.64788,75.48099,349.38,0.38,0.36,2026-05-07,0804,N20,VIIRS,n,2,313.2,25.96,D,0
30.68808,75.56692,338.75,0.38,0.36,2026-05-07,0804,N20,VIIRS,n,2,307.63,31.29,D,0
30.67035,75.40678,338.9,0.38,0.36,2026-05-07,0804,N20,VIIRS,n,2,307.98,2.93,D,0
30.67485,75.41405,334.23,0.38,0.36,2026-05-07,0804,N20,VIIRS,l,2,307.26,1.79,D,0
30.67631,75.40146,337.08,0.38,0.36,2026-05-07,0804,N20,VIIRS,l,2,307.81,5.93,D,0
30.83508,76.39294,336.23,0.39,0.36,2026-05-07,0804,N20,VIIRS,n,2,302.75,3.31,D,0
30.70707,75.5139,341.71,0.38,0.36,2026-05-07,0804,N20,VIIRS,n,2,307.87,4.46,D,0
30.83756,76.36343,333.6,0.39,0.36,2026-05-07,0804,N20,VIIRS,n,2,303.04,0.95,D,0
30.69271,75.39808,350.03,0.38,0.36,2026-05-07,0804,N20,VIIRS,n,2,310.16,10.49,D,0
30.80783,76.1139,333.79,0.39,0.36,2026-05-07,0805,N20,VIIRS,n,2,303.19,1.88,D,0
30.81112,76.11324,333.25,0.39,0.36,2026-05-07,0805,N20,VIIRS,n,2,300.33,1.88,D,0
30.86213,76.39265,334.11,0.39,0.36,2026-05-07,0805,N20,VIIRS,l,2,304.31,1.76,D,0
30.73112,75.42368,339.81,0.38,0.36,2026-05-07,0805,N20,VIIRS,n,2,306.63,3.63,D,0
30.85871,76.25247,333.94,0.39,0.36,2026-05-07,0805,N20,VIIRS,n,2,303.11,2.79,D,0
30.73257,75.41109,354.55,0.38,0.36,2026-05-07,0805,N20,VIIRS,n,2,309.21,13.65,D,0
30.73196,75.40712,345.7,0.38,0.36,2026-05-07,0805,N20,VIIRS,n,2,309.42,9.77,D,0
30.88315,76.39686,335.98,0.39,0.36,2026-05-07,0805,N20,VIIRS,n,2,302.23,0.66,D,0
30.87611,76.34842,334.33,0.39,0.36,2026-05-07,0805,N20,VIIRS,n,2,303.51,2.77,D,0
30.86671,76.28399,332.47,0.39,0.36,2026-05-07,0805,N20,VIIRS,n,2,301.53,2.8,D,0
30.84118,76.04137,339.34,0.39,0.36,2026-05-07,0805,N20,VIIRS,n,2,303.51,3.61,D,0
30.84059,76.03737,337.87,0.39,0.36,2026-05-07,0805,N20,VIIRS,n,2,303.55,3.61,D,0
30.90535,76.40916,331.15,0.39,0.36,2026-05-07,0805,N20,VIIRS,l,2,302.13,2.77,D,0
30.85681,75.96417,335.45,0.39,0.36,2026-05-07,0805,N20,VIIRS,n,2,302.88,2.32,D,0
30.85622,75.96018,330.56,0.39,0.36,2026-05-07,0805,N20,VIIRS,l,2,303.79,2.32,D,0
30.8864,76.00353,336.47,0.39,0.36,2026-05-07,0805,N20,VIIRS,n,2,305.61,5.19,D,0
30.88969,76.00288,354.5,0.39,0.36,2026-05-07,0805,N20,VIIRS,n,2,307.49,5.19,D,0
30.92139,75.96396,332.82,0.39,0.36,2026-05-07,0805,N20,VIIRS,l,2,304.38,1.94,D,0
30.84172,75.41355,347.65,0.38,0.36,2026-05-07,0805,N20,VIIRS,n,2,307.77,7.3,D,0
30.94259,75.99266,336.66,0.39,0.36,2026-05-07,0805,N20,VIIRS,n,2,304.3,1.81,D,0
30.86872,75.45722,334.06,0.38,0.36,2026-05-07,0805,N20,VIIRS,l,2,305.56,1.66,D,0
30.88534,75.54407,333.51,0.38,0.36,2026-05-07,0805,N20,VIIRS,l,2,306.15,2.12,D,0
30.97119,76.09424,335.13,0.39,0.36,2026-05-07,0805,N20,VIIRS,n,2,301.44,1.51,D,0
30.96478,75.91409,332.85,0.39,0.36,2026-05-07,0805,N20,VIIRS,l,2,302.86,1.35,D,0
30.90044,75.48763,332.02,0.38,0.36,2026-05-07,0805,N20,VIIRS,l,2,306.44,1.5,D,0
31.05022,75.80293,352.16,0.38,0.36,2026-05-07,0805,N20,VIIRS,n,2,306.68,26.95,D,0
30.99413,75.43213,330.37,0.38,0.36,2026-05-07,0805,N20,VIIRS,l,2,304.79,3.63,D,0
31.1576,76.04515,333.69,0.39,0.36,2026-05-07,0805,N20,VIIRS,n,2,300.61,2.16,D,0
31.28453,76.09938,333.34,0.39,0.36,2026-05-07,0805,N20,VIIRS,n,2,301.62,2.33,D,0
31.29442,76.09741,345.27,0.39,0.36,2026-05-07,0805,N20,VIIRS,n,2,300.2,4.02,D,0
30.42095,76.10629,332.39,0.49,0.4,2026-05-08,0746,N20,VIIRS,l,2,304.98,3.39,D,0
30.42002,76.06703,331.07,0.49,0.4,2026-05-08,0746,N20,VIIRS,l,2,304.5,2.41,D,0
30.42063,76.02996,333.58,0.49,0.41,2026-05-08,0746,N20,VIIRS,n,2,302.35,2.18,D,0
30.46278,76.19235,330.41,0.49,0.4,2026-05-08,0746,N20,VIIRS,l,2,303.34,3.37,D,0
30.44588,76.10263,330.04,0.49,0.4,2026-05-08,0746,N20,VIIRS,l,2,304.62,2.03,D,0
30.44721,76.02863,331.37,0.49,0.41,2026-05-08,0746,N20,VIIRS,l,2,304.45,2.37,D,0
30.47329,76.10631,337.56,0.49,0.4,2026-05-08,0746,N20,VIIRS,n,2,304.5,4.33,D,0
30.49176,76.16438,338.53,0.49,0.4,2026-05-08,0746,N20,VIIRS,n,2,304.85,4.98,D,0
30.49329,76.09084,332.74,0.49,0.4,2026-05-08,0746,N20,VIIRS,l,2,303.31,2.92,D,0
30.45982,75.87092,333,0.5,0.41,2026-05-08,0746,N20,VIIRS,l,2,304.98,2.34,D,0
30.49957,76.06302,346.72,0.49,0.4,2026-05-08,0746,N20,VIIRS,n,2,306.04,8.53,D,0
30.46141,75.83821,338.18,0.5,0.41,2026-05-08,0746,N20,VIIRS,n,2,304.49,5.09,D,0
30.49656,76.00571,337.99,0.49,0.41,2026-05-08,0746,N20,VIIRS,n,2,305.42,3.76,D,0
30.45929,75.80632,335.42,0.51,0.41,2026-05-08,0746,N20,VIIRS,n,2,303.54,3.41,D,0
30.43157,75.63844,337.06,0.52,0.41,2026-05-08,0746,N20,VIIRS,n,2,305.34,2.77,D,0
30.42258,75.5909,344.45,0.52,0.41,2026-05-08,0746,N20,VIIRS,n,2,307.74,3.55,D,0
30.42158,75.58562,336.68,0.52,0.41,2026-05-08,0746,N20,VIIRS,l,2,307.5,3.55,D,0
30.48971,75.92769,345.35,0.5,0.41,2026-05-08,0746,N20,VIIRS,n,2,304.46,5.29,D,0
30.484,75.89703,339.61,0.5,0.41,2026-05-08,0746,N20,VIIRS,n,2,305.65,3.87,D,0
30.43032,75.61111,338.3,0.52,0.41,2026-05-08,0746,N20,VIIRS,n,2,305.72,2.47,D,0
30.42632,75.58995,337.32,0.52,0.41,2026-05-08,0746,N20,VIIRS,n,2,305.72,3.55,D,0
30.42532,75.58466,337.18,0.52,0.41,2026-05-08,0746,N20,VIIRS,n,2,306.1,3.55,D,0
30.44892,75.68905,333.72,0.51,0.41,2026-05-08,0746,N20,VIIRS,l,2,306.39,2.37,D,0
30.43679,75.60393,336.03,0.52,0.41,2026-05-08,0746,N20,VIIRS,n,2,305.36,5.02,D,0
30.50536,75.9291,331.94,0.5,0.41,2026-05-08,0746,N20,VIIRS,l,2,303.44,2.73,D,0
30.47955,75.79037,339.62,0.51,0.41,2026-05-08,0746,N20,VIIRS,n,2,304.7,4.03,D,0
30.48325,75.78944,336.7,0.51,0.41,2026-05-08,0746,N20,VIIRS,n,2,305.39,3.83,D,0
30.50316,75.92661,330.22,0.5,0.41,2026-05-08,0746,N20,VIIRS,l,2,304.09,2.17,D,0
30.44637,75.63179,332.86,0.52,0.41,2026-05-08,0746,N20,VIIRS,l,2,306.11,2.78,D,0
30.44126,75.60546,335.12,0.52,0.41,2026-05-08,0746,N20,VIIRS,l,2,305.78,3.2,D,0
30.48128,75.7924,332.77,0.51,0.41,2026-05-08,0746,N20,VIIRS,l,2,305.35,4.77,D,0
30.48029,75.78722,338.08,0.51,0.41,2026-05-08,0746,N20,VIIRS,n,2,306.01,3.59,D,0
30.44118,75.54441,332.52,0.52,0.42,2026-05-08,0746,N20,VIIRS,l,2,305.42,3.13,D,0
30.43394,75.50716,334.45,0.52,0.42,2026-05-08,0746,N20,VIIRS,l,2,306.99,2.44,D,0
30.48343,75.743,335.9,0.51,0.41,2026-05-08,0746,N20,VIIRS,l,2,307.42,3.48,D,0
30.47613,75.68474,347.32,0.51,0.41,2026-05-08,0746,N20,VIIRS,n,2,308.23,16.51,D,0
30.47109,75.65857,336.78,0.51,0.41,2026-05-08,0746,N20,VIIRS,n,2,305.83,2.57,D,0
30.46265,75.59451,338.23,0.52,0.41,2026-05-08,0746,N20,VIIRS,n,2,306.97,6.36,D,0
30.42959,75.4239,345.58,0.53,0.42,2026-05-08,0746,N20,VIIRS,n,2,311.51,15.33,D,0
30.42854,75.41853,345.93,0.53,0.42,2026-05-08,0746,N20,VIIRS,n,2,309.34,15.33,D,0
30.43231,75.41756,337.82,0.53,0.42,2026-05-08,0746,N20,VIIRS,n,2,304.92,15.33,D,0
30.54886,76.00543,346.31,0.49,0.41,2026-05-08,0746,N20,VIIRS,n,2,307.03,6.23,D,0
30.49328,75.71324,346.52,0.51,0.41,2026-05-08,0746,N20,VIIRS,n,2,310.06,13.7,D,0
30.46297,75.55557,333.86,0.52,0.41,2026-05-08,0746,N20,VIIRS,l,2,305.05,1.58,D,0
30.47993,75.62328,337.07,0.52,0.41,2026-05-08,0746,N20,VIIRS,n,2,304.39,3.1,D,0
30.47892,75.61802,332.47,0.52,0.41,2026-05-08,0746,N20,VIIRS,l,2,305.4,3.1,D,0
30.47998,75.56236,338.89,0.52,0.41,2026-05-08,0746,N20,VIIRS,n,2,307.32,4.89,D,0
30.48238,75.53393,342.23,0.52,0.42,2026-05-08,0746,N20,VIIRS,n,2,307.41,4.49,D,0
30.47008,75.46989,340.72,0.52,0.42,2026-05-08,0746,N20,VIIRS,n,2,307.7,6.16,D,0
30.46905,75.46453,342.26,0.52,0.42,2026-05-08,0746,N20,VIIRS,n,2,307.34,6.16,D,0
30.50732,75.6439,338.51,0.51,0.41,2026-05-08,0746,N20,VIIRS,n,2,305.86,1.86,D,0
30.53871,75.78873,337.73,0.51,0.41,2026-05-08,0746,N20,VIIRS,n,2,305.8,4.53,D,0
30.47862,75.47333,338.71,0.52,0.42,2026-05-08,0746,N20,VIIRS,n,2,307.55,3.49,D,0
30.53729,75.74025,339.24,0.51,0.41,2026-05-08,0746,N20,VIIRS,n,2,307.17,4.99,D,0
30.53903,75.72892,339.54,0.51,0.41,2026-05-08,0746,N20,VIIRS,n,2,306.52,5.08,D,0
30.49601,75.50249,332.85,0.52,0.42,2026-05-08,0746,N20,VIIRS,l,2,305.81,2.16,D,0
30.53782,75.70194,350.91,0.51,0.41,2026-05-08,0746,N20,VIIRS,n,2,308.27,11.63,D,0
30.50179,75.5122,338.93,0.52,0.42,2026-05-08,0746,N20,VIIRS,n,2,307.5,3.31,D,0
30.55113,75.7313,338.51,0.51,0.41,2026-05-08,0746,N20,VIIRS,n,2,306.84,11.03,D,0
30.50218,75.47291,344.81,0.52,0.42,2026-05-08,0746,N20,VIIRS,n,2,308.58,8.71,D,0
30.49911,75.45684,344.56,0.52,0.42,2026-05-08,0746,N20,VIIRS,n,2,308.09,5.26,D,0
30.50593,75.47195,348,0.52,0.42,2026-05-08,0746,N20,VIIRS,n,2,307.7,8.71,D,0
30.50287,75.45587,339.59,0.52,0.42,2026-05-08,0746,N20,VIIRS,n,2,307.14,5.26,D,0
30.5107,75.47633,347,0.52,0.42,2026-05-08,0746,N20,VIIRS,n,2,307.42,14.15,D,0
30.50357,75.43882,347.36,0.53,0.42,2026-05-08,0746,N20,VIIRS,n,2,307.74,4.91,D,0
30.50255,75.43344,334.31,0.53,0.42,2026-05-08,0746,N20,VIIRS,l,2,307.82,4.91,D,0
30.5346,75.58173,332.06,0.52,0.41,2026-05-08,0746,N20,VIIRS,l,2,304.07,1.5,D,0
30.5336,75.57644,340.09,0.52,0.41,2026-05-08,0746,N20,VIIRS,n,2,307.91,3.52,D,0
30.5677,75.71619,337.78,0.51,0.41,2026-05-08,0746,N20,VIIRS,n,2,305.21,6.16,D,0
30.56673,75.71099,341.59,0.51,0.41,2026-05-08,0746,N20,VIIRS,n,2,308.3,11.08,D,0
30.50564,75.38742,339.24,0.53,0.42,2026-05-08,0746,N20,VIIRS,n,2,307.88,2.65,D,0
30.57707,75.72472,335.99,0.51,0.41,2026-05-08,0746,N20,VIIRS,l,2,307.68,1.5,D,0
30.57512,75.71431,333.55,0.51,0.41,2026-05-08,0746,N20,VIIRS,l,2,305.39,2.57,D,0
30.6209,75.93966,330.6,0.5,0.41,2026-05-08,0746,N20,VIIRS,l,2,304.38,5.55,D,0
30.57752,75.72221,338.1,0.51,0.41,2026-05-08,0746,N20,VIIRS,n,2,307.09,3.72,D,0
30.59063,75.72977,341.25,0.51,0.41,2026-05-08,0746,N20,VIIRS,n,2,308.43,5.55,D,0
30.54703,75.50396,334.9,0.52,0.42,2026-05-08,0746,N20,VIIRS,l,2,306.93,2.73,D,0
30.58715,75.61023,334.24,0.51,0.41,2026-05-08,0746,N20,VIIRS,l,2,304.5,0.58,D,0
30.61877,75.75523,346.82,0.51,0.41,2026-05-08,0746,N20,VIIRS,n,2,307.52,10.24,D,0
30.59087,75.60928,346.69,0.51,0.41,2026-05-08,0746,N20,VIIRS,n,2,307.61,6.7,D,0
30.58986,75.60401,332.04,0.51,0.41,2026-05-08,0746,N20,VIIRS,l,2,304.15,6.7,D,0
30.57769,75.5407,337.04,0.52,0.41,2026-05-08,0746,N20,VIIRS,l,2,307.59,3.24,D,0
30.63009,75.77402,336.71,0.5,0.41,2026-05-08,0746,N20,VIIRS,n,2,306.31,3.65,D,0
30.63379,75.77308,341.82,0.5,0.41,2026-05-08,0746,N20,VIIRS,n,2,306.68,3.65,D,0
30.63281,75.76792,334.3,0.5,0.41,2026-05-08,0746,N20,VIIRS,l,2,306.41,3.65,D,0
30.65593,75.86971,332.45,0.5,0.41,2026-05-08,0746,N20,VIIRS,n,2,301.7,0.94,D,0
30.63258,75.74631,338.83,0.51,0.41,2026-05-08,0746,N20,VIIRS,n,2,306.59,3.71,D,0
30.63408,75.71332,333.59,0.51,0.41,2026-05-08,0746,N20,VIIRS,l,2,306.08,3.21,D,0
30.61133,75.53209,334.36,0.52,0.41,2026-05-08,0746,N20,VIIRS,l,2,307.62,4,D,0
30.67702,75.85905,334.22,0.5,0.41,2026-05-08,0746,N20,VIIRS,n,2,303.94,2.4,D,0
30.68422,75.83578,337.51,0.5,0.41,2026-05-08,0746,N20,VIIRS,n,2,304.12,3.17,D,0
30.60839,75.39275,334.6,0.53,0.42,2026-05-08,0746,N20,VIIRS,n,2,301.95,1.18,D,0
30.70951,75.90956,349.7,0.5,0.41,2026-05-08,0746,N20,VIIRS,n,2,309.72,20.2,D,0
30.675,75.72469,337.55,0.51,0.41,2026-05-08,0746,N20,VIIRS,n,2,305.06,7.63,D,0
30.67013,75.69872,331.4,0.51,0.41,2026-05-08,0746,N20,VIIRS,l,2,305.33,2.44,D,0
30.64615,75.46738,332.71,0.52,0.42,2026-05-08,0746,N20,VIIRS,l,2,305.93,4.82,D,0
30.69909,75.72202,337.68,0.51,0.41,2026-05-08,0746,N20,VIIRS,n,2,305.55,7.09,D,0
30.66206,75.48943,336.06,0.52,0.41,2026-05-08,0746,N20,VIIRS,l,2,308.47,4.45,D,0
30.65156,75.37425,345.25,0.53,0.42,2026-05-08,0746,N20,VIIRS,n,2,307.22,6.16,D,0
30.69027,75.55441,338.07,0.52,0.41,2026-05-08,0746,N20,VIIRS,n,2,303.87,3.1,D,0
30.69539,75.45853,342.76,0.52,0.42,2026-05-08,0746,N20,VIIRS,n,2,308.15,7.12,D,0
30.68616,75.41044,342.35,0.52,0.42,2026-05-08,0746,N20,VIIRS,n,2,308.15,5.16,D,0
30.73051,75.41588,344.28,0.52,0.42,2026-05-08,0746,N20,VIIRS,n,2,308.33,6.06,D,0
30.74551,75.41199,341.44,0.52,0.42,2026-05-08,0746,N20,VIIRS,n,2,307.33,9.74,D,0
30.74349,75.40128,330.76,0.52,0.42,2026-05-08,0746,N20,VIIRS,l,2,304.9,5.2,D,0
30.74462,75.40997,340.27,0.52,0.42,2026-05-08,0746,N20,VIIRS,n,2,306.08,13.94,D,0
30.82178,75.76949,330.78,0.5,0.41,2026-05-08,0746,N20,VIIRS,l,2,304.3,1.29,D,0
30.81956,75.73769,336.75,0.5,0.41,2026-05-08,0746,N20,VIIRS,n,2,305.26,3.02,D,0
30.85165,75.80492,341.93,0.5,0.41,2026-05-08,0746,N20,VIIRS,n,2,301.65,5.97,D,0
30.78278,75.3833,347.93,0.52,0.42,2026-05-08,0746,N20,VIIRS,n,2,307.39,10.96,D,0
30.82564,75.48409,347.02,0.52,0.41,2026-05-08,0746,N20,VIIRS,n,2,303.42,9.78,D,0
30.83813,75.50863,332.05,0.52,0.41,2026-05-08,0746,N20,VIIRS,l,2,302.86,5.07,D,0
30.8315,75.43242,334.3,0.52,0.42,2026-05-08,0746,N20,VIIRS,l,2,306.38,2.03,D,0
30.83048,75.42709,331.74,0.52,0.42,2026-05-08,0746,N20,VIIRS,l,2,303.75,2.03,D,0
30.85776,75.50912,335.54,0.52,0.41,2026-05-08,0746,N20,VIIRS,n,2,302.49,1.59,D,0
30.98993,76.2,333.62,0.48,0.4,2026-05-08,0746,N20,VIIRS,n,2,301.67,3.12,D,0
30.84444,75.4179,343.97,0.52,0.42,2026-05-08,0746,N20,VIIRS,n,2,312.1,27.49,D,0
30.86522,75.50719,333.19,0.52,0.41,2026-05-08,0746,N20,VIIRS,l,2,305.48,2.34,D,0
30.88465,75.54452,331.95,0.51,0.41,2026-05-08,0746,N20,VIIRS,l,2,305.46,3.28,D,0
30.93776,75.78094,332.47,0.5,0.41,2026-05-08,0746,N20,VIIRS,n,2,301,3.72,D,0
30.87065,75.43166,334.57,0.52,0.41,2026-05-08,0746,N20,VIIRS,l,2,306.08,3.24,D,0
30.88632,75.47218,342.05,0.52,0.41,2026-05-08,0746,N20,VIIRS,n,2,302.15,8.24,D,0
30.88494,75.44472,343.42,0.52,0.41,2026-05-08,0746,N20,VIIRS,n,2,306.15,10.07,D,0
30.96568,75.37585,337.57,0.52,0.42,2026-05-08,0746,N20,VIIRS,n,2,304.04,3.39,D,0
31.01532,75.491,348.11,0.51,0.41,2026-05-08,0746,N20,VIIRS,n,2,305.78,21.83,D,0
31.02748,75.4934,336.14,0.51,0.41,2026-05-08,0746,N20,VIIRS,n,2,303.1,6.87,D,0
31.07063,75.5154,341.56,0.51,0.41,2026-05-08,0746,N20,VIIRS,n,2,306.87,5.9,D,0
31.21491,75.55374,333.92,0.61,0.54,2026-05-09,0727,N20,VIIRS,n,2,298.12,4.5,D,0
31.27618,75.7968,337.76,0.59,0.53,2026-05-09,0727,N20,VIIRS,n,2,300.75,4.55,D,0
31.31544,75.88058,330.44,0.58,0.52,2026-05-09,0727,N20,VIIRS,l,2,302.48,3.83,D,0
31.31865,75.82859,339.18,0.59,0.53,2026-05-09,0727,N20,VIIRS,n,2,302.81,5.78,D,0
30.43814,76.37417,334.53,0.57,0.52,2026-05-09,0727,N20,VIIRS,l,2,304.63,4.43,D,0
30.43296,76.35107,339.21,0.57,0.52,2026-05-09,0727,N20,VIIRS,n,2,303.97,4.08,D,0
30.45463,76.38153,337.14,0.57,0.52,2026-05-09,0727,N20,VIIRS,n,2,304.39,4.09,D,0
30.45334,76.37578,334.46,0.57,0.52,2026-05-09,0727,N20,VIIRS,n,2,302.89,4.09,D,0
30.49017,76.22622,337,0.58,0.52,2026-05-09,0727,N20,VIIRS,n,2,301.89,4.64,D,0
30.42513,75.91916,336.48,0.61,0.53,2026-05-09,0727,N20,VIIRS,n,2,299.62,4.23,D,0
30.46204,75.94716,346.89,0.6,0.53,2026-05-09,0727,N20,VIIRS,n,2,303.54,11.55,D,0
30.50763,76.08176,333.47,0.59,0.53,2026-05-09,0727,N20,VIIRS,n,2,301.89,3.8,D,0
30.48043,75.96113,333.7,0.6,0.53,2026-05-09,0727,N20,VIIRS,n,2,300.83,1.08,D,0
30.43134,75.7449,330.83,0.62,0.54,2026-05-09,0727,N20,VIIRS,l,2,300.96,3.01,D,0
30.57398,76.35615,335.01,0.57,0.52,2026-05-09,0727,N20,VIIRS,n,2,303.09,4.58,D,0
30.43758,75.74972,332.98,0.62,0.54,2026-05-09,0727,N20,VIIRS,n,2,301.9,3.01,D,0
30.57988,76.3605,337.43,0.57,0.52,2026-05-09,0727,N20,VIIRS,n,2,304.74,4.65,D,0
30.48441,75.93383,333.19,0.6,0.53,2026-05-09,0727,N20,VIIRS,n,2,301.57,7.39,D,0
30.61103,76.41224,342.66,0.56,0.52,2026-05-09,0727,N20,VIIRS,n,2,300.08,7.47,D,0
30.52246,76.0131,334.76,0.6,0.53,2026-05-09,0727,N20,VIIRS,n,2,304.26,5.98,D,0
30.48315,75.9335,334.08,0.6,0.53,2026-05-09,0727,N20,VIIRS,n,2,301.82,4.85,D,0
30.52177,76.01257,333.81,0.6,0.53,2026-05-09,0727,N20,VIIRS,l,2,303.85,2.72,D,0
30.46729,75.73344,331.69,0.62,0.54,2026-05-09,0727,N20,VIIRS,l,2,301.8,5.66,D,0
30.61381,76.34932,338.06,0.57,0.52,2026-05-09,0727,N20,VIIRS,n,2,303.75,6.59,D,0
30.54836,76.06233,332.75,0.59,0.53,2026-05-09,0727,N20,VIIRS,l,2,303.75,2.21,D,0
30.43669,75.58002,341.32,0.64,0.54,2026-05-09,0727,N20,VIIRS,n,2,300.83,7.98,D,0
30.61713,76.34219,330.09,0.57,0.52,2026-05-09,0727,N20,VIIRS,l,2,301.82,2.15,D,0
30.60537,76.29029,332.88,0.57,0.52,2026-05-09,0727,N20,VIIRS,l,2,302.96,3.44,D,0
30.60476,76.26574,338.16,0.57,0.52,2026-05-09,0727,N20,VIIRS,n,2,298.69,2.41,D,0
30.55091,76.0295,344.04,0.59,0.53,2026-05-09,0727,N20,VIIRS,n,2,302.95,6.57,D,0
30.6434,76.37107,331.52,0.57,0.52,2026-05-09,0727,N20,VIIRS,l,2,304.09,3.22,D,0
30.44899,75.49869,349.19,0.32,0.55,2026-05-09,0727,N20,VIIRS,n,2,302.5,4.49,D,0
30.45386,75.49719,334.14,0.32,0.55,2026-05-09,0727,N20,VIIRS,n,2,301.95,1.85,D,0
30.45161,75.48745,345.54,0.32,0.55,2026-05-09,0727,N20,VIIRS,n,2,301.35,4.43,D,0
30.51772,75.75146,340.28,0.62,0.54,2026-05-09,0727,N20,VIIRS,n,2,302.5,4.79,D,0
30.51628,75.74522,337.86,0.62,0.54,2026-05-09,0727,N20,VIIRS,n,2,302.02,7.02,D,0
30.45684,75.46497,341.66,0.32,0.55,2026-05-09,0727,N20,VIIRS,n,2,300.99,2.51,D,0
30.57497,75.9577,331.98,0.6,0.53,2026-05-09,0727,N20,VIIRS,n,2,301.86,4.19,D,0
30.60825,76.0825,338.06,0.59,0.53,2026-05-09,0727,N20,VIIRS,n,2,305.17,6.15,D,0
30.4636,75.44894,337.97,0.32,0.55,2026-05-09,0727,N20,VIIRS,n,2,301.86,2.18,D,0
30.47523,75.47668,347.21,0.32,0.55,2026-05-09,0727,N20,VIIRS,n,2,302.22,2.65,D,0
30.67269,76.32555,332.78,0.57,0.52,2026-05-09,0727,N20,VIIRS,l,2,304.59,3.64,D,0
30.46281,75.40015,332.56,0.32,0.55,2026-05-09,0727,N20,VIIRS,n,2,302.23,1.55,D,0
30.61294,76.03639,333.13,0.59,0.53,2026-05-09,0727,N20,VIIRS,l,2,304.33,1.52,D,0
30.62971,76.08869,339.97,0.59,0.53,2026-05-09,0727,N20,VIIRS,n,2,303.8,6.08,D,0
30.5682,75.81577,336.55,0.61,0.54,2026-05-09,0727,N20,VIIRS,n,2,301.71,4.92,D,0
30.48836,75.46567,348.09,0.32,0.55,2026-05-09,0727,N20,VIIRS,n,2,302,2.79,D,0
30.65497,76.15694,344.14,0.58,0.52,2026-05-09,0727,N20,VIIRS,n,2,302.6,7.63,D,0
30.59087,75.84839,341.48,0.61,0.53,2026-05-09,0727,N20,VIIRS,n,2,301.99,10.86,D,0
30.6196,75.93112,337.32,0.6,0.53,2026-05-09,0727,N20,VIIRS,n,2,304.86,9.06,D,0
30.62929,76.08715,332.39,0.59,0.53,2026-05-09,0727,N20,VIIRS,l,2,304,5.55,D,0
30.60434,75.97955,330.93,0.6,0.53,2026-05-09,0727,N20,VIIRS,l,2,302.95,2.32,D,0
30.59873,75.95542,334.21,0.6,0.53,2026-05-09,0727,N20,VIIRS,n,2,303.95,3.39,D,0
30.50703,75.56412,331.5,0.63,0.54,2026-05-09,0727,N20,VIIRS,n,2,301.48,3.53,D,0
30.65501,76.15523,337.15,0.58,0.52,2026-05-09,0727,N20,VIIRS,n,2,301.34,2.68,D,0
30.59033,75.85373,342.55,0.61,0.53,2026-05-09,0727,N20,VIIRS,n,2,298.17,5.25,D,0
30.6196,75.93615,336.93,0.6,0.53,2026-05-09,0727,N20,VIIRS,n,2,303.22,5.89,D,0
30.64651,76.03101,332.49,0.59,0.53,2026-05-09,0727,N20,VIIRS,n,2,300.14,2.31,D,0
30.52404,75.48141,343.79,0.32,0.55,2026-05-09,0727,N20,VIIRS,n,2,302.39,2.97,D,0
30.58159,75.68374,346.89,0.62,0.54,2026-05-09,0727,N20,VIIRS,n,2,302.45,9.11,D,0
30.58931,75.69482,345.46,0.62,0.54,2026-05-09,0727,N20,VIIRS,n,2,301.31,6.1,D,0
30.58786,75.68855,333.24,0.62,0.54,2026-05-09,0727,N20,VIIRS,n,2,301.93,5.5,D,0
30.59267,75.68708,337.17,0.62,0.54,2026-05-09,0727,N20,VIIRS,n,2,301.11,5.5,D,0
30.53964,75.41398,337.97,0.32,0.55,2026-05-09,0727,N20,VIIRS,n,2,301.14,4.02,D,0
30.53888,75.41072,348.2,0.32,0.55,2026-05-09,0727,N20,VIIRS,n,2,302.27,2.6,D,0
30.53812,75.40746,335.26,0.32,0.55,2026-05-09,0727,N20,VIIRS,n,2,300.21,2.6,D,0
30.74525,76.28967,334.84,0.57,0.52,2026-05-09,0727,N20,VIIRS,n,2,303.77,4.13,D,0
30.54301,75.40594,335.42,0.32,0.55,2026-05-09,0727,N20,VIIRS,n,2,301.78,1.15,D,0
30.59151,75.59277,338.23,0.63,0.54,2026-05-09,0727,N20,VIIRS,n,2,301.36,6.12,D,0
30.58417,75.56094,344.13,0.63,0.54,2026-05-09,0727,N20,VIIRS,n,2,301.28,4.38,D,0
30.70101,76.02728,338.43,0.59,0.53,2026-05-09,0727,N20,VIIRS,n,2,303.39,6.47,D,0
30.6186,75.66563,344.29,0.62,0.54,2026-05-09,0727,N20,VIIRS,n,2,302.3,8.62,D,0
30.60518,75.49433,337.27,0.32,0.54,2026-05-09,0727,N20,VIIRS,n,2,302.01,2.22,D,0
30.60223,75.48144,348.07,0.32,0.55,2026-05-09,0727,N20,VIIRS,n,2,302.97,2.95,D,0
30.68275,75.81238,332.33,0.61,0.53,2026-05-09,0727,N20,VIIRS,n,2,300.57,3.26,D,0
30.58848,75.39881,333.38,0.32,0.55,2026-05-09,0727,N20,VIIRS,n,2,301.13,0.8,D,0
30.59336,75.39728,337.85,0.32,0.55,2026-05-09,0727,N20,VIIRS,n,2,297.97,1.28,D,0
30.80635,76.32031,333.32,0.56,0.52,2026-05-09,0727,N20,VIIRS,l,2,304.71,3.94,D,0
30.71703,75.91946,332.46,0.6,0.53,2026-05-09,0727,N20,VIIRS,l,2,302.49,4.68,D,0
30.63691,75.56511,339.38,0.63,0.54,2026-05-09,0727,N20,VIIRS,n,2,301.9,12.32,D,0
30.63546,75.55873,346.82,0.63,0.54,2026-05-09,0727,N20,VIIRS,n,2,303.31,12.32,D,0
30.64174,75.56361,336,0.63,0.54,2026-05-09,0727,N20,VIIRS,n,2,301.44,5.4,D,0
30.62864,75.506,340.84,0.64,0.54,2026-05-09,0727,N20,VIIRS,n,2,301.9,5.23,D,0
30.75602,76.04881,331.08,0.59,0.53,2026-05-09,0727,N20,VIIRS,l,2,301.86,2.75,D,0
30.72919,75.92865,332.48,0.6,0.53,2026-05-09,0727,N20,VIIRS,n,2,301.37,1.3,D,0
30.81117,76.39671,332.95,0.56,0.51,2026-05-09,0727,N20,VIIRS,l,2,304.99,2.47,D,0
30.68123,75.81223,330.54,0.61,0.53,2026-05-09,0727,N20,VIIRS,n,2,300.18,2.18,D,0
30.80351,76.32005,334.36,0.56,0.52,2026-05-09,0727,N20,VIIRS,l,2,304.41,3.37,D,0
30.5891,75.3984,336.64,0.32,0.55,2026-05-09,0727,N20,VIIRS,n,2,301.41,4.45,D,0
30.71622,75.91897,333.52,0.6,0.53,2026-05-09,0727,N20,VIIRS,n,2,303.34,6.06,D,0
30.63228,75.55933,343.08,0.63,0.54,2026-05-09,0727,N20,VIIRS,n,2,302.18,7.48,D,0
30.63861,75.56421,343.36,0.63,0.54,2026-05-09,0727,N20,VIIRS,n,2,301.97,11.17,D,0
30.63712,75.55784,347.13,0.63,0.54,2026-05-09,0727,N20,VIIRS,n,2,302.25,13.79,D,0
30.75607,76.04793,331.82,0.59,0.53,2026-05-09,0727,N20,VIIRS,l,2,302.23,2.83,D,0
30.72847,75.92816,332.39,0.6,0.53,2026-05-09,0727,N20,VIIRS,n,2,301.62,2.48,D,0
30.62997,75.50529,339.34,0.64,0.54,2026-05-09,0727,N20,VIIRS,n,2,301.23,8.17,D,0
30.81878,76.27875,334.52,0.57,0.52,2026-05-09,0727,N20,VIIRS,n,2,304.26,5.24,D,0
30.75727,76.00941,334.02,0.59,0.53,2026-05-09,0727,N20,VIIRS,l,2,304.22,3.24,D,0
30.75923,75.99603,336.33,0.59,0.53,2026-05-09,0727,N20,VIIRS,n,2,302.88,3.18,D,0
30.72165,75.83273,334.07,0.6,0.53,2026-05-09,0727,N20,VIIRS,n,2,302.19,5.23,D,0
30.64901,75.52,333.75,0.63,0.54,2026-05-09,0727,N20,VIIRS,n,2,302.06,2.97,D,0
30.6184,75.38934,347.27,0.32,0.55,2026-05-09,0727,N20,VIIRS,n,2,299.99,3.45,D,0
30.85968,76.3943,332.13,0.56,0.51,2026-05-09,0727,N20,VIIRS,l,2,305.61,3.39,D,0
30.69977,75.69385,332.43,0.62,0.54,2026-05-09,0727,N20,VIIRS,n,2,301.25,4.24,D,0
30.63228,75.38153,337.06,0.32,0.55,2026-05-09,0727,N20,VIIRS,n,2,300.6,2.63,D,0
30.63152,75.37827,337.28,0.32,0.55,2026-05-09,0727,N20,VIIRS,n,2,301.21,2.63,D,0
30.76708,75.94225,332.78,0.59,0.53,2026-05-09,0727,N20,VIIRS,l,2,303.48,3.81,D,0
30.66541,75.50123,337.15,0.63,0.54,2026-05-09,0727,N20,VIIRS,n,2,301.32,4.34,D,0
30.66392,75.49483,335.84,0.64,0.54,2026-05-09,0727,N20,VIIRS,n,2,302.32,11.44,D,0
30.6762,75.52531,333.55,0.63,0.54,2026-05-09,0727,N20,VIIRS,n,2,301.84,4.99,D,0
30.67026,75.49973,330.66,0.63,0.54,2026-05-09,0727,N20,VIIRS,l,2,300.87,4.34,D,0
30.71317,75.66295,333.2,0.62,0.54,2026-05-09,0727,N20,VIIRS,n,2,299.81,2.89,D,0
30.67101,75.48057,340.49,0.32,0.54,2026-05-09,0727,N20,VIIRS,n,2,301.38,6.55,D,0
30.66428,75.4516,335.01,0.32,0.55,2026-05-09,0727,N20,VIIRS,n,2,300.06,2.29,D,0
30.77632,75.89417,338.72,0.6,0.53,2026-05-09,0727,N20,VIIRS,n,2,301.21,3.27,D,0
30.72995,75.69125,335.63,0.62,0.54,2026-05-09,0727,N20,VIIRS,n,2,300.85,7.58,D,0
30.66801,75.42271,333.93,0.32,0.55,2026-05-09,0727,N20,VIIRS,n,2,302.32,1.97,D,0
30.8753,76.31065,340.37,0.56,0.52,2026-05-09,0727,N20,VIIRS,n,2,302.92,6.44,D,0
30.70039,75.51782,347.22,0.63,0.54,2026-05-09,0727,N20,VIIRS,n,2,301.86,8.95,D,0
30.69596,75.49861,336.59,0.63,0.54,2026-05-09,0727,N20,VIIRS,n,2,300.59,2.35,D,0
30.74003,75.66808,331.02,0.62,0.54,2026-05-09,0727,N20,VIIRS,n,2,300.93,4.13,D,0
30.67737,75.39545,334.66,0.32,0.55,2026-05-09,0727,N20,VIIRS,n,2,300.66,2.14,D,0
30.84506,76.10936,335.05,0.58,0.52,2026-05-09,0727,N20,VIIRS,n,2,301.1,1.52,D,0
30.77866,75.81524,331.37,0.6,0.53,2026-05-09,0727,N20,VIIRS,l,2,302.87,8.34,D,0
30.77728,75.80912,345.19,0.61,0.53,2026-05-09,0727,N20,VIIRS,n,2,303.37,6.65,D,0
30.7717,75.78456,335.6,0.61,0.53,2026-05-09,0727,N20,VIIRS,n,2,301.35,4.51,D,0
30.74482,75.6666,349.02,0.62,0.54,2026-05-09,0727,N20,VIIRS,n,2,300.5,9.52,D,0
30.70123,75.47636,336.48,0.64,0.54,2026-05-09,0727,N20,VIIRS,n,2,301.39,2.9,D,0
30.78203,75.80765,342.79,0.61,0.53,2026-05-09,0727,N20,VIIRS,n,2,300.32,6.65,D,0
30.69011,75.4054,339.49,0.32,0.55,2026-05-09,0727,N20,VIIRS,n,2,300.29,0.71,D,0
30.69945,75.42332,336.12,0.32,0.55,2026-05-09,0727,N20,VIIRS,n,2,301.22,1.37,D,0
30.6987,75.42009,336.2,0.32,0.55,2026-05-09,0727,N20,VIIRS,n,2,300.52,1.37,D,0
30.81217,75.89618,332.57,0.6,0.53,2026-05-09,0727,N20,VIIRS,l,2,302.59,3.39,D,0
30.80807,75.87798,330.36,0.6,0.53,2026-05-09,0727,N20,VIIRS,l,2,302.12,4.01,D,0
30.72363,75.46077,331.46,0.32,0.54,2026-05-09,0727,N20,VIIRS,l,2,301.8,6.1,D,0
30.80777,75.78656,340.52,0.61,0.53,2026-05-09,0727,N20,VIIRS,n,2,302.96,6.62,D,0
30.80638,75.7804,340,0.61,0.53,2026-05-09,0727,N20,VIIRS,n,2,300.84,6.62,D,0
30.85755,76.0959,330.21,0.58,0.52,2026-05-09,0727,N20,VIIRS,l,2,302.23,2.5,D,0
30.80645,75.87536,330.49,0.6,0.53,2026-05-09,0727,N20,VIIRS,l,2,301.92,3.21,D,0
30.8168,75.89812,332.21,0.6,0.53,2026-05-09,0727,N20,VIIRS,l,2,302.22,3.41,D,0
30.82432,75.90874,330.95,0.6,0.53,2026-05-09,0727,N20,VIIRS,n,2,300.9,2.95,D,0
30.71963,75.46092,330.79,0.64,0.54,2026-05-09,0727,N20,VIIRS,l,2,302.33,7.24,D,0
30.70659,75.38356,330.94,0.32,0.55,2026-05-09,0727,N20,VIIRS,n,2,300.76,2.17,D,0
30.80558,75.78418,348.65,0.61,0.53,2026-05-09,0727,N20,VIIRS,n,2,302.71,10.12,D,0
30.73903,75.45492,333.75,0.64,0.54,2026-05-09,0727,N20,VIIRS,n,2,300.25,8.75,D,0
30.73293,75.40668,335.14,0.32,0.55,2026-05-09,0727,N20,VIIRS,n,2,302.01,1.89,D,0
30.78139,75.5919,339.1,0.62,0.54,2026-05-09,0727,N20,VIIRS,n,2,300.17,2.49,D,0
30.89553,76.06549,333.21,0.58,0.52,2026-05-09,0727,N20,VIIRS,n,2,301.46,2.61,D,0
30.92015,76.15182,338.21,0.57,0.52,2026-05-09,0727,N20,VIIRS,n,2,301.71,4.36,D,0
30.95992,76.30591,330.92,0.56,0.52,2026-05-09,0727,N20,VIIRS,n,2,299.99,2.7,D,0
30.9022,76.05085,339.75,0.58,0.52,2026-05-09,0727,N20,VIIRS,n,2,301.78,4.5,D,0
30.83321,75.74935,331.43,0.61,0.53,2026-05-09,0727,N20,VIIRS,l,2,302.64,4.98,D,0
30.8323,75.72325,336.37,0.61,0.53,2026-05-09,0727,N20,VIIRS,n,2,300.88,6.06,D,0
30.76438,75.40731,335.07,0.32,0.55,2026-05-09,0727,N20,VIIRS,n,2,300.89,2.47,D,0
30.77523,75.4316,349.2,0.32,0.54,2026-05-09,0727,N20,VIIRS,n,2,302.35,3.57,D,0
30.99349,76.19153,330.6,0.57,0.52,2026-05-09,0727,N20,VIIRS,l,2,302.84,0.95,D,0
30.98567,76.19283,332.06,0.57,0.52,2026-05-09,0727,N20,VIIRS,l,2,303.01,3.93,D,0
30.9903,76.19142,333.79,0.57,0.52,2026-05-09,0727,N20,VIIRS,n,2,303.41,3.93,D,0
30.83069,75.43983,332.46,0.63,0.54,2026-05-09,0727,N20,VIIRS,n,2,300.54,5.32,D,0
30.82274,75.40614,347.72,0.32,0.54,2026-05-09,0727,N20,VIIRS,n,2,299.87,3,D,0
30.8276,75.40462,339.21,0.32,0.54,2026-05-09,0727,N20,VIIRS,n,2,301.64,3,D,0
30.89925,75.68869,336.2,0.61,0.53,2026-05-09,0727,N20,VIIRS,n,2,299.88,5.02,D,0
30.89637,75.6763,350.22,0.61,0.54,2026-05-09,0727,N20,VIIRS,n,2,301.21,12.33,D,0
30.83535,75.37106,337.64,0.32,0.55,2026-05-09,0727,N20,VIIRS,n,2,301.5,1.68,D,0
30.844,75.38571,367,0.32,0.54,2026-05-09,0727,N20,VIIRS,h,2,303.51,4.19,D,0
30.84928,75.40827,334.2,0.32,0.54,2026-05-09,0727,N20,VIIRS,n,2,301.02,2.93,D,0
30.84702,75.39861,339.84,0.32,0.54,2026-05-09,0727,N20,VIIRS,n,2,300.9,2.13,D,0
30.84476,75.38895,338.07,0.32,0.54,2026-05-09,0727,N20,VIIRS,n,2,300.89,4.19,D,0
30.85187,75.39709,339.82,0.32,0.54,2026-05-09,0727,N20,VIIRS,n,2,301.45,2.56,D,0
30.8728,75.41987,330.22,0.63,0.54,2026-05-09,0727,N20,VIIRS,n,2,299.67,3.14,D,0
30.91297,75.57084,336.52,0.62,0.54,2026-05-09,0727,N20,VIIRS,n,2,300.06,4.14,D,0
31.06163,76.20074,331.42,0.57,0.52,2026-05-09,0727,N20,VIIRS,l,2,302.45,4.2,D,0
30.95558,75.64463,330.49,0.61,0.54,2026-05-09,0727,N20,VIIRS,n,2,298.35,2.83,D,0
31.0831,76.12,330.77,0.57,0.52,2026-05-09,0727,N20,VIIRS,l,2,301.43,6.51,D,0
30.94317,75.50048,331.18,0.63,0.54,2026-05-09,0727,N20,VIIRS,n,2,301.03,2.57,D,0
31.1142,76.21542,341.05,0.56,0.52,2026-05-09,0727,N20,VIIRS,n,2,304.29,6.44,D,0
31.11578,76.17805,335.4,0.57,0.52,2026-05-09,0727,N20,VIIRS,n,2,303.47,5.44,D,0
31.11322,76.16651,333.47,0.57,0.52,2026-05-09,0727,N20,VIIRS,n,2,301.86,1.86,D,0
31.07788,76.11344,333.09,0.57,0.52,2026-05-09,0727,N20,VIIRS,n,2,301.35,3.82,D,0
31.11688,76.21868,340.35,0.56,0.52,2026-05-09,0727,N20,VIIRS,n,2,302.91,5.07,D,0
31.11231,76.17712,333.44,0.57,0.52,2026-05-09,0727,N20,VIIRS,n,2,303.13,3.59,D,0
31.08293,76.00551,330.55,0.58,0.52,2026-05-09,0727,N20,VIIRS,l,2,302.15,2.21,D,0
31.02152,75.62946,342.98,0.61,0.54,2026-05-09,0727,N20,VIIRS,n,2,302.12,8.73,D,0
31.02009,75.62324,341.58,0.61,0.54,2026-05-09,0727,N20,VIIRS,n,2,301.66,8.73,D,0
30.99807,75.46161,339.34,0.63,0.54,2026-05-09,0727,N20,VIIRS,n,2,298.34,6.22,D,0
31.16962,76.19046,330.5,0.56,0.52,2026-05-09,0727,N20,VIIRS,l,2,302.32,4.85,D,0
31.16833,76.1847,341.44,0.56,0.52,2026-05-09,0727,N20,VIIRS,n,2,302.99,4.63,D,0
31.15224,76.00314,332.43,0.58,0.52,2026-05-09,0727,N20,VIIRS,l,2,302.66,2.6,D,0
31.0545,75.57248,332.22,0.62,0.54,2026-05-09,0727,N20,VIIRS,n,2,300.03,2.63,D,0
31.2019,76.18064,330.87,0.56,0.52,2026-05-09,0727,N20,VIIRS,l,2,301.33,3.38,D,0
31.05787,75.49734,333.53,0.62,0.54,2026-05-09,0727,N20,VIIRS,n,2,301.37,5.54,D,0
31.03458,75.39547,343.66,0.63,0.54,2026-05-09,0727,N20,VIIRS,n,2,298.48,7.51,D,0
31.13121,75.75347,335.72,0.6,0.53,2026-05-09,0727,N20,VIIRS,n,2,300.86,4.07,D,0
31.13945,75.8792,331.82,0.59,0.53,2026-05-09,0727,N20,VIIRS,n,2,299.33,2.62,D,0
31.03134,75.39606,343.57,0.63,0.54,2026-05-09,0727,N20,VIIRS,n,2,299.1,11.22,D,0
31.13033,75.75294,335.31,0.6,0.53,2026-05-09,0727,N20,VIIRS,n,2,300.94,2.9,D,0
31.14959,75.79241,333.43,0.59,0.53,2026-05-09,0727,N20,VIIRS,n,2,303.04,3.9,D,0
30.46503,75.49737,339.28,0.77,0.77,2026-05-09,0907,N20,VIIRS,n,2,293.65,10.33,D,0
30.46052,75.50123,336.94,0.77,0.78,2026-05-09,0907,N20,VIIRS,n,2,291.59,6.38,D,0
30.51439,75.60661,330.13,0.78,0.78,2026-05-09,0907,N20,VIIRS,n,2,293.66,4.83,D,0
30.61815,75.67036,335.86,0.79,0.78,2026-05-09,0907,N20,VIIRS,n,2,292.87,4.58,D,0
30.61784,75.66195,330.45,0.79,0.78,2026-05-09,0907,N20,VIIRS,n,2,293.8,4.58,D,0
30.57197,75.52369,330.27,0.78,0.78,2026-05-09,0908,N20,VIIRS,n,2,293.41,5.79,D,0
31.01101,75.40873,331.54,0.77,0.77,2026-05-09,0908,N20,VIIRS,n,2,293.3,3.14,D,0
30.47255,76.38705,331.02,0.54,0.68,2026-05-10,0708,N20,VIIRS,n,2,294.79,4.32,D,0
30.45441,76.24519,330.31,0.55,0.68,2026-05-10,0708,N20,VIIRS,n,2,294.97,3.06,D,0
30.42343,76.12917,331.18,0.56,0.69,2026-05-10,0708,N20,VIIRS,n,2,295.41,5.71,D,0
30.52312,76.38093,330.42,0.54,0.68,2026-05-10,0708,N20,VIIRS,n,2,294.46,2.62,D,0
30.47758,76.23777,332.15,0.55,0.68,2026-05-10,0708,N20,VIIRS,n,2,294.51,6.75,D,0
30.52309,76.38159,333.43,0.54,0.68,2026-05-10,0708,N20,VIIRS,n,2,294.47,2.4,D,0
30.48812,76.22804,330.52,0.55,0.68,2026-05-10,0708,N20,VIIRS,n,2,295.36,3.62,D,0
30.5223,76.28156,335.68,0.54,0.68,2026-05-10,0708,N20,VIIRS,n,2,294.59,2.63,D,0
30.4611,75.98148,338.03,0.57,0.69,2026-05-10,0708,N20,VIIRS,n,2,296.44,6.09,D,0
30.44415,75.91898,330.41,0.57,0.69,2026-05-10,0708,N20,VIIRS,n,2,296.82,4.47,D,0
30.47176,75.97148,332.86,0.57,0.69,2026-05-10,0708,N20,VIIRS,n,2,296.6,5.22,D,0
30.47449,75.83248,339.47,0.58,0.7,2026-05-10,0708,N20,VIIRS,n,2,296.27,6.53,D,0
30.52503,75.94611,332.39,0.57,0.69,2026-05-10,0708,N20,VIIRS,n,2,296.59,4.83,D,0
30.499,75.8236,339.76,0.58,0.7,2026-05-10,0708,N20,VIIRS,n,2,296.08,5.83,D,0
30.47756,75.83106,333.8,0.58,0.7,2026-05-10,0708,N20,VIIRS,n,2,296.72,4.88,D,0
30.48645,75.78988,333.18,0.58,0.7,2026-05-10,0708,N20,VIIRS,n,2,295.85,3.38,D,0
30.50208,75.82227,333.9,0.58,0.7,2026-05-10,0708,N20,VIIRS,n,2,295.87,5.42,D,0
30.45172,75.58953,331.81,0.6,0.7,2026-05-10,0708,N20,VIIRS,n,2,296.25,4.25,D,0
30.50584,75.71258,330.2,0.59,0.7,2026-05-10,0708,N20,VIIRS,n,2,296.07,2.61,D,0
30.45887,75.54102,341.85,0.6,0.71,2026-05-10,0708,N20,VIIRS,n,2,295.19,5.16,D,0
30.4585,75.51476,330.38,0.6,0.71,2026-05-10,0708,N20,VIIRS,n,2,295.49,5.18,D,0
30.47622,75.55447,330.54,0.6,0.71,2026-05-10,0708,N20,VIIRS,n,2,296.1,3.07,D,0
30.55712,75.77708,332.39,0.58,0.7,2026-05-10,0708,N20,VIIRS,n,2,297.23,4.03,D,0
30.53981,75.71313,332.69,0.59,0.7,2026-05-10,0708,N20,VIIRS,n,2,296.36,3.75,D,0
30.48339,75.50564,333.82,0.6,0.71,2026-05-10,0708,N20,VIIRS,n,2,296.08,3.16,D,0
30.65304,76.05981,344.06,0.56,0.69,2026-05-10,0708,N20,VIIRS,n,2,295.27,8.46,D,0
30.6509,76.05853,341.92,0.56,0.69,2026-05-10,0708,N20,VIIRS,n,2,296.07,6.69,D,0
30.64017,75.97063,330.29,0.56,0.69,2026-05-10,0708,N20,VIIRS,n,2,295.86,2.89,D,0
30.5227,75.46993,330.64,0.61,0.71,2026-05-10,0708,N20,VIIRS,n,2,296.15,4.24,D,0
30.53596,75.41856,333.73,0.61,0.71,2026-05-10,0708,N20,VIIRS,n,2,295.46,5.36,D,0
30.62806,75.705,351.72,0.58,0.7,2026-05-10,0708,N20,VIIRS,n,2,296.28,9.77,D,0
30.65123,75.7158,333.22,0.58,0.7,2026-05-10,0708,N20,VIIRS,n,2,294.83,4.64,D,0
30.57507,75.41089,340.64,0.61,0.71,2026-05-10,0708,N20,VIIRS,n,2,295.05,5.08,D,0
30.75209,76.01633,331.18,0.56,0.69,2026-05-10,0708,N20,VIIRS,n,2,288.62,8.72,D,0
30.63796,75.59187,332.58,0.59,0.7,2026-05-10,0708,N20,VIIRS,n,2,295.62,3.99,D,0
30.7462,75.96942,339.23,0.56,0.69,2026-05-10,0708,N20,VIIRS,n,2,294.52,6.18,D,0
30.73869,75.9413,334.2,0.56,0.69,2026-05-10,0708,N20,VIIRS,n,2,294.98,5.44,D,0
30.6695,75.68356,330.27,0.58,0.7,2026-05-10,0708,N20,VIIRS,n,2,295.14,3.58,D,0
30.74924,75.95598,342.42,0.56,0.69,2026-05-10,0708,N20,VIIRS,n,2,293.06,12.35,D,0
30.74775,75.95035,347.73,0.56,0.69,2026-05-10,0708,N20,VIIRS,n,2,294.4,12.21,D,0
30.66602,75.62045,335.04,0.59,0.7,2026-05-10,0708,N20,VIIRS,n,2,295.37,4.93,D,0
30.66443,75.61456,331.68,0.59,0.7,2026-05-10,0708,N20,VIIRS,n,2,296.36,4.64,D,0
30.64045,75.52572,333.39,0.6,0.7,2026-05-10,0708,N20,VIIRS,n,2,295.98,6.5,D,0
30.57619,75.41021,345.2,0.61,0.71,2026-05-10,0708,N20,VIIRS,n,2,295.64,8.11,D,0
30.63395,75.59289,333.87,0.59,0.7,2026-05-10,0708,N20,VIIRS,n,2,295.99,3.18,D,0
30.74443,75.96925,340.33,0.56,0.69,2026-05-10,0708,N20,VIIRS,n,2,294.04,4.19,D,0
30.73676,75.94122,334.81,0.56,0.69,2026-05-10,0708,N20,VIIRS,n,2,295.27,4.88,D,0
30.74742,75.95587,338.56,0.56,0.69,2026-05-10,0708,N20,VIIRS,n,2,293.28,5.23,D,0
30.74589,75.95028,338.61,0.56,0.69,2026-05-10,0708,N20,VIIRS,n,2,294.65,5.23,D,0
30.75195,75.9481,331.27,0.56,0.69,2026-05-10,0708,N20,VIIRS,n,2,292.01,5.23,D,0
30.6684,75.61922,334.63,0.59,0.7,2026-05-10,0708,N20,VIIRS,n,2,295.85,3.25,D,0
30.66678,75.61334,332.43,0.59,0.7,2026-05-10,0708,N20,VIIRS,n,2,295.61,3.25,D,0
30.64231,75.52477,336.13,0.6,0.7,2026-05-10,0708,N20,VIIRS,n,2,296.33,4.74,D,0
30.62155,75.40034,332.16,0.61,0.71,2026-05-10,0708,N20,VIIRS,n,2,295.15,7.55,D,0
30.66745,75.54177,337.67,0.6,0.7,2026-05-10,0708,N20,VIIRS,n,2,294.85,2.95,D,0
30.66548,75.50985,347.79,0.6,0.7,2026-05-10,0708,N20,VIIRS,n,2,295.53,9.97,D,0
30.6847,75.55502,336.86,0.59,0.7,2026-05-10,0708,N20,VIIRS,n,2,294.53,6.13,D,0
30.68307,75.5491,332.66,0.59,0.7,2026-05-10,0708,N20,VIIRS,n,2,294.55,7.21,D,0
30.79736,75.89475,336.76,0.56,0.69,2026-05-10,0708,N20,VIIRS,n,2,293.25,4.7,D,0
30.72549,75.60493,338.22,0.59,0.7,2026-05-10,0708,N20,VIIRS,n,2,294.84,5.07,D,0
30.79573,75.83934,330.02,0.57,0.69,2026-05-10,0708,N20,VIIRS,n,2,294.98,3.55,D,0
30.77237,75.7031,340.85,0.58,0.7,2026-05-10,0708,N20,VIIRS,n,2,291.88,8.18,D,0
30.81088,75.79628,336.44,0.57,0.69,2026-05-10,0708,N20,VIIRS,n,2,295.38,4.38,D,0
30.80764,75.7953,333.27,0.57,0.69,2026-05-10,0708,N20,VIIRS,n,2,295.3,4.54,D,0
30.72223,75.38824,331.52,0.61,0.71,2026-05-10,0708,N20,VIIRS,n,2,293.98,3.55,D,0
30.74631,75.42571,330.39,0.6,0.71,2026-05-10,0708,N20,VIIRS,n,2,293.92,3.89,D,0
30.93238,75.93549,343.23,0.56,0.69,2026-05-10,0708,N20,VIIRS,n,2,290.3,8.78,D,0
30.87716,75.65632,336.54,0.58,0.7,2026-05-10,0708,N20,VIIRS,n,2,293.02,5.42,D,0
30.87329,75.6541,332.25,0.58,0.7,2026-05-10,0708,N20,VIIRS,n,2,293.23,5.16,D,0
30.8166,75.37655,332.16,0.6,0.71,2026-05-10,0708,N20,VIIRS,n,2,294.64,2.27,D,0
30.86091,75.41305,330.33,0.6,0.7,2026-05-10,0708,N20,VIIRS,n,2,293.52,4.94,D,0
30.85926,75.40708,337.32,0.6,0.7,2026-05-10,0708,N20,VIIRS,n,2,294.35,4.94,D,0
30.86711,75.41077,336.65,0.6,0.7,2026-05-10,0708,N20,VIIRS,n,2,293.81,4.94,D,0
30.90261,75.51513,346.92,0.59,0.7,2026-05-10,0708,N20,VIIRS,n,2,294.36,8.01,D,0
31.09689,75.89412,330.57,0.55,0.68,2026-05-10,0708,N20,VIIRS,n,2,293.17,3.58,D,0
31.13422,76.00748,332.96,0.54,0.68,2026-05-10,0708,N20,VIIRS,n,2,293.73,5.43,D,0
31.09656,75.72144,331.6,0.57,0.69,2026-05-10,0708,N20,VIIRS,n,2,293.12,4.46,D,0
31.06236,75.5954,330.8,0.58,0.7,2026-05-10,0708,N20,VIIRS,n,2,293.43,3.59,D,0
31.14665,75.73413,333.28,0.56,0.69,2026-05-10,0708,N20,VIIRS,n,2,289.24,5.09,D,0
31.14513,75.72846,337.07,0.56,0.69,2026-05-10,0708,N20,VIIRS,n,2,291.88,5.09,D,0
31.15061,75.73189,331.87,0.56,0.69,2026-05-10,0708,N20,VIIRS,n,2,288.48,6.39,D,0
31.18873,75.79832,330.06,0.56,0.69,2026-05-10,0708,N20,VIIRS,n,2,290.94,3.22,D,0
31.15872,75.56556,340.74,0.58,0.69,2026-05-10,0708,N20,VIIRS,n,2,293.24,4.83,D,0
30.4419,76.05069,331.23,0.43,0.62,2026-05-10,0849,N20,VIIRS,n,2,294.59,3.39,D,0
30.45349,76.13683,330.24,0.44,0.62,2026-05-10,0849,N20,VIIRS,n,2,296.3,4.76,D,0
30.47972,76.35485,330.98,0.45,0.63,2026-05-10,0849,N20,VIIRS,n,2,298.79,2.45,D,0
30.46759,76.08971,333.85,0.43,0.62,2026-05-10,0849,N20,VIIRS,n,2,296.64,2.99,D,0
30.49052,76.17084,337.89,0.44,0.62,2026-05-10,0849,N20,VIIRS,n,2,298.5,4.72,D,0
30.49596,76.16577,332.29,0.44,0.62,2026-05-10,0849,N20,VIIRS,n,2,296.97,4.72,D,0
30.4915,76.16836,346.57,0.44,0.62,2026-05-10,0849,N20,VIIRS,n,2,298.94,8.87,D,0
30.4853,75.80708,340.86,0.42,0.61,2026-05-10,0849,N20,VIIRS,n,2,298.64,6.91,D,0
30.53525,76.40081,333.58,0.45,0.63,2026-05-10,0849,N20,VIIRS,n,2,298.18,4.62,D,0
30.48333,75.53053,332.05,0.4,0.6,2026-05-10,0849,N20,VIIRS,n,2,295.96,2.35,D,0
30.53545,76.22079,336.73,0.44,0.63,2026-05-10,0849,N20,VIIRS,n,2,297.9,5.23,D,0
30.52581,76.07336,332.23,0.43,0.62,2026-05-10,0849,N20,VIIRS,n,2,298.57,4.29,D,0
30.48887,75.53005,331.59,0.4,0.6,2026-05-10,0849,N20,VIIRS,n,2,296.75,2.35,D,0
30.54371,75.91335,333.84,0.42,0.61,2026-05-10,0849,N20,VIIRS,n,2,294.42,2.15,D,0
30.55517,75.83223,344.56,0.42,0.61,2026-05-10,0849,N20,VIIRS,n,2,296.81,5.79,D,0
30.55233,75.83085,346.44,0.42,0.61,2026-05-10,0849,N20,VIIRS,n,2,296.91,5.52,D,0
30.62578,76.08225,332.72,0.43,0.62,2026-05-10,0849,N20,VIIRS,n,2,297.4,3.71,D,0
30.59579,75.47228,330.19,0.4,0.6,2026-05-10,0849,N20,VIIRS,n,2,295.77,2.81,D,0
30.64482,76.10841,349.7,0.44,0.62,2026-05-10,0849,N20,VIIRS,n,2,295.65,7.39,D,0
30.61592,75.6805,335.95,0.41,0.61,2026-05-10,0849,N20,VIIRS,n,2,295.9,3.66,D,0
30.6037,75.50544,347.27,0.4,0.6,2026-05-10,0849,N20,VIIRS,n,2,296.57,7.51,D,0
30.67718,76.33591,331.84,0.45,0.63,2026-05-10,0849,N20,VIIRS,n,2,293.11,2.58,D,0
30.62347,75.46989,333.77,0.4,0.6,2026-05-10,0849,N20,VIIRS,n,2,295.73,4.8,D,0
30.67184,75.99621,333.73,0.43,0.62,2026-05-10,0849,N20,VIIRS,n,2,296.86,3.13,D,0
30.67369,75.99352,330.63,0.43,0.62,2026-05-10,0849,N20,VIIRS,n,2,296.74,3.67,D,0
30.67514,75.92531,333.35,0.43,0.62,2026-05-10,0849,N20,VIIRS,n,2,295.53,2.83,D,0
30.64679,75.40603,336.21,0.4,0.6,2026-05-10,0849,N20,VIIRS,n,2,296.27,2.21,D,0
30.64537,75.38524,330.86,0.39,0.6,2026-05-10,0849,N20,VIIRS,n,2,296.16,1.73,D,0
30.66609,75.52697,330.41,0.4,0.6,2026-05-10,0849,N20,VIIRS,n,2,297.83,4.13,D,0
30.6564,75.38426,337.15,0.39,0.6,2026-05-10,0849,N20,VIIRS,n,2,297.78,3.75,D,0
30.66391,75.41288,334.54,0.4,0.6,2026-05-10,0849,N20,VIIRS,n,2,295.38,1.15,D,0
30.70593,75.95898,332.14,0.43,0.62,2026-05-10,0849,N20,VIIRS,n,2,292.95,5.16,D,0
30.68512,75.39847,335.1,0.4,0.6,2026-05-10,0849,N20,VIIRS,n,2,297.19,3.28,D,0
30.68483,75.3943,340.23,0.4,0.6,2026-05-10,0849,N20,VIIRS,n,2,297.4,3.28,D,0
30.71433,75.49726,345.19,0.4,0.6,2026-05-10,0849,N20,VIIRS,n,2,296.51,7.6,D,0
30.70838,75.4132,336.43,0.4,0.6,2026-05-10,0849,N20,VIIRS,n,2,298.01,2.98,D,0
30.77599,76.326,334.84,0.45,0.63,2026-05-10,0849,N20,VIIRS,n,2,295.53,4.29,D,0
30.74384,75.59753,337.26,0.41,0.6,2026-05-10,0849,N20,VIIRS,n,2,296.61,4.74,D,0
30.78431,76.09944,351.92,0.44,0.62,2026-05-10,0849,N20,VIIRS,n,2,296.52,5.77,D,0
30.76386,75.80165,332.91,0.42,0.61,2026-05-10,0849,N20,VIIRS,n,2,295.9,2.23,D,0
30.76431,75.57001,339,0.41,0.6,2026-05-10,0849,N20,VIIRS,n,2,296.21,4.73,D,0
30.82806,76.4039,331.12,0.46,0.63,2026-05-10,0849,N20,VIIRS,n,2,296.78,2.26,D,0
30.77964,76.10064,331.42,0.44,0.62,2026-05-10,0849,N20,VIIRS,n,2,295.76,5.33,D,0
30.77936,76.09602,342.42,0.44,0.62,2026-05-10,0849,N20,VIIRS,n,2,295.58,6.06,D,0
30.76311,75.57034,340.27,0.41,0.6,2026-05-10,0849,N20,VIIRS,n,2,295.95,3.43,D,0
30.83308,76.40466,333.69,0.46,0.63,2026-05-10,0849,N20,VIIRS,n,2,296.91,2.09,D,0
30.77183,75.45005,332.21,0.4,0.6,2026-05-10,0849,N20,VIIRS,n,2,296.78,5.58,D,0
30.78204,75.43646,352.31,0.4,0.6,2026-05-10,0849,N20,VIIRS,n,2,294.17,6.26,D,0
30.81006,75.68359,340.73,0.41,0.61,2026-05-10,0849,N20,VIIRS,n,2,296.46,4.17,D,0
30.8506,75.46026,334.85,0.4,0.6,2026-05-10,0849,N20,VIIRS,n,2,295.83,3.29,D,0
30.85002,75.45747,334.87,0.4,0.6,2026-05-10,0849,N20,VIIRS,n,2,296.84,4.72,D,0
30.90473,75.69061,338.42,0.41,0.61,2026-05-10,0849,N20,VIIRS,n,2,296.57,3.36,D,0
30.94532,75.70496,342.92,0.42,0.61,2026-05-10,0849,N20,VIIRS,n,2,296.79,7.53,D,0
30.94643,75.63902,348.7,0.41,0.61,2026-05-10,0849,N20,VIIRS,n,2,296.13,12.18,D,0
30.94613,75.63467,353.15,0.41,0.61,2026-05-10,0849,N20,VIIRS,n,2,297.31,11.18,D,0
30.95477,75.67777,336.62,0.41,0.61,2026-05-10,0849,N20,VIIRS,n,2,296.46,3.44,D,0
30.93968,75.46261,335.6,0.4,0.6,2026-05-10,0849,N20,VIIRS,n,2,296.2,4.69,D,0
31.00238,76.21249,335.95,0.45,0.63,2026-05-10,0849,N20,VIIRS,n,2,295.84,3.84,D,0
31.00242,76.21123,331.28,0.45,0.63,2026-05-10,0849,N20,VIIRS,n,2,295.92,5.33,D,0
30.97202,75.37311,350.66,0.4,0.6,2026-05-10,0849,N20,VIIRS,n,2,296.38,5.38,D,0
31.00197,75.6545,344.46,0.41,0.61,2026-05-10,0849,N20,VIIRS,n,2,296.23,6.05,D,0
30.99176,75.41795,338.27,0.4,0.6,2026-05-10,0849,N20,VIIRS,n,2,296.38,4.14,D,0
31.03682,76.01649,341.93,0.43,0.62,2026-05-10,0849,N20,VIIRS,n,2,296.38,7.75,D,0
31.05111,76.15072,331.21,0.44,0.63,2026-05-10,0849,N20,VIIRS,n,2,295.9,3.8,D,0
31.04256,76.01604,355.86,0.43,0.62,2026-05-10,0849,N20,VIIRS,n,2,297.61,20.17,D,0
31.05464,75.68085,333.2,0.42,0.61,2026-05-10,0849,N20,VIIRS,n,2,296.19,4.54,D,0
31.07573,75.90775,342.36,0.43,0.62,2026-05-10,0849,N20,VIIRS,n,2,297.36,5.98,D,0
31.06585,75.51853,332.53,0.41,0.6,2026-05-10,0849,N20,VIIRS,n,2,290.87,4.96,D,0
31.0641,75.41605,349.45,0.4,0.6,2026-05-10,0849,N20,VIIRS,n,2,295.42,7.45,D,0
31.12147,76.15932,331.85,0.44,0.63,2026-05-10,0849,N20,VIIRS,n,2,293.47,3.03,D,0
31.11028,75.90964,332.32,0.43,0.62,2026-05-10,0849,N20,VIIRS,n,2,295.82,4.11,D,0
31.06467,75.51595,333.44,0.41,0.6,2026-05-10,0849,N20,VIIRS,n,2,294.1,2.61,D,0
31.06385,75.41754,330.96,0.4,0.6,2026-05-10,0849,N20,VIIRS,n,2,294.63,2.86,D,0
31.06358,75.41331,338.46,0.4,0.6,2026-05-10,0849,N20,VIIRS,n,2,296.01,2.86,D,0
31.10684,75.91203,337.68,0.43,0.62,2026-05-10,0849,N20,VIIRS,n,2,294.57,3.51,D,0
31.07326,75.39122,334.87,0.4,0.6,2026-05-10,0849,N20,VIIRS,n,2,293.46,3.25,D,0
31.11625,75.87935,334.17,0.43,0.62,2026-05-10,0849,N20,VIIRS,n,2,296.86,3.16,D,0
31.10795,75.74936,343.39,0.42,0.61,2026-05-10,0849,N20,VIIRS,n,2,296.02,5.3,D,0
31.10766,75.74493,332.69,0.42,0.61,2026-05-10,0849,N20,VIIRS,n,2,296.66,4.51,D,0
31.11533,75.77556,330.75,0.42,0.61,2026-05-10,0849,N20,VIIRS,n,2,295.13,2.01,D,0
31.10199,75.48693,334.78,0.4,0.6,2026-05-10,0849,N20,VIIRS,n,2,296.23,4.59,D,0
31.15814,75.99524,333.31,0.43,0.62,2026-05-10,0849,N20,VIIRS,n,2,296.15,1.99,D,0
31.25822,75.65756,346.28,0.42,0.61,2026-05-10,0849,N20,VIIRS,n,2,293.28,2.43,D,0
31.27644,75.84444,332.49,0.43,0.62,2026-05-10,0849,N20,VIIRS,n,2,294.82,3.19,D,0
31.29769,75.8201,339.13,0.43,0.62,2026-05-10,0849,N20,VIIRS,n,2,295.5,3.42,D,0
31.307,75.70698,336.21,0.42,0.61,2026-05-10,0849,N20,VIIRS,n,2,295.11,2.64,D,0
31.30028,75.82198,333.33,0.43,0.62,2026-05-10,0849,N20,VIIRS,n,2,295.41,4.31,D,0
31.30435,75.70461,332.02,0.42,0.61,2026-05-10,0849,N20,VIIRS,n,2,295.65,2.99,D,0
30.42259,76.22881,333.36,0.46,0.47,2026-05-11,0830,N20,VIIRS,l,2,303.56,3.14,D,0
30.43715,75.98435,336.1,0.44,0.46,2026-05-11,0830,N20,VIIRS,n,2,304.31,2.26,D,0
30.44516,75.93661,349.68,0.44,0.46,2026-05-11,0830,N20,VIIRS,n,2,305.95,9.02,D,0
30.44421,75.92743,338.28,0.44,0.46,2026-05-11,0830,N20,VIIRS,n,2,304.45,3.08,D,0
30.49112,76.34183,334.85,0.47,0.47,2026-05-11,0830,N20,VIIRS,n,2,302.41,2.74,D,0
30.4837,76.2257,340.32,0.46,0.47,2026-05-11,0830,N20,VIIRS,n,2,303.22,3.9,D,0
30.48852,76.22993,334.38,0.46,0.47,2026-05-11,0830,N20,VIIRS,l,2,304.69,2.46,D,0
30.47097,76.0599,334.5,0.45,0.47,2026-05-11,0830,N20,VIIRS,n,2,304.12,1.63,D,0
30.4674,75.94298,333.19,0.44,0.46,2026-05-11,0830,N20,VIIRS,n,2,303.14,3.02,D,0
30.4736,75.96081,348.29,0.44,0.46,2026-05-11,0830,N20,VIIRS,n,2,305.48,4.3,D,0
30.43096,75.56181,340,0.42,0.45,2026-05-11,0830,N20,VIIRS,n,2,303.78,3.82,D,0
30.50091,76.18004,333.27,0.46,0.47,2026-05-11,0830,N20,VIIRS,l,2,303.28,3.74,D,0
30.44272,75.63139,337.09,0.42,0.45,2026-05-11,0830,N20,VIIRS,n,2,305.59,4.82,D,0
30.47268,75.96228,338.56,0.44,0.46,2026-05-11,0830,N20,VIIRS,n,2,304.55,5.75,D,0
30.44243,75.65929,335.02,0.42,0.46,2026-05-11,0830,N20,VIIRS,n,2,304.16,3.78,D,0
30.49853,76.18194,334.52,0.46,0.47,2026-05-11,0830,N20,VIIRS,n,2,303.51,2.75,D,0
30.44348,75.62778,345.32,0.42,0.45,2026-05-11,0830,N20,VIIRS,n,2,306.04,5.41,D,0
30.43601,75.51337,335.25,0.42,0.45,2026-05-11,0830,N20,VIIRS,n,2,303.04,2.01,D,0
30.49804,76.04359,335.4,0.45,0.47,2026-05-11,0830,N20,VIIRS,n,2,305,5.33,D,0
30.49492,75.96867,339.81,0.44,0.46,2026-05-11,0830,N20,VIIRS,n,2,304.87,3.99,D,0
30.49215,75.94099,338.82,0.44,0.46,2026-05-11,0830,N20,VIIRS,n,2,302.46,3.42,D,0
30.49919,75.9681,340.95,0.44,0.46,2026-05-11,0830,N20,VIIRS,n,2,306.61,5.02,D,0
30.4545,75.48882,336.38,0.42,0.45,2026-05-11,0830,N20,VIIRS,n,2,305.96,4.59,D,0
30.5337,76.09583,331.33,0.45,0.47,2026-05-11,0830,N20,VIIRS,n,2,300.24,3.05,D,0
30.53322,76.09113,338.71,0.45,0.47,2026-05-11,0830,N20,VIIRS,n,2,303.8,3.05,D,0
30.47975,75.56931,345.28,0.42,0.45,2026-05-11,0830,N20,VIIRS,n,2,300.94,8.56,D,0
30.53942,76.10941,337.17,0.45,0.47,2026-05-11,0830,N20,VIIRS,n,2,301.94,2.84,D,0
30.53563,76.07178,335.41,0.45,0.47,2026-05-11,0830,N20,VIIRS,n,2,303.08,3.9,D,0
30.55614,76.23253,340.93,0.46,0.47,2026-05-11,0830,N20,VIIRS,n,2,301.56,4.49,D,0
30.48535,75.46263,345.35,0.41,0.45,2026-05-11,0830,N20,VIIRS,n,2,304.29,6.92,D,0
30.57591,76.25427,334.81,0.46,0.47,2026-05-11,0830,N20,VIIRS,n,2,301.21,1.63,D,0
30.52107,75.72088,347.17,0.43,0.46,2026-05-11,0830,N20,VIIRS,n,2,306.14,6.21,D,0
30.55178,75.93307,332.07,0.44,0.46,2026-05-11,0830,N20,VIIRS,l,2,302.67,1.16,D,0
30.52055,75.63519,335.81,0.42,0.46,2026-05-11,0830,N20,VIIRS,n,2,305.31,4.77,D,0
30.5154,75.5867,338.8,0.42,0.45,2026-05-11,0830,N20,VIIRS,n,2,303.04,3,D,0
30.5098,75.53416,334.81,0.42,0.45,2026-05-11,0830,N20,VIIRS,n,2,303.32,2.4,D,0
30.55844,75.95557,339.88,0.44,0.46,2026-05-11,0830,N20,VIIRS,n,2,305.81,4.46,D,0
30.55796,75.95095,335.17,0.44,0.46,2026-05-11,0830,N20,VIIRS,n,2,304.93,3.2,D,0
30.58961,76.0885,340.53,0.45,0.47,2026-05-11,0830,N20,VIIRS,n,2,303.37,3.83,D,0
30.56189,75.78375,335.4,0.43,0.46,2026-05-11,0830,N20,VIIRS,l,2,305.58,2.77,D,0
30.62297,76.32664,337.07,0.47,0.47,2026-05-11,0830,N20,VIIRS,n,2,301.73,4.59,D,0
30.60313,76.13464,344.4,0.45,0.47,2026-05-11,0830,N20,VIIRS,n,2,303.71,5.77,D,0
30.54935,75.6268,344.49,0.42,0.45,2026-05-11,0830,N20,VIIRS,n,2,306.59,6.97,D,0
30.53417,75.48667,350.8,0.42,0.45,2026-05-11,0830,N20,VIIRS,n,2,305.22,6.16,D,0
30.59179,76.08566,332.58,0.45,0.47,2026-05-11,0830,N20,VIIRS,l,2,302.78,3.32,D,0
30.56178,75.78102,340.09,0.43,0.46,2026-05-11,0830,N20,VIIRS,n,2,306.58,6,D,0
30.54651,75.62882,337.65,0.42,0.46,2026-05-11,0830,N20,VIIRS,n,2,305.38,2.86,D,0
30.60071,76.13242,343.38,0.45,0.47,2026-05-11,0830,N20,VIIRS,n,2,303.76,6.69,D,0
30.55069,75.62824,341.41,0.42,0.46,2026-05-11,0830,N20,VIIRS,n,2,305.23,2.86,D,0
30.5364,75.48783,343.27,0.42,0.45,2026-05-11,0830,N20,VIIRS,n,2,303.13,4.77,D,0
30.62408,76.32904,336.04,0.47,0.47,2026-05-11,0830,N20,VIIRS,n,2,300.17,4.11,D,0
30.58964,75.88808,344.68,0.44,0.46,2026-05-11,0830,N20,VIIRS,n,2,304.94,3.67,D,0
30.59527,75.90128,333.34,0.44,0.46,2026-05-11,0830,N20,VIIRS,l,2,303.7,1.9,D,0
30.60794,75.94164,338.9,0.44,0.46,2026-05-11,0830,N20,VIIRS,n,2,306.02,4.3,D,0
30.584,75.70501,346.52,0.43,0.46,2026-05-11,0830,N20,VIIRS,n,2,305.58,8.02,D,0
30.58354,75.70053,340.59,0.43,0.46,2026-05-11,0830,N20,VIIRS,n,2,306,7.52,D,0
30.63569,76.13262,335.17,0.45,0.47,2026-05-11,0830,N20,VIIRS,n,2,302.98,3.13,D,0
30.63299,76.01839,333.46,0.45,0.47,2026-05-11,0830,N20,VIIRS,n,2,303.14,1.27,D,0
30.59578,75.61313,341.04,0.42,0.45,2026-05-11,0830,N20,VIIRS,n,2,304.45,4.4,D,0
30.58065,75.46851,349.6,0.42,0.45,2026-05-11,0830,N20,VIIRS,n,2,305.52,10.27,D,0
30.60551,75.66586,336.61,0.43,0.46,2026-05-11,0830,N20,VIIRS,n,2,303.81,4.07,D,0
30.61018,75.58875,351.01,0.42,0.45,2026-05-11,0830,N20,VIIRS,n,2,307.26,24.65,D,0
30.69788,76.35915,338.08,0.47,0.48,2026-05-11,0830,N20,VIIRS,n,2,302.46,4.44,D,0
30.66968,76.03732,332.56,0.45,0.47,2026-05-11,0830,N20,VIIRS,n,2,301.77,2.96,D,0
30.61753,75.49875,349.11,0.42,0.45,2026-05-11,0830,N20,VIIRS,n,2,304.14,6.87,D,0
30.67007,75.95688,340.47,0.44,0.46,2026-05-11,0830,N20,VIIRS,n,2,303.94,3.79,D,0
30.72035,76.40613,341.9,0.47,0.48,2026-05-11,0830,N20,VIIRS,n,2,300.58,2.96,D,0
30.63006,75.53697,344.12,0.42,0.45,2026-05-11,0830,N20,VIIRS,n,2,304.17,7.17,D,0
30.6632,75.80878,332.56,0.44,0.46,2026-05-11,0830,N20,VIIRS,n,2,301.45,1.91,D,0
30.63651,75.51832,339.72,0.42,0.45,2026-05-11,0830,N20,VIIRS,n,2,303.7,5.99,D,0
30.63603,75.51395,340.5,0.42,0.45,2026-05-11,0830,N20,VIIRS,n,2,303.87,6.23,D,0
30.65671,75.62735,338.51,0.43,0.46,2026-05-11,0830,N20,VIIRS,n,2,298.98,4.09,D,0
30.64482,75.51719,341.67,0.42,0.45,2026-05-11,0830,N20,VIIRS,n,2,303.94,6.43,D,0
30.65346,75.6287,340.37,0.43,0.46,2026-05-11,0830,N20,VIIRS,n,2,302.86,3.47,D,0
30.71263,76.09518,339.05,0.45,0.47,2026-05-11,0830,N20,VIIRS,n,2,302.02,5.09,D,0
30.70893,75.88266,334.97,0.44,0.46,2026-05-11,0830,N20,VIIRS,n,2,303.04,3.49,D,0
30.71319,75.8821,342.87,0.44,0.46,2026-05-11,0830,N20,VIIRS,n,2,303.53,5.55,D,0
30.7081,75.83161,345.92,0.44,0.46,2026-05-11,0830,N20,VIIRS,n,2,306.16,7.71,D,0
30.69888,75.7407,330.46,0.43,0.46,2026-05-11,0830,N20,VIIRS,l,2,302.42,1.88,D,0
30.74621,76.03812,340.95,0.45,0.47,2026-05-11,0830,N20,VIIRS,n,2,301.72,4.28,D,0
30.78552,76.34472,340.64,0.47,0.48,2026-05-11,0830,N20,VIIRS,n,2,302.07,4.12,D,0
30.78019,76.29089,332.47,0.47,0.47,2026-05-11,0830,N20,VIIRS,n,2,301.32,3.09,D,0
30.7444,75.892,338.94,0.44,0.46,2026-05-11,0830,N20,VIIRS,n,2,303.98,5.96,D,0
30.74961,75.90067,334.39,0.44,0.46,2026-05-11,0830,N20,VIIRS,n,2,302.66,4.27,D,0
30.73779,75.74462,335.03,0.43,0.46,2026-05-11,0830,N20,VIIRS,n,2,304.17,4.53,D,0
30.75908,75.90878,339.65,0.44,0.46,2026-05-11,0830,N20,VIIRS,n,2,302.87,4.1,D,0
30.75378,75.77466,331.96,0.43,0.46,2026-05-11,0830,N20,VIIRS,n,2,300.88,2.73,D,0
30.77668,75.95345,338.49,0.45,0.47,2026-05-11,0830,N20,VIIRS,n,2,302.62,4.98,D,0
30.7762,75.9488,348.45,0.44,0.46,2026-05-11,0830,N20,VIIRS,n,2,302.73,4.98,D,0
30.78628,76.0043,333.14,0.45,0.47,2026-05-11,0830,N20,VIIRS,n,2,300.84,7.41,D,0
30.78531,75.99491,332.97,0.45,0.47,2026-05-11,0830,N20,VIIRS,n,2,299.05,9.39,D,0
30.76081,75.7599,338.32,0.43,0.46,2026-05-11,0830,N20,VIIRS,n,2,304.29,7.86,D,0
30.80954,76.14528,337.34,0.46,0.47,2026-05-11,0830,N20,VIIRS,n,2,302.21,3.34,D,0
30.83607,76.31838,331.21,0.47,0.48,2026-05-11,0830,N20,VIIRS,n,2,300.61,1.63,D,0
30.78157,75.79403,332.83,0.44,0.46,2026-05-11,0830,N20,VIIRS,n,2,301.99,3.49,D,0
30.84446,76.35712,337.21,0.47,0.48,2026-05-11,0830,N20,VIIRS,n,2,301.26,4.22,D,0
30.84507,76.35967,338.2,0.47,0.48,2026-05-11,0830,N20,VIIRS,n,2,300.8,3.38,D,0
30.8171,76.0694,351.05,0.45,0.47,2026-05-11,0830,N20,VIIRS,n,2,302.07,10.48,D,0
30.79391,75.74809,333.6,0.43,0.46,2026-05-11,0830,N20,VIIRS,n,2,303.08,2.6,D,0
30.82966,76.01985,346.98,0.45,0.47,2026-05-11,0830,N20,VIIRS,n,2,301.02,7.56,D,0
30.90553,76.29731,331.48,0.47,0.48,2026-05-11,0830,N20,VIIRS,n,2,301.46,4.24,D,0
30.91324,76.24194,346.74,0.46,0.47,2026-05-11,0830,N20,VIIRS,n,2,298.98,9.92,D,0
30.93099,75.96399,343.33,0.45,0.47,2026-05-11,0830,N20,VIIRS,n,2,300.89,6.66,D,0
30.95574,75.99413,346.43,0.45,0.47,2026-05-11,0830,N20,VIIRS,n,2,302.93,7.93,D,0
30.96436,75.90746,338.78,0.44,0.46,2026-05-11,0830,N20,VIIRS,n,2,300.31,4.58,D,0
30.99276,75.8472,330.65,0.44,0.46,2026-05-11,0830,N20,VIIRS,n,2,296.49,3.22,D,0
31.09365,76.21677,334.73,0.47,0.47,2026-05-11,0830,N20,VIIRS,n,2,300.14,2.09,D,0
31.06406,75.92006,338.72,0.45,0.47,2026-05-11,0830,N20,VIIRS,n,2,300.7,5.64,D,0
31.09801,76.21621,330.59,0.47,0.47,2026-05-11,0830,N20,VIIRS,n,2,299.92,2.09,D,0
31.05088,75.74797,337.11,0.44,0.46,2026-05-11,0830,N20,VIIRS,n,2,293.96,2.21,D,0
31.08936,76.08493,330.89,0.46,0.47,2026-05-11,0830,N20,VIIRS,n,2,298.06,2.79,D,0
31.10432,76.1907,349.27,0.46,0.47,2026-05-11,0830,N20,VIIRS,n,2,300.58,7.08,D,0
31.0908,76.05565,347.24,0.46,0.47,2026-05-11,0830,N20,VIIRS,n,2,301.83,5.12,D,0
31.12518,76.2226,335.68,0.47,0.47,2026-05-11,0830,N20,VIIRS,n,2,300.23,2.51,D,0
31.09761,75.78369,347.51,0.44,0.46,2026-05-11,0830,N20,VIIRS,n,2,300.41,4.98,D,0
31.09697,75.78503,339.09,0.44,0.46,2026-05-11,0830,N20,VIIRS,n,2,300.57,4.44,D,0
31.12808,75.97038,344.81,0.45,0.47,2026-05-11,0830,N20,VIIRS,n,2,303.95,4.82,D,0
31.14458,76.05022,344.16,0.46,0.47,2026-05-11,0830,N20,VIIRS,n,2,301.45,5.1,D,0
31.13251,75.92673,333.86,0.45,0.47,2026-05-11,0830,N20,VIIRS,n,2,302.11,4.19,D,0
31.14445,75.9156,340.97,0.45,0.47,2026-05-11,0830,N20,VIIRS,n,2,304.31,6.04,D,0
31.14741,75.85825,332.82,0.44,0.46,2026-05-11,0830,N20,VIIRS,n,2,301.05,3.16,D,0
31.19688,76.18043,345.61,0.46,0.47,2026-05-11,0830,N20,VIIRS,n,2,300.53,5.45,D,0
31.18874,75.88123,335.39,0.45,0.47,2026-05-11,0830,N20,VIIRS,n,2,302.06,3.17,D,0
31.16875,75.68698,335.15,0.43,0.46,2026-05-11,0830,N20,VIIRS,n,2,298.99,3.65,D,0
31.21417,76.00243,336.96,0.45,0.47,2026-05-11,0830,N20,VIIRS,n,2,298.85,2.93,D,0
31.19046,75.73053,337.39,0.44,0.46,2026-05-11,0830,N20,VIIRS,n,2,302.82,5.83,D,0
30.42191,76.37479,337.24,0.42,0.37,2026-05-12,0811,N20,VIIRS,n,2,305.68,3.19,D,0
30.45097,76.35635,340.32,0.42,0.37,2026-05-12,0811,N20,VIIRS,n,2,304.95,2.07,D,0
30.43549,76.16602,337.1,0.41,0.37,2026-05-12,0811,N20,VIIRS,n,2,304.8,1.74,D,0
30.46231,76.33666,335.09,0.42,0.37,2026-05-12,0811,N20,VIIRS,n,2,304.6,1.78,D,0
30.47219,76.3835,342.2,0.42,0.37,2026-05-12,0811,N20,VIIRS,n,2,306.89,4.63,D,0
30.43633,76.09624,336.62,0.41,0.37,2026-05-12,0811,N20,VIIRS,n,2,303.27,2.41,D,0
30.43575,76.092,336.2,0.41,0.37,2026-05-12,0811,N20,VIIRS,n,2,305.06,1.9,D,0
30.43341,76.07507,334.63,0.41,0.37,2026-05-12,0811,N20,VIIRS,n,2,304.31,1.66,D,0
30.43304,75.99725,339.72,0.41,0.37,2026-05-12,0811,N20,VIIRS,n,2,306.31,3.64,D,0
30.48426,76.32037,339.85,0.42,0.37,2026-05-12,0811,N20,VIIRS,n,2,306.64,5.68,D,0
30.47848,76.25098,347.98,0.41,0.37,2026-05-12,0811,N20,VIIRS,n,2,305.18,8.8,D,0
30.50374,76.38765,332.41,0.42,0.38,2026-05-12,0811,N20,VIIRS,l,2,303.74,0.79,D,0
30.44998,75.91293,346.18,0.41,0.37,2026-05-12,0811,N20,VIIRS,n,2,306.67,6,D,0
30.44941,75.90874,343.77,0.41,0.37,2026-05-12,0811,N20,VIIRS,n,2,310.28,22.11,D,0
30.4574,75.94172,338.49,0.41,0.37,2026-05-12,0811,N20,VIIRS,n,2,304.8,4.48,D,0
30.45509,75.9249,340.37,0.41,0.37,2026-05-12,0811,N20,VIIRS,n,2,307.29,4.32,D,0
30.44817,75.87462,340.65,0.4,0.37,2026-05-12,0811,N20,VIIRS,n,2,307.33,3.08,D,0
30.44683,75.81486,339.74,0.4,0.37,2026-05-12,0811,N20,VIIRS,n,2,307.45,3.24,D,0
30.46802,75.91823,346.07,0.41,0.37,2026-05-12,0811,N20,VIIRS,n,2,306.9,5.25,D,0
30.46367,75.81175,339.06,0.4,0.37,2026-05-12,0811,N20,VIIRS,n,2,306.94,2.43,D,0
30.46761,75.81531,347.91,0.4,0.37,2026-05-12,0811,N20,VIIRS,n,2,307.89,7.64,D,0
30.46645,75.80696,341.58,0.4,0.37,2026-05-12,0811,N20,VIIRS,n,2,307.47,6.11,D,0
30.49072,75.95718,336.78,0.41,0.37,2026-05-12,0811,N20,VIIRS,n,2,305.63,2.61,D,0
30.49014,75.95297,337.48,0.41,0.37,2026-05-12,0811,N20,VIIRS,n,2,305.61,3.08,D,0
30.5488,76.35741,338.54,0.42,0.37,2026-05-12,0811,N20,VIIRS,n,2,306.6,4.17,D,0
30.54348,76.2921,343.1,0.42,0.37,2026-05-12,0811,N20,VIIRS,n,2,306.55,2.64,D,0
30.5222,76.05965,339.99,0.41,0.37,2026-05-12,0811,N20,VIIRS,n,2,307.61,4.03,D,0
30.55539,76.27673,339.92,0.42,0.37,2026-05-12,0811,N20,VIIRS,n,2,306.63,2.51,D,0
30.52945,76.03661,339.01,0.41,0.37,2026-05-12,0811,N20,VIIRS,n,2,305.07,3.92,D,0
30.55567,76.20197,333.92,0.41,0.37,2026-05-12,0811,N20,VIIRS,n,2,301.8,3.06,D,0
30.49779,75.78407,344.71,0.4,0.37,2026-05-12,0811,N20,VIIRS,n,2,308.87,3.63,D,0
30.54138,76.04746,336.23,0.41,0.37,2026-05-12,0811,N20,VIIRS,l,2,307.97,5.7,D,0
30.51212,75.8371,334.43,0.4,0.37,2026-05-12,0811,N20,VIIRS,l,2,305.3,0.95,D,0
30.48816,75.66649,350.41,0.4,0.37,2026-05-12,0811,N20,VIIRS,n,2,310.11,6.25,D,0
30.54477,76.04684,342.95,0.41,0.37,2026-05-12,0811,N20,VIIRS,n,2,307.78,5.7,D,0
30.48333,75.60797,339.92,0.4,0.37,2026-05-12,0811,N20,VIIRS,n,2,308.23,3.66,D,0
30.5281,75.8431,331.33,0.4,0.37,2026-05-12,0811,N20,VIIRS,l,2,303.74,2.47,D,0
30.49522,75.58058,342.84,0.4,0.37,2026-05-12,0811,N20,VIIRS,n,2,308.13,4.91,D,0
30.52678,75.78333,339.86,0.4,0.37,2026-05-12,0811,N20,VIIRS,n,2,305.26,3.4,D,0
30.57678,76.12427,342.12,0.41,0.37,2026-05-12,0811,N20,VIIRS,n,2,305.39,3.56,D,0
30.53188,75.79523,337.04,0.4,0.37,2026-05-12,0811,N20,VIIRS,n,2,303.51,2.23,D,0
30.5313,75.79105,338.24,0.4,0.37,2026-05-12,0811,N20,VIIRS,n,2,304.26,3.06,D,0
30.53275,75.72665,336.86,0.4,0.37,2026-05-12,0811,N20,VIIRS,n,2,306.75,2.69,D,0
30.53322,75.70523,337.49,0.4,0.37,2026-05-12,0811,N20,VIIRS,l,2,308.33,2.68,D,0
30.57356,75.97269,339.75,0.41,0.37,2026-05-12,0811,N20,VIIRS,n,2,307.96,3.5,D,0
30.55709,75.77772,341.37,0.4,0.37,2026-05-12,0811,N20,VIIRS,n,2,307.74,3.51,D,0
30.54087,75.66121,339.41,0.4,0.37,2026-05-12,0811,N20,VIIRS,n,2,306.79,1.97,D,0
30.53856,75.64462,350.08,0.4,0.37,2026-05-12,0811,N20,VIIRS,n,2,310.69,7.68,D,0
30.54191,75.644,337.33,0.4,0.37,2026-05-12,0811,N20,VIIRS,n,2,306.81,7.68,D,0
30.56126,75.70856,337.1,0.4,0.37,2026-05-12,0811,N20,VIIRS,n,2,306.34,2.07,D,0
30.60625,75.95804,340.5,0.41,0.37,2026-05-12,0811,N20,VIIRS,n,2,305.19,4.1,D,0
30.62526,76.04571,333.62,0.41,0.37,2026-05-12,0811,N20,VIIRS,l,2,304.21,1.86,D,0
30.6269,76.03236,343.12,0.41,0.37,2026-05-12,0811,N20,VIIRS,n,2,306.96,2.65,D,0
30.62399,76.01116,338.08,0.41,0.37,2026-05-12,0811,N20,VIIRS,n,2,306.79,1.55,D,0
30.6234,76.00693,333.59,0.41,0.37,2026-05-12,0811,N20,VIIRS,l,2,305.76,1.58,D,0
30.58436,75.62758,346.16,0.4,0.37,2026-05-12,0811,N20,VIIRS,n,2,308.88,12.11,D,0
30.64855,76.06326,342.08,0.41,0.37,2026-05-12,0811,N20,VIIRS,n,2,306.97,3.76,D,0
30.61811,75.8437,336.63,0.4,0.37,2026-05-12,0811,N20,VIIRS,l,2,306.87,1.94,D,0
30.65195,76.06264,348.83,0.41,0.37,2026-05-12,0811,N20,VIIRS,n,2,309.74,9.25,D,0
30.68262,76.15849,338.94,0.41,0.37,2026-05-12,0811,N20,VIIRS,n,2,306.97,3.63,D,0
30.65213,75.93307,345.02,0.41,0.37,2026-05-12,0811,N20,VIIRS,n,2,303.8,4.05,D,0
30.68413,76.06631,333.26,0.41,0.37,2026-05-12,0811,N20,VIIRS,l,2,304.38,1.12,D,0
30.67143,75.9729,334.17,0.41,0.37,2026-05-12,0811,N20,VIIRS,l,2,305.88,2.51,D,0
30.6314,75.6322,338.48,0.4,0.37,2026-05-12,0811,N20,VIIRS,n,2,307.25,2.34,D,0
30.61232,75.49573,336,0.4,0.37,2026-05-12,0811,N20,VIIRS,l,2,307.45,4.43,D,0
30.62422,75.53158,337.32,0.4,0.37,2026-05-12,0811,N20,VIIRS,l,2,308.62,5.14,D,0
30.62364,75.52745,340.29,0.4,0.37,2026-05-12,0811,N20,VIIRS,n,2,308.62,6.4,D,0
30.70567,76.07112,337.86,0.41,0.37,2026-05-12,0811,N20,VIIRS,n,2,305.88,3.82,D,0
30.70045,76.03282,342.89,0.41,0.37,2026-05-12,0811,N20,VIIRS,n,2,306.89,4.64,D,0
30.64425,75.62554,337.81,0.4,0.37,2026-05-12,0811,N20,VIIRS,n,2,306.62,3.37,D,0
30.63091,75.53032,341.39,0.4,0.37,2026-05-12,0811,N20,VIIRS,n,2,309.73,4.15,D,0
30.63426,75.52969,343.11,0.4,0.37,2026-05-12,0811,N20,VIIRS,n,2,308.56,4.15,D,0
30.63368,75.52557,339.52,0.4,0.37,2026-05-12,0811,N20,VIIRS,n,2,308.71,6.13,D,0
30.63136,75.50907,342.58,0.4,0.37,2026-05-12,0811,N20,VIIRS,n,2,310.03,5.56,D,0
30.71072,76.0571,331.42,0.41,0.37,2026-05-12,0811,N20,VIIRS,l,2,303.3,2.2,D,0
30.65502,75.65336,332.62,0.4,0.37,2026-05-12,0811,N20,VIIRS,l,2,306.01,1.82,D,0
30.65432,75.62366,339,0.4,0.37,2026-05-12,0811,N20,VIIRS,n,2,307.93,3.5,D,0
30.71345,76.02609,342.07,0.41,0.37,2026-05-12,0811,N20,VIIRS,n,2,306.01,2.51,D,0
30.71684,76.02547,335.89,0.41,0.37,2026-05-12,0811,N20,VIIRS,n,2,304.55,2.51,D,0
30.77335,76.41691,335.89,0.42,0.38,2026-05-12,0811,N20,VIIRS,n,2,301.15,2.15,D,0
30.65551,75.53419,337.98,0.4,0.37,2026-05-12,0811,N20,VIIRS,n,2,307.81,3.44,D,0
30.65493,75.53005,338.7,0.4,0.37,2026-05-12,0811,N20,VIIRS,l,2,309.34,5,D,0
30.6577,75.52529,336.77,0.4,0.37,2026-05-12,0811,N20,VIIRS,l,2,307.63,3.14,D,0
30.65711,75.52116,354.3,0.4,0.37,2026-05-12,0811,N20,VIIRS,n,2,309.42,8.63,D,0
30.65653,75.51704,355.37,0.4,0.37,2026-05-12,0811,N20,VIIRS,n,2,309.7,8.63,D,0
30.65595,75.51292,348.43,0.4,0.37,2026-05-12,0811,N20,VIIRS,n,2,308.93,5.56,D,0
30.73217,76.03575,339.15,0.41,0.37,2026-05-12,0811,N20,VIIRS,n,2,305.23,3.78,D,0
30.72925,76.0145,337.05,0.41,0.37,2026-05-12,0811,N20,VIIRS,n,2,304.53,1.07,D,0
30.66337,75.5412,339.25,0.4,0.37,2026-05-12,0811,N20,VIIRS,n,2,307.35,3.22,D,0
30.71618,75.86945,343.03,0.41,0.37,2026-05-12,0811,N20,VIIRS,n,2,307.59,4.77,D,0
30.73241,75.96173,339.37,0.41,0.37,2026-05-12,0811,N20,VIIRS,n,2,306.97,5.17,D,0
30.72773,75.92786,340.45,0.41,0.37,2026-05-12,0811,N20,VIIRS,n,2,308.71,5.7,D,0
30.6524,75.39106,334.41,0.4,0.37,2026-05-12,0811,N20,VIIRS,l,2,305.98,1.4,D,0
30.73112,75.92725,351.84,0.41,0.37,2026-05-12,0811,N20,VIIRS,n,2,307.88,5.7,D,0
30.69824,75.66665,333.45,0.4,0.37,2026-05-12,0811,N20,VIIRS,l,2,304.38,1.81,D,0
30.74199,75.95563,339.53,0.41,0.37,2026-05-12,0811,N20,VIIRS,n,2,306.33,2.74,D,0
30.6864,75.55812,338.45,0.4,0.37,2026-05-12,0811,N20,VIIRS,n,2,304.89,1.53,D,0
30.68113,75.5209,345.17,0.4,0.37,2026-05-12,0811,N20,VIIRS,n,2,308.09,9.86,D,0
30.74303,75.93807,344.47,0.41,0.37,2026-05-12,0811,N20,VIIRS,n,2,304.56,2.61,D,0
30.73248,75.86213,342.44,0.41,0.37,2026-05-12,0811,N20,VIIRS,n,2,306.49,3.95,D,0
30.69267,75.57819,335.73,0.4,0.37,2026-05-12,0811,N20,VIIRS,l,2,308.53,2.77,D,0
30.74641,75.93745,336.46,0.41,0.37,2026-05-12,0811,N20,VIIRS,n,2,304.27,2.61,D,0
30.74407,75.92055,338.42,0.41,0.37,2026-05-12,0811,N20,VIIRS,n,2,305.79,3.05,D,0
30.73469,75.85309,335.11,0.41,0.37,2026-05-12,0811,N20,VIIRS,l,2,305.23,3.03,D,0
30.72223,75.73921,341.38,0.4,0.37,2026-05-12,0811,N20,VIIRS,n,2,308.49,4.46,D,0
30.69511,75.52251,350.96,0.4,0.37,2026-05-12,0811,N20,VIIRS,n,2,308.52,4.82,D,0
30.76325,75.95294,345.1,0.41,0.37,2026-05-12,0811,N20,VIIRS,n,2,308.57,3.97,D,0
30.70968,75.56329,344.43,0.4,0.37,2026-05-12,0811,N20,VIIRS,n,2,305.76,3.31,D,0
30.71534,75.57925,336.05,0.4,0.37,2026-05-12,0811,N20,VIIRS,n,2,304.57,2.49,D,0
30.74005,75.73276,340.71,0.4,0.37,2026-05-12,0811,N20,VIIRS,n,2,308.31,8.26,D,0
30.73947,75.72857,346.89,0.4,0.37,2026-05-12,0811,N20,VIIRS,n,2,307.24,13.39,D,0
30.7336,75.66114,336.76,0.4,0.37,2026-05-12,0811,N20,VIIRS,n,2,304.46,1.77,D,0
30.70818,75.47869,344.79,0.4,0.37,2026-05-12,0811,N20,VIIRS,n,2,306.9,3.54,D,0
30.76392,75.80572,335.71,0.4,0.37,2026-05-12,0811,N20,VIIRS,l,2,306.73,3.35,D,0
30.735,75.59686,334.53,0.4,0.37,2026-05-12,0811,N20,VIIRS,n,2,304.35,1.2,D,0
30.80607,76.08913,334.24,0.41,0.37,2026-05-12,0811,N20,VIIRS,l,2,305.36,2.2,D,0
30.79565,76.01231,337.1,0.41,0.37,2026-05-12,0811,N20,VIIRS,n,2,306.02,5.25,D,0
30.73894,75.60039,337.39,0.4,0.37,2026-05-12,0811,N20,VIIRS,l,2,307.39,1.2,D,0
30.78389,75.87543,334.09,0.41,0.37,2026-05-12,0811,N20,VIIRS,l,2,304.33,1.41,D,0
30.77172,75.78704,340.07,0.4,0.37,2026-05-12,0811,N20,VIIRS,n,2,304.99,3.33,D,0
30.74365,75.53566,347.85,0.4,0.37,2026-05-12,0811,N20,VIIRS,n,2,307.14,5.32,D,0
30.76023,75.60493,337.1,0.4,0.37,2026-05-12,0811,N20,VIIRS,n,2,306.93,3.62,D,0
30.73349,75.4147,341.67,0.4,0.37,2026-05-12,0811,N20,VIIRS,n,2,308.18,5.71,D,0
30.75356,75.50832,340.73,0.4,0.37,2026-05-12,0811,N20,VIIRS,n,2,306.67,3.73,D,0
30.76506,75.56567,343.27,0.4,0.37,2026-05-12,0811,N20,VIIRS,n,2,310.43,6.91,D,0
30.75691,75.50769,349.2,0.4,0.37,2026-05-12,0811,N20,VIIRS,n,2,306.15,7.61,D,0
30.74818,75.44575,338.81,0.4,0.37,2026-05-12,0811,N20,VIIRS,l,2,309.23,2.15,D,0
30.87693,76.35517,337.64,0.42,0.38,2026-05-12,0811,N20,VIIRS,n,2,304.04,3.47,D,0
30.82015,75.9121,348.95,0.41,0.37,2026-05-12,0811,N20,VIIRS,n,2,307.34,4.89,D,0
30.82354,75.91148,346.84,0.41,0.37,2026-05-12,0811,N20,VIIRS,n,2,306.58,4.89,D,0
30.82295,75.90725,339.95,0.41,0.37,2026-05-12,0811,N20,VIIRS,n,2,306.67,4.89,D,0
30.77221,75.54306,339.34,0.4,0.37,2026-05-12,0811,N20,VIIRS,n,2,309.11,3.15,D,0
30.76813,75.51408,338.77,0.4,0.37,2026-05-12,0811,N20,VIIRS,n,2,308.02,4.13,D,0
30.84855,76.06826,334.2,0.41,0.37,2026-05-12,0811,N20,VIIRS,l,2,305.98,2.47,D,0
30.85875,76.06641,333.66,0.41,0.37,2026-05-12,0811,N20,VIIRS,l,2,304.65,2.14,D,0
30.81076,75.71963,341.22,0.4,0.37,2026-05-12,0811,N20,VIIRS,n,2,305.86,3.05,D,0
30.81412,75.71901,347.3,0.4,0.37,2026-05-12,0811,N20,VIIRS,n,2,308.17,10.99,D,0
30.80125,75.62715,340.03,0.4,0.37,2026-05-12,0811,N20,VIIRS,n,2,308.56,7.34,D,0
30.80067,75.62299,332.99,0.4,0.37,2026-05-12,0811,N20,VIIRS,l,2,306.91,6.09,D,0
30.78881,75.51444,332.81,0.4,0.37,2026-05-12,0811,N20,VIIRS,l,2,306.41,2.06,D,0
30.85839,75.98777,334.8,0.41,0.37,2026-05-12,0811,N20,VIIRS,l,2,305.74,1.69,D,0
30.91057,76.31794,331.32,0.42,0.38,2026-05-12,0811,N20,VIIRS,l,2,303.65,2.1,D,0
30.79123,75.45882,333.47,0.4,0.37,2026-05-12,0811,N20,VIIRS,l,2,307.45,2.58,D,0
30.82861,75.69915,337.71,0.4,0.37,2026-05-12,0811,N20,VIIRS,n,2,304.45,2.75,D,0
30.82998,75.69955,339.37,0.4,0.37,2026-05-12,0811,N20,VIIRS,n,2,303.84,3.24,D,0
30.84314,75.77025,342.26,0.4,0.37,2026-05-12,0811,N20,VIIRS,n,2,306.51,5,D,0
30.91737,76.26873,332.21,0.42,0.37,2026-05-12,0811,N20,VIIRS,l,2,305.67,2.2,D,0
30.92075,76.24146,346.14,0.42,0.37,2026-05-12,0811,N20,VIIRS,n,2,303.37,5.78,D,0
30.81258,75.4257,344.21,0.4,0.37,2026-05-12,0811,N20,VIIRS,n,2,309.31,5.19,D,0
30.81766,75.43746,336,0.4,0.37,2026-05-12,0811,N20,VIIRS,l,2,306.3,1.43,D,0
30.83104,75.43494,340.21,0.4,0.37,2026-05-12,0811,N20,VIIRS,n,2,308.52,3.85,D,0
30.83148,75.41367,335.7,0.4,0.37,2026-05-12,0811,N20,VIIRS,l,2,308.26,3.87,D,0
30.87083,75.67049,338.82,0.4,0.37,2026-05-12,0811,N20,VIIRS,n,2,306.49,4.36,D,0
30.86445,75.62454,338.11,0.4,0.37,2026-05-12,0811,N20,VIIRS,n,2,307.79,3.53,D,0
30.83293,75.37533,350.97,0.4,0.37,2026-05-12,0811,N20,VIIRS,n,2,310.31,5,D,0
30.83234,75.37122,340.82,0.4,0.37,2026-05-12,0811,N20,VIIRS,n,2,309.24,4.77,D,0
30.92526,76.01577,331.87,0.41,0.37,2026-05-12,0811,N20,VIIRS,l,2,303.24,1.5,D,0
30.83859,75.39116,339.43,0.4,0.37,2026-05-12,0811,N20,VIIRS,n,2,306.48,3.24,D,0
30.83801,75.38705,336.35,0.4,0.37,2026-05-12,0811,N20,VIIRS,l,2,307.31,3.9,D,0
30.83743,75.38293,347.63,0.4,0.37,2026-05-12,0811,N20,VIIRS,n,2,308.15,3.9,D,0
30.83627,75.37469,336.19,0.4,0.37,2026-05-12,0811,N20,VIIRS,n,2,305.62,5,D,0
30.84135,75.38641,340.65,0.4,0.37,2026-05-12,0811,N20,VIIRS,n,2,307.41,13.22,D,0
30.84077,75.38229,340.81,0.4,0.37,2026-05-12,0811,N20,VIIRS,n,2,309.63,13.22,D,0
30.93487,76.00964,343.72,0.41,0.37,2026-05-12,0811,N20,VIIRS,n,2,305.78,3.79,D,0
30.84804,75.38515,349.15,0.4,0.37,2026-05-12,0811,N20,VIIRS,n,2,309.76,7.06,D,0
30.96633,76.21548,352.03,0.42,0.37,2026-05-12,0811,N20,VIIRS,n,2,306.17,9.11,D,0
30.93758,75.97854,337.97,0.41,0.37,2026-05-12,0811,N20,VIIRS,n,2,305.17,2.92,D,0
30.94156,75.98218,338.49,0.41,0.37,2026-05-12,0811,N20,VIIRS,n,2,303.79,3.98,D,0
30.90476,75.71575,342.68,0.4,0.37,2026-05-12,0811,N20,VIIRS,n,2,305.36,2.62,D,0
30.90112,75.66485,332.29,0.4,0.37,2026-05-12,0811,N20,VIIRS,l,2,304.66,1.59,D,0
30.97884,76.20435,347.32,0.42,0.37,2026-05-12,0811,N20,VIIRS,n,2,306.28,6.85,D,0
30.91442,75.7355,336.82,0.4,0.37,2026-05-12,0811,N20,VIIRS,n,2,305.9,1.97,D,0
30.91383,75.73129,337.78,0.4,0.37,2026-05-12,0811,N20,VIIRS,n,2,306.79,2.09,D,0
30.94823,75.95474,344.64,0.41,0.37,2026-05-12,0811,N20,VIIRS,n,2,306.1,5.21,D,0
30.93186,75.73659,335.52,0.4,0.37,2026-05-12,0811,N20,VIIRS,l,2,307.17,1.54,D,0
30.9276,75.68139,339.97,0.4,0.37,2026-05-12,0811,N20,VIIRS,n,2,308.25,11.52,D,0
30.97329,75.98512,337.87,0.41,0.37,2026-05-12,0811,N20,VIIRS,n,2,306.09,3.26,D,0
30.9917,76.06638,334.28,0.41,0.37,2026-05-12,0811,N20,VIIRS,l,2,305.86,2.68,D,0
30.92936,75.58352,335.53,0.4,0.37,2026-05-12,0811,N20,VIIRS,l,2,307.67,1.74,D,0
30.96966,75.85184,344,0.41,0.37,2026-05-12,0811,N20,VIIRS,n,2,307.34,2.59,D,0
30.96908,75.84762,334.62,0.41,0.37,2026-05-12,0811,N20,VIIRS,l,2,305.62,2.59,D,0
30.98162,75.88877,340.54,0.41,0.37,2026-05-12,0811,N20,VIIRS,n,2,306.45,3.27,D,0
30.99758,75.92943,337.96,0.41,0.37,2026-05-12,0811,N20,VIIRS,n,2,305.21,2.53,D,0
30.95287,75.57912,341.92,0.4,0.37,2026-05-12,0811,N20,VIIRS,n,2,306.8,3.43,D,0
31.01945,76.03931,332.91,0.41,0.37,2026-05-12,0811,N20,VIIRS,n,2,302.28,2.13,D,0
30.95436,75.54037,340.78,0.4,0.37,2026-05-12,0811,N20,VIIRS,n,2,306.87,3.94,D,0
31.04829,76.1754,339,0.42,0.37,2026-05-12,0811,N20,VIIRS,n,2,304.98,2.13,D,0
30.95716,75.43756,337.45,0.4,0.37,2026-05-12,0811,N20,VIIRS,n,2,303.93,3.14,D,0
30.98864,75.56385,333.55,0.4,0.37,2026-05-12,0811,N20,VIIRS,l,2,305.46,2.01,D,0
31.05103,75.98965,340.54,0.41,0.37,2026-05-12,0811,N20,VIIRS,n,2,307.57,2.59,D,0
30.97548,75.42136,333.63,0.4,0.37,2026-05-12,0811,N20,VIIRS,l,2,306.2,2.62,D,0
31.06369,76.03122,340.33,0.41,0.37,2026-05-12,0811,N20,VIIRS,n,2,306.56,1.99,D,0
31.00133,75.53155,345.61,0.4,0.37,2026-05-12,0811,N20,VIIRS,n,2,307.13,9.94,D,0
31.09096,76.15433,348,0.42,0.37,2026-05-12,0811,N20,VIIRS,n,2,309.24,9.57,D,0
31.09438,76.15372,333.03,0.42,0.37,2026-05-12,0811,N20,VIIRS,l,2,305.91,9.57,D,0
31.0679,75.96024,339.1,0.41,0.37,2026-05-12,0811,N20,VIIRS,n,2,308.74,2.64,D,0
30.98635,75.37685,341.65,0.4,0.37,2026-05-12,0811,N20,VIIRS,n,2,308.94,10.63,D,0
30.98576,75.37272,338.79,0.4,0.37,2026-05-12,0811,N20,VIIRS,l,2,310.94,10.63,D,0
31.02783,75.64661,340.96,0.4,0.37,2026-05-12,0811,N20,VIIRS,n,2,309.34,4.02,D,0
31.03237,75.65437,348.02,0.4,0.37,2026-05-12,0811,N20,VIIRS,n,2,308.87,9.03,D,0
31.03178,75.65017,341,0.4,0.37,2026-05-12,0811,N20,VIIRS,n,2,308.65,4.02,D,0
31.05454,75.78841,341.64,0.41,0.37,2026-05-12,0811,N20,VIIRS,n,2,311.03,8.34,D,0
31.05395,75.78419,346.24,0.41,0.37,2026-05-12,0811,N20,VIIRS,n,2,309.99,8.6,D,0
31.04631,75.72937,343.61,0.4,0.37,2026-05-12,0811,N20,VIIRS,n,2,310.22,4.84,D,0
31.03573,75.65374,349.17,0.4,0.37,2026-05-12,0811,N20,VIIRS,n,2,308.41,7.96,D,0
31.03515,75.64954,348.33,0.4,0.37,2026-05-12,0811,N20,VIIRS,n,2,310.18,4.64,D,0
31.03456,75.64536,340.93,0.4,0.37,2026-05-12,0811,N20,VIIRS,n,2,310.9,4.64,D,0
31.00108,75.40802,337.44,0.4,0.37,2026-05-12,0811,N20,VIIRS,n,2,307.04,1.83,D,0
31.00049,75.40388,334.52,0.4,0.37,2026-05-12,0811,N20,VIIRS,n,2,303.54,1.83,D,0
31.10805,76.15124,344.36,0.42,0.37,2026-05-12,0811,N20,VIIRS,n,2,305.7,7.71,D,0
31.05204,75.74561,340.08,0.4,0.37,2026-05-12,0811,N20,VIIRS,n,2,308.88,2.84,D,0
31.04968,75.72874,337.96,0.4,0.37,2026-05-12,0811,N20,VIIRS,n,2,307.72,4.84,D,0
31.02911,75.58196,344.47,0.4,0.37,2026-05-12,0811,N20,VIIRS,n,2,309.21,4.47,D,0
31.10777,76.15153,339.04,0.42,0.37,2026-05-12,0811,N20,VIIRS,n,2,305.46,7.49,D,0
31.01669,75.48162,334.08,0.4,0.37,2026-05-12,0811,N20,VIIRS,n,2,303.74,1.4,D,0
31.07889,75.91022,335.48,0.41,0.37,2026-05-12,0811,N20,VIIRS,l,2,307.7,2.63,D,0
31.07651,75.86702,337.55,0.41,0.37,2026-05-12,0811,N20,VIIRS,n,2,306.11,1.97,D,0
31.07593,75.86277,338.49,0.41,0.37,2026-05-12,0811,N20,VIIRS,n,2,306.82,1.97,D,0
31.13532,76.25341,334.72,0.42,0.38,2026-05-12,0811,N20,VIIRS,n,2,304.1,3.1,D,0
31.10402,75.99325,343.31,0.41,0.37,2026-05-12,0811,N20,VIIRS,n,2,307.86,4.94,D,0
31.10263,75.90586,348.61,0.41,0.37,2026-05-12,0811,N20,VIIRS,n,2,308.51,9.28,D,0
31.06206,75.61008,340.88,0.4,0.37,2026-05-12,0811,N20,VIIRS,n,2,307.35,2.99,D,0
31.13621,76.12863,341.61,0.42,0.37,2026-05-12,0811,N20,VIIRS,n,2,307.49,5.08,D,0
31.10254,75.87967,337.94,0.41,0.37,2026-05-12,0811,N20,VIIRS,l,2,309.1,2.96,D,0
31.10196,75.87541,336.3,0.41,0.37,2026-05-12,0811,N20,VIIRS,l,2,308.51,2.96,D,0
31.10138,75.87115,341.43,0.41,0.37,2026-05-12,0811,N20,VIIRS,n,2,307.1,3.03,D,0
31.10593,75.87904,340.27,0.41,0.37,2026-05-12,0811,N20,VIIRS,n,2,308.55,2.58,D,0
31.13714,76.05767,339.34,0.41,0.37,2026-05-12,0811,N20,VIIRS,n,2,307.14,3.66,D,0
31.06376,75.49835,340.97,0.4,0.37,2026-05-12,0811,N20,VIIRS,n,2,310.76,7.8,D,0
31.06317,75.49419,349.13,0.4,0.37,2026-05-12,0811,N20,VIIRS,n,2,312.98,7.8,D,0
31.06652,75.49356,338.32,0.4,0.37,2026-05-12,0811,N20,VIIRS,l,2,309.43,4.52,D,0
31.05837,75.43538,340.46,0.4,0.37,2026-05-12,0811,N20,VIIRS,n,2,305.61,6.76,D,0
31.12172,75.86741,336,0.41,0.37,2026-05-12,0811,N20,VIIRS,l,2,307.98,2.29,D,0
31.1025,75.72759,343.16,0.4,0.37,2026-05-12,0811,N20,VIIRS,n,2,309.28,3.92,D,0
31.06114,75.4306,334.5,0.4,0.37,2026-05-12,0811,N20,VIIRS,l,2,306.4,3.04,D,0
31.146,75.99437,338.17,0.41,0.37,2026-05-12,0811,N20,VIIRS,n,2,307.34,2.32,D,0
31.10458,75.69261,336.39,0.4,0.37,2026-05-12,0811,N20,VIIRS,l,2,309.14,3.08,D,0
31.08359,75.54169,337.64,0.4,0.37,2026-05-12,0811,N20,VIIRS,n,2,306.17,3.84,D,0
31.14122,75.93376,348.93,0.41,0.37,2026-05-12,0811,N20,VIIRS,n,2,310.61,11.95,D,0
31.1383,75.91241,339.47,0.41,0.37,2026-05-12,0811,N20,VIIRS,n,2,309.06,6.08,D,0
31.13772,75.90816,335.51,0.41,0.37,2026-05-12,0811,N20,VIIRS,l,2,308.25,4.01,D,0
31.14812,75.95882,337.32,0.41,0.37,2026-05-12,0811,N20,VIIRS,l,2,309.19,2.16,D,0
31.15492,75.95757,347.76,0.41,0.37,2026-05-12,0811,N20,VIIRS,n,2,311.86,17.66,D,0
31.0957,75.50517,348.25,0.4,0.37,2026-05-12,0811,N20,VIIRS,n,2,306,5.2,D,0
31.15996,75.94349,337.01,0.41,0.37,2026-05-12,0811,N20,VIIRS,n,2,305.76,2.36,D,0
31.13756,75.75575,347.3,0.41,0.37,2026-05-12,0811,N20,VIIRS,n,2,308.61,10.54,D,0
31.19263,76.13171,348.55,0.42,0.37,2026-05-12,0811,N20,VIIRS,n,2,309.33,10.14,D,0
31.17133,75.95018,338.22,0.41,0.37,2026-05-12,0811,N20,VIIRS,n,2,307.31,3.2,D,0
31.1138,75.536,337.91,0.4,0.37,2026-05-12,0811,N20,VIIRS,n,2,306.43,3.16,D,0
31.11599,75.52703,335.95,0.4,0.37,2026-05-12,0811,N20,VIIRS,l,2,308.28,3.05,D,0
31.19698,76.08657,335.28,0.41,0.37,2026-05-12,0811,N20,VIIRS,l,2,306.66,1.55,D,0
31.15695,75.79558,340.58,0.41,0.37,2026-05-12,0811,N20,VIIRS,l,2,310.78,4.66,D,0
31.14386,75.67667,340.33,0.4,0.37,2026-05-12,0811,N20,VIIRS,n,2,308.57,3.31,D,0
31.13798,75.63462,335.12,0.4,0.37,2026-05-12,0811,N20,VIIRS,l,2,307.63,2.03,D,0
31.11196,75.42523,332.29,0.4,0.37,2026-05-12,0811,N20,VIIRS,l,2,302.87,2.22,D,0
31.17652,75.86168,335.74,0.41,0.37,2026-05-12,0811,N20,VIIRS,l,2,307.76,2.54,D,0
31.1153,75.4246,339.23,0.4,0.37,2026-05-12,0811,N20,VIIRS,n,2,302.77,2.22,D,0
31.11472,75.42045,334.7,0.4,0.37,2026-05-12,0811,N20,VIIRS,n,2,305.91,2.47,D,0
31.14212,75.57905,336.13,0.4,0.37,2026-05-12,0811,N20,VIIRS,l,2,307.62,1.93,D,0
31.19154,75.86457,338.46,0.41,0.37,2026-05-12,0811,N20,VIIRS,n,2,307.2,4.12,D,0
31.18944,75.74735,346.11,0.41,0.37,2026-05-12,0811,N20,VIIRS,n,2,307.71,4.97,D,0
31.16624,75.57882,337.9,0.4,0.37,2026-05-12,0811,N20,VIIRS,n,2,306.24,2.72,D,0
31.16217,75.54949,344.98,0.4,0.37,2026-05-12,0811,N20,VIIRS,n,2,306.89,7.59,D,0
31.25376,76.19745,331.91,0.42,0.38,2026-05-12,0811,N20,VIIRS,l,2,303.75,2.03,D,0
31.18992,75.72557,336.78,0.41,0.37,2026-05-12,0811,N20,VIIRS,l,2,309.22,1.66,D,0
31.25719,76.19682,336.4,0.42,0.38,2026-05-12,0811,N20,VIIRS,n,2,302.6,2.14,D,0
31.21924,75.86384,337.46,0.41,0.37,2026-05-12,0811,N20,VIIRS,n,2,305.68,2.43,D,0
31.21052,75.79996,346.5,0.41,0.37,2026-05-12,0811,N20,VIIRS,n,2,307.09,12.09,D,0
31.18202,75.59307,352.51,0.4,0.37,2026-05-12,0811,N20,VIIRS,n,2,307.43,7.52,D,0
31.25285,76.06008,338.2,0.41,0.37,2026-05-12,0811,N20,VIIRS,n,2,307.96,2.28,D,0
31.26308,76.0582,334.83,0.41,0.37,2026-05-12,0811,N20,VIIRS,l,2,307.06,2.37,D,0
31.24427,75.89426,348.36,0.41,0.37,2026-05-12,0811,N20,VIIRS,n,2,307,4.62,D,0
31.25503,75.89666,340.44,0.41,0.37,2026-05-12,0811,N20,VIIRS,n,2,307.33,4.02,D,0
31.25935,75.85207,339.91,0.41,0.37,2026-05-12,0811,N20,VIIRS,n,2,306.87,12.51,D,0
31.2754,75.89291,336.66,0.41,0.37,2026-05-12,0811,N20,VIIRS,n,2,305.61,2.17,D,0
31.27481,75.88864,335.42,0.41,0.37,2026-05-12,0811,N20,VIIRS,l,2,306.59,2.17,D,0
31.28292,75.92226,336.21,0.41,0.37,2026-05-12,0811,N20,VIIRS,l,2,307.43,2.6,D,0
31.2788,75.8923,346.59,0.41,0.37,2026-05-12,0811,N20,VIIRS,n,2,306.2,4.99,D,0
31.28219,75.89166,349.28,0.41,0.37,2026-05-12,0811,N20,VIIRS,n,2,307.51,4.99,D,0
31.2816,75.88739,342.83,0.41,0.37,2026-05-12,0811,N20,VIIRS,n,2,306.51,4.99,D,0
31.26157,75.74265,339.57,0.41,0.37,2026-05-12,0811,N20,VIIRS,n,2,307.96,5.86,D,0
31.30552,76.0106,339.68,0.41,0.37,2026-05-12,0811,N20,VIIRS,n,2,307.06,5.27,D,0
31.30562,76.01154,340.36,0.41,0.37,2026-05-12,0811,N20,VIIRS,n,2,307.1,8.52,D,0
31.27314,75.71955,337.41,0.41,0.37,2026-05-12,0811,N20,VIIRS,l,2,308.19,3.27,D,0
31.27989,75.71829,338.04,0.41,0.37,2026-05-12,0811,N20,VIIRS,l,2,308.85,4.09,D,0
31.27922,75.68804,336.72,0.41,0.37,2026-05-12,0811,N20,VIIRS,n,2,306,2.8,D,0
31.31953,75.90761,345.12,0.41,0.37,2026-05-12,0811,N20,VIIRS,n,2,305.9,4.79,D,0
31.3175,75.81593,340.82,0.41,0.37,2026-05-12,0811,N20,VIIRS,n,2,306.92,2.8,D,0
31.30285,75.68362,339.46,0.41,0.37,2026-05-12,0811,N20,VIIRS,n,2,307.01,2.55,D,0
31.28247,75.5362,333.56,0.4,0.37,2026-05-12,0811,N20,VIIRS,l,2,306.46,2.42,D,0
31.31005,75.6606,349.12,0.4,0.37,2026-05-12,0811,N20,VIIRS,n,2,305.25,4.67,D,0
30.49422,76.36166,343.42,0.42,0.38,2026-05-13,0752,N20,VIIRS,l,2,311.99,8.91,D,0
30.54571,76.3955,348.97,0.42,0.37,2026-05-13,0752,N20,VIIRS,n,2,310.85,10.93,D,0
30.55827,76.36591,340.58,0.42,0.37,2026-05-13,0752,N20,VIIRS,l,2,311.68,6.97,D,0
30.46513,75.68801,343.2,0.44,0.38,2026-05-13,0752,N20,VIIRS,l,2,317.74,9.03,D,0
30.52101,75.67124,346.35,0.44,0.38,2026-05-13,0752,N20,VIIRS,l,2,317.86,21.35,D,0
30.63428,75.75359,341.48,0.44,0.38,2026-05-13,0752,N20,VIIRS,l,2,314.07,7.41,D,0
30.76321,76.34726,338.25,0.42,0.37,2026-05-13,0752,N20,VIIRS,l,2,312.27,2.79,D,0
30.70762,76.02677,340.16,0.43,0.38,2026-05-13,0752,N20,VIIRS,l,2,309.65,6.01,D,0
30.635,75.57493,367,0.44,0.39,2026-05-13,0752,N20,VIIRS,h,2,317.53,15.79,D,0
30.71141,76.00764,341.98,0.43,0.38,2026-05-13,0752,N20,VIIRS,l,2,309.61,5.68,D,0
30.64782,75.52444,347.01,0.44,0.39,2026-05-13,0752,N20,VIIRS,l,2,314.69,12.03,D,0
30.6594,75.56911,340.18,0.44,0.39,2026-05-13,0752,N20,VIIRS,l,2,312.33,4.23,D,0
30.68191,75.5732,345.18,0.44,0.39,2026-05-13,0752,N20,VIIRS,n,2,313.31,5.71,D,0
30.69453,75.54175,342.85,0.44,0.39,2026-05-13,0752,N20,VIIRS,l,2,311.6,5.8,D,0
30.6954,75.54359,339.45,0.44,0.39,2026-05-13,0752,N20,VIIRS,l,2,311.08,7.63,D,0
30.7721,75.91265,338.02,0.43,0.38,2026-05-13,0752,N20,VIIRS,l,2,308.46,4.24,D,0
30.7483,75.73779,348.26,0.44,0.38,2026-05-13,0752,N20,VIIRS,l,2,313.43,14.65,D,0
30.81355,76.06735,341.04,0.42,0.38,2026-05-13,0752,N20,VIIRS,l,2,309.16,6.17,D,0
30.84367,75.61833,340.67,0.44,0.38,2026-05-13,0752,N20,VIIRS,l,2,314.06,7.5,D,0
30.84286,75.61383,343.67,0.44,0.38,2026-05-13,0752,N20,VIIRS,l,2,314.67,7.15,D,0
30.84836,75.3798,342.74,0.45,0.39,2026-05-13,0752,N20,VIIRS,l,2,313.01,11.5,D,0
30.85513,75.39733,340.35,0.45,0.39,2026-05-13,0752,N20,VIIRS,l,2,312.25,6.24,D,0
30.85186,75.37895,352.69,0.45,0.39,2026-05-13,0752,N20,VIIRS,l,2,313.92,11.03,D,0
30.9395,75.81456,337.3,0.43,0.38,2026-05-13,0752,N20,VIIRS,n,2,305.59,1.38,D,0
30.98533,75.92049,345.53,0.43,0.38,2026-05-13,0752,N20,VIIRS,l,2,310.18,5.69,D,0
31.19167,75.60525,352.97,0.44,0.38,2026-05-13,0752,N20,VIIRS,n,2,311.62,13.46,D,0
31.25157,75.90552,343.55,0.42,0.38,2026-05-13,0752,N20,VIIRS,l,2,309.13,3.78,D,0
31.25499,75.90471,338.67,0.42,0.38,2026-05-13,0752,N20,VIIRS,l,2,309.43,3.78,D,0
31.22331,75.72351,338.96,0.43,0.38,2026-05-13,0752,N20,VIIRS,l,2,308.04,2.61,D,0
31.28405,75.69182,342.93,0.43,0.38,2026-05-13,0752,N20,VIIRS,l,2,310.33,6.89,D,0
30.44599,76.30798,338.29,0.47,0.48,2026-05-14,0733,N20,VIIRS,l,2,312.89,7.84,D,0
30.46107,76.29366,344.77,0.47,0.48,2026-05-14,0733,N20,VIIRS,n,2,313.37,6.56,D,0
30.46007,76.28889,342.63,0.47,0.48,2026-05-14,0733,N20,VIIRS,l,2,316.19,6.56,D,0
30.46161,76.28928,346.37,0.47,0.48,2026-05-14,0733,N20,VIIRS,n,2,316,13.41,D,0
30.51003,76.24028,342.8,0.47,0.48,2026-05-14,0733,N20,VIIRS,n,2,311.05,6.32,D,0
30.5573,76.35751,346.13,0.46,0.47,2026-05-14,0733,N20,VIIRS,n,2,315.02,10.6,D,0
30.50964,76.06613,340.87,0.48,0.48,2026-05-14,0733,N20,VIIRS,l,2,313.4,7.59,D,0
30.52383,76.04651,344.84,0.48,0.48,2026-05-14,0733,N20,VIIRS,n,2,315.92,9.79,D,0
30.51037,75.98247,346.82,0.49,0.48,2026-05-14,0733,N20,VIIRS,n,2,316.94,6.84,D,0
30.50933,75.97752,344.78,0.49,0.48,2026-05-14,0733,N20,VIIRS,n,2,312.91,6.84,D,0
30.50828,75.97257,345.37,0.49,0.48,2026-05-14,0733,N20,VIIRS,n,2,317.2,12.6,D,0
30.52366,76.04444,340.83,0.48,0.48,2026-05-14,0733,N20,VIIRS,l,2,314.42,6.05,D,0
30.50871,75.97565,350.27,0.49,0.48,2026-05-14,0733,N20,VIIRS,n,2,315.28,16.72,D,0
30.56089,75.93974,341.43,0.49,0.48,2026-05-14,0733,N20,VIIRS,l,2,316.18,8.51,D,0
30.57697,75.97189,341.03,0.49,0.48,2026-05-14,0733,N20,VIIRS,l,2,316.02,7.4,D,0
30.49528,75.56995,344.07,0.51,0.5,2026-05-14,0733,N20,VIIRS,n,2,313.43,8.88,D,0
30.62655,76.0978,344.54,0.48,0.48,2026-05-14,0733,N20,VIIRS,n,2,311.68,7.8,D,0
30.69906,76.34692,334.83,0.46,0.47,2026-05-14,0733,N20,VIIRS,l,2,308.57,1.73,D,0
30.71401,76.3328,338.85,0.46,0.47,2026-05-14,0733,N20,VIIRS,l,2,313.66,4.71,D,0
30.58024,75.47594,342.05,0.52,0.5,2026-05-14,0733,N20,VIIRS,l,2,315.56,9.41,D,0
30.6922,75.9099,336.47,0.49,0.48,2026-05-14,0733,N20,VIIRS,l,2,311.23,4.51,D,0
30.63502,75.59852,344.1,0.51,0.49,2026-05-14,0733,N20,VIIRS,n,2,315.17,7.5,D,0
30.6324,75.59753,343.13,0.51,0.49,2026-05-14,0733,N20,VIIRS,l,2,315.32,8.12,D,0
30.71764,75.90057,337.85,0.49,0.48,2026-05-14,0733,N20,VIIRS,l,2,312.55,3.65,D,0
30.71009,75.82351,341.35,0.49,0.49,2026-05-14,0733,N20,VIIRS,l,2,313.72,5.48,D,0
30.62652,75.42152,341.43,0.52,0.5,2026-05-14,0733,N20,VIIRS,n,2,312.97,4.62,D,0
30.83906,76.27517,337.29,0.46,0.47,2026-05-14,0733,N20,VIIRS,l,2,307.74,1.35,D,0
30.65198,75.3859,341.28,0.52,0.5,2026-05-14,0733,N20,VIIRS,l,2,311.43,7.28,D,0
30.72976,75.67835,343.42,0.5,0.49,2026-05-14,0733,N20,VIIRS,n,2,310.33,5.65,D,0
30.83665,76.00415,339.56,0.48,0.48,2026-05-14,0733,N20,VIIRS,l,2,312.44,5.43,D,0
30.79242,75.43764,342.89,0.52,0.5,2026-05-14,0733,N20,VIIRS,n,2,308,9.61,D,0
30.86779,75.72173,336.21,0.5,0.49,2026-05-14,0733,N20,VIIRS,l,2,308.84,1.26,D,0
30.9655,76.00462,343.86,0.47,0.48,2026-05-14,0733,N20,VIIRS,n,2,310.77,5.84,D,0
30.83989,75.4094,341.06,0.52,0.5,2026-05-14,0733,N20,VIIRS,l,2,313.12,6.57,D,0
30.91851,75.66064,342.97,0.5,0.49,2026-05-14,0733,N20,VIIRS,n,2,308.75,3.63,D,0
30.89825,75.50323,339.51,0.51,0.49,2026-05-14,0733,N20,VIIRS,n,2,306.39,4.93,D,0
30.99945,75.88618,343.01,0.48,0.48,2026-05-14,0733,N20,VIIRS,n,2,312.98,5.18,D,0
31.00167,75.87509,344.69,0.48,0.48,2026-05-14,0733,N20,VIIRS,n,2,310.04,4.83,D,0
30.98795,75.81087,336.08,0.49,0.48,2026-05-14,0733,N20,VIIRS,l,2,310.38,3.39,D,0
30.9502,75.52635,344.63,0.51,0.49,2026-05-14,0733,N20,VIIRS,n,2,312.36,6.23,D,0
30.94856,75.52969,344.1,0.51,0.49,2026-05-14,0733,N20,VIIRS,n,2,312.02,7.84,D,0
31.11328,76.13714,341.55,0.46,0.47,2026-05-14,0733,N20,VIIRS,n,2,311.15,5.6,D,0
31.1099,76.03697,341.55,0.47,0.48,2026-05-14,0733,N20,VIIRS,l,2,315.36,7.77,D,0
31.10888,76.03217,340.66,0.47,0.48,2026-05-14,0733,N20,VIIRS,l,2,314.32,5.64,D,0
31.09648,75.97438,344.09,0.47,0.48,2026-05-14,0733,N20,VIIRS,l,2,318.05,14.23,D,0
31.05213,75.74729,341.07,0.49,0.48,2026-05-14,0733,N20,VIIRS,l,2,314.2,8.51,D,0
31.01933,75.59621,342.41,0.5,0.49,2026-05-14,0733,N20,VIIRS,n,2,313.73,5.9,D,0
31.12219,75.96693,343.8,0.47,0.48,2026-05-14,0733,N20,VIIRS,l,2,314.11,7.92,D,0
31.17418,76.16975,343.04,0.46,0.47,2026-05-14,0733,N20,VIIRS,n,2,309.12,4.78,D,0
31.16522,76.12722,340.37,0.46,0.47,2026-05-14,0733,N20,VIIRS,l,2,313.26,4.37,D,0
31.07071,75.68333,344.62,0.49,0.49,2026-05-14,0733,N20,VIIRS,n,2,312.52,8.89,D,0
31.07507,75.68206,344.54,0.49,0.49,2026-05-14,0733,N20,VIIRS,n,2,313.87,11.04,D,0
31.1342,75.93774,343.81,0.48,0.48,2026-05-14,0733,N20,VIIRS,n,2,313.8,5.58,D,0
31.11969,75.86942,346.32,0.48,0.48,2026-05-14,0733,N20,VIIRS,l,2,316.66,10.68,D,0
31.11342,75.83994,349.32,0.48,0.48,2026-05-14,0733,N20,VIIRS,n,2,316.98,8.5,D,0
31.02657,75.43529,344.49,0.51,0.49,2026-05-14,0733,N20,VIIRS,n,2,314.02,6.82,D,0
31.12608,75.87797,355.6,0.48,0.48,2026-05-14,0733,N20,VIIRS,n,2,316.87,18.55,D,0
31.09982,75.75455,345.92,0.49,0.48,2026-05-14,0733,N20,VIIRS,n,2,316.15,8.62,D,0
31.03772,75.46513,337.3,0.51,0.49,2026-05-14,0733,N20,VIIRS,l,2,311.87,5.43,D,0
31.10416,75.7533,345.73,0.49,0.48,2026-05-14,0733,N20,VIIRS,n,2,313.49,8.62,D,0
31.08168,75.64799,340.74,0.49,0.49,2026-05-14,0733,N20,VIIRS,l,2,311.74,4.42,D,0
31.07847,75.61127,348.32,0.5,0.49,2026-05-14,0733,N20,VIIRS,n,2,313.43,7.95,D,0
31.08471,75.64507,340.67,0.49,0.49,2026-05-14,0733,N20,VIIRS,l,2,312.5,3.63,D,0
31.08239,75.61352,338.7,0.5,0.49,2026-05-14,0733,N20,VIIRS,l,2,311.04,5.2,D,0
31.08128,75.60846,338.09,0.5,0.49,2026-05-14,0733,N20,VIIRS,l,2,312.41,5.2,D,0
31.1132,75.69026,342.57,0.49,0.49,2026-05-14,0733,N20,VIIRS,n,2,312.42,6.73,D,0
31.11211,75.68525,341.74,0.49,0.49,2026-05-14,0733,N20,VIIRS,l,2,314.75,6.73,D,0
31.08299,75.51031,344.36,0.5,0.49,2026-05-14,0733,N20,VIIRS,n,2,312.42,8.53,D,0
31.14039,75.75124,345.49,0.49,0.48,2026-05-14,0733,N20,VIIRS,n,2,314.55,9.69,D,0
31.16837,75.81664,340.48,0.48,0.48,2026-05-14,0733,N20,VIIRS,l,2,313.55,4.23,D,0
31.16731,75.81172,348.15,0.48,0.48,2026-05-14,0733,N20,VIIRS,n,2,316.61,11.57,D,0
31.16624,75.80679,343.31,0.48,0.48,2026-05-14,0733,N20,VIIRS,l,2,316.21,11.57,D,0
31.12835,75.61088,347.53,0.5,0.49,2026-05-14,0733,N20,VIIRS,n,2,316.16,13.14,D,0
31.13157,75.58297,339.72,0.5,0.49,2026-05-14,0733,N20,VIIRS,l,2,313.68,2.96,D,0
31.13816,75.59183,343.52,0.5,0.49,2026-05-14,0733,N20,VIIRS,n,2,313.34,3.09,D,0
31.18466,75.78571,354.47,0.48,0.48,2026-05-14,0733,N20,VIIRS,n,2,313.08,10.53,D,0
31.24393,76.04174,338.83,0.47,0.47,2026-05-14,0733,N20,VIIRS,l,2,313.08,5.92,D,0
31.21105,75.88744,344.74,0.48,0.48,2026-05-14,0733,N20,VIIRS,n,2,313.93,5.86,D,0
31.18367,75.7597,340.05,0.49,0.48,2026-05-14,0733,N20,VIIRS,l,2,312.71,6.08,D,0
31.19361,75.69864,356.19,0.49,0.48,2026-05-14,0733,N20,VIIRS,n,2,313.28,12.32,D,0
31.25835,75.98165,339.59,0.47,0.48,2026-05-14,0733,N20,VIIRS,l,2,310.78,4.25,D,0
31.27676,76.04754,342.1,0.47,0.47,2026-05-14,0733,N20,VIIRS,n,2,311.88,5.82,D,0
31.21523,75.71352,345.77,0.49,0.48,2026-05-14,0733,N20,VIIRS,n,2,313.18,7.95,D,0
31.17426,75.5216,339.72,0.5,0.49,2026-05-14,0733,N20,VIIRS,l,2,312.12,5.6,D,0
31.2142,75.71105,343.55,0.49,0.48,2026-05-14,0733,N20,VIIRS,n,2,312.14,8.56,D,0
31.28775,75.98553,341.29,0.47,0.48,2026-05-14,0733,N20,VIIRS,l,2,313.03,4.89,D,0
31.21396,75.60448,351.25,0.49,0.49,2026-05-14,0733,N20,VIIRS,n,2,315.24,11.42,D,0
31.20287,75.55393,339.97,0.5,0.49,2026-05-14,0733,N20,VIIRS,l,2,311.56,5.25,D,0
31.21832,75.60321,344.81,0.49,0.49,2026-05-14,0733,N20,VIIRS,n,2,312.55,11.42,D,0
31.31116,75.98901,337.27,0.47,0.48,2026-05-14,0733,N20,VIIRS,l,2,311.24,4.47,D,0
31.30441,75.87297,345.42,0.48,0.48,2026-05-14,0733,N20,VIIRS,n,2,314.64,6.13,D,0
31.29813,75.84373,347.25,0.48,0.48,2026-05-14,0733,N20,VIIRS,n,2,315.59,8.35,D,0
31.29708,75.83884,349.98,0.48,0.48,2026-05-14,0733,N20,VIIRS,n,2,317.89,9.04,D,0
31.28038,75.67582,343.22,0.49,0.48,2026-05-14,0733,N20,VIIRS,n,2,311.97,3.27,D,0
31.31136,75.77737,343.09,0.48,0.48,2026-05-14,0733,N20,VIIRS,n,2,311.09,3.72,D,0
31.31271,75.71918,343.85,0.48,0.48,2026-05-14,0733,N20,VIIRS,n,2,313.41,13.46,D,0
31.31703,75.71792,356.29,0.48,0.48,2026-05-14,0733,N20,VIIRS,n,2,317.46,13.46,D,0
31.31597,75.71294,345.22,0.49,0.48,2026-05-14,0733,N20,VIIRS,n,2,315.08,13.46,D,0
30.49248,76.37818,336.28,0.44,0.62,2026-05-15,0714,N20,VIIRS,n,2,305.09,4.51,D,0
30.50131,76.36569,336.44,0.44,0.62,2026-05-15,0714,N20,VIIRS,n,2,306.37,3.91,D,0
30.42794,76.04986,338.47,0.46,0.63,2026-05-15,0714,N20,VIIRS,n,2,302.84,2.14,D,0
30.49804,76.30474,333.67,0.44,0.62,2026-05-15,0714,N20,VIIRS,l,2,305.49,2.83,D,0
30.42193,76.00195,342.08,0.46,0.64,2026-05-15,0714,N20,VIIRS,n,2,305.08,6.11,D,0
30.5244,76.38645,340.71,0.44,0.62,2026-05-15,0714,N20,VIIRS,n,2,306.67,1.52,D,0
30.44839,76.08269,336.12,0.46,0.63,2026-05-15,0714,N20,VIIRS,n,2,305.03,2.95,D,0
30.43685,76.03688,333.32,0.46,0.63,2026-05-15,0714,N20,VIIRS,n,2,302.56,2.61,D,0
30.45054,76.06705,331.23,0.46,0.63,2026-05-15,0714,N20,VIIRS,l,2,302.35,1.55,D,0
30.5032,76.36034,334.1,0.44,0.62,2026-05-15,0714,N20,VIIRS,l,2,306.66,4.55,D,0
30.42909,76.04987,345.05,0.46,0.63,2026-05-15,0714,N20,VIIRS,n,2,303.16,1.94,D,0
30.52208,76.38728,338.78,0.43,0.62,2026-05-15,0714,N20,VIIRS,n,2,305.73,3.54,D,0
30.50072,76.30397,333.09,0.44,0.62,2026-05-15,0714,N20,VIIRS,l,2,304.32,3.33,D,0
30.42281,76.00213,338.55,0.46,0.64,2026-05-15,0714,N20,VIIRS,n,2,304.62,3.13,D,0
30.42162,75.99752,331.84,0.46,0.64,2026-05-15,0714,N20,VIIRS,l,2,305.21,3.13,D,0
30.44976,76.08263,333.78,0.45,0.63,2026-05-15,0714,N20,VIIRS,l,2,304.54,2.77,D,0
30.45184,76.06706,332.35,0.46,0.63,2026-05-15,0714,N20,VIIRS,l,2,302.6,1.49,D,0
30.54082,76.3905,341.05,0.43,0.62,2026-05-15,0714,N20,VIIRS,n,2,304.57,3.27,D,0
30.47824,76.12234,367,0.45,0.63,2026-05-15,0714,N20,VIIRS,h,2,305.95,10.4,D,0
30.44295,75.9853,341.93,0.46,0.64,2026-05-15,0714,N20,VIIRS,n,2,306.66,4.62,D,0
30.48328,75.95155,345.81,0.46,0.64,2026-05-15,0714,N20,VIIRS,n,2,306.38,6.83,D,0
30.57153,76.27546,333.63,0.44,0.62,2026-05-15,0714,N20,VIIRS,l,2,304.09,2.87,D,0
30.48955,75.90395,344.24,0.47,0.64,2026-05-15,0714,N20,VIIRS,n,2,304.52,4.94,D,0
30.52179,75.95856,336.22,0.46,0.64,2026-05-15,0714,N20,VIIRS,n,2,304.98,3.35,D,0
30.65173,76.40517,336.16,0.43,0.62,2026-05-15,0714,N20,VIIRS,n,2,303.19,4.62,D,0
30.6066,76.33165,334.34,0.44,0.62,2026-05-15,0714,N20,VIIRS,n,2,303.65,2.33,D,0
30.56415,76.1437,333.96,0.45,0.63,2026-05-15,0714,N20,VIIRS,n,2,301.29,2,D,0
30.52139,75.95525,335.71,0.46,0.64,2026-05-15,0714,N20,VIIRS,l,2,306,2.81,D,0
30.65523,76.40508,340.24,0.43,0.62,2026-05-15,0714,N20,VIIRS,n,2,302.55,5.13,D,0
30.58969,76.12532,367,0.45,0.63,2026-05-15,0714,N20,VIIRS,h,2,305.99,10.79,D,0
30.59201,76.13432,330.12,0.45,0.63,2026-05-15,0714,N20,VIIRS,l,2,302.34,4.82,D,0
30.59085,76.12982,333.35,0.45,0.63,2026-05-15,0714,N20,VIIRS,n,2,302.76,4.82,D,0
30.55105,75.97523,345.51,0.46,0.63,2026-05-15,0714,N20,VIIRS,n,2,304.38,6.17,D,0
30.59296,76.11445,341.59,0.45,0.63,2026-05-15,0714,N20,VIIRS,n,2,306.84,4.84,D,0
30.60772,76.00585,337.34,0.46,0.63,2026-05-15,0714,N20,VIIRS,n,2,303.09,1.65,D,0
30.66516,76.04072,334.44,0.45,0.63,2026-05-15,0714,N20,VIIRS,l,2,304.97,2.77,D,0
30.54539,75.62198,334.97,0.48,0.65,2026-05-15,0714,N20,VIIRS,n,2,302.59,3.25,D,0
30.74358,76.29276,335.79,0.44,0.62,2026-05-15,0714,N20,VIIRS,n,2,304.26,3.57,D,0
30.712,76.16924,333.03,0.44,0.63,2026-05-15,0714,N20,VIIRS,l,2,303.64,2.26,D,0
30.75243,76.304,338.07,0.43,0.62,2026-05-15,0714,N20,VIIRS,n,2,303.37,3.47,D,0
30.78214,76.39751,332.06,0.43,0.62,2026-05-15,0714,N20,VIIRS,l,2,304.26,0.64,D,0
30.6071,75.71535,333.75,0.47,0.64,2026-05-15,0714,N20,VIIRS,l,2,305.58,3.87,D,0
30.72948,76.11968,333.45,0.45,0.63,2026-05-15,0714,N20,VIIRS,n,2,302.86,1.6,D,0
30.7088,76.03865,340.9,0.45,0.63,2026-05-15,0714,N20,VIIRS,n,2,303.89,6.44,D,0
30.70647,76.02957,332.99,0.45,0.63,2026-05-15,0714,N20,VIIRS,l,2,306.63,2.97,D,0
30.70065,76.00683,333.3,0.45,0.63,2026-05-15,0714,N20,VIIRS,l,2,306.11,5.02,D,0
30.69949,76.00229,349.35,0.45,0.63,2026-05-15,0714,N20,VIIRS,n,2,307.63,6.98,D,0
30.80836,76.40738,335.96,0.43,0.62,2026-05-15,0714,N20,VIIRS,n,2,305.88,2.91,D,0
30.70275,75.99125,333.1,0.45,0.63,2026-05-15,0714,N20,VIIRS,l,2,305.25,1.69,D,0
30.71765,76.02579,334.74,0.45,0.63,2026-05-15,0714,N20,VIIRS,n,2,304.25,4.11,D,0
30.69079,75.92066,333.39,0.46,0.63,2026-05-15,0714,N20,VIIRS,n,2,302.08,0.71,D,0
30.62322,75.65787,339.09,0.48,0.64,2026-05-15,0714,N20,VIIRS,n,2,303.72,3.97,D,0
30.79971,76.32589,330.73,0.43,0.62,2026-05-15,0714,N20,VIIRS,l,2,305.02,2.6,D,0
30.63244,75.59719,349.66,0.48,0.65,2026-05-15,0714,N20,VIIRS,n,2,302.12,7.1,D,0
30.73517,75.97526,333.9,0.45,0.63,2026-05-15,0714,N20,VIIRS,l,2,306.82,3.84,D,0
30.69525,75.81824,330.76,0.47,0.64,2026-05-15,0714,N20,VIIRS,l,2,304.69,1.44,D,0
30.67004,75.71951,337.49,0.47,0.64,2026-05-15,0714,N20,VIIRS,n,2,302.51,4.42,D,0
30.75001,76.00986,337.69,0.45,0.63,2026-05-15,0714,N20,VIIRS,n,2,305.1,1.85,D,0
30.72375,75.83379,367,0.46,0.64,2026-05-15,0714,N20,VIIRS,h,2,306.89,11.04,D,0
30.72493,75.83846,334.39,0.46,0.64,2026-05-15,0714,N20,VIIRS,n,2,303.39,6.7,D,0
30.66867,75.71671,338.09,0.47,0.64,2026-05-15,0715,N20,VIIRS,n,2,303.37,5.57,D,0
30.75164,76.01088,335.37,0.45,0.63,2026-05-15,0715,N20,VIIRS,n,2,305.01,2.16,D,0
30.72437,75.83546,367,0.46,0.64,2026-05-15,0715,N20,VIIRS,h,2,304.94,6.79,D,0
30.72316,75.83081,331.34,0.46,0.64,2026-05-15,0715,N20,VIIRS,n,2,304.72,6.79,D,0
30.65137,75.50854,331.4,0.49,0.65,2026-05-15,0715,N20,VIIRS,n,2,298.54,7.62,D,0
30.72269,75.7342,367,0.47,0.64,2026-05-15,0715,N20,VIIRS,h,2,304.76,20.98,D,0
30.77044,75.89511,330.77,0.46,0.63,2026-05-15,0715,N20,VIIRS,l,2,302.52,2.66,D,0
30.74293,75.78853,330.25,0.47,0.64,2026-05-15,0715,N20,VIIRS,l,2,303.01,2.36,D,0
30.70718,75.57886,330.14,0.48,0.65,2026-05-15,0715,N20,VIIRS,n,2,299.34,4.5,D,0
30.70593,75.57404,333.15,0.48,0.65,2026-05-15,0715,N20,VIIRS,n,2,302.13,6.3,D,0
30.92564,76.41045,333.53,0.42,0.61,2026-05-15,0715,N20,VIIRS,n,2,302.4,2.45,D,0
30.83898,76.02036,331.15,0.45,0.63,2026-05-15,0715,N20,VIIRS,l,2,304.31,1.68,D,0
30.7607,75.61774,367,0.48,0.64,2026-05-15,0715,N20,VIIRS,h,2,302.4,9.08,D,0
30.94115,76.3306,330.58,0.43,0.62,2026-05-15,0715,N20,VIIRS,l,2,303.14,1.42,D,0
30.7664,75.61577,338.98,0.48,0.64,2026-05-15,0715,N20,VIIRS,n,2,297.9,2.98,D,0
30.89049,76.08082,337.78,0.44,0.63,2026-05-15,0715,N20,VIIRS,n,2,301.35,1.34,D,0
30.91605,76.13477,339.97,0.44,0.62,2026-05-15,0715,N20,VIIRS,n,2,304.37,3.24,D,0
30.75961,75.61613,338.92,0.48,0.64,2026-05-15,0715,N20,VIIRS,n,2,302.5,4.86,D,0
30.76532,75.6142,353.77,0.48,0.64,2026-05-15,0715,N20,VIIRS,n,2,300.36,7.1,D,0
30.89223,76.07788,338.75,0.44,0.63,2026-05-15,0715,N20,VIIRS,n,2,305.47,1.84,D,0
30.88415,76.04659,335.27,0.45,0.63,2026-05-15,0715,N20,VIIRS,n,2,303.73,1.1,D,0
30.91928,76.13614,331.7,0.44,0.62,2026-05-15,0715,N20,VIIRS,l,2,303.95,3.39,D,0
30.91814,76.13172,344.91,0.44,0.62,2026-05-15,0715,N20,VIIRS,n,2,303.81,3.39,D,0
30.96068,76.27447,367,0.43,0.62,2026-05-15,0715,N20,VIIRS,h,2,303.09,7.29,D,0
30.95957,76.27013,343.15,0.43,0.62,2026-05-15,0715,N20,VIIRS,n,2,305.32,7.29,D,0
30.83673,75.76933,337.79,0.46,0.64,2026-05-15,0715,N20,VIIRS,n,2,302.87,7.01,D,0
30.9703,76.17154,336.12,0.44,0.62,2026-05-15,0715,N20,VIIRS,n,2,303.04,3.1,D,0
30.93738,76.01849,330.64,0.45,0.63,2026-05-15,0715,N20,VIIRS,l,2,303.85,1.21,D,0
30.84271,75.6496,336.68,0.47,0.64,2026-05-15,0715,N20,VIIRS,n,2,302.95,3.28,D,0
30.84838,75.64763,345.1,0.47,0.64,2026-05-15,0715,N20,VIIRS,n,2,303.77,4.11,D,0
30.82747,75.56665,330.44,0.48,0.64,2026-05-15,0715,N20,VIIRS,l,2,301.79,3.03,D,0
30.95533,76.04158,340.5,0.44,0.63,2026-05-15,0715,N20,VIIRS,n,2,305.5,3.4,D,0
30.85406,75.64565,334.75,0.47,0.64,2026-05-15,0715,N20,VIIRS,n,2,302.4,4.11,D,0
30.85283,75.6409,340.6,0.47,0.64,2026-05-15,0715,N20,VIIRS,n,2,304.36,8.28,D,0
30.93913,75.95406,347.37,0.45,0.63,2026-05-15,0715,N20,VIIRS,n,2,307.79,6.85,D,0
31.02318,76.19162,332.4,0.43,0.62,2026-05-15,0715,N20,VIIRS,l,2,303.59,3.73,D,0
30.96601,75.96451,342.19,0.45,0.63,2026-05-15,0715,N20,VIIRS,n,2,305.21,2.9,D,0
31.02481,76.20883,331.31,0.43,0.62,2026-05-15,0715,N20,VIIRS,l,2,304.4,2.09,D,0
30.96728,75.96307,334.67,0.45,0.63,2026-05-15,0715,N20,VIIRS,n,2,303.44,3.28,D,0
31.01207,76.11293,331.38,0.44,0.62,2026-05-15,0715,N20,VIIRS,l,2,304.26,3.33,D,0
31.03569,76.18143,330.24,0.43,0.62,2026-05-15,0715,N20,VIIRS,l,2,303.35,1.35,D,0
30.85033,75.42117,331.68,0.49,0.65,2026-05-15,0715,N20,VIIRS,n,2,289.93,5.47,D,0
31.06552,76.20468,367,0.43,0.62,2026-05-15,0715,N20,VIIRS,h,2,303,7.46,D,0
31.05656,76.16955,348.64,0.43,0.62,2026-05-15,0715,N20,VIIRS,n,2,303.44,4.44,D,0
30.97338,75.82207,333.66,0.46,0.63,2026-05-15,0715,N20,VIIRS,l,2,303.73,2.1,D,0
30.96862,75.80364,336.62,0.46,0.63,2026-05-15,0715,N20,VIIRS,n,2,303.98,4.68,D,0
31.05391,76.06514,332.51,0.44,0.62,2026-05-15,0715,N20,VIIRS,n,2,302.08,2.15,D,0
31.10175,76.20652,337.74,0.43,0.62,2026-05-15,0715,N20,VIIRS,n,2,304.11,3.76,D,0
31.09955,76.19781,331.32,0.43,0.62,2026-05-15,0715,N20,VIIRS,l,2,303.02,1.8,D,0
31.11053,76.21772,342.12,0.43,0.62,2026-05-15,0715,N20,VIIRS,n,2,302.11,3.21,D,0
31.09034,76.04292,336.87,0.44,0.62,2026-05-15,0715,N20,VIIRS,n,2,302.33,4.86,D,0
31.08921,76.03846,352.8,0.44,0.62,2026-05-15,0715,N20,VIIRS,n,2,303.29,5.37,D,0
31.08809,76.034,336.55,0.44,0.62,2026-05-15,0715,N20,VIIRS,n,2,304.02,5.37,D,0
31.08584,76.02508,348.63,0.44,0.63,2026-05-15,0715,N20,VIIRS,n,2,302.13,9.02,D,0
31.08471,76.02063,350.33,0.44,0.63,2026-05-15,0715,N20,VIIRS,n,2,304.11,8.09,D,0
31.0409,75.82377,334.91,0.46,0.63,2026-05-15,0715,N20,VIIRS,l,2,305.08,2.41,D,0
31.00719,75.64314,367,0.47,0.64,2026-05-15,0715,N20,VIIRS,h,2,293.87,14.2,D,0
31.03217,75.7413,338.74,0.46,0.64,2026-05-15,0715,N20,VIIRS,n,2,304.46,7.67,D,0
31.08574,76.03759,331.63,0.44,0.62,2026-05-15,0715,N20,VIIRS,n,2,302.47,4.42,D,0
31.08458,76.03315,331.44,0.44,0.62,2026-05-15,0715,N20,VIIRS,l,2,304.19,7.01,D,0
31.09242,76.04015,367,0.44,0.62,2026-05-15,0715,N20,VIIRS,h,2,301.82,4.42,D,0
31.08781,76.02236,367,0.44,0.63,2026-05-15,0715,N20,VIIRS,h,2,303.14,13.33,D,0
31.09127,76.03571,330.84,0.44,0.62,2026-05-15,0715,N20,VIIRS,n,2,303.27,4.42,D,0
31.11035,76.06295,333.21,0.44,0.62,2026-05-15,0715,N20,VIIRS,n,2,301.56,2.52,D,0
31.00691,75.64159,367,0.47,0.64,2026-05-15,0715,N20,VIIRS,h,2,294.57,13.89,D,0
31.03248,75.73945,335.35,0.46,0.64,2026-05-15,0715,N20,VIIRS,n,2,304.84,7.24,D,0
31.14961,76.16899,340.53,0.43,0.62,2026-05-15,0715,N20,VIIRS,n,2,300.51,3.47,D,0
31.14849,76.16463,331.67,0.43,0.62,2026-05-15,0715,N20,VIIRS,n,2,301.48,4.72,D,0
31.06341,75.76421,367,0.46,0.63,2026-05-15,0715,N20,VIIRS,h,2,306.03,24.43,D,0
31.06221,75.75959,349.62,0.46,0.63,2026-05-15,0715,N20,VIIRS,n,2,311.13,24.43,D,0
31.06102,75.75497,333.58,0.46,0.63,2026-05-15,0715,N20,VIIRS,l,2,304.82,10.11,D,0
31.1275,75.98929,330.35,0.44,0.63,2026-05-15,0715,N20,VIIRS,l,2,303.04,1.79,D,0
31.12134,75.91813,339.32,0.45,0.63,2026-05-15,0715,N20,VIIRS,n,2,305.17,1.6,D,0
31.07906,75.75378,334.91,0.46,0.63,2026-05-15,0715,N20,VIIRS,n,2,303.61,1.77,D,0
31.02759,75.53115,334.94,0.47,0.64,2026-05-15,0715,N20,VIIRS,n,2,298.06,3.3,D,0
31.10565,75.80965,333.81,0.45,0.63,2026-05-15,0715,N20,VIIRS,l,2,304.39,2.84,D,0
31.11067,75.75787,367,0.46,0.63,2026-05-15,0715,N20,VIIRS,h,2,305.96,10.56,D,0
31.11185,75.76247,334.88,0.46,0.63,2026-05-15,0715,N20,VIIRS,n,2,304.43,7.34,D,0
31.15199,75.84827,343.57,0.45,0.63,2026-05-15,0715,N20,VIIRS,n,2,304.55,4.31,D,0
31.22529,76.11453,330.46,0.43,0.62,2026-05-15,0715,N20,VIIRS,l,2,301.02,2.89,D,0
31.17692,75.89883,356.05,0.45,0.63,2026-05-15,0715,N20,VIIRS,n,2,305.36,6.96,D,0
31.06349,75.4296,367,0.48,0.65,2026-05-15,0715,N20,VIIRS,h,2,297.39,10.12,D,0
31.23957,76.1001,351.03,0.43,0.62,2026-05-15,0715,N20,VIIRS,n,2,302.74,4.36,D,0
31.19713,75.93105,336.52,0.45,0.63,2026-05-15,0715,N20,VIIRS,n,2,301.67,1.73,D,0
31.15374,75.84949,334.32,0.45,0.63,2026-05-15,0715,N20,VIIRS,n,2,303.71,3.48,D,0
31.17928,75.9243,330.33,0.45,0.63,2026-05-15,0715,N20,VIIRS,l,2,302.89,2.65,D,0
31.179,75.89991,339.53,0.45,0.63,2026-05-15,0715,N20,VIIRS,n,2,302.96,4.8,D,0
31.17783,75.89542,339.08,0.45,0.63,2026-05-15,0715,N20,VIIRS,n,2,304.11,5.34,D,0
31.06154,75.42747,367,0.48,0.65,2026-05-15,0715,N20,VIIRS,h,2,300.09,10.69,D,0
31.24285,76.10054,333.67,0.43,0.62,2026-05-15,0715,N20,VIIRS,n,2,302.6,3.22,D,0
31.24172,76.09614,331.41,0.43,0.62,2026-05-15,0715,N20,VIIRS,l,2,303.58,3.1,D,0
31.23039,76.05209,330.9,0.44,0.62,2026-05-15,0715,N20,VIIRS,n,2,300.24,3.5,D,0
31.22812,76.04326,344.34,0.44,0.62,2026-05-15,0715,N20,VIIRS,n,2,296.94,2.58,D,0
31.17421,75.78777,333.51,0.45,0.63,2026-05-15,0715,N20,VIIRS,n,2,300.86,5.02,D,0
31.25583,76.05783,354.88,0.44,0.62,2026-05-15,0715,N20,VIIRS,n,2,305.12,6.75,D,0
31.25357,76.04899,331.09,0.44,0.62,2026-05-15,0715,N20,VIIRS,l,2,302.46,5.34,D,0
31.23405,75.94936,332.66,0.44,0.63,2026-05-15,0715,N20,VIIRS,n,2,300.91,4.33,D,0
31.13268,75.53316,334.64,0.47,0.64,2026-05-15,0715,N20,VIIRS,n,2,295.46,4.46,D,0
31.13144,75.52841,334.29,0.47,0.64,2026-05-15,0715,N20,VIIRS,n,2,296.23,3.76,D,0
31.29028,75.88588,341.47,0.45,0.63,2026-05-15,0715,N20,VIIRS,n,2,298.86,2.54,D,0
31.28643,75.88527,342.45,0.45,0.63,2026-05-15,0715,N20,VIIRS,n,2,300.76,8.2,D,0
31.3107,75.8622,344.37,0.45,0.63,2026-05-15,0715,N20,VIIRS,n,2,298.93,4.73,D,0
31.29754,75.78775,345.43,0.45,0.63,2026-05-15,0715,N20,VIIRS,n,2,299.52,7.13,D,0
30.42254,76.38283,337.04,0.56,0.69,2026-05-15,0855,N20,VIIRS,n,2,302.56,4.53,D,0
30.42634,75.97832,333.93,0.53,0.67,2026-05-15,0855,N20,VIIRS,n,2,292.84,4.13,D,0
30.51745,76.25333,334.28,0.55,0.68,2026-05-15,0855,N20,VIIRS,n,2,302.01,3.81,D,0
30.51417,76.25265,331.38,0.55,0.68,2026-05-15,0855,N20,VIIRS,l,2,301.66,3.96,D,0
30.77306,76.35473,336.79,0.56,0.69,2026-05-15,0855,N20,VIIRS,n,2,300.96,3.6,D,0
30.92795,76.36646,330.34,0.8,0.78,2026-05-16,0656,N20,VIIRS,n,2,298.53,5.48,D,0
30.45644,76.27974,340.13,0.57,0.52,2026-05-16,0836,N20,VIIRS,n,2,307.27,5.29,D,0
30.46916,76.36959,339.81,0.58,0.52,2026-05-16,0836,N20,VIIRS,n,2,308.29,7.48,D,0
30.44292,75.96799,340.67,0.55,0.51,2026-05-16,0836,N20,VIIRS,n,2,309.05,5.74,D,0
30.49329,76.04952,339.04,0.55,0.51,2026-05-16,0836,N20,VIIRS,n,2,308.07,6.19,D,0
30.49469,76.04799,343.39,0.55,0.51,2026-05-16,0836,N20,VIIRS,n,2,309.11,7.79,D,0
30.49189,75.96088,333.44,0.55,0.51,2026-05-16,0836,N20,VIIRS,l,2,306.09,2.12,D,0
30.53833,76.27541,334.9,0.57,0.52,2026-05-16,0836,N20,VIIRS,l,2,308.23,4.32,D,0
30.52653,75.61723,337.78,0.52,0.5,2026-05-16,0836,N20,VIIRS,n,2,307.12,3.01,D,0
30.58194,76.11459,344.47,0.56,0.52,2026-05-16,0836,N20,VIIRS,n,2,307.42,5.88,D,0
30.56907,75.87121,333.83,0.54,0.51,2026-05-16,0836,N20,VIIRS,l,2,306.59,2.56,D,0
30.55038,75.52647,337.57,0.52,0.5,2026-05-16,0836,N20,VIIRS,n,2,307.02,4.78,D,0
30.54986,75.52106,337,0.52,0.5,2026-05-16,0836,N20,VIIRS,l,2,308.27,4.26,D,0
30.63122,76.33807,336.67,0.58,0.52,2026-05-16,0836,N20,VIIRS,l,2,307.27,4.33,D,0
30.55019,75.52382,344.45,0.52,0.5,2026-05-16,0836,N20,VIIRS,n,2,307.81,7.22,D,0
30.6303,76.3361,333.64,0.58,0.52,2026-05-16,0836,N20,VIIRS,l,2,306.88,2.49,D,0
30.62567,75.94879,337.41,0.55,0.51,2026-05-16,0836,N20,VIIRS,n,2,306.73,3.83,D,0
30.61153,75.73863,334.47,0.53,0.5,2026-05-16,0836,N20,VIIRS,n,2,304.16,2.93,D,0
30.5929,75.53507,346.21,0.52,0.5,2026-05-16,0836,N20,VIIRS,n,2,310.97,15.7,D,0
30.61313,75.70471,331.27,0.53,0.5,2026-05-16,0836,N20,VIIRS,l,2,303.65,2.65,D,0
30.69236,76.15943,344.28,0.57,0.52,2026-05-16,0836,N20,VIIRS,n,2,305.25,11.67,D,0
30.64241,75.61748,334.64,0.52,0.5,2026-05-16,0836,N20,VIIRS,l,2,306.24,3.81,D,0
30.68851,76.01163,344.12,0.55,0.51,2026-05-16,0836,N20,VIIRS,n,2,304.99,9.58,D,0
30.75149,76.38422,337.71,0.58,0.52,2026-05-16,0836,N20,VIIRS,n,2,306.01,4.78,D,0
30.74262,76.28685,340.42,0.58,0.52,2026-05-16,0836,N20,VIIRS,n,2,306.33,6.46,D,0
30.75039,76.38329,338.87,0.58,0.52,2026-05-16,0836,N20,VIIRS,n,2,306,5.07,D,0
30.74217,76.28575,337.91,0.58,0.52,2026-05-16,0836,N20,VIIRS,n,2,305.86,4.84,D,0
30.725,76.02956,342.21,0.56,0.51,2026-05-16,0836,N20,VIIRS,n,2,306.11,4.72,D,0
30.67648,75.48492,336.74,0.52,0.5,2026-05-16,0836,N20,VIIRS,l,2,306.84,4.13,D,0
30.75903,76.36993,344.82,0.58,0.52,2026-05-16,0836,N20,VIIRS,n,2,308.26,8.07,D,0
30.67759,75.44665,337.86,0.51,0.5,2026-05-16,0836,N20,VIIRS,n,2,305.54,3.99,D,0
30.72632,75.93569,345.51,0.55,0.51,2026-05-16,0836,N20,VIIRS,n,2,306.45,7.3,D,0
30.77574,76.3372,347.25,0.58,0.52,2026-05-16,0836,N20,VIIRS,n,2,307.44,14.03,D,0
30.78057,76.33667,338,0.58,0.52,2026-05-16,0836,N20,VIIRS,n,2,307.69,5.15,D,0
30.74514,75.93353,343.97,0.55,0.51,2026-05-16,0836,N20,VIIRS,n,2,309.14,6.13,D,0
30.70146,75.40578,334.91,0.51,0.49,2026-05-16,0836,N20,VIIRS,n,2,303.81,1.55,D,0
30.76394,75.98388,343.7,0.55,0.51,2026-05-16,0836,N20,VIIRS,n,2,305.31,8.5,D,0
30.76341,75.97808,339.57,0.55,0.51,2026-05-16,0836,N20,VIIRS,n,2,303.67,8.12,D,0
30.76919,75.98915,348.62,0.55,0.51,2026-05-16,0836,N20,VIIRS,n,2,307.2,7.32,D,0
30.73339,75.45078,334.4,0.51,0.5,2026-05-16,0836,N20,VIIRS,l,2,305.69,3.1,D,0
30.7535,75.37249,332.66,0.51,0.49,2026-05-16,0836,N20,VIIRS,l,2,304.24,3.18,D,0
30.84571,75.76387,337.7,0.54,0.51,2026-05-16,0836,N20,VIIRS,n,2,306.02,2.04,D,0
30.84417,75.74696,342.28,0.54,0.51,2026-05-16,0836,N20,VIIRS,n,2,307.85,6.12,D,0
30.91245,76.29555,333.66,0.58,0.52,2026-05-16,0836,N20,VIIRS,l,2,305.62,3.31,D,0
30.85088,75.61629,335.38,0.53,0.5,2026-05-16,0836,N20,VIIRS,l,2,306.07,6.01,D,0
30.93021,76.3865,331.79,0.59,0.53,2026-05-16,0836,N20,VIIRS,l,2,305.93,4.67,D,0
30.92745,76.30004,339.72,0.58,0.52,2026-05-16,0836,N20,VIIRS,n,2,307.23,4.63,D,0
30.92691,76.29395,337.48,0.58,0.52,2026-05-16,0836,N20,VIIRS,n,2,306.79,4.63,D,0
30.93764,76.3051,333.57,0.58,0.52,2026-05-16,0836,N20,VIIRS,l,2,304.78,4.63,D,0
30.91326,76.03555,347.68,0.56,0.51,2026-05-16,0836,N20,VIIRS,n,2,308.69,7.18,D,0
30.94247,76.30457,330.71,0.58,0.52,2026-05-16,0836,N20,VIIRS,l,2,303.71,5.07,D,0
30.91801,76.03501,336.75,0.56,0.51,2026-05-16,0836,N20,VIIRS,l,2,307.48,3.36,D,0
30.95156,76.2974,338.19,0.58,0.52,2026-05-16,0836,N20,VIIRS,n,2,303.45,2.75,D,0
30.93675,76.13461,351.1,0.57,0.52,2026-05-16,0836,N20,VIIRS,n,2,308.76,8.63,D,0
30.93224,76.03342,336.85,0.56,0.51,2026-05-16,0836,N20,VIIRS,l,2,309.89,4.03,D,0
30.91461,76.03863,343.21,0.56,0.51,2026-05-16,0836,N20,VIIRS,n,2,306.74,5.94,D,0
30.91411,76.03272,337.57,0.56,0.51,2026-05-16,0836,N20,VIIRS,l,2,309.01,5.94,D,0
30.94204,76.30824,343.65,0.58,0.52,2026-05-16,0836,N20,VIIRS,n,2,304.61,6.7,D,0
30.93744,76.13785,341.52,0.57,0.52,2026-05-16,0836,N20,VIIRS,n,2,305.3,3.13,D,0
30.93694,76.13188,341.52,0.57,0.52,2026-05-16,0836,N20,VIIRS,n,2,309.06,6.56,D,0
30.92935,75.66588,334.87,0.53,0.5,2026-05-16,0836,N20,VIIRS,l,2,308.94,2.93,D,0
30.97253,76.09777,342.33,0.57,0.52,2026-05-16,0836,N20,VIIRS,n,2,309.24,10.01,D,0
30.97678,76.09129,344.61,0.56,0.52,2026-05-16,0836,N20,VIIRS,n,2,307.93,11.5,D,0
30.96333,75.88585,334,0.55,0.51,2026-05-16,0836,N20,VIIRS,l,2,306.52,2.59,D,0
30.96804,75.88531,334.77,0.55,0.51,2026-05-16,0836,N20,VIIRS,l,2,308.45,2.59,D,0
30.93516,75.47555,335.23,0.52,0.5,2026-05-16,0836,N20,VIIRS,n,2,303.51,3.68,D,0
30.93923,75.46956,333.13,0.52,0.5,2026-05-16,0836,N20,VIIRS,l,2,305.01,3.68,D,0
30.94229,75.45271,332.5,0.52,0.5,2026-05-16,0836,N20,VIIRS,l,2,303.94,4.1,D,0
31.00537,76.08807,333.55,0.56,0.52,2026-05-16,0836,N20,VIIRS,l,2,307.33,3.3,D,0
30.94277,75.40885,341.24,0.51,0.5,2026-05-16,0836,N20,VIIRS,n,2,305.51,7.14,D,0
30.96683,75.51602,344.82,0.52,0.5,2026-05-16,0836,N20,VIIRS,n,2,307.09,12.56,D,0
31.01454,75.87411,335.87,0.55,0.51,2026-05-16,0836,N20,VIIRS,l,2,306.23,2.99,D,0
31.02841,75.9723,345.13,0.56,0.51,2026-05-16,0836,N20,VIIRS,n,2,313.18,27.71,D,0
31.01603,75.83904,336.43,0.55,0.51,2026-05-16,0836,N20,VIIRS,l,2,310.69,5.33,D,0
31.0004,75.62374,350.44,0.53,0.5,2026-05-16,0836,N20,VIIRS,n,2,310.68,12.87,D,0
30.96278,75.37115,341.41,0.51,0.49,2026-05-16,0836,N20,VIIRS,n,2,305.11,4.48,D,0
31.01147,75.87222,333.68,0.55,0.51,2026-05-16,0836,N20,VIIRS,l,2,306.75,4.86,D,0
31.0294,75.97004,352.93,0.56,0.51,2026-05-16,0836,N20,VIIRS,n,2,313.02,29.73,D,0
31.01838,75.84231,336.55,0.55,0.51,2026-05-16,0836,N20,VIIRS,l,2,310.56,6.04,D,0
30.99901,75.62142,344.49,0.53,0.5,2026-05-16,0836,N20,VIIRS,n,2,312.78,12.56,D,0
31.0096,75.68812,335.11,0.54,0.5,2026-05-16,0836,N20,VIIRS,l,2,309.55,5.23,D,0
30.9864,75.42838,344.84,0.52,0.5,2026-05-16,0836,N20,VIIRS,n,2,306.12,11.8,D,0
31.01425,75.68755,347.84,0.54,0.5,2026-05-16,0836,N20,VIIRS,n,2,310.97,13.49,D,0
30.99936,75.52068,344.76,0.52,0.5,2026-05-16,0836,N20,VIIRS,n,2,309.04,7.52,D,0
31.04613,75.99772,343.3,0.56,0.51,2026-05-16,0836,N20,VIIRS,n,2,307.83,5.53,D,0
31.0139,75.63089,343.53,0.53,0.5,2026-05-16,0836,N20,VIIRS,n,2,309.67,5.21,D,0
31.01304,75.56924,349.97,0.53,0.5,2026-05-16,0836,N20,VIIRS,n,2,311.05,8.91,D,0
31.03274,75.73679,338.37,0.54,0.51,2026-05-16,0836,N20,VIIRS,l,2,311.36,7.22,D,0
31.03173,75.72543,341.15,0.54,0.51,2026-05-16,0836,N20,VIIRS,n,2,311.12,6.57,D,0
31.09073,76.17911,333.87,0.57,0.52,2026-05-16,0836,N20,VIIRS,n,2,303.52,2.96,D,0
31.07717,76.02381,342.85,0.56,0.52,2026-05-16,0836,N20,VIIRS,l,2,312.91,18.29,D,0
31.10297,76.20827,334.23,0.58,0.52,2026-05-16,0836,N20,VIIRS,n,2,303.65,3.25,D,0
31.06953,75.77835,345.8,0.54,0.51,2026-05-16,0836,N20,VIIRS,n,2,312.66,100.05,D,0
31.05407,75.60921,341.2,0.53,0.5,2026-05-16,0836,N20,VIIRS,n,2,309.27,4.43,D,0
31.11785,76.04915,344.93,0.56,0.52,2026-05-16,0836,N20,VIIRS,n,2,308.47,3.82,D,0
31.0715,75.54546,345.01,0.53,0.5,2026-05-16,0836,N20,VIIRS,n,2,311.76,10.27,D,0
31.10342,75.83819,337.1,0.55,0.51,2026-05-16,0836,N20,VIIRS,l,2,311.2,10.18,D,0
31.08604,75.65067,344.47,0.53,0.5,2026-05-16,0836,N20,VIIRS,n,2,310.14,4.53,D,0
31.14123,76.09464,334.44,0.57,0.52,2026-05-16,0836,N20,VIIRS,l,2,305.36,1.61,D,0
31.13717,75.9458,344.57,0.56,0.51,2026-05-16,0836,N20,VIIRS,n,2,309.82,7.63,D,0
31.12907,75.85859,338.71,0.55,0.51,2026-05-16,0836,N20,VIIRS,l,2,311.81,6.48,D,0
31.10542,75.83647,337.96,0.55,0.51,2026-05-16,0836,N20,VIIRS,l,2,311.22,4.57,D,0
31.08218,75.51455,341.13,0.52,0.5,2026-05-16,0836,N20,VIIRS,n,2,309.3,5.78,D,0
31.14329,76.17209,333.07,0.57,0.52,2026-05-16,0836,N20,VIIRS,l,2,305.85,0.97,D,0
31.14153,76.09329,336.15,0.57,0.52,2026-05-16,0836,N20,VIIRS,n,2,305.67,3.58,D,0
31.12621,75.85741,338.26,0.55,0.51,2026-05-16,0836,N20,VIIRS,l,2,310.23,5.46,D,0
31.13895,75.95008,343.56,0.56,0.51,2026-05-16,0836,N20,VIIRS,n,2,310.42,8.95,D,0
31.13845,75.94421,342.6,0.56,0.51,2026-05-16,0836,N20,VIIRS,n,2,310.09,8.95,D,0
31.11247,75.64591,337.91,0.53,0.5,2026-05-16,0836,N20,VIIRS,l,2,309.81,5.51,D,0
31.11197,75.6403,344.07,0.53,0.5,2026-05-16,0836,N20,VIIRS,n,2,310.36,4.72,D,0
31.13411,75.83898,339.41,0.55,0.51,2026-05-16,0836,N20,VIIRS,n,2,309.4,4.75,D,0
31.10126,75.46782,331.49,0.52,0.5,2026-05-16,0836,N20,VIIRS,l,2,306.13,1.89,D,0
31.14184,75.87315,335.25,0.55,0.51,2026-05-16,0836,N20,VIIRS,l,2,307.69,3.42,D,0
31.12575,75.68988,341.58,0.54,0.51,2026-05-16,0836,N20,VIIRS,n,2,310.58,4.29,D,0
31.13141,75.70065,336.55,0.54,0.51,2026-05-16,0836,N20,VIIRS,l,2,309.64,2.51,D,0
31.15635,75.93032,340.8,0.55,0.51,2026-05-16,0836,N20,VIIRS,n,2,308.03,6.69,D,0
31.15584,75.92447,342.06,0.55,0.51,2026-05-16,0836,N20,VIIRS,n,2,307.91,4.77,D,0
31.13821,75.67131,336.49,0.54,0.5,2026-05-16,0836,N20,VIIRS,l,2,308.33,5.7,D,0
31.1612,75.87677,355.53,0.55,0.51,2026-05-16,0836,N20,VIIRS,n,2,310.75,15.77,D,0
31.15924,75.80115,336.99,0.55,0.51,2026-05-16,0836,N20,VIIRS,l,2,310.91,6.83,D,0
31.15874,75.79543,344.5,0.54,0.51,2026-05-16,0836,N20,VIIRS,n,2,312.73,8.02,D,0
31.18164,75.83931,344.67,0.55,0.51,2026-05-16,0836,N20,VIIRS,n,2,308.5,9.1,D,0
31.18112,75.83353,336.25,0.55,0.51,2026-05-16,0836,N20,VIIRS,l,2,308.97,9.1,D,0
31.2105,76.10978,339.43,0.57,0.52,2026-05-16,0836,N20,VIIRS,n,2,307.07,5.1,D,0
31.17699,75.73552,335.55,0.54,0.51,2026-05-16,0836,N20,VIIRS,n,2,307.59,4.5,D,0
31.17647,75.72984,344.53,0.54,0.51,2026-05-16,0836,N20,VIIRS,n,2,309.66,4.5,D,0
31.18114,75.72929,367,0.54,0.51,2026-05-16,0836,N20,VIIRS,h,2,313.23,25.17,D,0
31.16202,75.52178,342.67,0.52,0.5,2026-05-16,0836,N20,VIIRS,n,2,308.14,7.14,D,0
31.20576,75.94839,342.64,0.56,0.51,2026-05-16,0836,N20,VIIRS,n,2,310.19,4.92,D,0
31.20784,75.91856,344.52,0.55,0.51,2026-05-16,0836,N20,VIIRS,n,2,309.8,12.68,D,0
31.20731,75.91272,341.01,0.55,0.51,2026-05-16,0836,N20,VIIRS,n,2,313,12.68,D,0
31.18359,75.55282,335.71,0.53,0.5,2026-05-16,0836,N20,VIIRS,l,2,307.3,3.66,D,0
31.223,75.87561,336.29,0.55,0.51,2026-05-16,0836,N20,VIIRS,l,2,308.85,4.43,D,0
31.22247,75.8698,342.81,0.55,0.51,2026-05-16,0836,N20,VIIRS,n,2,309.26,5.9,D,0
31.21172,75.70278,337.26,0.54,0.51,2026-05-16,0836,N20,VIIRS,l,2,310.49,4.15,D,0
31.23553,75.85659,337.79,0.55,0.51,2026-05-16,0836,N20,VIIRS,n,2,307.34,3.83,D,0
31.22435,75.87315,345.13,0.55,0.51,2026-05-16,0836,N20,VIIRS,n,2,309.96,9.72,D,0
31.21001,75.70628,335.51,0.54,0.51,2026-05-16,0836,N20,VIIRS,l,2,308.53,3.42,D,0
31.23228,75.85462,338.4,0.55,0.51,2026-05-16,0836,N20,VIIRS,n,2,306.96,4.24,D,0
31.24976,75.94704,343.26,0.56,0.51,2026-05-16,0836,N20,VIIRS,n,2,309.76,7.03,D,0
31.22469,75.6588,344.2,0.54,0.51,2026-05-16,0836,N20,VIIRS,n,2,309.48,9.69,D,0
31.2242,75.65315,340.76,0.54,0.5,2026-05-16,0836,N20,VIIRS,l,2,310.83,11.12,D,0
31.23384,75.70923,338.25,0.54,0.51,2026-05-16,0836,N20,VIIRS,n,2,308.22,3.34,D,0
31.23765,75.64587,338.07,0.54,0.5,2026-05-16,0836,N20,VIIRS,n,2,307.48,3.41,D,0
31.24695,75.64478,343.81,0.54,0.5,2026-05-16,0836,N20,VIIRS,n,2,309.36,6.63,D,0
31.27274,75.72195,344.22,0.54,0.51,2026-05-16,0836,N20,VIIRS,n,2,307.97,10.54,D,0
31.27223,75.71625,351.28,0.54,0.51,2026-05-16,0836,N20,VIIRS,n,2,310.95,19.31,D,0
31.30714,75.94634,344.39,0.56,0.51,2026-05-16,0836,N20,VIIRS,n,2,307.7,5.61,D,0
31.30662,75.94046,334.13,0.56,0.51,2026-05-16,0836,N20,VIIRS,l,2,307.9,5.61,D,0
31.31188,75.94579,342.79,0.56,0.51,2026-05-16,0836,N20,VIIRS,n,2,308.42,5.61,D,0
31.30399,75.85808,337.62,0.55,0.51,2026-05-16,0836,N20,VIIRS,l,2,309.72,11.37,D,0
31.31496,75.82166,340.44,0.55,0.51,2026-05-16,0836,N20,VIIRS,n,2,309.3,5.84,D,0
31.31679,75.82007,342.93,0.55,0.51,2026-05-16,0836,N20,VIIRS,n,2,308.72,3.97,D,0
31.30969,75.68163,336.18,0.54,0.51,2026-05-16,0836,N20,VIIRS,l,2,307.68,4.15,D,0
31.297,75.86337,311.08,0.46,0.39,2026-05-16,2100,N20,VIIRS,n,2,293.29,1.12,N,0
31.14823,75.85284,310.82,0.46,0.39,2026-05-16,2100,N20,VIIRS,n,2,295.71,1.46,N,0
30.44592,76.20909,342.33,0.47,0.4,2026-05-17,0817,N20,VIIRS,l,2,315.92,6.29,D,0
30.43649,75.98907,340.65,0.46,0.39,2026-05-17,0817,N20,VIIRS,l,2,313.61,8.6,D,0
30.43094,75.91714,339.48,0.46,0.39,2026-05-17,0817,N20,VIIRS,l,2,313.8,5.62,D,0
30.48913,76.38007,340.58,0.48,0.4,2026-05-17,0817,N20,VIIRS,l,2,314.05,5.35,D,0
30.50041,76.1972,341.81,0.47,0.4,2026-05-17,0817,N20,VIIRS,l,2,316.01,10.39,D,0
30.4433,75.65354,342.44,0.45,0.39,2026-05-17,0817,N20,VIIRS,l,2,314.63,7.96,D,0
30.54588,76.35563,344.18,0.48,0.4,2026-05-17,0817,N20,VIIRS,l,2,314.9,6.39,D,0
30.54954,76.35503,346.56,0.48,0.4,2026-05-17,0817,N20,VIIRS,n,2,314.82,6.39,D,0
30.51251,76.05664,338.2,0.46,0.39,2026-05-17,0817,N20,VIIRS,l,2,312.86,7.54,D,0
30.56783,76.35207,340.79,0.48,0.4,2026-05-17,0817,N20,VIIRS,l,2,314.52,6.17,D,0
30.57149,76.35148,341.22,0.48,0.4,2026-05-17,0817,N20,VIIRS,l,2,314.48,6.17,D,0
30.52621,75.96136,347.63,0.46,0.39,2026-05-17,0817,N20,VIIRS,n,2,316.7,4.36,D,0
30.5298,75.96077,337.08,0.46,0.39,2026-05-17,0817,N20,VIIRS,l,2,311.81,4.36,D,0
30.52755,75.77267,346.7,0.45,0.39,2026-05-17,0817,N20,VIIRS,n,2,315.98,13.79,D,0
30.513,75.6607,339.8,0.45,0.39,2026-05-17,0817,N20,VIIRS,l,2,310.85,4.31,D,0
30.52669,75.77412,340.13,0.45,0.39,2026-05-17,0817,N20,VIIRS,l,2,313.14,10.27,D,0
30.58535,76.13023,339.98,0.47,0.4,2026-05-17,0817,N20,VIIRS,l,2,314.94,5.87,D,0
30.61903,76.31521,340.3,0.48,0.4,2026-05-17,0817,N20,VIIRS,l,2,311.72,6.62,D,0
30.57059,75.92134,340.59,0.46,0.39,2026-05-17,0817,N20,VIIRS,l,2,311.71,5.87,D,0
30.55932,75.83117,339.98,0.45,0.39,2026-05-17,0817,N20,VIIRS,l,2,312.22,6.47,D,0
30.51279,75.43631,340.49,0.44,0.38,2026-05-17,0817,N20,VIIRS,l,2,315.37,5.66,D,0
30.5748,75.80928,352.31,0.45,0.39,2026-05-17,0817,N20,VIIRS,n,2,315.62,11.15,D,0
30.57837,75.80869,343.29,0.45,0.39,2026-05-17,0817,N20,VIIRS,n,2,312.35,7.85,D,0
30.66539,76.41971,343.04,0.48,0.4,2026-05-17,0817,N20,VIIRS,l,2,314.71,7.81,D,0
30.64216,76.20068,340.67,0.47,0.4,2026-05-17,0817,N20,VIIRS,l,2,313.48,4.45,D,0
30.64034,76.18595,348.32,0.47,0.4,2026-05-17,0817,N20,VIIRS,n,2,314.25,8.18,D,0
30.62505,75.9464,339.36,0.46,0.39,2026-05-17,0817,N20,VIIRS,l,2,310.9,6.54,D,0
30.60436,75.69882,349.09,0.45,0.39,2026-05-17,0817,N20,VIIRS,n,2,312.12,9.46,D,0
30.60791,75.69822,355.33,0.45,0.39,2026-05-17,0817,N20,VIIRS,n,2,318.33,13.46,D,0
30.61146,75.69763,336.86,0.45,0.39,2026-05-17,0817,N20,VIIRS,l,2,311.5,13.46,D,0
30.56944,75.37545,339.79,0.44,0.38,2026-05-17,0817,N20,VIIRS,l,2,313.62,5.61,D,0
30.62689,75.70458,337.24,0.45,0.39,2026-05-17,0817,N20,VIIRS,l,2,312.08,4.35,D,0
30.6261,75.70635,338.04,0.45,0.39,2026-05-17,0817,N20,VIIRS,l,2,311.41,4.81,D,0
30.67336,75.99906,343.91,0.46,0.39,2026-05-17,0817,N20,VIIRS,l,2,317.54,7.38,D,0
30.71587,76.2561,342.57,0.48,0.4,2026-05-17,0817,N20,VIIRS,n,2,311.78,11.49,D,0
30.65928,75.7103,337.99,0.45,0.39,2026-05-17,0817,N20,VIIRS,l,2,312.9,2.12,D,0
30.65454,75.5873,351.36,0.45,0.39,2026-05-17,0817,N20,VIIRS,n,2,316.17,13.94,D,0
30.70879,75.98827,348.76,0.46,0.39,2026-05-17,0817,N20,VIIRS,n,2,313.92,9.16,D,0
30.65807,75.58671,350.18,0.45,0.39,2026-05-17,0817,N20,VIIRS,n,2,315.22,11.98,D,0
30.76519,76.3547,339.55,0.48,0.4,2026-05-17,0817,N20,VIIRS,l,2,312.6,6.29,D,0
30.74604,75.99191,348.65,0.46,0.39,2026-05-17,0817,N20,VIIRS,n,2,316.77,11.84,D,0
30.69166,75.56679,339.02,0.45,0.39,2026-05-17,0817,N20,VIIRS,l,2,310.87,4.35,D,0
30.76305,76.0682,340.52,0.47,0.39,2026-05-17,0817,N20,VIIRS,l,2,315.45,5.86,D,0
30.72407,75.76182,341.39,0.45,0.39,2026-05-17,0817,N20,VIIRS,l,2,313.32,6.96,D,0
30.76223,75.97447,346.93,0.46,0.39,2026-05-17,0817,N20,VIIRS,n,2,318.48,7.82,D,0
30.76385,75.97653,345.29,0.46,0.39,2026-05-17,0817,N20,VIIRS,l,2,316.16,9,D,0
30.74037,75.75639,342.45,0.45,0.39,2026-05-17,0817,N20,VIIRS,n,2,312.33,7.91,D,0
30.74986,75.7741,339.97,0.45,0.39,2026-05-17,0817,N20,VIIRS,l,2,313.73,5.98,D,0
30.74927,75.76937,339.78,0.45,0.39,2026-05-17,0817,N20,VIIRS,l,2,313.84,5.98,D,0
30.70709,75.43425,339.35,0.44,0.38,2026-05-17,0817,N20,VIIRS,l,2,311,6.53,D,0
30.7552,75.7877,340.44,0.45,0.39,2026-05-17,0817,N20,VIIRS,l,2,313.88,9.12,D,0
30.77771,75.93983,341.44,0.46,0.39,2026-05-17,0817,N20,VIIRS,l,2,316.02,6.12,D,0
30.83654,76.29996,341.76,0.48,0.4,2026-05-17,0817,N20,VIIRS,l,2,316.15,8.67,D,0
30.79811,75.89723,339.94,0.46,0.39,2026-05-17,0817,N20,VIIRS,l,2,313.69,6.42,D,0
30.78075,75.64399,339.1,0.45,0.39,2026-05-17,0817,N20,VIIRS,l,2,310.63,7.76,D,0
30.75401,75.43556,338.36,0.44,0.38,2026-05-17,0817,N20,VIIRS,l,2,310.78,4.59,D,0
30.83176,76.0196,347.7,0.47,0.39,2026-05-17,0817,N20,VIIRS,l,2,317.74,11.47,D,0
30.77001,75.53173,338.2,0.44,0.39,2026-05-17,0817,N20,VIIRS,n,2,307.95,6.39,D,0
30.76393,75.40108,346.26,0.44,0.38,2026-05-17,0817,N20,VIIRS,l,2,316.53,9.92,D,0
30.8619,76.02454,345.55,0.47,0.39,2026-05-17,0817,N20,VIIRS,l,2,317.8,10.74,D,0
30.84278,75.78754,340.63,0.46,0.39,2026-05-17,0817,N20,VIIRS,l,2,313.6,6.78,D,0
30.84097,75.77332,342.36,0.45,0.39,2026-05-17,0817,N20,VIIRS,l,2,314.24,7.36,D,0
30.91462,76.26702,338.18,0.48,0.4,2026-05-17,0817,N20,VIIRS,l,2,311.14,4.19,D,0
30.92221,76.3344,337.96,0.48,0.4,2026-05-17,0817,N20,VIIRS,l,2,311.13,5.16,D,0
30.93449,76.31194,347.75,0.48,0.4,2026-05-17,0817,N20,VIIRS,n,2,313.32,7.6,D,0
30.91295,76.043,343.38,0.47,0.4,2026-05-17,0817,N20,VIIRS,l,2,315.35,9.84,D,0
30.94673,76.28951,341.05,0.48,0.4,2026-05-17,0817,N20,VIIRS,l,2,314.28,6.25,D,0
30.91657,76.0424,344.38,0.47,0.4,2026-05-17,0817,N20,VIIRS,n,2,314.09,8.84,D,0
30.91177,76.00345,346.79,0.47,0.39,2026-05-17,0817,N20,VIIRS,n,2,315.06,12.91,D,0
30.9583,76.35423,339.53,0.48,0.4,2026-05-17,0817,N20,VIIRS,l,2,314.22,6.35,D,0
30.94738,76.23339,342.87,0.48,0.4,2026-05-17,0817,N20,VIIRS,l,2,314.7,5.19,D,0
30.93527,76.13435,340.34,0.47,0.4,2026-05-17,0817,N20,VIIRS,l,2,314.33,11.4,D,0
30.92381,76.04121,341.46,0.47,0.4,2026-05-17,0817,N20,VIIRS,l,2,313.77,10.37,D,0
30.95468,76.26272,339.1,0.48,0.4,2026-05-17,0817,N20,VIIRS,l,2,312.68,8.46,D,0
30.95103,76.2328,341.27,0.48,0.4,2026-05-17,0817,N20,VIIRS,l,2,312.05,5.19,D,0
30.9383,76.12885,340.84,0.47,0.4,2026-05-17,0817,N20,VIIRS,l,2,314.85,16.86,D,0
30.92803,76.01565,348.78,0.47,0.39,2026-05-17,0817,N20,VIIRS,n,2,315.45,14.12,D,0
30.96002,76.03524,341.75,0.47,0.4,2026-05-17,0817,N20,VIIRS,l,2,314.6,12.7,D,0
30.90427,75.56738,340.66,0.45,0.39,2026-05-17,0817,N20,VIIRS,l,2,310.95,5.84,D,0
30.90294,75.5011,349.43,0.44,0.39,2026-05-17,0817,N20,VIIRS,n,2,314.21,5.21,D,0
30.97144,76.00849,345.95,0.47,0.39,2026-05-17,0817,N20,VIIRS,n,2,315.34,11.54,D,0
30.90648,75.50051,340.62,0.44,0.39,2026-05-17,0817,N20,VIIRS,l,2,314.26,4.63,D,0
30.90407,75.48199,347.92,0.44,0.39,2026-05-17,0817,N20,VIIRS,n,2,315.97,18.18,D,0
30.92381,75.57838,341.01,0.45,0.39,2026-05-17,0817,N20,VIIRS,l,2,315.13,8.26,D,0
30.98475,76.02618,343.47,0.47,0.4,2026-05-17,0817,N20,VIIRS,l,2,314.71,7.35,D,0
31.02369,76.27701,338.95,0.48,0.4,2026-05-17,0817,N20,VIIRS,l,2,312.21,2.67,D,0
31.01495,76.20716,349.74,0.48,0.4,2026-05-17,0817,N20,VIIRS,n,2,315.68,7.59,D,0
30.9852,75.97146,348.15,0.46,0.39,2026-05-17,0817,N20,VIIRS,n,2,313.39,8.16,D,0
30.98458,75.96662,347.38,0.46,0.39,2026-05-17,0817,N20,VIIRS,n,2,316.37,8.16,D,0
30.98396,75.96177,340.33,0.46,0.39,2026-05-17,0817,N20,VIIRS,l,2,313.95,6.76,D,0
30.98335,75.95693,343.55,0.46,0.39,2026-05-17,0817,N20,VIIRS,l,2,315.67,6.76,D,0
30.97658,75.90379,347.41,0.46,0.39,2026-05-17,0817,N20,VIIRS,l,2,317.9,9.15,D,0
30.98587,76.02851,337.52,0.47,0.4,2026-05-17,0817,N20,VIIRS,l,2,312.34,6.56,D,0
30.98528,76.02363,340.25,0.47,0.4,2026-05-17,0817,N20,VIIRS,l,2,314.53,7.19,D,0
30.98238,75.96944,341.07,0.47,0.39,2026-05-17,0817,N20,VIIRS,l,2,314.35,6.17,D,0
30.97469,75.90648,343.41,0.46,0.39,2026-05-17,0817,N20,VIIRS,l,2,316.77,8.64,D,0
31.01456,76.20485,343.39,0.48,0.4,2026-05-17,0817,N20,VIIRS,l,2,314.39,10.82,D,0
30.98599,75.96883,355.57,0.47,0.39,2026-05-17,0817,N20,VIIRS,n,2,314.53,8.17,D,0
30.9848,75.95912,350.87,0.46,0.39,2026-05-17,0817,N20,VIIRS,n,2,316.18,10.61,D,0
30.97829,75.90588,341.28,0.46,0.39,2026-05-17,0817,N20,VIIRS,l,2,315.34,5.81,D,0
30.98189,75.90527,342.06,0.46,0.39,2026-05-17,0817,N20,VIIRS,l,2,314.76,5.81,D,0
30.95476,75.65672,341.63,0.45,0.39,2026-05-17,0817,N20,VIIRS,l,2,314.31,7.28,D,0
31.02973,76.23796,344.5,0.48,0.4,2026-05-17,0817,N20,VIIRS,l,2,314.96,8.3,D,0
30.95714,75.6467,344.2,0.45,0.39,2026-05-17,0817,N20,VIIRS,l,2,315.61,6.38,D,0
30.95655,75.64199,341.48,0.45,0.39,2026-05-17,0817,N20,VIIRS,l,2,316.02,6.38,D,0
31.03399,76.24237,341.71,0.48,0.4,2026-05-17,0817,N20,VIIRS,l,2,314.87,8.62,D,0
31.0395,76.22618,351.1,0.48,0.4,2026-05-17,0817,N20,VIIRS,n,2,316.75,9.86,D,0
30.93832,75.41202,352.64,0.44,0.38,2026-05-17,0817,N20,VIIRS,n,2,314.03,14.38,D,0
30.94361,75.42525,342.15,0.44,0.39,2026-05-17,0817,N20,VIIRS,l,2,313.58,7.52,D,0
31.03352,76.11581,342.42,0.47,0.4,2026-05-17,0817,N20,VIIRS,l,2,315.48,8.47,D,0
31.00889,75.79781,347.43,0.46,0.39,2026-05-17,0817,N20,VIIRS,l,2,320.48,8.9,D,0
31.01248,75.79721,350,0.46,0.39,2026-05-17,0817,N20,VIIRS,n,2,318.5,8.9,D,0
30.99332,75.64537,347.41,0.45,0.39,2026-05-17,0817,N20,VIIRS,n,2,315.77,16.55,D,0
31.04563,76.03358,343.47,0.47,0.4,2026-05-17,0817,N20,VIIRS,l,2,316.45,8.03,D,0
31.02207,75.84452,339.95,0.46,0.39,2026-05-17,0817,N20,VIIRS,l,2,314.36,16.78,D,0
31.01666,75.80138,352.47,0.46,0.39,2026-05-17,0817,N20,VIIRS,n,2,322.32,14.49,D,0
31.01606,75.7966,345.75,0.46,0.39,2026-05-17,0817,N20,VIIRS,l,2,318.31,14.49,D,0
31.00047,75.67308,344.8,0.45,0.39,2026-05-17,0817,N20,VIIRS,n,2,314.74,10.47,D,0
30.97661,75.4858,342.07,0.44,0.39,2026-05-17,0817,N20,VIIRS,n,2,316.7,5.47,D,0
31.02025,75.80078,350.19,0.46,0.39,2026-05-17,0817,N20,VIIRS,n,2,318.88,14.49,D,0
31.03104,75.82832,347.29,0.46,0.39,2026-05-17,0817,N20,VIIRS,n,2,316.66,13.01,D,0
31.00336,75.61002,343.29,0.45,0.39,2026-05-17,0817,N20,VIIRS,l,2,316.24,8.99,D,0
31.04007,75.87093,349.52,0.46,0.39,2026-05-17,0817,N20,VIIRS,n,2,316.32,6.97,D,0
31.04367,75.87034,341.98,0.46,0.39,2026-05-17,0817,N20,VIIRS,l,2,316.58,6.97,D,0
30.9901,75.45034,340.36,0.44,0.39,2026-05-17,0817,N20,VIIRS,n,2,312.9,3.4,D,0
31.0297,75.73106,344.09,0.46,0.39,2026-05-17,0817,N20,VIIRS,l,2,316.32,8.9,D,0
31.04176,75.79716,343.18,0.46,0.39,2026-05-17,0817,N20,VIIRS,l,2,316.76,8.47,D,0
31.01277,75.57011,348.51,0.45,0.39,2026-05-17,0817,N20,VIIRS,l,2,318.72,26.68,D,0
31.10048,76.23657,339.01,0.48,0.4,2026-05-17,0817,N20,VIIRS,l,2,313.05,5.17,D,0
31.01812,75.58356,344.87,0.45,0.39,2026-05-17,0817,N20,VIIRS,l,2,319.08,14.94,D,0
31.01752,75.57888,340.56,0.45,0.39,2026-05-17,0817,N20,VIIRS,l,2,315.41,9.73,D,0
31.00843,75.48037,337.56,0.44,0.39,2026-05-17,0817,N20,VIIRS,l,2,310.61,4.71,D,0
31.09172,76.10621,340.89,0.47,0.4,2026-05-17,0817,N20,VIIRS,l,2,315.43,6.02,D,0
31.02643,75.59171,353.23,0.45,0.39,2026-05-17,0817,N20,VIIRS,n,2,320.63,17.59,D,0
31.07252,75.89507,342.78,0.46,0.39,2026-05-17,0817,N20,VIIRS,l,2,316.95,9.99,D,0
31.05107,75.69833,350.14,0.45,0.39,2026-05-17,0817,N20,VIIRS,n,2,320.81,32.38,D,0
31.05403,75.69299,355.64,0.45,0.39,2026-05-17,0817,N20,VIIRS,n,2,318.53,37.88,D,0
31.05463,75.69774,367,0.45,0.39,2026-05-17,0817,N20,VIIRS,l,2,325.52,37.88,D,0
31.05271,75.69419,350.59,0.45,0.39,2026-05-17,0817,N20,VIIRS,l,2,322.64,51.13,D,0
31.0533,75.69894,367,0.45,0.39,2026-05-17,0817,N20,VIIRS,l,2,329.24,51.13,D,0
31.09304,75.90266,349.95,0.46,0.39,2026-05-17,0817,N20,VIIRS,n,2,319.21,8.74,D,0
31.10379,75.96036,345.18,0.47,0.39,2026-05-17,0817,N20,VIIRS,n,2,314.46,3.97,D,0
31.1074,75.95975,347.98,0.47,0.39,2026-05-17,0817,N20,VIIRS,n,2,316.35,6.26,D,0
31.14408,76.20027,340.94,0.48,0.4,2026-05-17,0817,N20,VIIRS,l,2,314.68,7.41,D,0
31.14291,76.15981,340.64,0.48,0.4,2026-05-17,0817,N20,VIIRS,l,2,314.98,5.77,D,0
31.07713,75.62727,339.4,0.45,0.39,2026-05-17,0817,N20,VIIRS,l,2,313.98,8.5,D,0
31.15019,76.18909,342.45,0.48,0.4,2026-05-17,0817,N20,VIIRS,n,2,312.16,8.31,D,0
31.09793,75.67686,346.95,0.45,0.39,2026-05-17,0817,N20,VIIRS,l,2,317,4.02,D,0
31.14478,76.02341,346.34,0.47,0.4,2026-05-17,0817,N20,VIIRS,n,2,316.03,6.84,D,0
31.11045,75.7184,353.15,0.46,0.39,2026-05-17,0817,N20,VIIRS,n,2,320.66,19.33,D,0
31.11463,75.72256,342.04,0.46,0.39,2026-05-17,0817,N20,VIIRS,l,2,316.87,3.56,D,0
31.11403,75.71779,353.85,0.46,0.39,2026-05-17,0817,N20,VIIRS,n,2,324.51,22.85,D,0
31.10863,75.67505,340.5,0.45,0.39,2026-05-17,0817,N20,VIIRS,l,2,314.36,2.79,D,0
31.1182,75.72195,347.17,0.46,0.39,2026-05-17,0817,N20,VIIRS,l,2,318.27,3.56,D,0
31.1176,75.71719,351.26,0.46,0.39,2026-05-17,0817,N20,VIIRS,n,2,320.75,22.85,D,0
31.1122,75.67444,343.29,0.45,0.39,2026-05-17,0817,N20,VIIRS,l,2,316.72,2.79,D,0
31.16416,76.06036,349.69,0.47,0.4,2026-05-17,0817,N20,VIIRS,n,2,314.53,10.64,D,0
31.12178,75.72136,346.83,0.46,0.39,2026-05-17,0817,N20,VIIRS,n,2,316.27,5.5,D,0
31.18367,76.1582,347.31,0.48,0.4,2026-05-17,0817,N20,VIIRS,n,2,315.19,15.54,D,0
31.12105,75.62945,344.88,0.45,0.39,2026-05-17,0817,N20,VIIRS,l,2,315.82,2.15,D,0
31.11438,75.54887,349,0.45,0.39,2026-05-17,0817,N20,VIIRS,n,2,320.67,13.91,D,0
31.1324,75.66135,343.02,0.45,0.39,2026-05-17,0817,N20,VIIRS,l,2,316.95,5.08,D,0
31.12878,75.63297,346.27,0.45,0.39,2026-05-17,0817,N20,VIIRS,l,2,317.6,6.9,D,0
31.22335,76.20757,340.2,0.48,0.4,2026-05-17,0817,N20,VIIRS,l,2,311.91,3.1,D,0
31.18439,75.89735,343.79,0.46,0.39,2026-05-17,0817,N20,VIIRS,l,2,316.92,7.38,D,0
31.227,76.2069,344.91,0.48,0.4,2026-05-17,0817,N20,VIIRS,l,2,315.22,7.35,D,0
31.14642,75.57221,342.41,0.45,0.39,2026-05-17,0817,N20,VIIRS,l,2,316.36,10.7,D,0
31.1452,75.56281,347.65,0.45,0.39,2026-05-17,0817,N20,VIIRS,n,2,316.51,10.57,D,0
31.21885,76.1119,342.18,0.47,0.4,2026-05-17,0817,N20,VIIRS,l,2,313.71,5.08,D,0
31.22696,76.20966,342.29,0.48,0.4,2026-05-17,0817,N20,VIIRS,n,2,311.26,5.43,D,0
31.22638,76.20476,343.43,0.48,0.4,2026-05-17,0817,N20,VIIRS,l,2,315.93,5.43,D,0
31.14942,75.57385,344.52,0.45,0.39,2026-05-17,0817,N20,VIIRS,l,2,316.15,10.5,D,0
31.2187,76.10957,342.28,0.47,0.4,2026-05-17,0817,N20,VIIRS,l,2,313.1,5.08,D,0
31.22014,75.93861,341.1,0.47,0.39,2026-05-17,0817,N20,VIIRS,l,2,316.04,6.42,D,0
31.17904,75.57841,343.27,0.45,0.39,2026-05-17,0817,N20,VIIRS,l,2,317.41,10.69,D,0
31.18914,75.62978,341.7,0.45,0.39,2026-05-17,0817,N20,VIIRS,l,2,314.84,9.4,D,0
31.23641,75.92097,345.08,0.47,0.39,2026-05-17,0817,N20,VIIRS,l,2,318.03,13.09,D,0
31.1897,75.54776,344.72,0.45,0.39,2026-05-17,0817,N20,VIIRS,l,2,318.75,17.92,D,0
31.29724,76.38942,344.96,0.49,0.4,2026-05-17,0817,N20,VIIRS,n,2,314.21,6.05,D,0
31.24787,75.95394,343.4,0.47,0.4,2026-05-17,0817,N20,VIIRS,l,2,315.33,7.55,D,0
31.21835,75.71713,346.13,0.46,0.39,2026-05-17,0817,N20,VIIRS,n,2,316.24,16.65,D,0
31.2612,76.03188,344.19,0.47,0.4,2026-05-17,0817,N20,VIIRS,l,2,315.66,4.4,D,0
31.23397,75.81252,339.86,0.46,0.39,2026-05-17,0817,N20,VIIRS,l,2,313.48,8.58,D,0
31.26483,76.03128,339.7,0.47,0.4,2026-05-17,0817,N20,VIIRS,l,2,313.35,4.4,D,0
31.24838,75.8397,345.71,0.46,0.39,2026-05-17,0817,N20,VIIRS,l,2,318.18,17.8,D,0
31.23327,75.71951,346.83,0.46,0.39,2026-05-17,0817,N20,VIIRS,n,2,316.61,6.15,D,0
31.25437,75.82882,345.47,0.46,0.39,2026-05-17,0817,N20,VIIRS,l,2,319.03,25.89,D,0
31.23499,75.67538,349.3,0.45,0.39,2026-05-17,0817,N20,VIIRS,n,2,317.79,10.69,D,0
31.27316,75.91983,349.87,0.47,0.39,2026-05-17,0817,N20,VIIRS,n,2,316.06,11.28,D,0
31.24814,75.69265,340.01,0.46,0.39,2026-05-17,0817,N20,VIIRS,l,2,314.12,3.82,D,0
31.284,75.91803,345.34,0.47,0.39,2026-05-17,0817,N20,VIIRS,n,2,314.09,11.45,D,0
31.30609,75.94126,339.2,0.47,0.4,2026-05-17,0817,N20,VIIRS,l,2,313.86,6.16,D,0
31.29189,75.79485,341.25,0.46,0.39,2026-05-17,0817,N20,VIIRS,l,2,315.77,12.21,D,0
31.30741,75.86143,343.9,0.46,0.39,2026-05-17,0817,N20,VIIRS,l,2,318.48,9.88,D,0
31.24827,75.38658,339.5,0.44,0.39,2026-05-17,0817,N20,VIIRS,n,2,308.24,3.51,D,0
31.29733,75.74968,346.58,0.46,0.39,2026-05-17,0817,N20,VIIRS,n,2,315.43,7.04,D,0
31.31048,75.76712,340.76,0.46,0.39,2026-05-17,0817,N20,VIIRS,l,2,313.8,11.88,D,0
31.31227,75.75208,340.62,0.46,0.39,2026-05-17,0817,N20,VIIRS,l,2,315.37,6.17,D,0
31.31467,75.74187,341.3,0.46,0.39,2026-05-17,0817,N20,VIIRS,l,2,316.01,8.83,D,0
31.30388,76.21561,317.54,0.39,0.36,2026-05-17,2041,N20,VIIRS,n,2,296.91,2.35,N,0
30.4204,76.37384,348.54,0.39,0.36,2026-05-18,0758,N20,VIIRS,l,2,322.15,8.75,D,0
30.55976,75.67634,339.85,0.4,0.37,2026-05-18,0758,N20,VIIRS,l,2,312.87,1.17,D,0
30.73569,75.89571,347.89,0.39,0.36,2026-05-18,0758,N20,VIIRS,l,2,321.92,12.05,D,0
30.84618,76.41689,342.75,0.39,0.36,2026-05-18,0758,N20,VIIRS,l,2,317.03,8.65,D,0
30.96818,75.56738,345.57,0.4,0.37,2026-05-18,0758,N20,VIIRS,l,2,318.11,13.36,D,0
30.95378,75.43848,342.34,0.4,0.37,2026-05-18,0758,N20,VIIRS,l,2,317.25,7.66,D,0
31.01753,75.72163,345.65,0.39,0.36,2026-05-18,0758,N20,VIIRS,l,2,318.97,8.16,D,0
31.07148,75.97037,356.13,0.39,0.36,2026-05-18,0758,N20,VIIRS,l,2,322.07,12.71,D,0
31.07479,75.96965,352.07,0.39,0.36,2026-05-18,0758,N20,VIIRS,l,2,320.66,12.71,D,0
31.02144,75.61925,345.72,0.4,0.37,2026-05-18,0758,N20,VIIRS,l,2,319.58,10.53,D,0
31.1152,75.75597,349.76,0.39,0.36,2026-05-18,0758,N20,VIIRS,n,2,317.24,5.93,D,0
31.11851,75.75523,347.66,0.39,0.36,2026-05-18,0758,N20,VIIRS,l,2,321.13,13.38,D,0
31.15211,75.89923,345.9,0.39,0.36,2026-05-18,0758,N20,VIIRS,l,2,318.8,5.78,D,0
31.10838,75.56706,349.5,0.4,0.37,2026-05-18,0758,N20,VIIRS,n,2,315.92,9.8,D,0
31.13301,75.61252,345.08,0.39,0.37,2026-05-18,0758,N20,VIIRS,l,2,319.29,8.47,D,0
31.12954,75.50705,343.65,0.4,0.37,2026-05-18,0758,N20,VIIRS,l,2,316.89,7.5,D,0
31.14582,75.50832,347.39,0.4,0.37,2026-05-18,0759,N20,VIIRS,n,2,317.91,10.78,D,0
31.21058,75.67216,346.84,0.39,0.36,2026-05-18,0759,N20,VIIRS,l,2,318.22,12.18,D,0
31.26197,75.94701,352.72,0.39,0.36,2026-05-18,0759,N20,VIIRS,l,2,324.08,8.92,D,0
30.55234,76.39018,346.92,0.56,0.43,2026-05-19,0740,N20,VIIRS,l,2,319.08,11.99,D,0
30.57929,75.99178,347.19,0.39,0.44,2026-05-19,0740,N20,VIIRS,l,2,320.32,7.58,D,0
30.68219,76.01962,343.47,0.39,0.44,2026-05-19,0740,N20,VIIRS,l,2,318.47,6.02,D,0
30.59966,75.56924,346.05,0.42,0.45,2026-05-19,0740,N20,VIIRS,l,2,316.82,13.51,D,0
30.92565,76.30199,339.92,0.56,0.43,2026-05-19,0740,N20,VIIRS,l,2,314.84,9.82,D,0
30.8311,75.771,353.67,0.4,0.44,2026-05-19,0740,N20,VIIRS,n,2,320.62,13.83,D,0
30.87601,75.97215,342.86,0.39,0.44,2026-05-19,0740,N20,VIIRS,l,2,315.95,1.82,D,0
30.89512,76.04661,351.7,0.39,0.44,2026-05-19,0740,N20,VIIRS,n,2,319.17,9.7,D,0
30.89904,76.04556,355.18,0.39,0.44,2026-05-19,0740,N20,VIIRS,n,2,322.99,17.44,D,0
30.79014,75.48717,343.41,0.42,0.45,2026-05-19,0740,N20,VIIRS,n,2,311.37,8.36,D,0
30.78927,75.48292,343.98,0.42,0.45,2026-05-19,0740,N20,VIIRS,l,2,316.72,9.71,D,0
30.92887,76.07076,344.07,0.39,0.44,2026-05-19,0740,N20,VIIRS,l,2,317.74,7.74,D,0
30.94613,76.05363,346.69,0.39,0.44,2026-05-19,0740,N20,VIIRS,l,2,318.09,7.47,D,0
30.95008,76.03174,367,0.39,0.44,2026-05-19,0740,N20,VIIRS,h,2,322,17,D,0
30.89261,75.67732,344.67,0.4,0.45,2026-05-19,0740,N20,VIIRS,l,2,318.34,9.04,D,0
30.99155,76.14259,338.83,0.57,0.43,2026-05-19,0740,N20,VIIRS,l,2,313.25,5.99,D,0
30.87472,75.42501,345.32,0.42,0.45,2026-05-19,0740,N20,VIIRS,n,2,317.86,6.44,D,0
31.04015,76.22157,348.47,0.56,0.43,2026-05-19,0740,N20,VIIRS,n,2,315.13,16.2,D,0
30.9812,75.88557,346.71,0.39,0.44,2026-05-19,0740,N20,VIIRS,n,2,315.33,8.34,D,0
31.02862,76.10179,342.29,0.57,0.43,2026-05-19,0740,N20,VIIRS,l,2,315.54,22.28,D,0
31.02745,76.09591,346.53,0.57,0.43,2026-05-19,0740,N20,VIIRS,l,2,317.13,22.28,D,0
31.02804,76.05747,344.42,0.38,0.43,2026-05-19,0740,N20,VIIRS,n,2,314.17,5.93,D,0
31.00338,75.89226,346.66,0.39,0.44,2026-05-19,0740,N20,VIIRS,n,2,317.97,7.69,D,0
30.91069,75.43313,343.33,0.42,0.45,2026-05-19,0740,N20,VIIRS,n,2,313.26,9.1,D,0
31.07462,76.23067,337.32,0.56,0.43,2026-05-19,0740,N20,VIIRS,l,2,310.1,7.92,D,0
31.00371,75.68253,342.66,0.4,0.44,2026-05-19,0740,N20,VIIRS,l,2,317.47,8.05,D,0
30.98496,75.59158,346.27,0.41,0.45,2026-05-19,0740,N20,VIIRS,l,2,319.86,10.49,D,0
31.12124,76.17972,341.35,0.57,0.43,2026-05-19,0740,N20,VIIRS,l,2,313.49,22.06,D,0
31.05935,75.85218,341.79,0.39,0.44,2026-05-19,0740,N20,VIIRS,l,2,315.12,9.26,D,0
31.08794,75.86989,341.27,0.39,0.44,2026-05-19,0740,N20,VIIRS,l,2,315.91,0.77,D,0
31.04097,75.6376,339.67,0.4,0.45,2026-05-19,0740,N20,VIIRS,l,2,314,7.55,D,0
31.12454,76.03185,347.57,0.38,0.43,2026-05-19,0740,N20,VIIRS,n,2,316.83,11.38,D,0
31.08694,75.82343,353.26,0.39,0.44,2026-05-19,0740,N20,VIIRS,n,2,321.29,12.16,D,0
31.05649,75.67254,346.13,0.4,0.44,2026-05-19,0740,N20,VIIRS,l,2,319.72,12.96,D,0
31.08858,75.68548,350.46,0.4,0.44,2026-05-19,0740,N20,VIIRS,n,2,318.4,17.81,D,0
31.0861,75.67313,345.03,0.4,0.44,2026-05-19,0740,N20,VIIRS,n,2,314.5,8.59,D,0
31.08528,75.669,345.21,0.4,0.44,2026-05-19,0740,N20,VIIRS,l,2,315.53,8.51,D,0
31.09257,75.68439,348.46,0.4,0.44,2026-05-19,0740,N20,VIIRS,n,2,316.9,17.81,D,0
31.06976,75.52858,345.15,0.41,0.45,2026-05-19,0740,N20,VIIRS,l,2,315.46,8.34,D,0
31.06342,75.45474,343.37,0.41,0.45,2026-05-19,0740,N20,VIIRS,l,2,316.45,8.59,D,0
31.17041,75.99952,345.75,0.38,0.44,2026-05-19,0740,N20,VIIRS,n,2,314.9,3.21,D,0
31.06297,75.45631,354.98,0.41,0.45,2026-05-19,0740,N20,VIIRS,n,2,315.42,11.84,D,0
31.16436,75.88816,346.08,0.39,0.44,2026-05-19,0740,N20,VIIRS,l,2,317.31,8.51,D,0
31.20807,76.02256,341.68,0.38,0.43,2026-05-19,0740,N20,VIIRS,l,2,316.11,6.6,D,0
31.21503,75.97498,346.04,0.38,0.44,2026-05-19,0740,N20,VIIRS,l,2,316.64,8.72,D,0
31.18689,75.81429,351.78,0.39,0.44,2026-05-19,0740,N20,VIIRS,n,2,319.39,9.65,D,0
31.22041,75.91918,344.25,0.39,0.44,2026-05-19,0740,N20,VIIRS,l,2,316.76,4.76,D,0
31.16241,75.60993,347.45,0.4,0.44,2026-05-19,0740,N20,VIIRS,n,2,320.55,7.98,D,0
31.19424,75.70525,351.14,0.4,0.44,2026-05-19,0740,N20,VIIRS,n,2,320.26,6.67,D,0
31.23518,75.82659,346.32,0.39,0.44,2026-05-19,0740,N20,VIIRS,l,2,317.6,6.67,D,0
31.24063,75.7911,345.66,0.39,0.44,2026-05-19,0740,N20,VIIRS,l,2,316.17,5.15,D,0
31.2419,75.7902,343.44,0.39,0.44,2026-05-19,0740,N20,VIIRS,l,2,315.93,4.81,D,0
31.27079,75.7268,345.98,0.4,0.44,2026-05-19,0740,N20,VIIRS,l,2,320.05,6.46,D,0
31.3031,75.84555,349.65,0.39,0.44,2026-05-19,0740,N20,VIIRS,l,2,323.38,28.66,D,0
31.30704,75.84447,350.99,0.39,0.44,2026-05-19,0740,N20,VIIRS,n,2,316.56,9.91,D,0
31.30623,75.84048,348.79,0.39,0.44,2026-05-19,0740,N20,VIIRS,n,2,317.53,8.4,D,0
31.31387,75.77478,345.45,0.39,0.44,2026-05-19,0740,N20,VIIRS,l,2,315.87,6.53,D,0
31.31782,75.7737,351.9,0.39,0.44,2026-05-19,0740,N20,VIIRS,n,2,319.99,9.47,D,0
31.28846,75.43977,334.56,0.41,0.45,2026-05-19,0740,N20,VIIRS,n,2,307.48,2.73,D,0
30.4268,76.3208,367,0.36,0.57,2026-05-20,0721,N20,VIIRS,h,2,322.38,10.37,D,0
30.53868,76.09459,349.86,0.36,0.58,2026-05-20,0721,N20,VIIRS,n,2,315.01,8.53,D,0
30.51565,75.95431,352.09,0.37,0.58,2026-05-20,0721,N20,VIIRS,n,2,321.42,8.94,D,0
30.68622,76.36833,367,0.35,0.57,2026-05-20,0721,N20,VIIRS,h,2,319.46,8.51,D,0
30.70047,76.30637,341.39,0.35,0.57,2026-05-20,0721,N20,VIIRS,l,2,313.7,6.01,D,0
30.695,75.91671,346.87,0.37,0.58,2026-05-20,0721,N20,VIIRS,n,2,316.17,6.83,D,0
30.69471,75.91763,352.28,0.37,0.58,2026-05-20,0721,N20,VIIRS,n,2,316.05,7.9,D,0
30.75883,75.8606,352.02,0.37,0.58,2026-05-20,0721,N20,VIIRS,n,2,319.69,8.45,D,0
30.69452,75.47858,353.82,0.39,0.59,2026-05-20,0721,N20,VIIRS,n,2,313.41,8.91,D,0
30.72978,75.57723,367,0.39,0.59,2026-05-20,0721,N20,VIIRS,h,2,314.06,7.93,D,0
30.92634,76.40409,341.39,0.34,0.56,2026-05-20,0721,N20,VIIRS,l,2,313.04,5.67,D,0
30.69595,75.4762,346.76,0.39,0.59,2026-05-20,0721,N20,VIIRS,n,2,311.5,7.29,D,0
30.73186,75.57462,354,0.39,0.59,2026-05-20,0721,N20,VIIRS,n,2,312.16,9.05,D,0
30.88448,76.0836,367,0.36,0.57,2026-05-20,0721,N20,VIIRS,h,2,317.16,6.79,D,0
30.8836,76.07999,342.96,0.36,0.57,2026-05-20,0721,N20,VIIRS,n,2,314.85,6.79,D,0
30.88957,76.08196,367,0.36,0.57,2026-05-20,0721,N20,VIIRS,h,2,308.61,6.79,D,0
30.82905,75.71748,343.97,0.38,0.59,2026-05-20,0721,N20,VIIRS,l,2,318.33,7.53,D,0
30.96338,76.06962,352.69,0.36,0.57,2026-05-20,0721,N20,VIIRS,n,2,316.83,7.53,D,0
30.95683,76.06051,341.74,0.36,0.57,2026-05-20,0721,N20,VIIRS,l,2,315.64,5.45,D,0
30.96456,76.0697,367,0.36,0.57,2026-05-20,0721,N20,VIIRS,h,2,316.83,8.19,D,0
30.92555,75.61232,346.65,0.38,0.59,2026-05-20,0721,N20,VIIRS,l,2,319.4,11.25,D,0
31.01488,75.95937,343.15,0.36,0.57,2026-05-20,0721,N20,VIIRS,l,2,316.74,7.09,D,0
31.03913,76.03782,342.67,0.36,0.57,2026-05-20,0721,N20,VIIRS,l,2,317.15,5.62,D,0
31.02145,75.91767,367,0.36,0.58,2026-05-20,0721,N20,VIIRS,h,2,316.89,10.3,D,0
31.02482,75.90863,351.83,0.36,0.58,2026-05-20,0721,N20,VIIRS,n,2,317.25,9.69,D,0
31.05086,75.99488,355.04,0.36,0.57,2026-05-20,0721,N20,VIIRS,n,2,320.27,7.97,D,0
31.05596,75.99324,352.2,0.36,0.57,2026-05-20,0721,N20,VIIRS,n,2,316.44,7.97,D,0
31.05509,75.9896,343.95,0.36,0.57,2026-05-20,0721,N20,VIIRS,l,2,315.71,14.16,D,0
31.02143,75.91745,367,0.36,0.58,2026-05-20,0721,N20,VIIRS,h,2,317.18,11.12,D,0
31.02474,75.90845,352.26,0.36,0.58,2026-05-20,0721,N20,VIIRS,n,2,317.06,11.48,D,0
31.05134,75.99443,367,0.36,0.57,2026-05-20,0721,N20,VIIRS,h,2,320.2,15.1,D,0
31.05045,75.99081,355.66,0.36,0.57,2026-05-20,0721,N20,VIIRS,n,2,322.36,14.2,D,0
31.05041,75.90029,367,0.36,0.58,2026-05-20,0721,N20,VIIRS,h,2,317.47,10.67,D,0
31.00013,75.69502,367,0.37,0.58,2026-05-20,0721,N20,VIIRS,h,2,318.25,6.38,D,0
30.98517,75.63425,343.55,0.38,0.59,2026-05-20,0721,N20,VIIRS,l,2,317.07,10.82,D,0
31.00532,75.69333,349.58,0.37,0.58,2026-05-20,0721,N20,VIIRS,n,2,319.75,6.38,D,0
31.00438,75.68954,346.77,0.37,0.58,2026-05-20,0721,N20,VIIRS,n,2,321.04,6.38,D,0
31.13549,76.20636,343.47,0.35,0.57,2026-05-20,0721,N20,VIIRS,l,2,317.78,7.16,D,0
31.13464,76.20283,343.79,0.35,0.57,2026-05-20,0721,N20,VIIRS,l,2,316.41,7.4,D,0
31.01422,75.70676,353.77,0.37,0.58,2026-05-20,0721,N20,VIIRS,n,2,322.46,9.41,D,0
31.0194,75.70512,367,0.37,0.58,2026-05-20,0721,N20,VIIRS,h,2,316.96,9.41,D,0
31.01013,75.66724,367,0.38,0.58,2026-05-20,0721,N20,VIIRS,h,2,319.32,17.33,D,0
31.08068,75.93398,348.92,0.36,0.57,2026-05-20,0721,N20,VIIRS,n,2,317.63,3.11,D,0
31.05654,75.8345,350.5,0.37,0.58,2026-05-20,0721,N20,VIIRS,n,2,319.18,9.21,D,0
31.10393,75.96182,367,0.36,0.57,2026-05-20,0721,N20,VIIRS,h,2,314.18,17.65,D,0
31.10305,75.95817,349.63,0.36,0.57,2026-05-20,0721,N20,VIIRS,n,2,324.32,20.93,D,0
31.07286,75.83318,350.38,0.37,0.58,2026-05-20,0721,N20,VIIRS,n,2,318.25,7.91,D,0
31.03333,75.64737,347.57,0.38,0.58,2026-05-20,0721,N20,VIIRS,n,2,316.95,9.53,D,0
31.09966,75.85239,367,0.36,0.58,2026-05-20,0721,N20,VIIRS,h,2,318.74,11.8,D,0
31.20259,76.28391,349.58,0.34,0.56,2026-05-20,0721,N20,VIIRS,n,2,316.5,5.26,D,0
31.06726,75.71803,345.15,0.37,0.58,2026-05-20,0721,N20,VIIRS,l,2,319.37,10.87,D,0
31.0981,75.7767,367,0.37,0.58,2026-05-20,0721,N20,VIIRS,h,2,319.51,8.26,D,0
31.13875,75.94653,344.48,0.36,0.57,2026-05-20,0721,N20,VIIRS,l,2,315.82,3.99,D,0
31.13788,75.94288,339.86,0.36,0.57,2026-05-20,0721,N20,VIIRS,l,2,314.56,3.99,D,0
31.09721,75.77296,356.03,0.37,0.58,2026-05-20,0721,N20,VIIRS,n,2,320.97,8.26,D,0
31.15501,75.96867,344.2,0.36,0.57,2026-05-20,0721,N20,VIIRS,l,2,315.5,4.34,D,0
31.09706,75.77391,367,0.37,0.58,2026-05-20,0721,N20,VIIRS,h,2,323.75,15.42,D,0
31.13879,75.94328,350.05,0.36,0.57,2026-05-20,0721,N20,VIIRS,n,2,315.47,7.95,D,0
31.10441,75.69058,355.02,0.37,0.58,2026-05-20,0721,N20,VIIRS,n,2,316.05,6.92,D,0
31.10348,75.68683,347.81,0.37,0.58,2026-05-20,0721,N20,VIIRS,n,2,316.45,4.44,D,0
31.21131,76.10596,345.83,0.35,0.57,2026-05-20,0721,N20,VIIRS,l,2,318.66,7.99,D,0
31.15667,75.85848,348.67,0.36,0.58,2026-05-20,0721,N20,VIIRS,n,2,318.25,8.3,D,0
31.11383,75.68344,348.19,0.37,0.58,2026-05-20,0721,N20,VIIRS,n,2,319.39,3.2,D,0
31.11291,75.67965,345.04,0.37,0.58,2026-05-20,0721,N20,VIIRS,l,2,319.2,3.2,D,0
31.19979,76.0133,367,0.36,0.57,2026-05-20,0721,N20,VIIRS,h,2,313.42,10.61,D,0
31.19893,76.0097,353.79,0.36,0.57,2026-05-20,0721,N20,VIIRS,n,2,319.82,10.61,D,0
31.06042,75.44379,338.25,0.39,0.59,2026-05-20,0721,N20,VIIRS,l,2,312.85,4.92,D,0
31.16369,75.7963,348.56,0.37,0.58,2026-05-20,0721,N20,VIIRS,n,2,317.78,7.66,D,0
31.15343,75.73128,340.89,0.37,0.58,2026-05-20,0721,N20,VIIRS,l,2,314.29,5.25,D,0
31.25148,76.02362,350.71,0.35,0.57,2026-05-20,0721,N20,VIIRS,n,2,318.65,8.11,D,0
31.15699,75.6078,367,0.38,0.58,2026-05-20,0721,N20,VIIRS,h,2,316.32,8.92,D,0
31.19197,75.70643,355.76,0.37,0.58,2026-05-20,0721,N20,VIIRS,n,2,318.75,9.31,D,0
31.16426,75.56826,354.64,0.38,0.59,2026-05-20,0721,N20,VIIRS,n,2,319.49,12.03,D,0
31.1811,75.59156,349.77,0.38,0.58,2026-05-20,0721,N20,VIIRS,n,2,317.3,11.26,D,0
31.19115,75.70668,367,0.37,0.58,2026-05-20,0721,N20,VIIRS,h,2,319.01,11.01,D,0
31.19393,75.71788,346.27,0.37,0.58,2026-05-20,0721,N20,VIIRS,l,2,317.88,7.51,D,0
31.16258,75.56895,354.59,0.38,0.59,2026-05-20,0721,N20,VIIRS,n,2,319.12,10.97,D,0
31.17959,75.59219,346.58,0.38,0.58,2026-05-20,0721,N20,VIIRS,l,2,317.26,11.06,D,0
31.24945,75.80803,344.95,0.36,0.58,2026-05-20,0721,N20,VIIRS,l,2,315.29,4.25,D,0
31.2949,75.81298,347.51,0.36,0.58,2026-05-20,0721,N20,VIIRS,n,2,316.23,4.19,D,0
30.44569,75.98601,342.7,0.66,0.73,2026-05-20,0901,N20,VIIRS,n,2,311.24,7.47,D,0
30.44763,75.98675,338.72,0.66,0.73,2026-05-20,0901,N20,VIIRS,l,2,310.29,9.02,D,0
30.74716,75.46589,342.17,0.62,0.71,2026-05-20,0901,N20,VIIRS,n,2,309.64,5.74,D,0
30.75161,75.46684,335.16,0.62,0.72,2026-05-20,0902,N20,VIIRS,l,2,307.66,3.62,D,0
30.75132,75.46022,338.23,0.62,0.71,2026-05-20,0902,N20,VIIRS,n,2,305.28,3.62,D,0
30.80799,76.17927,336.15,0.69,0.74,2026-05-20,0902,N20,VIIRS,l,2,310.48,4.07,D,0
30.9588,76.31451,342.47,0.7,0.75,2026-05-20,0902,N20,VIIRS,n,2,312.13,6.79,D,0
30.95401,76.02919,343.3,0.67,0.74,2026-05-20,0902,N20,VIIRS,n,2,311.98,16.15,D,0
30.95495,76.02749,346.71,0.67,0.74,2026-05-20,0902,N20,VIIRS,n,2,312.39,14.65,D,0
30.98726,75.64108,334.7,0.64,0.72,2026-05-20,0902,N20,VIIRS,l,2,308.7,2.85,D,0
30.98698,75.63427,335.63,0.64,0.72,2026-05-20,0902,N20,VIIRS,l,2,309.24,2.85,D,0
31.00884,75.67419,341.97,0.64,0.72,2026-05-20,0902,N20,VIIRS,n,2,311.15,9.57,D,0
31.00855,75.66732,341.4,0.64,0.72,2026-05-20,0902,N20,VIIRS,l,2,312.26,13.05,D,0
31.07649,75.83022,344.66,0.66,0.73,2026-05-20,0902,N20,VIIRS,n,2,311.76,11.72,D,0
31.07586,75.81625,337.17,0.66,0.73,2026-05-20,0902,N20,VIIRS,l,2,311.88,9.58,D,0
31.07758,75.70513,342.84,0.65,0.73,2026-05-20,0902,N20,VIIRS,n,2,311.08,11.52,D,0
31.09163,75.86467,338.21,0.66,0.73,2026-05-20,0902,N20,VIIRS,l,2,309.14,9.26,D,0
31.07203,75.83097,348.16,0.66,0.73,2026-05-20,0902,N20,VIIRS,n,2,314.32,9.78,D,0
31.07827,75.81667,338.59,0.66,0.73,2026-05-20,0902,N20,VIIRS,l,2,311.67,6,D,0
31.07387,75.70575,336.39,0.65,0.73,2026-05-20,0902,N20,VIIRS,l,2,309.95,5.51,D,0
31.0806,75.70542,339.95,0.65,0.73,2026-05-20,0902,N20,VIIRS,l,2,310.09,5.51,D,0
31.09375,75.86511,340.95,0.66,0.73,2026-05-20,0902,N20,VIIRS,n,2,310.35,5.37,D,0
31.12625,75.66884,337.24,0.64,0.72,2026-05-20,0902,N20,VIIRS,l,2,311.34,4.94,D,0
31.16707,75.99,337.29,0.67,0.74,2026-05-20,0902,N20,VIIRS,l,2,309.68,4.56,D,0
31.20243,75.71375,338.16,0.65,0.73,2026-05-20,0902,N20,VIIRS,l,2,310.01,6.82,D,0
31.16808,75.98846,336.39,0.67,0.74,2026-05-20,0902,N20,VIIRS,l,2,310.07,4.85,D,0
31.23603,75.80781,341.67,0.66,0.73,2026-05-20,0902,N20,VIIRS,n,2,308.95,6.63,D,0
31.23574,75.80077,347.78,0.66,0.73,2026-05-20,0902,N20,VIIRS,n,2,310.63,6.63,D,0
31.24281,75.80754,334.74,0.66,0.73,2026-05-20,0902,N20,VIIRS,l,2,309.3,6.63,D,0
31.27655,75.96215,340.53,0.67,0.74,2026-05-20,0902,N20,VIIRS,l,2,310.63,8.54,D,0
31.30262,75.93237,348.84,0.67,0.73,2026-05-20,0902,N20,VIIRS,n,2,310.33,8.92,D,0
31.30433,75.93642,344.36,0.67,0.74,2026-05-20,0902,N20,VIIRS,n,2,309.43,9.17,D,0
30.43347,75.94346,332.22,0.7,0.75,2026-05-21,0702,N20,VIIRS,n,2,298.4,3.73,D,0
30.43149,75.9365,333.51,0.7,0.75,2026-05-21,0702,N20,VIIRS,n,2,299.21,3.73,D,0
30.92987,76.07591,333.99,0.67,0.74,2026-05-21,0702,N20,VIIRS,n,2,301.5,4.76,D,0
31.02394,76.20827,339.19,0.65,0.73,2026-05-21,0702,N20,VIIRS,n,2,303.35,6.89,D,0
31.02212,76.20173,338.95,0.66,0.73,2026-05-21,0702,N20,VIIRS,n,2,304.06,6.89,D,0
30.80148,75.42058,332.39,0.73,0.76,2026-05-21,0702,N20,VIIRS,n,2,294.25,3.71,D,0
31.02048,76.20312,348.23,0.65,0.73,2026-05-21,0702,N20,VIIRS,n,2,303.68,10.6,D,0
30.93115,75.50873,333.49,0.72,0.76,2026-05-21,0702,N20,VIIRS,n,2,296.57,4.37,D,0
31.05849,75.84786,337.01,0.68,0.74,2026-05-21,0702,N20,VIIRS,n,2,297.25,4.61,D,0
31.16246,76.1123,341.36,0.66,0.73,2026-05-21,0702,N20,VIIRS,n,2,302.86,6.14,D,0
31.03328,75.42899,334.37,0.72,0.76,2026-05-21,0702,N20,VIIRS,n,2,295.48,6.12,D,0
31.03442,75.42991,337.25,0.72,0.76,2026-05-21,0702,N20,VIIRS,n,2,295.04,6.16,D,0
31.1354,75.72771,342.27,0.69,0.74,2026-05-21,0702,N20,VIIRS,n,2,297.68,8.89,D,0
31.22698,76.02221,335.12,0.66,0.73,2026-05-21,0702,N20,VIIRS,n,2,300.47,2.54,D,0
31.13196,75.69062,333.45,0.7,0.75,2026-05-21,0702,N20,VIIRS,n,2,298.31,4.43,D,0
31.13154,75.61334,335.74,0.7,0.75,2026-05-21,0702,N20,VIIRS,n,2,297.38,10.14,D,0
31.12952,75.60632,352.61,0.7,0.75,2026-05-21,0702,N20,VIIRS,n,2,298.12,15.48,D,0
31.17255,75.70567,352.17,0.69,0.74,2026-05-21,0702,N20,VIIRS,n,2,299.07,11.07,D,0
31.17437,75.7039,347.43,0.69,0.74,2026-05-21,0702,N20,VIIRS,n,2,298.42,8.78,D,0
31.22306,75.64658,331.08,0.7,0.75,2026-05-21,0702,N20,VIIRS,n,2,296.57,3.44,D,0
30.47338,75.82164,335.3,0.34,0.56,2026-05-21,0843,N20,VIIRS,n,2,304.75,1.32,D,0
30.51424,76.13684,367,0.35,0.57,2026-05-21,0843,N20,VIIRS,h,2,304.29,6.59,D,0
30.50633,75.90763,336.55,0.34,0.56,2026-05-21,0843,N20,VIIRS,n,2,303.91,1.29,D,0
30.57699,76.19453,339.27,0.35,0.57,2026-05-21,0843,N20,VIIRS,n,2,303.09,2.45,D,0
30.54002,75.71609,335.82,0.33,0.55,2026-05-21,0843,N20,VIIRS,n,2,305.14,2.11,D,0
30.60878,75.50553,346.74,0.32,0.55,2026-05-21,0843,N20,VIIRS,n,2,306.39,4.41,D,0
30.64639,75.65695,334.11,0.33,0.55,2026-05-21,0843,N20,VIIRS,n,2,303.21,1.91,D,0
30.65176,75.47045,333.14,0.32,0.55,2026-05-21,0843,N20,VIIRS,n,2,303.1,1.4,D,0
30.67222,75.47175,342.02,0.32,0.55,2026-05-21,0843,N20,VIIRS,n,2,303.87,3.18,D,0
30.72716,75.59632,330.52,0.33,0.55,2026-05-21,0843,N20,VIIRS,l,2,303.44,2.36,D,0
30.73035,75.57176,343.7,0.33,0.55,2026-05-21,0843,N20,VIIRS,n,2,304.17,1.34,D,0
30.81672,75.56299,343.01,0.33,0.55,2026-05-21,0843,N20,VIIRS,n,2,306.54,4.34,D,0
30.81526,75.56537,333.22,0.33,0.55,2026-05-21,0843,N20,VIIRS,l,2,303.79,1.14,D,0
30.81499,75.56194,331.49,0.33,0.55,2026-05-21,0843,N20,VIIRS,l,2,304.83,1.14,D,0
30.82007,75.56142,330.14,0.33,0.55,2026-05-21,0843,N20,VIIRS,l,2,303.79,1.14,D,0
30.83363,75.47393,334.21,0.32,0.55,2026-05-21,0843,N20,VIIRS,n,2,302.98,0.93,D,0
30.85012,75.61749,335,0.33,0.55,2026-05-21,0843,N20,VIIRS,l,2,306.48,3.01,D,0
30.9262,76.26494,339.44,0.36,0.57,2026-05-21,0843,N20,VIIRS,n,2,308.03,3.56,D,0
30.85624,75.37634,339.78,0.32,0.54,2026-05-21,0843,N20,VIIRS,n,2,306.01,2.19,D,0
30.85596,75.37299,336.75,0.32,0.54,2026-05-21,0843,N20,VIIRS,l,2,307.04,2.19,D,0
30.91489,76.04712,333.18,0.35,0.57,2026-05-21,0843,N20,VIIRS,l,2,304.29,2.3,D,0
30.94736,76.33233,334.67,0.36,0.58,2026-05-21,0843,N20,VIIRS,l,2,307.13,1.49,D,0
30.99502,76.05467,340.41,0.35,0.57,2026-05-21,0843,N20,VIIRS,n,2,302.9,5.45,D,0
30.99474,76.05096,334.71,0.35,0.57,2026-05-21,0843,N20,VIIRS,n,2,304.3,3.27,D,0
30.95748,75.44036,332.85,0.32,0.55,2026-05-21,0843,N20,VIIRS,l,2,305.82,3.74,D,0
31.03196,76.26333,332.87,0.36,0.57,2026-05-21,0843,N20,VIIRS,l,2,307.47,5,D,0
31.03167,76.25952,353.29,0.36,0.57,2026-05-21,0843,N20,VIIRS,n,2,310.02,7.25,D,0
31.04623,76.17027,337.38,0.36,0.57,2026-05-21,0843,N20,VIIRS,l,2,308.06,2.6,D,0
31.03149,75.71925,335.02,0.34,0.56,2026-05-21,0843,N20,VIIRS,l,2,307.11,3.29,D,0
31.05147,75.6805,347.5,0.33,0.56,2026-05-21,0843,N20,VIIRS,n,2,307.81,4.8,D,0
31.03242,75.43478,338.36,0.32,0.55,2026-05-21,0843,N20,VIIRS,n,2,305.9,4.28,D,0
31.06937,75.77882,337.37,0.34,0.56,2026-05-21,0843,N20,VIIRS,l,2,307.81,3.11,D,0
31.10496,76.18295,334.72,0.36,0.57,2026-05-21,0843,N20,VIIRS,l,2,305.63,3.14,D,0
31.09052,75.98875,336.02,0.35,0.57,2026-05-21,0843,N20,VIIRS,l,2,307.72,2.06,D,0
31.09575,75.98824,334.26,0.35,0.57,2026-05-21,0843,N20,VIIRS,l,2,306.64,2.06,D,0
31.09546,75.98456,340.39,0.35,0.57,2026-05-21,0843,N20,VIIRS,n,2,306.62,2.06,D,0
31.08569,75.78805,367,0.34,0.56,2026-05-21,0843,N20,VIIRS,h,2,308.62,3.86,D,0
31.08597,75.79163,336.5,0.34,0.56,2026-05-21,0843,N20,VIIRS,n,2,306.63,3.86,D,0
31.09058,75.78395,337,0.34,0.56,2026-05-21,0843,N20,VIIRS,n,2,307.53,3.18,D,0
31.07781,75.49203,342.94,0.33,0.55,2026-05-21,0843,N20,VIIRS,n,2,305.55,3.22,D,0
31.14372,76.20217,340.42,0.36,0.57,2026-05-21,0843,N20,VIIRS,n,2,306.23,3.92,D,0
31.13643,75.96951,336.45,0.35,0.57,2026-05-21,0843,N20,VIIRS,n,2,306.35,2.33,D,0
31.11788,75.73454,333.51,0.34,0.56,2026-05-21,0843,N20,VIIRS,l,2,304.9,1.03,D,0
31.14602,75.95751,336.64,0.35,0.57,2026-05-21,0843,N20,VIIRS,n,2,304.92,2.18,D,0
31.14573,75.95383,334.41,0.35,0.57,2026-05-21,0843,N20,VIIRS,l,2,305.75,2.21,D,0
31.1431,75.62687,335.58,0.33,0.55,2026-05-21,0843,N20,VIIRS,l,2,307.32,2,D,0
31.15063,75.65803,367,0.33,0.56,2026-05-21,0843,N20,VIIRS,h,2,306.48,5.13,D,0
31.15036,75.6545,345.37,0.33,0.56,2026-05-21,0843,N20,VIIRS,n,2,306.64,7.05,D,0
31.15576,75.65752,340.8,0.33,0.56,2026-05-21,0843,N20,VIIRS,n,2,307.33,5.13,D,0
31.2025,76.06998,336.09,0.35,0.57,2026-05-21,0843,N20,VIIRS,n,2,304.89,2.03,D,0
31.2209,75.96351,339.45,0.35,0.57,2026-05-21,0843,N20,VIIRS,n,2,307.37,4.38,D,0
31.22062,75.95982,340.74,0.35,0.57,2026-05-21,0843,N20,VIIRS,n,2,307.34,3.84,D,0
31.27067,75.77797,354.6,0.34,0.56,2026-05-21,0843,N20,VIIRS,n,2,307.03,3.76,D,0
31.27584,75.77746,338.48,0.34,0.56,2026-05-21,0843,N20,VIIRS,n,2,305.89,1.18,D,0
31.27802,75.73742,340.1,0.34,0.56,2026-05-21,0843,N20,VIIRS,n,2,307.18,2.62,D,0
31.3067,75.83996,346.25,0.34,0.56,2026-05-21,0843,N20,VIIRS,n,2,307.81,5.9,D,0
31.30871,75.73184,322.25,0.53,0.42,2026-05-21,2106,N20,VIIRS,n,2,294.52,6.26,N,0
30.48677,75.98436,340.98,0.55,0.42,2026-05-22,0824,N20,VIIRS,n,2,310.84,3.57,D,0
30.49132,75.98947,337.56,0.55,0.43,2026-05-22,0824,N20,VIIRS,l,2,308.1,3.57,D,0
30.63175,75.61162,342.33,0.53,0.42,2026-05-22,0824,N20,VIIRS,l,2,314.07,8.54,D,0
30.62861,75.58424,347.9,0.52,0.42,2026-05-22,0824,N20,VIIRS,n,2,311.81,13,D,0
30.63621,75.61652,341.89,0.53,0.42,2026-05-22,0824,N20,VIIRS,l,2,313.32,7.48,D,0
30.71728,76.01627,340.06,0.55,0.43,2026-05-22,0824,N20,VIIRS,l,2,311.96,10.88,D,0
30.7212,76.0157,341,0.55,0.43,2026-05-22,0824,N20,VIIRS,n,2,310.15,7.42,D,0
30.69561,75.62424,343.71,0.53,0.42,2026-05-22,0824,N20,VIIRS,n,2,311.64,6.32,D,0
30.73722,75.76717,338.28,0.54,0.42,2026-05-22,0824,N20,VIIRS,l,2,311.26,5.48,D,0
30.80164,75.71191,342.21,0.53,0.42,2026-05-22,0824,N20,VIIRS,n,2,311.43,8.6,D,0
30.76821,75.42674,337.24,0.52,0.41,2026-05-22,0824,N20,VIIRS,l,2,308.99,6.19,D,0
30.88051,76.29738,340.24,0.38,0.43,2026-05-22,0824,N20,VIIRS,n,2,308.27,2.12,D,0
30.91034,76.36759,341.35,0.39,0.44,2026-05-22,0824,N20,VIIRS,l,2,311.89,4.39,D,0
30.96482,75.98679,338.34,0.55,0.43,2026-05-22,0824,N20,VIIRS,l,2,311.47,7.7,D,0
30.95249,75.49361,346.36,0.52,0.42,2026-05-22,0824,N20,VIIRS,n,2,312.94,11.97,D,0
30.94245,75.37342,337.22,0.52,0.41,2026-05-22,0824,N20,VIIRS,l,2,308.72,3.29,D,0
31.00429,75.70581,347.57,0.54,0.42,2026-05-22,0824,N20,VIIRS,n,2,310.52,10.83,D,0
31.00815,75.70523,350.25,0.54,0.42,2026-05-22,0824,N20,VIIRS,n,2,313.86,12.76,D,0
31.00427,75.67158,343.22,0.53,0.42,2026-05-22,0824,N20,VIIRS,n,2,312.63,12.86,D,0
31.00363,75.66598,347.71,0.53,0.42,2026-05-22,0824,N20,VIIRS,n,2,312.62,20.14,D,0
31.01914,75.73221,346.55,0.54,0.42,2026-05-22,0824,N20,VIIRS,n,2,310.78,10.33,D,0
30.98429,75.43316,346.65,0.52,0.42,2026-05-22,0824,N20,VIIRS,n,2,308.69,12.84,D,0
31.02492,75.71412,348.6,0.54,0.42,2026-05-22,0824,N20,VIIRS,n,2,313.96,18.05,D,0
31.05212,75.59444,341.45,0.53,0.42,2026-05-22,0824,N20,VIIRS,l,2,311.67,9.17,D,0
31.04985,75.43787,340.11,0.52,0.42,2026-05-22,0824,N20,VIIRS,l,2,310.25,8.63,D,0
31.10536,75.71749,339.39,0.54,0.42,2026-05-22,0824,N20,VIIRS,n,2,309.37,6.19,D,0
31.11891,75.69821,338.72,0.54,0.42,2026-05-22,0824,N20,VIIRS,l,2,309.43,6.71,D,0
31.11826,75.69257,341.44,0.54,0.42,2026-05-22,0824,N20,VIIRS,l,2,311.51,6.71,D,0
31.14469,75.68287,341.73,0.54,0.42,2026-05-22,0824,N20,VIIRS,l,2,312.37,13.57,D,0
31.14559,75.68047,342.56,0.54,0.42,2026-05-22,0824,N20,VIIRS,n,2,311.53,15.22,D,0
31.16737,75.73471,339.53,0.54,0.42,2026-05-22,0824,N20,VIIRS,n,2,307.98,7.77,D,0
31.15792,75.64997,347.27,0.54,0.42,2026-05-22,0824,N20,VIIRS,n,2,311.13,10.69,D,0
31.16131,75.57547,342.95,0.53,0.42,2026-05-22,0824,N20,VIIRS,n,2,309.43,5.56,D,0
31.2798,75.77905,332.44,0.55,0.42,2026-05-22,0824,N20,VIIRS,l,2,304.91,1.24,D,0
31.2955,75.70704,334.51,0.54,0.42,2026-05-22,0824,N20,VIIRS,l,2,305.3,4.72,D,0
31.29486,75.70135,340.56,0.54,0.42,2026-05-22,0824,N20,VIIRS,n,2,309.4,5.68,D,0
30.45239,76.26495,346.15,0.39,0.36,2026-05-23,0805,N20,VIIRS,n,2,316.47,5.93,D,0
30.72054,76.01117,349.38,0.39,0.36,2026-05-23,0805,N20,VIIRS,n,2,320.28,11.06,D,0
30.67561,75.42162,339.23,0.38,0.36,2026-05-23,0805,N20,VIIRS,l,2,311.67,3.43,D,0
30.748,75.44843,337.91,0.38,0.36,2026-05-23,0805,N20,VIIRS,l,2,309.49,3.47,D,0
30.82628,75.58418,346.63,0.38,0.36,2026-05-23,0805,N20,VIIRS,n,2,318.16,6.51,D,0
30.93626,76.29968,349.51,0.39,0.36,2026-05-23,0805,N20,VIIRS,n,2,319.18,10.41,D,0
30.92623,76.23116,346.03,0.39,0.36,2026-05-23,0805,N20,VIIRS,l,2,319.3,8.64,D,0
30.94192,76.31517,352.33,0.39,0.36,2026-05-23,0805,N20,VIIRS,n,2,321.5,13.71,D,0
30.95231,76.0857,346.07,0.39,0.36,2026-05-23,0805,N20,VIIRS,l,2,318.39,9.84,D,0
30.95256,75.6779,345.78,0.38,0.36,2026-05-23,0805,N20,VIIRS,l,2,319.5,7.87,D,0
31.02572,76.10007,345.42,0.39,0.36,2026-05-23,0805,N20,VIIRS,l,2,317.98,10.01,D,0
30.94942,75.56757,347.18,0.38,0.36,2026-05-23,0805,N20,VIIRS,l,2,317.24,8.07,D,0
30.95417,75.55428,348.63,0.38,0.36,2026-05-23,0805,N20,VIIRS,l,2,320.43,9.74,D,0
31.01083,75.76962,347,0.38,0.36,2026-05-23,0805,N20,VIIRS,l,2,318.79,10.16,D,0
31.03173,75.68314,350.86,0.38,0.36,2026-05-23,0805,N20,VIIRS,l,2,321.33,11.98,D,0
31.04551,75.72977,367,0.38,0.36,2026-05-23,0805,N20,VIIRS,h,2,323.27,13.2,D,0
31.10802,75.80768,348.31,0.39,0.36,2026-05-23,0805,N20,VIIRS,n,2,314.68,6.29,D,0
31.05398,75.42767,343.76,0.38,0.36,2026-05-23,0805,N20,VIIRS,l,2,317.67,9.82,D,0
31.14884,75.94437,343.32,0.39,0.36,2026-05-23,0805,N20,VIIRS,l,2,315.88,1.98,D,0
31.1862,76.1524,348.15,0.39,0.36,2026-05-23,0805,N20,VIIRS,l,2,319.49,8,D,0
31.1477,75.89087,349.88,0.39,0.36,2026-05-23,0805,N20,VIIRS,n,2,318.64,14.91,D,0
31.14864,75.82874,347.07,0.39,0.36,2026-05-23,0805,N20,VIIRS,l,2,319.11,14.78,D,0
31.16627,75.87888,341.96,0.39,0.36,2026-05-23,0805,N20,VIIRS,l,2,315.55,1.76,D,0
31.17012,75.6554,367,0.38,0.36,2026-05-23,0805,N20,VIIRS,h,2,322.97,17.14,D,0
31.17281,75.65073,353.75,0.38,0.36,2026-05-23,0805,N20,VIIRS,n,2,323.03,17.14,D,0
31.1565,75.54279,345.33,0.38,0.36,2026-05-23,0805,N20,VIIRS,l,2,317.46,10.24,D,0
31.18508,75.66472,348.21,0.38,0.36,2026-05-23,0805,N20,VIIRS,l,2,319.87,11.83,D,0
31.184,75.5454,347.12,0.38,0.36,2026-05-23,0805,N20,VIIRS,l,2,321.81,17.27,D,0
31.21891,75.73201,348.35,0.38,0.36,2026-05-23,0805,N20,VIIRS,n,2,316.65,6.71,D,0
31.207,75.62734,347.46,0.38,0.36,2026-05-23,0805,N20,VIIRS,l,2,320.35,7.84,D,0
31.21686,75.62533,346.32,0.38,0.36,2026-05-23,0805,N20,VIIRS,l,2,321.27,6.69,D,0
31.27432,75.87379,352.61,0.39,0.36,2026-05-23,0805,N20,VIIRS,n,2,321.37,7.97,D,0
31.2534,75.73336,342.34,0.38,0.36,2026-05-23,0805,N20,VIIRS,l,2,315.31,4.05,D,0
31.30965,75.83772,343.42,0.39,0.36,2026-05-23,0805,N20,VIIRS,l,2,317.78,7.62,D,0
30.49114,76.2003,339.1,0.48,0.4,2026-05-24,0746,N20,VIIRS,l,2,313.58,11.7,D,0
30.47495,76.01093,338.49,0.49,0.41,2026-05-24,0746,N20,VIIRS,l,2,312.24,4.71,D,0
30.6092,75.93766,349.28,0.49,0.41,2026-05-24,0746,N20,VIIRS,n,2,318.12,11.63,D,0
30.58904,75.85979,348.24,0.5,0.41,2026-05-24,0746,N20,VIIRS,n,2,316.15,12.22,D,0
30.61191,75.93926,342.95,0.49,0.41,2026-05-24,0746,N20,VIIRS,l,2,316.48,8.65,D,0
30.71019,75.99384,344.75,0.49,0.4,2026-05-24,0746,N20,VIIRS,n,2,315.26,7.37,D,0
30.76335,75.52288,334.56,0.51,0.41,2026-05-24,0746,N20,VIIRS,l,2,309.01,2.61,D,0
31.14412,75.44494,336.3,0.51,0.41,2026-05-24,0746,N20,VIIRS,l,2,308.21,2.87,D,0
30.43655,76.31646,339.19,0.57,0.52,2026-05-25,0727,N20,VIIRS,l,2,313.61,9.05,D,0
30.57148,76.33657,337.42,0.57,0.52,2026-05-25,0727,N20,VIIRS,l,2,311.27,6.77,D,0
30.52734,76.03075,336.16,0.59,0.53,2026-05-25,0727,N20,VIIRS,l,2,307.46,3.78,D,0
30.63636,75.4285,332.78,0.32,0.54,2026-05-25,0727,N20,VIIRS,l,2,305.34,0.56,D,0
30.98034,76.16887,335.1,0.57,0.52,2026-05-25,0727,N20,VIIRS,l,2,309.91,3.22,D,0
31.09186,76.10843,340.1,0.57,0.52,2026-05-25,0727,N20,VIIRS,l,2,311.74,6.76,D,0
31.05137,75.9074,339.79,0.59,0.53,2026-05-25,0727,N20,VIIRS,l,2,312.02,5.13,D,0
31.04929,75.87611,338.14,0.59,0.53,2026-05-25,0727,N20,VIIRS,l,2,311.82,5.21,D,0
31.10662,75.70897,340.01,0.6,0.53,2026-05-25,0727,N20,VIIRS,l,2,313.61,8.15,D,0
31.04987,75.44032,339.64,0.62,0.54,2026-05-25,0727,N20,VIIRS,l,2,312.18,6.73,D,0
31.19669,75.90617,341.57,0.58,0.52,2026-05-25,0727,N20,VIIRS,l,2,312.64,5.14,D,0
31.16068,75.6791,344.79,0.6,0.53,2026-05-25,0727,N20,VIIRS,n,2,312.93,6.92,D,0
31.15914,75.67794,345.87,0.6,0.53,2026-05-25,0728,N20,VIIRS,n,2,312.78,8.91,D,0
30.49963,76.37589,348.69,0.53,0.67,2026-05-26,0709,N20,VIIRS,n,2,317.04,8.41,D,0
30.42889,76.08489,337.53,0.56,0.69,2026-05-26,0709,N20,VIIRS,l,2,309.29,2.76,D,0
30.44705,76.07845,339.48,0.56,0.69,2026-05-26,0709,N20,VIIRS,l,2,311.56,5.22,D,0
30.45309,76.07628,350.49,0.56,0.69,2026-05-26,0709,N20,VIIRS,n,2,314.44,5.22,D,0
30.42653,76.08343,336.53,0.56,0.69,2026-05-26,0709,N20,VIIRS,l,2,309.42,1.97,D,0
30.45075,76.07491,353.17,0.56,0.69,2026-05-26,0709,N20,VIIRS,n,2,315.49,8.36,D,0
30.74173,75.91269,344.31,0.56,0.69,2026-05-26,0709,N20,VIIRS,n,2,314.05,5.09,D,0
30.74063,75.91544,339.55,0.56,0.69,2026-05-26,0709,N20,VIIRS,l,2,312.94,3.68,D,0
30.78769,75.48605,335.94,0.59,0.7,2026-05-26,0709,N20,VIIRS,l,2,306.8,5.47,D,0
31.02946,76.18626,367,0.53,0.67,2026-05-26,0709,N20,VIIRS,h,2,313.69,9.23,D,0
30.92725,75.77756,337.05,0.56,0.69,2026-05-26,0709,N20,VIIRS,n,2,311.84,2.38,D,0
31.02974,76.18523,367,0.53,0.67,2026-05-26,0709,N20,VIIRS,h,2,313.82,9.05,D,0
30.93121,75.7756,337.34,0.56,0.69,2026-05-26,0709,N20,VIIRS,l,2,311.72,3.18,D,0
31.03058,76.04345,367,0.54,0.68,2026-05-26,0709,N20,VIIRS,h,2,317.57,11.1,D,0
31.03949,76.05217,343.88,0.54,0.68,2026-05-26,0709,N20,VIIRS,n,2,315.83,5.4,D,0
31.03802,76.04672,347.55,0.54,0.68,2026-05-26,0709,N20,VIIRS,n,2,318.48,5.4,D,0
31.01977,75.57185,339.87,0.58,0.69,2026-05-26,0709,N20,VIIRS,l,2,312.25,4.75,D,0
31.07558,75.72723,343.91,0.56,0.69,2026-05-26,0709,N20,VIIRS,n,2,312.83,9.05,D,0
31.08163,75.72501,367,0.56,0.69,2026-05-26,0709,N20,VIIRS,h,2,314.6,9.05,D,0
31.14758,75.96893,349.8,0.54,0.68,2026-05-26,0709,N20,VIIRS,n,2,315.92,5.17,D,0
31.08317,75.73065,354.77,0.56,0.69,2026-05-26,0709,N20,VIIRS,n,2,310.49,14.87,D,0
31.1412,75.6089,348.81,0.57,0.69,2026-05-26,0709,N20,VIIRS,n,2,314.95,6.97,D,0
30.58246,76.10494,338.6,0.44,0.62,2026-05-26,0849,N20,VIIRS,l,2,311.04,2.82,D,0
30.58342,76.1058,344.12,0.44,0.62,2026-05-26,0849,N20,VIIRS,n,2,311.12,3.67,D,0
30.6088,75.62793,341.87,0.41,0.61,2026-05-26,0849,N20,VIIRS,n,2,306.87,4.32,D,0
30.6085,75.62362,341.43,0.41,0.61,2026-05-26,0849,N20,VIIRS,n,2,307.45,4.31,D,0
30.59586,75.44474,338.53,0.4,0.6,2026-05-26,0849,N20,VIIRS,l,2,310.67,3.4,D,0
30.72917,75.76018,334.85,0.42,0.61,2026-05-26,0849,N20,VIIRS,l,2,308.29,2.83,D,0
30.7736,76.07446,367,0.44,0.62,2026-05-26,0849,N20,VIIRS,h,2,312.72,8.22,D,0
30.77437,76.07292,367,0.44,0.62,2026-05-26,0849,N20,VIIRS,h,2,314.44,8.67,D,0
30.83847,75.73613,341.27,0.42,0.61,2026-05-26,0849,N20,VIIRS,n,2,311.79,3.74,D,0
30.92114,76.08742,343.26,0.44,0.62,2026-05-26,0849,N20,VIIRS,n,2,312.97,11.65,D,0
30.92084,76.08277,354.45,0.44,0.62,2026-05-26,0849,N20,VIIRS,n,2,317.85,11.65,D,0
30.96583,76.24009,338.07,0.45,0.63,2026-05-26,0849,N20,VIIRS,l,2,312.96,5.26,D,0
30.96764,76.08849,367,0.44,0.62,2026-05-26,0849,N20,VIIRS,h,2,315.84,15.81,D,0
30.96243,76.00971,347.13,0.44,0.62,2026-05-26,0849,N20,VIIRS,n,2,314.67,6.68,D,0
30.96212,76.0051,350.37,0.44,0.62,2026-05-26,0849,N20,VIIRS,n,2,316.17,6.68,D,0
30.92806,75.50726,337.82,0.41,0.6,2026-05-26,0849,N20,VIIRS,l,2,312.31,4.31,D,0
31.01813,75.53031,367,0.41,0.6,2026-05-26,0849,N20,VIIRS,h,2,313.85,7.04,D,0
31.31126,75.87497,367,0.43,0.62,2026-05-26,0849,N20,VIIRS,h,2,316.57,9.33,D,0
30.7087,76.18681,312.36,0.47,0.48,2026-05-26,2113,N20,VIIRS,n,2,293.76,1.14,N,0
30.42397,76.20582,339.95,0.46,0.47,2026-05-27,0830,N20,VIIRS,l,2,314,4.99,D,0
30.47993,75.38083,346.42,0.41,0.45,2026-05-27,0830,N20,VIIRS,l,2,319.6,8.07,D,0
30.78209,75.86388,349.02,0.44,0.46,2026-05-27,0830,N20,VIIRS,n,2,316.49,4.77,D,0
31.03773,75.80534,346.74,0.44,0.46,2026-05-27,0830,N20,VIIRS,l,2,318.97,9.76,D,0
31.01776,75.53498,345.6,0.43,0.46,2026-05-27,0830,N20,VIIRS,n,2,315.11,21.06,D,0
31.01386,75.53157,344.89,0.43,0.46,2026-05-27,0830,N20,VIIRS,l,2,315.99,12.21,D,0
31.01806,75.53101,345.39,0.43,0.46,2026-05-27,0830,N20,VIIRS,l,2,317.11,11.2,D,0
31.09415,75.8176,351.53,0.44,0.46,2026-05-27,0830,N20,VIIRS,n,2,323.02,10.7,D,0
31.14732,76.12962,345.25,0.46,0.47,2026-05-27,0830,N20,VIIRS,l,2,318.12,9.46,D,0
31.22914,76.37697,338.9,0.48,0.48,2026-05-27,0830,N20,VIIRS,n,2,312.21,3.9,D,0
31.23828,75.8,345.99,0.44,0.46,2026-05-27,0830,N20,VIIRS,l,2,317.17,5.84,D,0
31.23779,75.79531,342.82,0.44,0.46,2026-05-27,0830,N20,VIIRS,l,2,316.98,4.64,D,0
30.4779,75.57645,342.24,0.4,0.37,2026-05-28,0811,N20,VIIRS,l,2,313.69,1.7,D,0
30.73046,75.83086,339.83,0.41,0.37,2026-05-28,0811,N20,VIIRS,l,2,314.64,5.65,D,0
30.74471,75.80299,341.1,0.41,0.37,2026-05-28,0811,N20,VIIRS,l,2,314.79,4.83,D,0
30.924,76.35828,340.72,0.42,0.38,2026-05-28,0811,N20,VIIRS,l,2,313.39,7.87,D,0
30.9286,76.36646,343.64,0.42,0.38,2026-05-28,0811,N20,VIIRS,l,2,314.43,11.03,D,0
30.93205,76.36584,343.84,0.42,0.38,2026-05-28,0811,N20,VIIRS,l,2,313.87,8.64,D,0
30.90821,75.57562,343.22,0.4,0.37,2026-05-28,0811,N20,VIIRS,n,2,311.43,5.74,D,0
30.9949,75.99928,343.2,0.41,0.37,2026-05-28,0811,N20,VIIRS,l,2,317.56,6.44,D,0
30.99432,75.99498,343.12,0.41,0.37,2026-05-28,0811,N20,VIIRS,l,2,315.86,6.44,D,0
31.06253,76.13754,341.23,0.42,0.37,2026-05-28,0811,N20,VIIRS,l,2,313.21,6.34,D,0
31.0315,75.90912,346.44,0.41,0.37,2026-05-28,0811,N20,VIIRS,l,2,319.25,8.96,D,0
31.05188,76.03301,343.65,0.41,0.37,2026-05-28,0811,N20,VIIRS,l,2,315.39,6.8,D,0
31.08934,76.12822,339.75,0.42,0.37,2026-05-28,0811,N20,VIIRS,l,2,311.89,0.78,D,0
31.16212,75.56013,339.26,0.4,0.37,2026-05-28,0812,N20,VIIRS,l,2,311.64,6.47,D,0
31.31689,75.92574,345.74,0.41,0.37,2026-05-28,0812,N20,VIIRS,n,2,315.54,7.63,D,0
31.27534,75.54447,340.81,0.4,0.37,2026-05-28,0812,N20,VIIRS,l,2,313.22,6.04,D,0
31.21347,76.22634,307.65,0.41,0.37,2026-05-28,2035,N20,VIIRS,n,2,294.92,1.05,N,0
31.21286,76.23068,311.14,0.41,0.37,2026-05-28,2035,N20,VIIRS,n,2,295.67,1.05,N,0
30.67851,76.3994,297.73,0.41,0.37,2026-05-28,2035,N20,VIIRS,n,2,278.42,0.37,N,0
30.68063,76.26036,296.73,0.41,0.37,2026-05-28,2035,N20,VIIRS,n,2,277,0.18,N,0
30.81496,76.02155,340.02,0.42,0.38,2026-05-29,0753,N20,VIIRS,l,2,309.9,6.99,D,0
31.11518,75.52264,344.26,0.44,0.38,2026-05-29,0753,N20,VIIRS,n,2,310.69,4.57,D,0
31.11865,75.5218,345.26,0.44,0.38,2026-05-29,0753,N20,VIIRS,n,2,311.37,4.57,D,0
31.24639,75.96606,337.74,0.42,0.38,2026-05-29,0753,N20,VIIRS,l,2,310.52,2.74,D,0
31.31013,75.74374,341.95,0.55,0.51,2026-06-01,0837,N20,VIIRS,n,2,302.87,20.2,D,0
30.56017,76.21194,336.96,0.48,0.4,2026-06-02,0818,N20,VIIRS,l,2,308.86,2.68,D,0
31.00738,75.8246,339.95,0.46,0.39,2026-06-02,0818,N20,VIIRS,n,2,307.03,6.03,D,0
31.06728,75.71633,338.68,0.46,0.39,2026-06-02,0818,N20,VIIRS,n,2,306.93,3.73,D,0
31.11302,75.56993,340.93,0.45,0.39,2026-06-02,0818,N20,VIIRS,l,2,311.77,8,D,0
31.25126,76.23567,333.82,0.48,0.4,2026-06-02,0818,N20,VIIRS,l,2,305.01,2.81,D,0
30.84646,75.92138,306.84,0.39,0.36,2026-06-02,2042,N20,VIIRS,n,2,295.75,1.08,N,0
30.60754,76.16834,335.14,0.57,0.43,2026-06-04,0740,N20,VIIRS,l,2,307.34,4.33,D,0
30.6061,76.16649,334.86,0.57,0.43,2026-06-04,0740,N20,VIIRS,l,2,307.95,6.44,D,0
30.9026,76.0131,334.48,0.38,0.44,2026-06-04,0740,N20,VIIRS,l,2,305.53,1.84,D,0
31.19049,76.15423,338.12,0.56,0.43,2026-06-04,0740,N20,VIIRS,n,2,306.97,3.55,D,0
31.189,75.8991,349.14,0.39,0.44,2026-06-04,0740,N20,VIIRS,n,2,309.41,4.77,D,0
30.44197,76.01715,334.5,0.37,0.58,2026-06-05,0721,N20,VIIRS,n,2,301.99,1.77,D,0
30.6121,76.34315,337.92,0.65,0.73,2026-06-06,0703,N20,VIIRS,n,2,299.55,7.03,D,0
30.60975,76.34298,339.81,0.65,0.73,2026-06-06,0703,N20,VIIRS,n,2,299.4,4.89,D,0
30.76283,75.39978,367,0.32,0.55,2026-06-06,0843,N20,VIIRS,h,2,305.97,5.66,D,0
30.76255,75.39639,337.56,0.32,0.55,2026-06-06,0843,N20,VIIRS,n,2,303.72,5.66,D,0
30.76701,75.399,367,0.32,0.55,2026-06-06,0843,N20,VIIRS,h,2,306.13,5.18,D,0
30.76675,75.39561,337.25,0.32,0.55,2026-06-06,0843,N20,VIIRS,n,2,305.18,5.18,D,0
30.94183,75.69576,344.28,0.54,0.42,2026-06-07,0824,N20,VIIRS,l,2,316.63,12,D,0
31.01805,76.31876,338.39,0.39,0.44,2026-06-07,0824,N20,VIIRS,l,2,311.02,6.01,D,0
31.28653,75.47632,341.07,0.53,0.42,2026-06-07,0825,N20,VIIRS,n,2,313.17,8.42,D,0
30.4947,76.19505,345.25,0.39,0.36,2026-06-08,0805,N20,VIIRS,l,2,316.43,8.2,D,0
30.45567,75.84155,346.29,0.38,0.36,2026-06-08,0805,N20,VIIRS,n,2,316.19,2.87,D,0
30.53681,76.20405,343.1,0.39,0.36,2026-06-08,0806,N20,VIIRS,l,2,317.99,5.95,D,0
31.29829,75.79462,312.35,0.49,0.4,2026-06-08,2029,N20,VIIRS,n,2,296.77,0.91,N,0
31.29677,75.79228,311.38,0.49,0.4,2026-06-08,2029,N20,VIIRS,n,2,296.29,1.26,N,0
31.01787,76.32364,344.87,0.47,0.39,2026-06-09,0747,N20,VIIRS,n,2,312.32,5.71,D,0
31.29492,75.79615,340.31,0.49,0.4,2026-06-09,0747,N20,VIIRS,l,2,314.02,5.21,D,0
31.29856,75.79523,339.36,0.49,0.4,2026-06-09,0747,N20,VIIRS,l,2,313.76,5.21,D,0
31.29906,75.79204,307.88,0.6,0.53,2026-06-09,2010,N20,VIIRS,n,2,295.92,1.66,N,0
30.52363,76.18713,345.76,0.57,0.52,2026-06-10,0728,N20,VIIRS,n,2,306.1,8.03,D,0
30.52409,76.18509,342.25,0.57,0.52,2026-06-10,0728,N20,VIIRS,n,2,306.87,9.1,D,0
30.5401,76.0805,344.09,0.58,0.52,2026-06-10,0728,N20,VIIRS,n,2,307.66,9.93,D,0
30.76118,76.17461,334.79,0.57,0.52,2026-06-10,0728,N20,VIIRS,n,2,304.5,2.84,D,0
30.75842,76.17809,330.17,0.57,0.52,2026-06-10,0728,N20,VIIRS,l,2,303.04,3.38,D,0
30.79104,76.27815,332.18,0.56,0.51,2026-06-10,0728,N20,VIIRS,l,2,304.96,1.38,D,0
30.87192,75.57867,348.28,0.61,0.53,2026-06-10,0728,N20,VIIRS,n,2,308.48,8.47,D,0
31.00597,75.85579,337.03,0.59,0.52,2026-06-10,0728,N20,VIIRS,l,2,309.38,7.2,D,0
31.00599,75.85493,336.9,0.58,0.52,2026-06-10,0728,N20,VIIRS,l,2,309.27,8.28,D,0
31.01241,75.4409,351.45,0.62,0.54,2026-06-10,0728,N20,VIIRS,n,2,308.47,8.33,D,0
31.00914,75.4389,344.83,0.62,0.54,2026-06-10,0728,N20,VIIRS,n,2,311.77,9.95,D,0
30.80214,75.5394,334.1,0.79,0.78,2026-06-10,0909,N20,VIIRS,l,2,305.29,5.3,D,0
30.64791,75.41787,333.22,0.59,0.7,2026-06-11,0709,N20,VIIRS,n,2,294.5,3.96,D,0
30.64281,75.41777,333.19,0.59,0.7,2026-06-11,0709,N20,VIIRS,n,2,295.26,4.81,D,0
30.869,76.14587,337.03,0.53,0.67,2026-06-11,0709,N20,VIIRS,n,2,293.49,3.94,D,0
30.5069,75.45306,367,0.4,0.6,2026-06-11,0850,N20,VIIRS,h,2,299.01,6.75,D,0
30.85594,76.31538,367,0.46,0.63,2026-06-11,0850,N20,VIIRS,h,2,296.58,7.11,D,0
30.86541,75.65498,332.94,0.42,0.61,2026-06-11,0850,N20,VIIRS,n,2,299.57,2.52,D,0
30.92297,75.70889,344.17,0.42,0.61,2026-06-11,0850,N20,VIIRS,n,2,299.33,5.35,D,0
30.51074,75.46021,333.75,0.42,0.45,2026-06-12,0831,N20,VIIRS,n,2,297.85,2.34,D,0
30.61707,76.2624,331.54,0.47,0.48,2026-06-12,0831,N20,VIIRS,n,2,296.2,2.78,D,0
30.74199,75.49117,330.26,0.43,0.46,2026-06-12,0831,N20,VIIRS,n,2,297.36,1.92,D,0
30.8893,75.55299,351.35,0.43,0.46,2026-06-12,0831,N20,VIIRS,n,2,299.5,12.84,D,0
30.916,75.4402,342.49,0.42,0.46,2026-06-12,0831,N20,VIIRS,n,2,298.11,7.18,D,0
30.96607,75.54909,331.6,0.43,0.46,2026-06-12,0831,N20,VIIRS,n,2,298.78,3.28,D,0
30.88581,75.90714,336.89,0.42,0.38,2026-06-14,0753,N20,VIIRS,l,2,309.5,4.31,D,0
30.68132,75.72678,348.91,0.49,0.48,2026-06-15,0734,N20,VIIRS,n,2,291.91,7.69,D,0
30.80342,75.58842,334.42,0.49,0.49,2026-06-15,0734,N20,VIIRS,n,2,291.71,3.81,D,0
30.98797,75.46541,339.44,0.5,0.49,2026-06-15,0735,N20,VIIRS,n,2,297.07,4.19,D,0
31.31804,75.39789,336.49,0.49,0.49,2026-06-15,0735,N20,VIIRS,n,2,299.14,4.66,D,0
30.49459,76.14705,344.26,0.44,0.62,2026-06-16,0716,N20,VIIRS,n,2,294.68,4.9,D,0
30.4971,76.14754,343.77,0.44,0.62,2026-06-16,0716,N20,VIIRS,n,2,293.63,5.43,D,0
30.5358,76.11057,367,0.44,0.62,2026-06-16,0716,N20,VIIRS,h,2,293.82,12.71,D,0
30.62394,76.27104,342.64,0.43,0.62,2026-06-16,0716,N20,VIIRS,n,2,293.59,3.98,D,0
30.6214,76.26945,332.64,0.43,0.62,2026-06-16,0716,N20,VIIRS,n,2,293.23,4.09,D,0
30.76348,76.064,338.68,0.44,0.62,2026-06-16,0716,N20,VIIRS,n,2,293.58,3.78,D,0
30.74903,75.81509,333.16,0.45,0.63,2026-06-16,0716,N20,VIIRS,n,2,293.92,4.38,D,0
30.75095,75.81729,336.14,0.45,0.63,2026-06-16,0716,N20,VIIRS,n,2,292.77,3.55,D,0
30.87263,75.55057,352.15,0.47,0.64,2026-06-16,0716,N20,VIIRS,n,2,291.7,5.9,D,0
30.87142,75.54586,342.78,0.47,0.64,2026-06-16,0716,N20,VIIRS,n,2,292.08,5.9,D,0
30.87829,75.54858,341.32,0.47,0.64,2026-06-16,0716,N20,VIIRS,n,2,291.77,5.9,D,0
30.87709,75.54389,335.85,0.47,0.64,2026-06-16,0716,N20,VIIRS,n,2,292.06,5.9,D,0
30.87225,75.54882,367,0.47,0.64,2026-06-16,0716,N20,VIIRS,h,2,292.45,9.75,D,0
30.87791,75.54688,367,0.47,0.64,2026-06-16,0716,N20,VIIRS,h,2,291.88,9.75,D,0
30.91552,75.5492,346.66,0.47,0.64,2026-06-16,0716,N20,VIIRS,n,2,293.92,6.01,D,0
31.1741,75.64361,339.6,0.45,0.63,2026-06-16,0716,N20,VIIRS,n,2,292.26,4.13,D,0
31.21511,75.39852,335.09,0.47,0.64,2026-06-16,0716,N20,VIIRS,n,2,289.95,7.57,D,0
31.31499,75.47579,341.19,0.46,0.64,2026-06-16,0716,N20,VIIRS,n,2,291.46,4.17,D,0
31.31525,75.47382,330.29,0.46,0.63,2026-06-16,0716,N20,VIIRS,n,2,291.29,4.84,D,0
31.31676,75.43269,334.13,0.46,0.64,2026-06-16,0716,N20,VIIRS,n,2,291.34,3.39,D,0
30.8402,75.80479,334.14,0.53,0.67,2026-06-16,0856,N20,VIIRS,n,2,291.72,3.1,D,0
30.96304,75.57376,341.15,0.52,0.67,2026-06-16,0856,N20,VIIRS,n,2,292.56,5.82,D,0
30.9625,75.57258,336.46,0.52,0.67,2026-06-16,0856,N20,VIIRS,n,2,292.78,5.72,D,0
31.03279,75.61198,331.06,0.52,0.67,2026-06-16,0856,N20,VIIRS,n,2,291.89,2.19,D,0
30.50709,76.18501,341.57,0.58,0.52,2026-06-17,0837,N20,VIIRS,n,2,299.08,3.16,D,0
30.56129,75.7677,331.19,0.54,0.51,2026-06-17,0837,N20,VIIRS,n,2,298.91,1.79,D,0
30.65967,76.16474,342.07,0.58,0.52,2026-06-17,0837,N20,VIIRS,n,2,295.78,11.11,D,0
30.7418,76.32277,342.51,0.59,0.53,2026-06-17,0837,N20,VIIRS,n,2,297.38,4.6,D,0
30.73453,76.132,330.19,0.57,0.52,2026-06-17,0837,N20,VIIRS,n,2,296.72,2.17,D,0
30.74502,76.32529,336.61,0.59,0.53,2026-06-17,0837,N20,VIIRS,n,2,296.95,4.31,D,0
30.73416,76.13466,330.24,0.58,0.52,2026-06-17,0837,N20,VIIRS,n,2,296.38,1.96,D,0
30.80139,76.2379,330.72,0.58,0.52,2026-06-17,0837,N20,VIIRS,n,2,297.34,2.31,D,0
30.87113,75.76562,344.46,0.55,0.51,2026-06-17,0837,N20,VIIRS,n,2,299.23,7.65,D,0
30.87584,75.76507,332.44,0.55,0.51,2026-06-17,0837,N20,VIIRS,n,2,296.93,7.65,D,0
30.87739,75.575,332.31,0.53,0.5,2026-06-17,0837,N20,VIIRS,n,2,293.01,3.57,D,0
30.93265,75.37517,347.1,0.52,0.5,2026-06-17,0837,N20,VIIRS,n,2,301.47,20.45,D,0
30.46224,76.21732,336.41,0.48,0.4,2026-06-18,0818,N20,VIIRS,n,2,300.83,4.15,D,0
30.4543,75.62853,333.59,0.45,0.39,2026-06-18,0818,N20,VIIRS,n,2,301.95,2.25,D,0
30.45369,75.62385,332.46,0.45,0.39,2026-06-18,0818,N20,VIIRS,l,2,304.19,3.24,D,0
30.45291,75.62611,338.76,0.45,0.39,2026-06-18,0818,N20,VIIRS,n,2,303.3,4.35,D,0
30.54328,76.24246,344.84,0.48,0.4,2026-06-18,0818,N20,VIIRS,n,2,305.89,23.08,D,0
30.56109,76.02306,333.66,0.47,0.4,2026-06-18,0818,N20,VIIRS,n,2,300.92,2.52,D,0
30.64339,75.93698,331.18,0.47,0.39,2026-06-18,0818,N20,VIIRS,n,2,298.11,3.06,D,0
30.69748,76.34814,339.63,0.49,0.4,2026-06-18,0818,N20,VIIRS,n,2,304.55,4.27,D,0
30.64701,75.93639,338.59,0.47,0.39,2026-06-18,0818,N20,VIIRS,n,2,299.92,4.05,D,0
30.69733,75.7681,331.88,0.46,0.39,2026-06-18,0819,N20,VIIRS,n,2,299.67,4.68,D,0
30.89613,75.63098,334.97,0.46,0.39,2026-06-18,0819,N20,VIIRS,n,2,300.77,2.71,D,0
30.9346,75.38889,332.71,0.45,0.39,2026-06-18,0819,N20,VIIRS,l,2,305.24,4.49,D,0
30.93814,75.3883,335.08,0.45,0.39,2026-06-18,0819,N20,VIIRS,l,2,306.48,4.8,D,0
31.01805,75.45274,336.04,0.45,0.39,2026-06-18,0819,N20,VIIRS,n,2,300.57,5.48,D,0
31.22816,75.43526,333.84,0.45,0.39,2026-06-18,0819,N20,VIIRS,n,2,300.68,1.77,D,0
31.23409,75.42462,336.09,0.45,0.39,2026-06-18,0819,N20,VIIRS,n,2,302.86,4.42,D,0
31.29984,75.92195,337.71,0.47,0.4,2026-06-18,0819,N20,VIIRS,n,2,298.87,4.43,D,0
31.3062,75.42823,336.75,0.45,0.39,2026-06-18,0819,N20,VIIRS,n,2,301,3.92,D,0
31.18694,75.48947,332.86,0.39,0.36,2026-06-19,0800,N20,VIIRS,l,2,301.15,2.2,D,0
30.42701,75.88553,332.09,0.39,0.44,2026-06-20,0741,N20,VIIRS,l,2,304.69,3.86,D,0
30.53116,76.20168,336.57,0.57,0.43,2026-06-20,0741,N20,VIIRS,n,2,306.36,3.94,D,0
30.58412,76.30703,332.36,0.56,0.43,2026-06-20,0741,N20,VIIRS,l,2,304.62,1.16,D,0
30.60054,76.26657,331.93,0.56,0.43,2026-06-20,0741,N20,VIIRS,l,2,303.61,2.15,D,0
30.57986,76.16254,340.75,0.57,0.43,2026-06-20,0741,N20,VIIRS,n,2,304.39,5.37,D,0
30.60441,76.26555,335.55,0.56,0.43,2026-06-20,0741,N20,VIIRS,n,2,304.2,3.53,D,0
30.52985,75.70435,338.08,0.4,0.44,2026-06-20,0741,N20,VIIRS,n,2,301.79,3.07,D,0
30.53385,75.70328,341.55,0.4,0.44,2026-06-20,0741,N20,VIIRS,n,2,301.55,8.69,D,0
30.63927,75.90955,342.19,0.39,0.44,2026-06-20,0741,N20,VIIRS,n,2,303.6,3.9,D,0
30.64624,75.86132,331.26,0.39,0.44,2026-06-20,0741,N20,VIIRS,l,2,301.54,1.91,D,0
30.65416,75.8592,331.5,0.39,0.44,2026-06-20,0741,N20,VIIRS,l,2,303.51,3.28,D,0
30.66186,75.52124,354.08,0.41,0.45,2026-06-20,0741,N20,VIIRS,n,2,302.57,12.44,D,0
30.86917,76.28755,345.83,0.55,0.43,2026-06-20,0741,N20,VIIRS,n,2,304.53,10.52,D,0
30.76136,75.74164,335.92,0.4,0.44,2026-06-20,0741,N20,VIIRS,n,2,302.37,3.03,D,0
30.74634,75.37536,341.83,0.41,0.45,2026-06-20,0741,N20,VIIRS,n,2,294.04,6.27,D,0
30.83107,75.60341,342.23,0.4,0.44,2026-06-20,0741,N20,VIIRS,n,2,302.62,5.39,D,0
30.83024,75.59929,333.27,0.4,0.44,2026-06-20,0741,N20,VIIRS,l,2,304.68,5.11,D,0
30.89974,75.62861,334.64,0.4,0.44,2026-06-20,0741,N20,VIIRS,n,2,299.1,2.1,D,0
30.90771,75.62643,354.08,0.4,0.44,2026-06-20,0741,N20,VIIRS,n,2,303.21,20.51,D,0
30.91867,75.5975,351.14,0.4,0.44,2026-06-20,0741,N20,VIIRS,n,2,301.23,15.99,D,0
30.89555,75.44204,346.5,0.41,0.45,2026-06-20,0741,N20,VIIRS,n,2,288.27,6.73,D,0
30.9346,75.38253,334.82,0.41,0.45,2026-06-20,0741,N20,VIIRS,n,2,290.9,2.91,D,0
31.00965,75.56529,330.47,0.4,0.44,2026-06-20,0741,N20,VIIRS,l,2,301.79,1.22,D,0
31.036,75.67435,341.86,0.39,0.44,2026-06-20,0741,N20,VIIRS,n,2,304.45,3.95,D,0
31.16229,75.50581,332.32,0.4,0.44,2026-06-20,0741,N20,VIIRS,n,2,300.32,1.53,D,0
31.16628,75.50471,331.87,0.4,0.44,2026-06-20,0741,N20,VIIRS,l,2,302.17,1.53,D,0
31.20061,75.42236,338.84,0.4,0.45,2026-06-20,0741,N20,VIIRS,n,2,294.49,2.57,D,0
31.20462,75.42126,341.07,0.4,0.45,2026-06-20,0741,N20,VIIRS,n,2,298.67,3.98,D,0
31.30111,75.41732,337.54,0.4,0.44,2026-06-20,0741,N20,VIIRS,n,2,301.08,3.12,D,0
30.45551,76.20988,336.06,0.35,0.57,2026-06-21,0722,N20,VIIRS,n,2,300.81,2.79,D,0
30.4571,76.20989,340.31,0.35,0.57,2026-06-21,0722,N20,VIIRS,n,2,302.38,3.65,D,0
30.51715,76.30105,367,0.35,0.57,2026-06-21,0722,N20,VIIRS,h,2,299.24,7.38,D,0
30.53993,76.19136,343.94,0.35,0.57,2026-06-21,0722,N20,VIIRS,n,2,298.21,3.79,D,0
30.63646,76.31549,332.89,0.34,0.56,2026-06-21,0722,N20,VIIRS,n,2,301.26,1.01,D,0
30.61971,76.17719,353.26,0.35,0.57,2026-06-21,0722,N20,VIIRS,n,2,296.49,4.7,D,0
30.61885,76.17364,332.76,0.35,0.57,2026-06-21,0722,N20,VIIRS,n,2,298.62,5.67,D,0
30.51604,75.70049,332.52,0.38,0.58,2026-06-21,0722,N20,VIIRS,n,2,300.04,4.92,D,0
30.70313,76.08587,331.09,0.35,0.57,2026-06-21,0722,N20,VIIRS,n,2,299.53,1.34,D,0
30.77355,76.33566,333.17,0.34,0.56,2026-06-21,0722,N20,VIIRS,n,2,302.99,3.07,D,0
30.77273,76.3322,346.19,0.34,0.56,2026-06-21,0722,N20,VIIRS,n,2,302.59,3.07,D,0
30.66451,75.78733,343.25,0.37,0.58,2026-06-21,0722,N20,VIIRS,n,2,300.09,3.87,D,0
30.77663,76.14282,367,0.35,0.57,2026-06-21,0722,N20,VIIRS,h,2,299.16,8.75,D,0
30.82098,76.33173,338.79,0.34,0.56,2026-06-21,0722,N20,VIIRS,n,2,301.83,1.77,D,0
30.77343,76.14524,342.34,0.35,0.57,2026-06-21,0722,N20,VIIRS,n,2,298.83,5.83,D,0
30.77257,76.14172,352.77,0.35,0.57,2026-06-21,0722,N20,VIIRS,n,2,300.33,5.83,D,0
30.82316,76.3285,341.47,0.34,0.56,2026-06-21,0722,N20,VIIRS,n,2,304.95,4.7,D,0
30.84059,76.35629,338.96,0.34,0.56,2026-06-21,0722,N20,VIIRS,n,2,301.96,1.89,D,0
30.78937,76.12114,340.82,0.35,0.57,2026-06-21,0722,N20,VIIRS,n,2,297.64,3.87,D,0
30.84741,76.27246,354.86,0.34,0.56,2026-06-21,0722,N20,VIIRS,n,2,300.76,5.15,D,0
30.84658,76.26899,341.51,0.34,0.56,2026-06-21,0722,N20,VIIRS,n,2,302.81,5.15,D,0
30.71301,75.69281,345.24,0.37,0.58,2026-06-21,0722,N20,VIIRS,n,2,302.35,5.04,D,0
30.85743,76.26926,334.35,0.34,0.56,2026-06-21,0722,N20,VIIRS,n,2,301.71,2.09,D,0
30.90829,76.2566,367,0.34,0.56,2026-06-21,0722,N20,VIIRS,h,2,301.47,4.8,D,0
30.91114,76.25589,345.72,0.34,0.56,2026-06-21,0722,N20,VIIRS,n,2,300.16,2.44,D,0
30.82049,75.67911,333.34,0.37,0.58,2026-06-21,0722,N20,VIIRS,n,2,299.29,1.95,D,0
30.81523,75.61162,332.96,0.37,0.58,2026-06-21,0722,N20,VIIRS,n,2,300.14,1.61,D,0
30.80968,75.58887,353,0.38,0.58,2026-06-21,0722,N20,VIIRS,n,2,297.96,6.36,D,0
30.92153,75.98296,330.69,0.35,0.57,2026-06-21,0722,N20,VIIRS,l,2,302.13,1.7,D,0
30.92578,75.54268,344.78,0.38,0.58,2026-06-21,0722,N20,VIIRS,n,2,302.14,3.07,D,0
31.04405,75.87291,338.53,0.36,0.57,2026-06-21,0722,N20,VIIRS,n,2,300.53,2.52,D,0
30.92686,75.38441,330.75,0.38,0.59,2026-06-21,0722,N20,VIIRS,n,2,300.25,2.09,D,0
30.9364,75.37703,334.68,0.38,0.59,2026-06-21,0722,N20,VIIRS,n,2,301.93,3.06,D,0
31.04503,75.87308,339.72,0.36,0.57,2026-06-21,0722,N20,VIIRS,n,2,300.96,3.12,D,0
30.92478,75.38617,331.77,0.38,0.59,2026-06-21,0722,N20,VIIRS,n,2,299.74,2.7,D,0
30.98804,75.48188,353.8,0.38,0.59,2026-06-21,0722,N20,VIIRS,n,2,299.89,6.44,D,0
31.16586,76.14773,336.39,0.34,0.56,2026-06-21,0722,N20,VIIRS,n,2,300.69,2,D,0
31.16503,76.14425,335.76,0.34,0.56,2026-06-21,0722,N20,VIIRS,n,2,302.72,2,D,0
31.03214,75.45499,330.68,0.38,0.59,2026-06-21,0722,N20,VIIRS,n,2,299.72,1.04,D,0
31.17309,75.5115,344.7,0.37,0.58,2026-06-21,0722,N20,VIIRS,n,2,300.04,4.99,D,0
31.16729,75.46425,349.06,0.38,0.58,2026-06-21,0722,N20,VIIRS,n,2,299.71,6.4,D,0
31.17189,75.51088,350.06,0.37,0.58,2026-06-21,0722,N20,VIIRS,n,2,300.59,5.46,D,0
31.171,75.46204,353.38,0.37,0.58,2026-06-21,0722,N20,VIIRS,n,2,299.47,6.03,D,0
31.18607,75.47759,330.11,0.37,0.58,2026-06-21,0722,N20,VIIRS,n,2,299.95,2.55,D,0
31.19126,75.47588,345.06,0.37,0.58,2026-06-21,0722,N20,VIIRS,n,2,299.24,2.55,D,0
31.22832,75.51276,351.98,0.37,0.58,2026-06-21,0722,N20,VIIRS,n,2,300.8,4.12,D,0
31.239,75.53362,350.96,0.37,0.58,2026-06-21,0722,N20,VIIRS,n,2,300.35,4.74,D,0
31.23147,75.43394,341.96,0.38,0.58,2026-06-21,0722,N20,VIIRS,n,2,297.9,3.35,D,0
31.26118,75.51006,334.29,0.37,0.58,2026-06-21,0722,N20,VIIRS,n,2,298.33,1.66,D,0
30.61611,76.16134,332.67,0.69,0.74,2026-06-21,0903,N20,VIIRS,n,2,295.62,3.24,D,0
30.61435,76.11726,339.69,0.69,0.74,2026-06-21,0903,N20,VIIRS,n,2,296.94,5.15,D,0
30.60872,75.81583,330.68,0.66,0.73,2026-06-21,0903,N20,VIIRS,n,2,298.84,5.51,D,0
30.70283,76.08409,332.92,0.69,0.74,2026-06-21,0903,N20,VIIRS,n,2,296.27,5.11,D,0
30.70268,76.07891,331.81,0.69,0.74,2026-06-21,0903,N20,VIIRS,n,2,296.21,4.44,D,0
30.91614,76.21217,340.52,0.7,0.75,2026-06-21,0903,N20,VIIRS,n,2,297.25,8.36,D,0
30.91526,76.21096,338.34,0.7,0.75,2026-06-21,0903,N20,VIIRS,n,2,297.01,8.7,D,0
31.19628,76.1443,332.9,0.7,0.75,2026-06-21,0903,N20,VIIRS,n,2,296.68,4.3,D,0
31.18974,75.43903,332.64,0.63,0.72,2026-06-21,0903,N20,VIIRS,n,2,298.1,3.95,D,0
31.28983,75.42741,342.61,0.63,0.72,2026-06-21,0903,N20,VIIRS,n,2,299.31,5.94,D,0
31.29307,75.42521,345.61,0.63,0.72,2026-06-21,0903,N20,VIIRS,n,2,299.5,6.48,D,0
30.45806,75.9063,339.08,0.35,0.56,2026-06-22,0844,N20,VIIRS,n,2,283.66,5.62,D,0
30.99835,75.38102,337.15,0.33,0.55,2026-06-22,0844,N20,VIIRS,n,2,295.19,1.93,D,0
31.2288,75.48249,367,0.33,0.55,2026-06-22,0844,N20,VIIRS,h,2,297.1,5.53,D,0
31.22852,75.47899,344.44,0.33,0.55,2026-06-22,0844,N20,VIIRS,n,2,297.44,5.53,D,0
31.25127,75.63426,356.06,0.34,0.56,2026-06-22,0844,N20,VIIRS,n,2,298.48,6.07,D,0
31.25099,75.63066,332.36,0.34,0.56,2026-06-22,0844,N20,VIIRS,n,2,298.53,4.8,D,0
31.31429,75.8978,332.06,0.35,0.57,2026-06-22,0844,N20,VIIRS,n,2,298.27,1.37,D,0
30.53869,76.14969,333.09,0.57,0.43,2026-06-23,0825,N20,VIIRS,n,2,302.26,3.23,D,0
30.54672,76.07655,334.42,0.56,0.43,2026-06-23,0825,N20,VIIRS,n,2,302.87,5.73,D,0
30.54606,76.07067,334.17,0.56,0.43,2026-06-23,0825,N20,VIIRS,n,2,303.15,4.15,D,0
30.52114,75.40934,336.21,0.52,0.42,2026-06-23,0825,N20,VIIRS,n,2,306.97,2.4,D,0
30.64966,75.72016,339.37,0.54,0.42,2026-06-23,0825,N20,VIIRS,n,2,303.19,4.07,D,0
30.71713,76.27786,331.56,0.39,0.44,2026-06-23,0825,N20,VIIRS,l,2,302.4,1.66,D,0
30.78023,76.28442,337.18,0.39,0.44,2026-06-23,0825,N20,VIIRS,n,2,302.28,4.09,D,0
30.77979,76.28036,341.66,0.39,0.44,2026-06-23,0825,N20,VIIRS,n,2,302.28,4.09,D,0
30.79363,76.22093,338.4,0.38,0.44,2026-06-23,0825,N20,VIIRS,n,2,302.04,3.27,D,0
30.80859,76.17291,337.17,0.57,0.43,2026-06-23,0825,N20,VIIRS,n,2,302.88,5.26,D,0
30.8159,76.16576,332.01,0.57,0.43,2026-06-23,0825,N20,VIIRS,l,2,302.46,3.47,D,0
30.85898,76.20821,346.92,0.38,0.44,2026-06-23,0825,N20,VIIRS,n,2,303.11,5.32,D,0
30.86511,76.04221,333.21,0.57,0.43,2026-06-23,0825,N20,VIIRS,l,2,306.38,2.95,D,0
30.89679,76.21913,350.45,0.39,0.44,2026-06-23,0825,N20,VIIRS,n,2,303.44,5.32,D,0
30.89634,76.2151,344.69,0.39,0.44,2026-06-23,0825,N20,VIIRS,n,2,302.15,5.32,D,0
30.85653,75.61539,333.6,0.54,0.42,2026-06-23,0825,N20,VIIRS,n,2,303.71,3.31,D,0
30.87965,75.4621,337.78,0.53,0.42,2026-06-23,0825,N20,VIIRS,n,2,302.63,9.48,D,0
30.99118,76.2511,333.39,0.39,0.44,2026-06-23,0825,N20,VIIRS,n,2,303.23,1.9,D,0
30.91546,75.53579,338.02,0.53,0.42,2026-06-23,0825,N20,VIIRS,n,2,304.76,3.13,D,0
30.98167,76.0898,337.46,0.57,0.43,2026-06-23,0825,N20,VIIRS,n,2,305.73,12.08,D,0
30.94961,75.80197,336.2,0.55,0.43,2026-06-23,0825,N20,VIIRS,l,2,306.89,4.05,D,0
30.92064,75.4446,337.35,0.53,0.42,2026-06-23,0825,N20,VIIRS,n,2,303.38,3.17,D,0
30.92447,75.44401,334.55,0.53,0.42,2026-06-23,0825,N20,VIIRS,n,2,302.17,3.17,D,0
30.98512,75.47814,331.72,0.53,0.42,2026-06-23,0825,N20,VIIRS,l,2,304.36,2.67,D,0
31.00755,75.50306,332.99,0.53,0.42,2026-06-23,0825,N20,VIIRS,n,2,302.73,2.8,D,0
31.08858,76.04848,334.94,0.57,0.43,2026-06-23,0825,N20,VIIRS,n,2,304.45,3.03,D,0
31.06454,75.38712,335.36,0.53,0.42,2026-06-23,0825,N20,VIIRS,n,2,305.83,3.91,D,0
31.15317,75.39273,338.81,0.53,0.42,2026-06-23,0825,N20,VIIRS,n,2,303.36,6.33,D,0
31.157,75.39214,333.73,0.53,0.42,2026-06-23,0825,N20,VIIRS,n,2,303.06,6.33,D,0
31.1699,75.43536,332.4,0.53,0.42,2026-06-23,0825,N20,VIIRS,l,2,302.48,4.66,D,0
31.18736,75.48384,339.92,0.53,0.42,2026-06-23,0825,N20,VIIRS,n,2,304.18,6.3,D,0
31.18545,75.48808,337.24,0.53,0.42,2026-06-23,0825,N20,VIIRS,n,2,305.48,5.48,D,0
31.18483,75.48246,335.19,0.53,0.42,2026-06-23,0825,N20,VIIRS,n,2,304.7,5.48,D,0
31.20459,75.55395,331.08,0.54,0.42,2026-06-23,0825,N20,VIIRS,l,2,304.23,2.28,D,0
31.25043,75.40424,333.86,0.53,0.42,2026-06-23,0825,N20,VIIRS,l,2,304.02,3.57,D,0
31.27611,75.42297,340.6,0.53,0.42,2026-06-23,0825,N20,VIIRS,n,2,306.63,4.92,D,0
31.30755,75.44434,342.23,0.53,0.42,2026-06-23,0825,N20,VIIRS,n,2,303.29,6.34,D,0
31.29937,75.37174,332.34,0.53,0.42,2026-06-23,0825,N20,VIIRS,n,2,301.8,3.2,D,0
31.31141,75.44374,342.27,0.53,0.42,2026-06-23,0825,N20,VIIRS,n,2,303.38,6.84,D,0
30.53132,76.20135,338.33,0.39,0.36,2026-06-24,0806,N20,VIIRS,n,2,306.28,3.55,D,0
30.67351,75.76199,337.1,0.38,0.36,2026-06-24,0806,N20,VIIRS,n,2,303.34,2.14,D,0
30.74955,75.7262,336.47,0.38,0.36,2026-06-24,0806,N20,VIIRS,n,2,302.65,8.28,D,0
30.7652,75.71561,330.27,0.38,0.36,2026-06-24,0806,N20,VIIRS,l,2,302.6,1.22,D,0
30.75833,75.60204,332.47,0.38,0.36,2026-06-24,0806,N20,VIIRS,n,2,301.35,1.32,D,0
30.85527,76.23468,336.32,0.39,0.36,2026-06-24,0806,N20,VIIRS,n,2,304.79,3.6,D,0
30.79634,75.69701,339.3,0.38,0.36,2026-06-24,0806,N20,VIIRS,n,2,302.27,2.44,D,0
30.88,76.21738,334.7,0.39,0.36,2026-06-24,0806,N20,VIIRS,n,2,299.18,12.32,D,0
30.86803,75.65413,330.83,0.38,0.36,2026-06-24,0806,N20,VIIRS,l,2,303.62,0.82,D,0
30.88837,75.60896,338.08,0.38,0.36,2026-06-24,0806,N20,VIIRS,n,2,302.53,2.74,D,0
30.97335,75.47312,340.02,0.38,0.36,2026-06-24,0806,N20,VIIRS,n,2,301.53,4.7,D,0
30.98563,75.48708,344.21,0.38,0.36,2026-06-24,0806,N20,VIIRS,n,2,305.49,17.38,D,0
31.10472,75.37663,343.21,0.38,0.36,2026-06-24,0806,N20,VIIRS,n,2,303.72,3.45,D,0
31.1737,75.44914,331.85,0.38,0.36,2026-06-24,0806,N20,VIIRS,n,2,301.35,1.6,D,0
31.18088,75.45181,340.44,0.38,0.36,2026-06-24,0806,N20,VIIRS,n,2,304.37,4.25,D,0
30.47402,76.11013,331.74,0.48,0.4,2026-06-25,0747,N20,VIIRS,l,2,302.88,1.91,D,0
30.52113,76.1191,335.4,0.48,0.4,2026-06-25,0747,N20,VIIRS,n,2,301.59,4.04,D,0
30.56915,76.34134,330.21,0.47,0.4,2026-06-25,0747,N20,VIIRS,l,2,301.77,4.65,D,0
30.64167,76.01616,331.84,0.48,0.4,2026-06-25,0747,N20,VIIRS,l,2,302.33,2.6,D,0
30.70169,76.09421,334.41,0.48,0.4,2026-06-25,0747,N20,VIIRS,n,2,301.02,3.94,D,0
30.70078,76.08929,334.49,0.48,0.4,2026-06-25,0747,N20,VIIRS,n,2,300.95,3.21,D,0
30.64535,75.70951,330.56,0.5,0.41,2026-06-25,0747,N20,VIIRS,n,2,299.33,5.5,D,0
30.64438,75.7044,335.71,0.5,0.41,2026-06-25,0747,N20,VIIRS,n,2,299.09,7.35,D,0
30.60191,75.43759,335.95,0.51,0.41,2026-06-25,0747,N20,VIIRS,n,2,299.04,9.02,D,0
30.67798,75.78134,337.27,0.49,0.41,2026-06-25,0747,N20,VIIRS,n,2,299.28,2.79,D,0
30.74054,76.07941,330.47,0.48,0.4,2026-06-25,0747,N20,VIIRS,l,2,300.91,3.26,D,0
30.85693,76.28177,338.12,0.47,0.4,2026-06-25,0747,N20,VIIRS,n,2,300.58,2.93,D,0
30.7837,75.69884,336.27,0.5,0.41,2026-06-25,0747,N20,VIIRS,n,2,297.26,4.69,D,0
30.78158,75.69724,336.06,0.5,0.41,2026-06-25,0747,N20,VIIRS,n,2,298.01,4.56,D,0
30.88632,76.21154,330.84,0.47,0.4,2026-06-25,0747,N20,VIIRS,l,2,299.65,4.59,D,0
30.89708,76.22909,331.56,0.47,0.4,2026-06-25,0747,N20,VIIRS,n,2,300.12,2.02,D,0
30.53916,76.14413,341.31,0.57,0.52,2026-06-26,0729,N20,VIIRS,n,2,299.53,7.56,D,0
30.51701,75.84791,341.51,0.6,0.53,2026-06-26,0729,N20,VIIRS,n,2,297.54,5.44,D,0
30.67105,76.15202,336.13,0.57,0.52,2026-06-26,0729,N20,VIIRS,n,2,299.52,2.85,D,0
30.74166,76.08499,332.32,0.57,0.52,2026-06-26,0729,N20,VIIRS,n,2,299.4,5.34,D,0
30.75939,76.1412,336.94,0.57,0.52,2026-06-26,0729,N20,VIIRS,n,2,301.07,5.95,D,0
30.67762,75.71738,341.71,0.6,0.53,2026-06-26,0729,N20,VIIRS,n,2,296.49,7.17,D,0
30.8541,76.23432,341.23,0.56,0.51,2026-06-26,0729,N20,VIIRS,n,2,302.11,3.91,D,0
30.77158,75.60191,333.73,0.61,0.53,2026-06-26,0729,N20,VIIRS,n,2,295.02,4.89,D,0
30.93735,76.26727,337.59,0.55,0.51,2026-06-26,0729,N20,VIIRS,n,2,300.96,4.92,D,0
30.98545,76.18541,332.32,0.56,0.51,2026-06-26,0729,N20,VIIRS,n,2,301.34,3.42,D,0
30.98161,76.16845,335.57,0.56,0.51,2026-06-26,0729,N20,VIIRS,n,2,301.7,6.92,D,0
30.9862,76.16706,344.19,0.56,0.51,2026-06-26,0729,N20,VIIRS,n,2,303.57,6.92,D,0
30.87821,75.4956,340.76,0.61,0.54,2026-06-26,0729,N20,VIIRS,n,2,295.38,10.9,D,0
30.87678,75.48936,332.07,0.61,0.54,2026-06-26,0729,N20,VIIRS,n,2,295.76,7.35,D,0
30.87535,75.48313,334.24,0.61,0.54,2026-06-26,0729,N20,VIIRS,n,2,295.34,7.35,D,0
31.04435,76.1858,330.86,0.55,0.51,2026-06-26,0729,N20,VIIRS,l,2,301.95,3.66,D,0
31.06096,76.08372,344.35,0.56,0.52,2026-06-26,0729,N20,VIIRS,n,2,300.25,11.52,D,0
31.05902,76.08841,339.06,0.56,0.52,2026-06-26,0729,N20,VIIRS,n,2,298.66,8.21,D,0
31.05771,76.0827,340.06,0.56,0.52,2026-06-26,0729,N20,VIIRS,n,2,300.32,8.21,D,0
31.10081,76.14254,341.84,0.56,0.51,2026-06-26,0729,N20,VIIRS,n,2,299.87,5.36,D,0
30.99328,75.4717,330.65,0.61,0.53,2026-06-26,0729,N20,VIIRS,n,2,296.01,6.41,D,0
31.01912,75.45036,333.04,0.61,0.54,2026-06-26,0729,N20,VIIRS,n,2,295.43,4.02,D,0
31.0239,75.44887,333.43,0.61,0.54,2026-06-26,0729,N20,VIIRS,n,2,295.76,4.02,D,0
31.03493,75.57031,333.75,0.6,0.53,2026-06-26,0729,N20,VIIRS,n,2,296.63,7.06,D,0
31.02182,75.44888,342.5,0.61,0.54,2026-06-26,0729,N20,VIIRS,n,2,296.29,6.77,D,0
31.07241,75.57843,330.09,0.6,0.53,2026-06-26,0729,N20,VIIRS,n,2,295.89,3.23,D,0
31.25089,75.45419,339.24,0.6,0.53,2026-06-26,0729,N20,VIIRS,n,2,295.57,6.87,D,0
31.24942,75.45404,338.29,0.6,0.53,2026-06-26,0729,N20,VIIRS,n,2,295.36,4.31,D,0
30.84204,75.43098,330.55,0.78,0.78,2026-06-26,0909,N20,VIIRS,n,2,288.49,3.68,D,0
30.75266,76.20052,330.24,0.53,0.67,2026-06-27,0710,N20,VIIRS,n,2,291.83,3.95,D,0
30.89616,75.61704,341.64,0.57,0.69,2026-06-27,0710,N20,VIIRS,n,2,293.72,7.07,D,0
31.09923,76.03129,351.32,0.53,0.67,2026-06-27,0710,N20,VIIRS,n,2,294.42,7.81,D,0
30.57024,75.55162,332.14,0.41,0.61,2026-06-27,0850,N20,VIIRS,n,2,295.56,3,D,0
30.611,76.00877,330.22,0.44,0.62,2026-06-27,0850,N20,VIIRS,n,2,294.92,4.41,D,0
30.61677,76.0083,351.92,0.44,0.62,2026-06-27,0850,N20,VIIRS,n,2,295.8,6.95,D,0
30.61648,76.00365,339.03,0.44,0.62,2026-06-27,0850,N20,VIIRS,n,2,295.3,6.95,D,0
30.78773,76.30775,337.86,0.46,0.64,2026-06-27,0850,N20,VIIRS,n,2,295.81,2.34,D,0
30.77984,75.66398,335.02,0.42,0.61,2026-06-27,0850,N20,VIIRS,n,2,296.98,3.7,D,0
30.86547,76.15546,336.04,0.45,0.63,2026-06-27,0850,N20,VIIRS,n,2,294.14,1.76,D,0
30.89322,75.61735,336.56,0.42,0.61,2026-06-27,0850,N20,VIIRS,n,2,294.94,4.62,D,0
30.89061,75.61941,335.67,0.42,0.61,2026-06-27,0850,N20,VIIRS,n,2,294.89,2.5,D,0
30.92997,75.61182,335.71,0.42,0.61,2026-06-27,0850,N20,VIIRS,n,2,295.38,3.53,D,0
30.48557,75.75989,355.12,0.44,0.46,2026-06-28,0831,N20,VIIRS,n,2,296.3,11.34,D,0
30.53967,76.12613,331.5,0.46,0.47,2026-06-28,0831,N20,VIIRS,n,2,298.24,3.06,D,0
30.59162,76.15885,331.77,0.47,0.47,2026-06-28,0831,N20,VIIRS,n,2,297.26,0.63,D,0
30.58436,75.80919,342.13,0.44,0.46,2026-06-28,0831,N20,VIIRS,n,2,297.02,5.39,D,0
30.63096,75.71387,341.47,0.44,0.46,2026-06-28,0831,N20,VIIRS,n,2,295.68,10.38,D,0
30.69336,76.15255,330.18,0.47,0.47,2026-06-28,0831,N20,VIIRS,n,2,297.89,2.88,D,0
30.7112,76.28522,337.39,0.48,0.48,2026-06-28,0831,N20,VIIRS,n,2,297.14,3.86,D,0
30.72775,76.13587,331.51,0.47,0.47,2026-06-28,0831,N20,VIIRS,n,2,297.53,2.68,D,0
30.79107,76.28289,339.09,0.48,0.48,2026-06-28,0831,N20,VIIRS,n,2,298.74,3.44,D,0
30.74803,75.39421,343.09,0.42,0.45,2026-06-28,0831,N20,VIIRS,n,2,298.96,7.56,D,0
30.84079,76.24831,339.17,0.47,0.48,2026-06-28,0831,N20,VIIRS,n,2,297.63,2.42,D,0
30.88684,76.30837,341.05,0.48,0.48,2026-06-28,0831,N20,VIIRS,n,2,296.96,4.19,D,0
30.8465,75.52167,333.92,0.43,0.46,2026-06-28,0831,N20,VIIRS,n,2,297.16,2.74,D,0
30.85887,75.59837,342.81,0.44,0.46,2026-06-28,0831,N20,VIIRS,n,2,294.72,3.63,D,0
30.8966,75.46644,330.05,0.43,0.46,2026-06-28,0831,N20,VIIRS,n,2,296.92,2.09,D,0
30.91293,75.54224,340.39,0.43,0.46,2026-06-28,0831,N20,VIIRS,n,2,295.63,3.69,D,0
31.01283,75.47353,332.05,0.43,0.46,2026-06-28,0832,N20,VIIRS,n,2,298.12,1.31,D,0
31.16912,75.3718,343.72,0.43,0.46,2026-06-28,0832,N20,VIIRS,n,2,298.98,8.08,D,0
31.16545,75.37333,337.74,0.43,0.46,2026-06-28,0832,N20,VIIRS,n,2,298.53,3.82,D,0
31.16965,75.37273,349.44,0.43,0.46,2026-06-28,0832,N20,VIIRS,n,2,298.32,6.64,D,0
31.24301,75.54746,331.43,0.44,0.46,2026-06-28,0832,N20,VIIRS,n,2,298.26,3.48,D,0
30.69216,75.7028,331.52,0.41,0.37,2026-06-29,0813,N20,VIIRS,n,2,294.84,1.99,D,0
30.79451,75.57784,330.46,0.4,0.37,2026-06-29,0813,N20,VIIRS,n,2,295.16,1.96,D,0
30.85029,75.58045,340.72,0.4,0.37,2026-06-29,0813,N20,VIIRS,n,2,293.52,3.92,D,0
30.87938,75.54055,333.73,0.4,0.37,2026-06-29,0813,N20,VIIRS,n,2,295.03,2.38,D,0
30.86588,75.44416,346.79,0.4,0.37,2026-06-29,0813,N20,VIIRS,n,2,299.31,5.13,D,0
31.00307,75.51877,330.19,0.4,0.37,2026-06-29,0813,N20,VIIRS,n,2,297.35,2.69,D,0
31.00346,75.47124,336.58,0.4,0.37,2026-06-29,0813,N20,VIIRS,n,2,298.14,2.66,D,0
31.01811,75.47712,338.16,0.4,0.37,2026-06-29,0813,N20,VIIRS,n,2,297.05,3.36,D,0
31.05009,75.45823,336.05,0.4,0.37,2026-06-29,0813,N20,VIIRS,n,2,298.04,5.28,D,0
31.09393,75.45003,335.42,0.4,0.37,2026-06-29,0813,N20,VIIRS,n,2,294.84,3.62,D,0
31.09334,75.44582,333.27,0.4,0.37,2026-06-29,0813,N20,VIIRS,n,2,296.12,3.62,D,0
31.16578,75.48529,334.33,0.4,0.37,2026-06-29,0813,N20,VIIRS,n,2,282.1,7.25,D,0
31.21476,75.3818,334.44,0.4,0.37,2026-06-29,0813,N20,VIIRS,n,2,292.07,3.72,D,0
